regime,representative,global_test_index,step,R_norm,amplitude_norm,mean_trace_error,max_trace_error,minimum_eigenvalue,negative_eigenvalue_fraction,finite
low_noise,1,99,1,11.258770942687988,33.28662872314453,1.5832483768463135e-08,1.1920928955078125e-07,-1.490665084702414e-07,0.0,True
low_noise,1,99,2,11.284058570861816,24.12872314453125,1.955777406692505e-08,1.1920928955078125e-07,-1.8595291351175547e-07,0.0,True
low_noise,1,99,3,11.29541015625,20.896976470947266,1.3504177331924438e-08,1.1920928955078125e-07,-1.7935396101620427e-07,0.0,True
low_noise,1,99,4,11.293169975280762,20.334102630615234,2.0489096641540527e-08,1.1920928955078125e-07,-1.958437962912285e-07,0.0,True
low_noise,1,99,5,11.2879056930542,18.82219123840332,1.816079020500183e-08,1.1920928955078125e-07,-1.7218141579178337e-07,0.0,True
low_noise,1,99,6,11.253952026367188,17.010656356811523,1.257285475730896e-08,1.1920928955078125e-07,-1.7523655060358578e-07,0.0,True
low_noise,1,99,7,11.23253345489502,15.503788948059082,1.257285475730896e-08,1.1920928955078125e-07,-2.567654462382052e-07,0.0,True
low_noise,1,99,8,11.212315559387207,14.252269744873047,1.4901161193847656e-08,1.1920928955078125e-07,-1.863091938503203e-07,0.0,True
low_noise,1,99,9,11.279244422912598,12.96757698059082,1.3969838619232178e-08,1.1920928955078125e-07,-1.7056653689451196e-07,0.0,True
low_noise,1,99,10,11.282910346984863,11.691194534301758,1.1641532182693481e-08,1.1920928955078125e-07,-1.283488018088974e-07,0.0,True
low_noise,1,99,11,11.312020301818848,10.420686721801758,1.5366822481155396e-08,1.1920928955078125e-07,-2.399764014171524e-07,0.0,True
low_noise,1,99,12,11.308944702148438,9.11241340637207,1.6763806343078613e-08,1.1920928955078125e-07,-2.3697180040471721e-07,0.0,True
low_noise,1,99,13,11.27710247039795,7.902587413787842,1.6298145055770874e-08,1.1920928955078125e-07,-2.307577062765631e-07,0.0,True
low_noise,1,99,14,11.269134521484375,6.877595901489258,1.3504177331924438e-08,1.1920928955078125e-07,-2.3327226017499925e-07,0.0,True
low_noise,1,99,15,11.279040336608887,6.068894863128662,1.862645149230957e-08,1.1920928955078125e-07,-1.9086361646714067e-07,0.0,True
low_noise,1,99,16,11.283407211303711,5.236235618591309,1.4435499906539917e-08,1.1920928955078125e-07,-2.3576848207085277e-07,0.0,True
low_noise,1,99,17,11.289957046508789,4.912430763244629,1.7695128917694092e-08,1.1920928955078125e-07,-2.179603484364634e-07,0.0,True
low_noise,1,99,18,11.295256614685059,4.820777893066406,1.816079020500183e-08,1.1920928955078125e-07,-2.1506791370029532e-07,0.0,True
low_noise,1,99,19,11.305695533752441,4.6976141929626465,1.3969838619232178e-08,1.1920928955078125e-07,-2.257953894968523e-07,0.0,True
low_noise,1,99,20,11.295121192932129,4.488138675689697,1.6298145055770874e-08,1.1920928955078125e-07,-1.842516041961062e-07,0.0,True
low_noise,1,99,21,11.248802185058594,4.262023448944092,1.0710209608078003e-08,1.1920928955078125e-07,-2.56231146522623e-07,0.0,True
low_noise,1,99,22,11.23666000366211,4.165815353393555,1.210719347000122e-08,1.1920928955078125e-07,-2.3056880138483393e-07,0.0,True
low_noise,1,99,23,11.238133430480957,4.171055316925049,2.0954757928848267e-08,1.1920928955078125e-07,-1.5984315382411296e-07,0.0,True
low_noise,1,99,24,11.223427772521973,4.199139595031738,1.6298145055770874e-08,1.1920928955078125e-07,-1.8514820965265244e-07,0.0,True
low_noise,1,99,25,11.225358963012695,4.296461582183838,1.909211277961731e-08,1.1920928955078125e-07,-1.520530190646241e-07,0.0,True
low_noise,1,99,26,11.2280855178833,4.398942470550537,1.257285475730896e-08,1.1920928955078125e-07,-2.0341221329545078e-07,0.0,True
low_noise,1,99,27,11.230828285217285,4.476696491241455,1.257285475730896e-08,1.1920928955078125e-07,-1.7463018764374283e-07,0.0,True
low_noise,1,99,28,11.225031852722168,4.518004894256592,1.3969838619232178e-08,1.1920928955078125e-07,-2.5672858328107395e-07,0.0,True
low_noise,1,99,29,11.219143867492676,4.53712797164917,1.30385160446167e-08,1.1920928955078125e-07,-1.925941433000844e-07,0.0,True
low_noise,1,99,30,11.22491455078125,4.564716815948486,1.7229467630386353e-08,1.1920928955078125e-07,-1.5440437550751085e-07,0.0,True
low_noise,1,99,31,11.241842269897461,4.613450527191162,1.3969838619232178e-08,1.1920928955078125e-07,-1.1142422806642571e-07,0.0,True
low_noise,1,99,32,11.25167179107666,4.6682586669921875,1.210719347000122e-08,1.1920928955078125e-07,-2.177058036068047e-07,0.0,True
low_noise,1,99,33,11.242576599121094,4.708972454071045,1.7695128917694092e-08,1.1920928955078125e-07,-2.4328519998562115e-07,0.0,True
low_noise,1,99,34,11.22654914855957,4.724510669708252,1.5832483768463135e-08,1.1920928955078125e-07,-2.0743956952173903e-07,0.0,True
low_noise,1,99,35,11.207773208618164,4.717878818511963,1.816079020500183e-08,1.1920928955078125e-07,-1.6172823791293922e-07,0.0,True
low_noise,1,99,36,11.185991287231445,4.692785263061523,1.862645149230957e-08,1.1920928955078125e-07,-1.7075034008939838e-07,0.0,True
low_noise,1,99,37,11.157520294189453,4.655498504638672,1.30385160446167e-08,1.1920928955078125e-07,-1.8379333255325037e-07,0.0,True
low_noise,1,99,38,11.116033554077148,4.612534523010254,1.1641532182693481e-08,1.1920928955078125e-07,-1.594481346955945e-07,0.0,True
low_noise,1,99,39,11.068115234375,4.567344665527344,1.955777406692505e-08,1.1920928955078125e-07,-2.111676309368704e-07,0.0,True
low_noise,1,99,40,11.025102615356445,4.517261981964111,1.862645149230957e-08,1.1920928955078125e-07,-1.958159430159867e-07,0.0,True
low_noise,1,99,41,10.997733116149902,4.446897029876709,1.210719347000122e-08,1.1920928955078125e-07,-1.4078311494358786e-07,0.0,True
low_noise,1,99,42,10.967239379882812,4.337230682373047,1.6298145055770874e-08,1.1920928955078125e-07,-1.4998059327808733e-07,0.0,True
low_noise,1,99,43,10.96154499053955,4.197970867156982,1.6763806343078613e-08,1.1920928955078125e-07,-1.3021352174291678e-07,0.0,True
low_noise,1,99,44,11.035759925842285,4.042984962463379,2.0954757928848267e-08,1.1920928955078125e-07,-1.78516785354077e-07,0.0,True
low_noise,1,99,45,11.147006034851074,3.874591112136841,1.816079020500183e-08,1.1920928955078125e-07,-1.646305776148438e-07,0.0,True
low_noise,1,99,46,11.283074378967285,3.6985585689544678,2.0954757928848267e-08,1.1920928955078125e-07,-1.9549219132386497e-07,0.0,True
low_noise,1,99,47,11.313706398010254,3.5343222618103027,2.1886080503463745e-08,1.1920928955078125e-07,-1.276442276321177e-07,0.0,True
low_noise,1,99,48,11.31370735168457,3.428995132446289,2.60770320892334e-08,1.1920928955078125e-07,-1.3840681845067593e-07,0.0,True
low_noise,1,99,49,11.313708305358887,3.364201307296753,2.3748725652694702e-08,1.1920928955078125e-07,-1.8435598292398936e-07,0.0,True
low_noise,1,99,50,11.313708305358887,3.3147177696228027,2.421438694000244e-08,1.1920928955078125e-07,-1.6565002169954823e-07,0.0,True
low_noise,1,99,51,11.313708305358887,3.2715654373168945,2.2817403078079224e-08,1.1920928955078125e-07,-1.2881044142432074e-07,0.0,True
low_noise,1,99,52,11.313708305358887,3.2322583198547363,2.421438694000244e-08,1.1920928955078125e-07,-1.430844349670224e-07,0.0,True
low_noise,1,99,53,11.31370735168457,3.196587324142456,2.1886080503463745e-08,1.1920928955078125e-07,-1.5397353081425535e-07,0.0,True
low_noise,1,99,54,11.313708305358887,3.1647965908050537,2.0489096641540527e-08,1.1920928955078125e-07,-1.7450898326387687e-07,0.0,True
low_noise,1,99,55,11.313708305358887,3.1369664669036865,2.2351741790771484e-08,1.1920928955078125e-07,-1.568205050261895e-07,0.0,True
low_noise,1,99,56,11.31371021270752,3.1129212379455566,2.0954757928848267e-08,1.1920928955078125e-07,-1.3721667357913248e-07,0.0,True
low_noise,1,99,57,11.31371021270752,3.0923070907592773,2.7008354663848877e-08,1.1920928955078125e-07,-1.5211267623271851e-07,0.0,True
low_noise,1,99,58,11.313709259033203,3.074688196182251,2.1886080503463745e-08,1.1920928955078125e-07,-1.3828450562414218e-07,0.0,True
low_noise,1,99,59,11.313708305358887,3.0596208572387695,2.1420419216156006e-08,1.1920928955078125e-07,-1.5141344533731171e-07,0.0,True
low_noise,1,99,60,11.31371021270752,3.046692132949829,2.3748725652694702e-08,1.1920928955078125e-07,-1.5031339728466264e-07,0.0,True
low_noise,1,99,61,11.31371021270752,3.0355427265167236,2.3748725652694702e-08,1.1920928955078125e-07,-1.4249245339215122e-07,0.0,True
low_noise,1,99,62,11.31371021270752,3.0258681774139404,2.514570951461792e-08,1.1920928955078125e-07,-1.713008543902106e-07,0.0,True
low_noise,1,99,63,11.31371021270752,3.0174171924591064,1.7695128917694092e-08,1.1920928955078125e-07,-1.4796796676819213e-07,0.0,True
low_noise,1,99,64,11.313709259033203,3.0099856853485107,2.2817403078079224e-08,1.1920928955078125e-07,-1.5634878991477308e-07,0.0,True
low_noise,1,99,65,11.313708305358887,3.003408670425415,1.5832483768463135e-08,1.1920928955078125e-07,-1.3769299300747662e-07,0.0,True
low_noise,1,99,66,11.31371021270752,2.9975531101226807,2.468004822731018e-08,1.1920928955078125e-07,-1.2693567441601772e-07,0.0,True
low_noise,1,99,67,11.31371021270752,2.992309331893921,1.862645149230957e-08,1.1920928955078125e-07,-1.6501539334967674e-07,0.0,True
low_noise,1,99,68,11.31371021270752,2.9875879287719727,2.468004822731018e-08,1.1920928955078125e-07,-1.4325362940326158e-07,0.0,True
low_noise,1,99,69,11.31371021270752,2.983313798904419,1.816079020500183e-08,1.1920928955078125e-07,-1.3661284015142883e-07,0.0,True
low_noise,1,99,70,11.31371021270752,2.9794223308563232,1.955777406692505e-08,1.1920928955078125e-07,-1.3695613176878396e-07,0.0,True
low_noise,1,99,71,11.313708305358887,2.9758591651916504,2.468004822731018e-08,1.1920928955078125e-07,-1.7869528790015465e-07,0.0,True
low_noise,1,99,72,11.31370735168457,2.97257661819458,2.2817403078079224e-08,1.1920928955078125e-07,-1.0754622081776688e-07,0.0,True
low_noise,1,99,73,11.313709259033203,2.9695348739624023,1.7695128917694092e-08,1.1920928955078125e-07,-1.6705141092643316e-07,0.0,True
low_noise,1,99,74,11.313709259033203,2.9666991233825684,2.514570951461792e-08,1.1920928955078125e-07,-1.3317843183813238e-07,0.0,True
low_noise,1,99,75,11.313708305358887,2.964041233062744,2.3748725652694702e-08,1.1920928955078125e-07,-1.4593226183023944e-07,0.0,True
low_noise,1,99,76,11.313709259033203,2.9615399837493896,1.862645149230957e-08,1.1920928955078125e-07,-1.8382097266567143e-07,0.0,True
low_noise,1,99,77,11.313709259033203,2.9591777324676514,2.0023435354232788e-08,1.1920928955078125e-07,-1.434883643014473e-07,0.0,True
low_noise,1,99,78,11.313711166381836,2.956944704055786,2.3283064365386963e-08,1.1920928955078125e-07,-1.2727896603337285e-07,0.0,True
low_noise,1,99,79,11.313708305358887,2.9548332691192627,2.3748725652694702e-08,1.1920928955078125e-07,-1.8025568238044798e-07,0.0,True
low_noise,1,99,80,11.31371021270752,2.95284104347229,1.7695128917694092e-08,1.1920928955078125e-07,-1.8604029605739925e-07,0.0,True
low_noise,1,99,81,11.31371021270752,2.9509682655334473,1.5832483768463135e-08,1.1920928955078125e-07,-1.52086954585684e-07,0.0,True
low_noise,1,99,82,11.313708305358887,2.9492180347442627,2.3748725652694702e-08,1.1920928955078125e-07,-1.5218834903407696e-07,0.0,True
low_noise,1,99,83,11.313709259033203,2.947593927383423,1.955777406692505e-08,1.1920928955078125e-07,-1.7358765092012618e-07,0.0,True
low_noise,1,99,84,11.313708305358887,2.946099042892456,2.0954757928848267e-08,1.1920928955078125e-07,-1.4276790238909598e-07,0.0,True
low_noise,1,99,85,11.31371021270752,2.9447364807128906,2.0023435354232788e-08,1.1920928955078125e-07,-1.6141923708801187e-07,0.0,True
low_noise,1,99,86,11.313709259033203,2.9435067176818848,1.862645149230957e-08,1.1920928955078125e-07,-1.485821883306926e-07,0.0,True
low_noise,1,99,87,11.313708305358887,2.942408800125122,2.7474015951156616e-08,1.1920928955078125e-07,-1.2391448933612992e-07,0.0,True
low_noise,1,99,88,11.313709259033203,2.9414374828338623,2.2817403078079224e-08,1.1920928955078125e-07,-1.6424630189249e-07,0.0,True
low_noise,1,99,89,11.313708305358887,2.940586805343628,3.306195139884949e-08,1.1920928955078125e-07,-1.3004643051317544e-07,0.0,True
low_noise,1,99,90,11.313708305358887,2.9398467540740967,2.2817403078079224e-08,1.1920928955078125e-07,-1.7172150990063528e-07,0.0,True
low_noise,1,99,91,11.313708305358887,2.939207077026367,1.7229467630386353e-08,1.1920928955078125e-07,-1.8947572755223518e-07,0.0,True
low_noise,1,99,92,11.313708305358887,2.938654661178589,2.2817403078079224e-08,1.1920928955078125e-07,-1.9469030121399555e-07,0.0,True
low_noise,1,99,93,11.313708305358887,2.938175916671753,2.1420419216156006e-08,1.1920928955078125e-07,-1.8496481857255276e-07,0.0,True
low_noise,1,99,94,11.313709259033203,2.937758445739746,2.2351741790771484e-08,1.1920928955078125e-07,-1.7794370421597705e-07,0.0,True
low_noise,1,99,95,11.313709259033203,2.9373886585235596,1.862645149230957e-08,1.1920928955078125e-07,-1.6999982221932441e-07,0.0,True
low_noise,1,99,96,11.313708305358887,2.9370534420013428,2.514570951461792e-08,1.1920928955078125e-07,-1.85686531040119e-07,0.0,True
low_noise,1,99,97,11.313709259033203,2.936741352081299,2.514570951461792e-08,1.1920928955078125e-07,-1.6466019303607027e-07,0.0,True
low_noise,1,99,98,11.31371021270752,2.93644118309021,2.1420419216156006e-08,1.1920928955078125e-07,-1.3947712318440608e-07,0.0,True
low_noise,1,99,99,11.31370735168457,2.936143398284912,2.1420419216156006e-08,1.1920928955078125e-07,-1.839844401274604e-07,0.0,True
low_noise,1,99,100,11.313709259033203,2.9358389377593994,2.60770320892334e-08,1.1920928955078125e-07,-1.236635682744236e-07,0.0,True
low_noise,2,173,1,11.272849082946777,8.843954086303711,1.862645149230957e-08,1.1920928955078125e-07,-2.228118773928145e-07,0.0,True
low_noise,2,173,2,11.27851390838623,8.49217700958252,2.421438694000244e-08,1.1920928955078125e-07,-1.4601022257920704e-07,0.0,True
low_noise,2,173,3,11.285124778747559,8.133162498474121,1.909211277961731e-08,1.1920928955078125e-07,-1.8218642594547418e-07,0.0,True
low_noise,2,173,4,11.28861141204834,7.763302326202393,1.6763806343078613e-08,1.1920928955078125e-07,-2.203160676117477e-07,0.0,True
low_noise,2,173,5,11.285416603088379,7.359635353088379,2.561137080192566e-08,1.1920928955078125e-07,-1.3419871436326503e-07,0.0,True
low_noise,2,173,6,11.270151138305664,6.900790214538574,1.1175870895385742e-08,1.1920928955078125e-07,-1.7943290231414721e-07,0.0,True
low_noise,2,173,7,11.27352523803711,6.368844032287598,2.0489096641540527e-08,1.1920928955078125e-07,-1.6481891407238436e-07,0.0,True
low_noise,2,173,8,11.2958345413208,5.7651519775390625,1.909211277961731e-08,1.1920928955078125e-07,-1.4958072824811097e-07,0.0,True
low_noise,2,173,9,11.299257278442383,5.146947860717773,2.468004822731018e-08,1.1920928955078125e-07,-1.3215526450949255e-07,0.0,True
low_noise,2,173,10,11.31370735168457,4.614280700683594,1.6298145055770874e-08,1.1920928955078125e-07,-1.3297277234869398e-07,0.0,True
low_noise,2,173,11,11.31371021270752,4.176161766052246,2.421438694000244e-08,1.1920928955078125e-07,-1.6955723936007416e-07,0.0,True
low_noise,2,173,12,11.31371021270752,3.8571839332580566,1.909211277961731e-08,1.1920928955078125e-07,-1.3775947138583433e-07,0.0,True
low_noise,2,173,13,11.313708305358887,3.63576078414917,1.6298145055770874e-08,1.1920928955078125e-07,-1.7455852230341407e-07,0.0,True
low_noise,2,173,14,11.313708305358887,3.4804482460021973,2.1886080503463745e-08,1.1920928955078125e-07,-1.5276744136372145e-07,0.0,True
low_noise,2,173,15,11.313708305358887,3.3678948879241943,1.7695128917694092e-08,1.1920928955078125e-07,-1.3768901396815636e-07,0.0,True
low_noise,2,173,16,11.31370735168457,3.2831785678863525,1.6763806343078613e-08,1.1920928955078125e-07,-1.7623457893023442e-07,0.0,True
low_noise,2,173,17,11.313708305358887,3.2170498371124268,2.0489096641540527e-08,1.1920928955078125e-07,-1.5759644611534895e-07,0.0,True
low_noise,2,173,18,11.313708305358887,3.1638095378875732,2.2817403078079224e-08,1.1920928955078125e-07,-1.5282672904959327e-07,0.0,True
low_noise,2,173,19,11.313709259033203,3.119931221008301,2.514570951461792e-08,1.1920928955078125e-07,-1.3904447371260176e-07,0.0,True
low_noise,2,173,20,11.313709259033203,3.0831825733184814,1.909211277961731e-08,1.1920928955078125e-07,-1.1008012279489776e-07,0.0,True
low_noise,2,173,21,11.313709259033203,3.0520944595336914,2.1886080503463745e-08,1.1920928955078125e-07,-1.912244727009238e-07,0.0,True
low_noise,2,173,22,11.31371021270752,3.0256471633911133,2.0489096641540527e-08,1.1920928955078125e-07,-1.709399413130086e-07,0.0,True
low_noise,2,173,23,11.31370735168457,3.003086805343628,2.1886080503463745e-08,1.1920928955078125e-07,-1.6932008861658687e-07,0.0,True
low_noise,2,173,24,11.313708305358887,2.9838247299194336,1.862645149230957e-08,1.1920928955078125e-07,-1.9068512813191774e-07,0.0,True
low_noise,2,173,25,11.31370735168457,2.9673779010772705,2.561137080192566e-08,1.1920928955078125e-07,-1.3476706328674481e-07,0.0,True
low_noise,2,173,26,11.313708305358887,2.9533398151397705,2.0954757928848267e-08,1.1920928955078125e-07,-1.6195905061522353e-07,0.0,True
low_noise,2,173,27,11.313708305358887,2.941359758377075,2.468004822731018e-08,1.1920928955078125e-07,-1.0517552340161274e-07,0.0,True
low_noise,2,173,28,11.313709259033203,2.9311373233795166,2.0954757928848267e-08,1.1920928955078125e-07,-1.3870931070414372e-07,0.0,True
low_noise,2,173,29,11.313708305358887,2.922412633895874,1.862645149230957e-08,1.1920928955078125e-07,-1.7092158088871656e-07,0.0,True
low_noise,2,173,30,11.313708305358887,2.914963722229004,2.0023435354232788e-08,1.1920928955078125e-07,-1.6569670435728767e-07,0.0,True
low_noise,2,173,31,11.313709259033203,2.9086005687713623,2.468004822731018e-08,1.1920928955078125e-07,-1.9997656863779412e-07,0.0,True
low_noise,2,173,32,11.31370735168457,2.903160810470581,2.3748725652694702e-08,1.1920928955078125e-07,-1.805592262371647e-07,0.0,True
low_noise,2,173,33,11.313709259033203,2.898507833480835,2.514570951461792e-08,1.1920928955078125e-07,-1.154681683601666e-07,0.0,True
low_noise,2,173,34,11.31371021270752,2.894524097442627,2.60770320892334e-08,1.1920928955078125e-07,-1.5086679638898204e-07,0.0,True
low_noise,2,173,35,11.313708305358887,2.89111065864563,2.7474015951156616e-08,1.1920928955078125e-07,-1.6283739512346074e-07,0.0,True
low_noise,2,173,36,11.313709259033203,2.888183116912842,1.909211277961731e-08,1.1920928955078125e-07,-1.3001758247810358e-07,0.0,True
low_noise,2,173,37,11.313708305358887,2.8856682777404785,1.7695128917694092e-08,1.1920928955078125e-07,-1.6332833752130682e-07,0.0,True
low_noise,2,173,38,11.313711166381836,2.8835043907165527,2.3283064365386963e-08,1.1920928955078125e-07,-1.1580910097563901e-07,0.0,True
low_noise,2,173,39,11.313709259033203,2.8816370964050293,2.0023435354232788e-08,1.1920928955078125e-07,-1.3670745602212264e-07,0.0,True
low_noise,2,173,40,11.31371021270752,2.8800203800201416,2.60770320892334e-08,1.1920928955078125e-07,-1.5594810065522324e-07,0.0,True
low_noise,2,173,41,11.31370735168457,2.878614664077759,1.862645149230957e-08,1.1920928955078125e-07,-1.0890502721849771e-07,0.0,True
low_noise,2,173,42,11.313708305358887,2.8773841857910156,1.862645149230957e-08,1.1920928955078125e-07,-1.5991436441709084e-07,0.0,True
low_noise,2,173,43,11.31371021270752,2.876300811767578,2.3748725652694702e-08,1.1920928955078125e-07,-1.8516271893531666e-07,0.0,True
low_noise,2,173,44,11.313708305358887,2.875337839126587,1.3969838619232178e-08,1.1920928955078125e-07,-1.3712734414639272e-07,0.0,True
low_noise,2,173,45,11.313709259033203,2.8744735717773438,2.514570951461792e-08,1.1920928955078125e-07,-1.6016639392546494e-07,0.0,True
low_noise,2,173,46,11.313709259033203,2.8736886978149414,2.3283064365386963e-08,1.1920928955078125e-07,-1.709974242203316e-07,0.0,True
low_noise,2,173,47,11.31371021270752,2.8729679584503174,2.468004822731018e-08,1.1920928955078125e-07,-1.0319880772158285e-07,0.0,True
low_noise,2,173,48,11.31370735168457,2.872297525405884,2.3748725652694702e-08,1.1920928955078125e-07,-1.9459571376501117e-07,0.0,True
low_noise,2,173,49,11.31371021270752,2.8716659545898438,2.1420419216156006e-08,1.1920928955078125e-07,-1.923013712712418e-07,0.0,True
low_noise,2,173,50,11.313708305358887,2.871063470840454,2.2817403078079224e-08,1.1920928955078125e-07,-1.5984755918907467e-07,0.0,True
low_noise,2,173,51,11.313708305358887,2.8704833984375,2.514570951461792e-08,1.1920928955078125e-07,-2.1333994482120033e-07,0.0,True
low_noise,2,173,52,11.313708305358887,2.8699190616607666,2.421438694000244e-08,1.1920928955078125e-07,-1.850232820288511e-07,0.0,True
low_noise,2,173,53,11.31371021270752,2.8693666458129883,2.3748725652694702e-08,1.1920928955078125e-07,-1.9225151959290088e-07,0.0,True
low_noise,2,173,54,11.313709259033203,2.868821620941162,2.1886080503463745e-08,1.1920928955078125e-07,-2.0694406543952937e-07,0.0,True
low_noise,2,173,55,11.313708305358887,2.8682823181152344,2.2351741790771484e-08,1.1920928955078125e-07,-1.3773907880931802e-07,0.0,True
low_noise,2,173,56,11.31371021270752,2.867748498916626,2.0954757928848267e-08,1.1920928955078125e-07,-1.3027192835579626e-07,0.0,True
low_noise,2,173,57,11.313709259033203,2.8672196865081787,2.561137080192566e-08,1.1920928955078125e-07,-1.5834933719816036e-07,0.0,True
low_noise,2,173,58,11.313709259033203,2.8666961193084717,1.6298145055770874e-08,1.1920928955078125e-07,-1.4315722296487365e-07,0.0,True
low_noise,2,173,59,11.313708305358887,2.8661797046661377,2.7008354663848877e-08,1.1920928955078125e-07,-1.719778452979881e-07,0.0,True
low_noise,2,173,60,11.31370735168457,2.8656725883483887,1.862645149230957e-08,1.1920928955078125e-07,-1.6463026497604005e-07,0.0,True
low_noise,2,173,61,11.31370735168457,2.8651769161224365,2.7008354663848877e-08,1.1920928955078125e-07,-1.515931842277496e-07,0.0,True
low_noise,2,173,62,11.313708305358887,2.8646957874298096,2.0489096641540527e-08,1.1920928955078125e-07,-1.8486896635749872e-07,0.0,True
low_noise,2,173,63,11.31370735168457,2.864231586456299,2.2351741790771484e-08,1.1920928955078125e-07,-1.7111831596139382e-07,0.0,True
low_noise,2,173,64,11.313709259033203,2.863787889480591,2.9802322387695312e-08,1.1920928955078125e-07,-1.378950855723815e-07,0.0,True
low_noise,2,173,65,11.313709259033203,2.8633673191070557,2.1420419216156006e-08,1.1920928955078125e-07,-1.3886851490951813e-07,0.0,True
low_noise,2,173,66,11.313708305358887,2.8629720211029053,2.1886080503463745e-08,1.1920928955078125e-07,-1.5864733882153814e-07,0.0,True
low_noise,2,173,67,11.313709259033203,2.862602949142456,1.955777406692505e-08,1.1920928955078125e-07,-1.9149305785504112e-07,0.0,True
low_noise,2,173,68,11.31371021270752,2.8622641563415527,2.3748725652694702e-08,1.1920928955078125e-07,-1.5906607586657628e-07,0.0,True
low_noise,2,173,69,11.313709259033203,2.861954927444458,2.7939677238464355e-08,1.1920928955078125e-07,-1.3745605542681005e-07,0.0,True
low_noise,2,173,70,11.313708305358887,2.86167573928833,2.1420419216156006e-08,1.1920928955078125e-07,-1.7177558220282663e-07,0.0,True
low_noise,2,173,71,11.313709259033203,2.86142635345459,2.2817403078079224e-08,1.1920928955078125e-07,-1.81707264346187e-07,0.0,True
low_noise,2,173,72,11.31371021270752,2.861206531524658,2.514570951461792e-08,1.1920928955078125e-07,-1.3785738417482207e-07,0.0,True
low_noise,2,173,73,11.31370735168457,2.8610150814056396,2.2351741790771484e-08,1.1920928955078125e-07,-1.5686480026033678e-07,0.0,True
low_noise,2,173,74,11.31370735168457,2.8608498573303223,2.60770320892334e-08,1.1920928955078125e-07,-2.071350877486111e-07,0.0,True
low_noise,2,173,75,11.31370735168457,2.8607089519500732,2.6542693376541138e-08,1.1920928955078125e-07,-1.5705694522694102e-07,0.0,True
low_noise,2,173,76,11.313708305358887,2.8605916500091553,2.0023435354232788e-08,1.1920928955078125e-07,-1.6174755046449718e-07,0.0,True
low_noise,2,173,77,11.313709259033203,2.860494375228882,2.0489096641540527e-08,1.1920928955078125e-07,-1.4228140798877575e-07,0.0,True
low_noise,2,173,78,11.313709259033203,2.860415458679199,2.1886080503463745e-08,1.1920928955078125e-07,-1.371717246456683e-07,0.0,True
low_noise,2,173,79,11.313709259033203,2.8603529930114746,2.3283064365386963e-08,1.1920928955078125e-07,-1.4137667392333242e-07,0.0,True
low_noise,2,173,80,11.31371021270752,2.860304832458496,2.8405338525772095e-08,1.1920928955078125e-07,-1.6269223124254495e-07,0.0,True
low_noise,2,173,81,11.31371021270752,2.8602685928344727,2.0023435354232788e-08,1.1920928955078125e-07,-1.9028539099963382e-07,0.0,True
low_noise,2,173,82,11.313708305358887,2.8602428436279297,2.1420419216156006e-08,1.1920928955078125e-07,-1.49412670680249e-07,0.0,True
low_noise,2,173,83,11.313708305358887,2.860224962234497,1.7695128917694092e-08,1.1920928955078125e-07,-1.376211002934724e-07,0.0,True
low_noise,2,173,84,11.313708305358887,2.860214948654175,2.421438694000244e-08,1.1920928955078125e-07,-1.4743685028406617e-07,0.0,True
low_noise,2,173,85,11.313709259033203,2.860210418701172,2.0954757928848267e-08,1.1920928955078125e-07,-2.3487621092499467e-07,0.0,True
low_noise,2,173,86,11.313708305358887,2.86021089553833,2.3283064365386963e-08,1.1920928955078125e-07,-1.7593690415651508e-07,0.0,True
low_noise,2,173,87,11.313708305358887,2.860214948654175,2.3748725652694702e-08,1.1920928955078125e-07,-1.842852555000718e-07,0.0,True
low_noise,2,173,88,11.313709259033203,2.860222101211548,2.60770320892334e-08,1.1920928955078125e-07,-1.5028417976736819e-07,0.0,True
low_noise,2,173,89,11.313709259033203,2.8602311611175537,2.2351741790771484e-08,1.1920928955078125e-07,-1.360655943472011e-07,0.0,True
low_noise,2,173,90,11.313709259033203,2.860241651535034,2.3283064365386963e-08,1.1920928955078125e-07,-2.0705707015622465e-07,0.0,True
low_noise,2,173,91,11.313708305358887,2.8602538108825684,2.0023435354232788e-08,1.1920928955078125e-07,-1.4969771200412652e-07,0.0,True
low_noise,2,173,92,11.313709259033203,2.8602659702301025,1.862645149230957e-08,1.1920928955078125e-07,-1.735178472017651e-07,0.0,True
low_noise,2,173,93,11.313709259033203,2.860278606414795,1.7695128917694092e-08,1.1920928955078125e-07,-1.570231802361377e-07,0.0,True
low_noise,2,173,94,11.31371021270752,2.8602917194366455,2.2351741790771484e-08,1.1920928955078125e-07,-1.6370348987493344e-07,0.0,True
low_noise,2,173,95,11.313708305358887,2.860304832458496,2.0023435354232788e-08,1.1920928955078125e-07,-1.8043029115233367e-07,0.0,True
low_noise,2,173,96,11.313709259033203,2.8603174686431885,2.3283064365386963e-08,1.1920928955078125e-07,-1.707634567083005e-07,0.0,True
low_noise,2,173,97,11.313709259033203,2.8603298664093018,2.468004822731018e-08,1.1920928955078125e-07,-1.3517076524749427e-07,0.0,True
low_noise,2,173,98,11.31371021270752,2.860341787338257,2.514570951461792e-08,1.1920928955078125e-07,-1.5639481887319562e-07,0.0,True
low_noise,2,173,99,11.313708305358887,2.8603532314300537,2.1886080503463745e-08,1.1920928955078125e-07,-1.376400717845172e-07,0.0,True
low_noise,2,173,100,11.313709259033203,2.8603639602661133,2.421438694000244e-08,1.1920928955078125e-07,-1.3662521780588577e-07,0.0,True
low_noise,3,742,1,11.27018928527832,9.497750282287598,1.816079020500183e-08,1.1920928955078125e-07,-2.042984306172002e-07,0.0,True
low_noise,3,742,2,11.268589973449707,9.370596885681152,1.4901161193847656e-08,1.1920928955078125e-07,-1.41090879424155e-07,0.0,True
low_noise,3,742,3,11.269680976867676,9.210538864135742,9.778887033462524e-09,5.960464477539063e-08,-1.7354417991555238e-07,0.0,True
low_noise,3,742,4,11.272137641906738,9.044404983520508,1.6298145055770874e-08,1.1920928955078125e-07,-3.133409336442128e-07,0.0,True
low_noise,3,742,5,11.271574020385742,8.877653121948242,1.7695128917694092e-08,1.1920928955078125e-07,-1.2933787729707547e-07,0.0,True
low_noise,3,742,6,11.267430305480957,8.70897388458252,1.6763806343078613e-08,1.1920928955078125e-07,-2.2743628846910724e-07,0.0,True
low_noise,3,742,7,11.25903034210205,8.531925201416016,1.3504177331924438e-08,1.1920928955078125e-07,-1.8891408615218097e-07,0.0,True
low_noise,3,742,8,11.242317199707031,8.338444709777832,1.4435499906539917e-08,1.1920928955078125e-07,-2.636635656472208e-07,0.0,True
low_noise,3,742,9,11.214661598205566,8.111381530761719,1.5366822481155396e-08,1.1920928955078125e-07,-1.5052897595069226e-07,0.0,True
low_noise,3,742,10,11.166916847229004,7.838143825531006,2.1886080503463745e-08,1.1920928955078125e-07,-1.4762203193185996e-07,0.0,True
low_noise,3,742,11,11.109253883361816,7.520425319671631,1.257285475730896e-08,1.1920928955078125e-07,-2.1479831957549322e-07,0.0,True
low_noise,3,742,12,11.03916072845459,7.209865093231201,1.6763806343078613e-08,1.1920928955078125e-07,-1.5837923683648114e-07,0.0,True
low_noise,3,742,13,10.959235191345215,6.999529838562012,2.0489096641540527e-08,1.1920928955078125e-07,-1.6272605307676713e-07,0.0,True
low_noise,3,742,14,10.85078239440918,6.840983867645264,2.1420419216156006e-08,1.1920928955078125e-07,-1.675510929999291e-07,0.0,True
low_noise,3,742,15,10.741657257080078,6.720106601715088,1.6763806343078613e-08,1.1920928955078125e-07,-1.496862864769355e-07,0.0,True
low_noise,3,742,16,10.643569946289062,6.612398147583008,2.0489096641540527e-08,1.1920928955078125e-07,-1.0813776185614188e-07,0.0,True
low_noise,3,742,17,10.543512344360352,6.491903305053711,1.909211277961731e-08,1.1920928955078125e-07,-1.68358297969462e-07,0.0,True
low_noise,3,742,18,10.464889526367188,6.360158443450928,1.7695128917694092e-08,1.1920928955078125e-07,-1.4807108073000563e-07,0.0,True
low_noise,3,742,19,10.44554328918457,6.2068305015563965,1.210719347000122e-08,1.1920928955078125e-07,-1.3350005190204683e-07,0.0,True
low_noise,3,742,20,10.55038070678711,5.996566295623779,1.7695128917694092e-08,1.1920928955078125e-07,-1.3085757188946445e-07,0.0,True
low_noise,3,742,21,10.76508617401123,5.672686576843262,1.7229467630386353e-08,1.1920928955078125e-07,-1.5465199965092324e-07,0.0,True
low_noise,3,742,22,10.93140697479248,5.25119161605835,1.955777406692505e-08,1.1920928955078125e-07,-1.7446538436161063e-07,0.0,True
low_noise,3,742,23,11.038677215576172,4.848024368286133,1.7695128917694092e-08,1.1920928955078125e-07,-1.3662064191066747e-07,0.0,True
low_noise,3,742,24,11.168478012084961,4.519772529602051,1.7695128917694092e-08,1.1920928955078125e-07,-1.5600730307596677e-07,0.0,True
low_noise,3,742,25,11.28017520904541,4.2452168464660645,2.1420419216156006e-08,1.1920928955078125e-07,-1.3633132311952068e-07,0.0,True
low_noise,3,742,26,11.313706398010254,4.038549423217773,1.6763806343078613e-08,1.1920928955078125e-07,-1.5051404034238658e-07,0.0,True
low_noise,3,742,27,11.31370735168457,3.887897253036499,1.7229467630386353e-08,1.1920928955078125e-07,-1.863165692839175e-07,0.0,True
low_noise,3,742,28,11.31370735168457,3.768939733505249,1.955777406692505e-08,1.1920928955078125e-07,-1.841567325300275e-07,0.0,True
low_noise,3,742,29,11.313708305358887,3.669973373413086,2.2817403078079224e-08,1.1920928955078125e-07,-1.2778774305388652e-07,0.0,True
low_noise,3,742,30,11.31370735168457,3.584588050842285,2.0489096641540527e-08,1.1920928955078125e-07,-1.5669418473862606e-07,0.0,True
low_noise,3,742,31,11.31371021270752,3.5091068744659424,2.561137080192566e-08,1.1920928955078125e-07,-1.2870913224105607e-07,0.0,True
low_noise,3,742,32,11.313708305358887,3.4415276050567627,2.1420419216156006e-08,1.1920928955078125e-07,-1.5155249855069997e-07,0.0,True
low_noise,3,742,33,11.313709259033203,3.3807382583618164,2.1886080503463745e-08,1.1920928955078125e-07,-1.5608608805450785e-07,0.0,True
low_noise,3,742,34,11.313709259033203,3.3260552883148193,2.0023435354232788e-08,1.1920928955078125e-07,-1.494795043299746e-07,0.0,True
low_noise,3,742,35,11.31370735168457,3.276979923248291,1.862645149230957e-08,1.1920928955078125e-07,-1.226274264354288e-07,0.0,True
low_noise,3,742,36,11.313708305358887,3.233079671859741,2.7008354663848877e-08,1.1920928955078125e-07,-1.804004057248676e-07,0.0,True
low_noise,3,742,37,11.313708305358887,3.1939308643341064,2.9336661100387573e-08,1.1920928955078125e-07,-1.6161975224804337e-07,0.0,True
low_noise,3,742,38,11.313708305358887,3.1591010093688965,1.816079020500183e-08,1.1920928955078125e-07,-1.3821751565501472e-07,0.0,True
low_noise,3,742,39,11.31370735168457,3.1281485557556152,2.514570951461792e-08,1.1920928955078125e-07,-1.3511437657598435e-07,0.0,True
low_noise,3,742,40,11.31370735168457,3.100637197494507,2.1420419216156006e-08,1.1920928955078125e-07,-1.868913841462927e-07,0.0,True
low_noise,3,742,41,11.313709259033203,3.076148748397827,2.3748725652694702e-08,1.1920928955078125e-07,-1.5704058853316383e-07,0.0,True
low_noise,3,742,42,11.31370735168457,3.0542967319488525,2.2351741790771484e-08,1.1920928955078125e-07,-1.5649722229227336e-07,0.0,True
low_noise,3,742,43,11.313709259033203,3.034733533859253,2.1420419216156006e-08,1.1920928955078125e-07,-1.5025665334178484e-07,0.0,True
low_noise,3,742,44,11.313708305358887,3.017155408859253,1.6763806343078613e-08,1.1920928955078125e-07,-1.2515855019046285e-07,0.0,True
low_noise,3,742,45,11.31370735168457,3.0012998580932617,2.2817403078079224e-08,1.1920928955078125e-07,-1.1771868457799428e-07,0.0,True
low_noise,3,742,46,11.313708305358887,2.9869439601898193,2.1420419216156006e-08,1.1920928955078125e-07,-1.2744654043217452e-07,0.0,True
low_noise,3,742,47,11.313706398010254,2.97390079498291,2.3283064365386963e-08,1.1920928955078125e-07,-1.2456052900233772e-07,0.0,True
low_noise,3,742,48,11.313706398010254,2.962012767791748,2.8405338525772095e-08,1.1920928955078125e-07,-1.786756058663741e-07,0.0,True
low_noise,3,742,49,11.31370735168457,2.951146364212036,2.3748725652694702e-08,1.1920928955078125e-07,-1.2096266743810702e-07,0.0,True
low_noise,3,742,50,11.313708305358887,2.9411895275115967,2.2817403078079224e-08,1.1920928955078125e-07,-2.0809748946248874e-07,0.0,True
low_noise,3,742,51,11.313708305358887,2.9320473670959473,2.3283064365386963e-08,1.1920928955078125e-07,-1.3751333938216703e-07,0.0,True
low_noise,3,742,52,11.313709259033203,2.923637866973877,2.60770320892334e-08,1.1920928955078125e-07,-1.3695311906758434e-07,0.0,True
low_noise,3,742,53,11.313709259033203,2.9158899784088135,1.909211277961731e-08,1.1920928955078125e-07,-1.6933435631472094e-07,0.0,True
low_noise,3,742,54,11.31370735168457,2.908743381500244,2.0954757928848267e-08,1.1920928955078125e-07,-1.279135517506802e-07,0.0,True
low_noise,3,742,55,11.31371021270752,2.902143716812134,2.3283064365386963e-08,1.1920928955078125e-07,-1.723257838648351e-07,0.0,True
low_noise,3,742,56,11.313708305358887,2.8960444927215576,2.1886080503463745e-08,1.1920928955078125e-07,-1.5320782154049084e-07,0.0,True
low_noise,3,742,57,11.31370735168457,2.8904030323028564,3.3993273973464966e-08,1.1920928955078125e-07,-1.571532095567818e-07,0.0,True
low_noise,3,742,58,11.31370735168457,2.8851823806762695,2.421438694000244e-08,1.1920928955078125e-07,-1.497792965210465e-07,0.0,True
low_noise,3,742,59,11.313708305358887,2.8803484439849854,2.561137080192566e-08,1.1920928955078125e-07,-1.5006658315996901e-07,0.0,True
low_noise,3,742,60,11.313706398010254,2.8758726119995117,3.213062882423401e-08,1.1920928955078125e-07,-1.434624863350109e-07,0.0,True
low_noise,3,742,61,11.31370735168457,2.871727705001831,2.0023435354232788e-08,1.1920928955078125e-07,-1.4283463656283857e-07,0.0,True
low_noise,3,742,62,11.313708305358887,2.8678901195526123,2.0489096641540527e-08,1.1920928955078125e-07,-1.4641639722867694e-07,0.0,True
low_noise,3,742,63,11.31370735168457,2.8643369674682617,1.5832483768463135e-08,1.1920928955078125e-07,-1.8316399064133293e-07,0.0,True
low_noise,3,742,64,11.313708305358887,2.861049175262451,1.6298145055770874e-08,1.1920928955078125e-07,-1.4713897655838082e-07,0.0,True
low_noise,3,742,65,11.313709259033203,2.8580074310302734,2.7008354663848877e-08,1.1920928955078125e-07,-1.7061553592156997e-07,0.0,True
low_noise,3,742,66,11.31370735168457,2.8551952838897705,2.0489096641540527e-08,1.1920928955078125e-07,-1.5836353384202084e-07,0.0,True
low_noise,3,742,67,11.31370735168457,2.8525984287261963,2.3283064365386963e-08,1.1920928955078125e-07,-1.5649845863663359e-07,0.0,True
low_noise,3,742,68,11.313706398010254,2.8502016067504883,2.0954757928848267e-08,1.1920928955078125e-07,-1.483106473187945e-07,0.0,True
low_noise,3,742,69,11.313706398010254,2.8479912281036377,1.862645149230957e-08,1.1920928955078125e-07,-1.6222092824591527e-07,0.0,True
low_noise,3,742,70,11.31370735168457,2.8459560871124268,2.421438694000244e-08,1.1920928955078125e-07,-1.221213352664563e-07,0.0,True
low_noise,3,742,71,11.31370735168457,2.8440845012664795,2.2817403078079224e-08,1.1920928955078125e-07,-1.723273612697085e-07,0.0,True
low_noise,3,742,72,11.31371021270752,2.842365264892578,2.0954757928848267e-08,1.1920928955078125e-07,-1.634670496741819e-07,0.0,True
low_noise,3,742,73,11.313708305358887,2.8407890796661377,2.0954757928848267e-08,1.1920928955078125e-07,-1.7766373616723286e-07,0.0,True
low_noise,3,742,74,11.31370735168457,2.8393466472625732,1.955777406692505e-08,1.1920928955078125e-07,-1.5578436318719469e-07,0.0,True
low_noise,3,742,75,11.313708305358887,2.838028907775879,1.7695128917694092e-08,1.1920928955078125e-07,-1.839242287360321e-07,0.0,True
low_noise,3,742,76,11.31371021270752,2.836827278137207,2.7474015951156616e-08,1.1920928955078125e-07,-1.925158983340225e-07,0.0,True
low_noise,3,742,77,11.313709259033203,2.8357326984405518,2.2817403078079224e-08,1.1920928955078125e-07,-2.2569048496734467e-07,0.0,True
low_noise,3,742,78,11.313708305358887,2.83473801612854,1.909211277961731e-08,1.1920928955078125e-07,-1.9103241299944784e-07,0.0,True
low_noise,3,742,79,11.31370735168457,2.8338351249694824,2.0489096641540527e-08,1.1920928955078125e-07,-1.3652820030074508e-07,0.0,True
low_noise,3,742,80,11.313709259033203,2.8330154418945312,1.7695128917694092e-08,1.1920928955078125e-07,-1.888230656277301e-07,0.0,True
low_noise,3,742,81,11.313709259033203,2.832272529602051,2.9336661100387573e-08,1.1920928955078125e-07,-1.48712501868431e-07,0.0,True
low_noise,3,742,82,11.31370735168457,2.8315980434417725,2.7474015951156616e-08,1.1920928955078125e-07,-1.8981633331804915e-07,0.0,True
low_noise,3,742,83,11.313708305358887,2.8309853076934814,2.7939677238464355e-08,1.1920928955078125e-07,-1.6203486552512913e-07,0.0,True
low_noise,3,742,84,11.313709259033203,2.830427408218384,2.3283064365386963e-08,1.1920928955078125e-07,-1.5753371940263605e-07,0.0,True
low_noise,3,742,85,11.313706398010254,2.8299171924591064,3.166496753692627e-08,1.1920928955078125e-07,-1.9844991072659468e-07,0.0,True
low_noise,3,742,86,11.31370735168457,2.82944917678833,2.468004822731018e-08,1.1920928955078125e-07,-1.5093726801751473e-07,0.0,True
low_noise,3,742,87,11.31370735168457,2.829017400741577,2.0489096641540527e-08,1.1920928955078125e-07,-1.2899987211767439e-07,0.0,True
low_noise,3,742,88,11.31371021270752,2.828616142272949,1.816079020500183e-08,1.1920928955078125e-07,-1.36810527351372e-07,0.0,True
low_noise,3,742,89,11.313709259033203,2.828240156173706,2.7474015951156616e-08,1.1920928955078125e-07,-1.862408680608496e-07,0.0,True
low_noise,3,742,90,11.313709259033203,2.827885389328003,2.1420419216156006e-08,1.1920928955078125e-07,-1.7714586419970146e-07,0.0,True
low_noise,3,742,91,11.31370735168457,2.827547788619995,1.7695128917694092e-08,1.1920928955078125e-07,-1.2729935860988917e-07,0.0,True
low_noise,3,742,92,11.31370735168457,2.827223300933838,2.1886080503463745e-08,1.1920928955078125e-07,-1.915361309556829e-07,0.0,True
low_noise,3,742,93,11.313708305358887,2.826909065246582,2.561137080192566e-08,1.1920928955078125e-07,-1.4868098219267267e-07,0.0,True
low_noise,3,742,94,11.313708305358887,2.82660174369812,2.0489096641540527e-08,1.1920928955078125e-07,-1.694009625907711e-07,0.0,True
low_noise,3,742,95,11.313708305358887,2.826298952102661,1.816079020500183e-08,1.1920928955078125e-07,-1.993231251162797e-07,0.0,True
low_noise,3,742,96,11.31370735168457,2.8259987831115723,2.468004822731018e-08,1.1920928955078125e-07,-2.1981414022320678e-07,0.0,True
low_noise,3,742,97,11.313709259033203,2.8256990909576416,2.3748725652694702e-08,1.1920928955078125e-07,-1.815937764604314e-07,0.0,True
low_noise,3,742,98,11.31371021270752,2.825397491455078,1.909211277961731e-08,1.1920928955078125e-07,-2.1372460423663142e-07,0.0,True
low_noise,3,742,99,11.313708305358887,2.8250930309295654,2.7008354663848877e-08,1.1920928955078125e-07,-1.265250091364578e-07,0.0,True
low_noise,3,742,100,11.313708305358887,2.824784755706787,2.421438694000244e-08,1.1920928955078125e-07,-1.3424565281638934e-07,0.0,True
low_noise,4,915,1,11.284223556518555,6.506563186645508,1.3504177331924438e-08,1.1920928955078125e-07,-1.9651902505302132e-07,0.0,True
low_noise,4,915,2,11.286355018615723,6.348426342010498,1.0244548320770264e-08,1.1920928955078125e-07,-1.5002208897385572e-07,0.0,True
low_noise,4,915,3,11.28950309753418,6.26633882522583,1.1641532182693481e-08,1.1920928955078125e-07,-2.036403259353392e-07,0.0,True
low_noise,4,915,4,11.295079231262207,6.248295307159424,1.6298145055770874e-08,1.1920928955078125e-07,-1.9598988387770078e-07,0.0,True
low_noise,4,915,5,11.298605918884277,6.272270679473877,1.5832483768463135e-08,1.1920928955078125e-07,-1.9246151339302742e-07,0.0,True
low_noise,4,915,6,11.299418449401855,6.311633586883545,1.816079020500183e-08,1.1920928955078125e-07,-1.2378254155009927e-07,0.0,True
low_noise,4,915,7,11.294526100158691,6.335736274719238,1.4901161193847656e-08,1.1920928955078125e-07,-3.045727794415143e-07,0.0,True
low_noise,4,915,8,11.28292465209961,6.318210124969482,1.4435499906539917e-08,1.1920928955078125e-07,-1.7403615970579267e-07,0.0,True
low_noise,4,915,9,11.27249526977539,6.242523670196533,1.816079020500183e-08,1.1920928955078125e-07,-2.1754817680630367e-07,0.0,True
low_noise,4,915,10,11.262263298034668,6.100829124450684,1.816079020500183e-08,1.1920928955078125e-07,-1.8445400939981482e-07,0.0,True
low_noise,4,915,11,11.251348495483398,5.9099955558776855,1.4435499906539917e-08,1.1920928955078125e-07,-1.6640460387407074e-07,0.0,True
low_noise,4,915,12,11.234545707702637,5.765348434448242,1.30385160446167e-08,1.1920928955078125e-07,-2.081828824884724e-07,0.0,True
low_noise,4,915,13,11.179738998413086,5.812685489654541,1.6763806343078613e-08,1.1920928955078125e-07,-1.4401985026779585e-07,0.0,True
low_noise,4,915,14,11.144258499145508,5.91117000579834,1.3504177331924438e-08,1.1920928955078125e-07,-1.7060888524156326e-07,0.0,True
low_noise,4,915,15,11.109673500061035,5.955502033233643,1.5832483768463135e-08,1.1920928955078125e-07,-1.767500066307548e-07,0.0,True
low_noise,4,915,16,11.073851585388184,5.9732513427734375,1.6763806343078613e-08,1.1920928955078125e-07,-2.0064385353180114e-07,0.0,True
low_noise,4,915,17,11.037689208984375,5.9657063484191895,1.6763806343078613e-08,1.1920928955078125e-07,-1.7590517131793604e-07,0.0,True
low_noise,4,915,18,10.999859809875488,5.926469802856445,1.4901161193847656e-08,1.1920928955078125e-07,-1.2968899909537868e-07,0.0,True
low_noise,4,915,19,10.973682403564453,5.8570404052734375,1.5366822481155396e-08,1.1920928955078125e-07,-1.256852613096271e-07,0.0,True
low_noise,4,915,20,10.937396049499512,5.757226467132568,1.5366822481155396e-08,1.1920928955078125e-07,-1.410500374277035e-07,0.0,True
low_noise,4,915,21,10.881138801574707,5.626585483551025,1.862645149230957e-08,1.1920928955078125e-07,-1.2464693099900614e-07,0.0,True
low_noise,4,915,22,10.81619930267334,5.4633049964904785,2.2817403078079224e-08,1.1920928955078125e-07,-1.5686489973631979e-07,0.0,True
low_noise,4,915,23,10.764952659606934,5.251485347747803,1.30385160446167e-08,1.1920928955078125e-07,-1.4286426619491976e-07,0.0,True
low_noise,4,915,24,10.758261680603027,4.97113037109375,2.0023435354232788e-08,1.1920928955078125e-07,-1.6713549655378301e-07,0.0,True
low_noise,4,915,25,10.890941619873047,4.6332173347473145,1.6763806343078613e-08,1.1920928955078125e-07,-1.2086161405022722e-07,0.0,True
low_noise,4,915,26,11.139727592468262,4.2774810791015625,2.0023435354232788e-08,1.1920928955078125e-07,-1.9667065487283253e-07,0.0,True
low_noise,4,915,27,11.24026870727539,3.997021198272705,1.862645149230957e-08,1.1920928955078125e-07,-1.3982419488911546e-07,0.0,True
low_noise,4,915,28,11.309432029724121,3.8011364936828613,2.421438694000244e-08,1.1920928955078125e-07,-1.8427988379698945e-07,0.0,True
low_noise,4,915,29,11.313708305358887,3.6532673835754395,2.2817403078079224e-08,1.1920928955078125e-07,-1.804539664362892e-07,0.0,True
low_noise,4,915,30,11.31370735168457,3.5551748275756836,2.0954757928848267e-08,1.1920928955078125e-07,-1.4705905471146252e-07,0.0,True
low_noise,4,915,31,11.313708305358887,3.488236427307129,1.3504177331924438e-08,1.1920928955078125e-07,-1.5161378996708663e-07,0.0,True
low_noise,4,915,32,11.313706398010254,3.4365010261535645,1.7695128917694092e-08,1.1920928955078125e-07,-1.5671314201881614e-07,0.0,True
low_noise,4,915,33,11.313708305358887,3.391024589538574,2.0023435354232788e-08,1.1920928955078125e-07,-2.0325569494161755e-07,0.0,True
low_noise,4,915,34,11.31370735168457,3.3482089042663574,2.0954757928848267e-08,1.1920928955078125e-07,-1.5676980069656565e-07,0.0,True
low_noise,4,915,35,11.313709259033203,3.3070695400238037,2.2817403078079224e-08,1.1920928955078125e-07,-1.6945560332715104e-07,0.0,True
low_noise,4,915,36,11.313708305358887,3.2675905227661133,2.3283064365386963e-08,1.1920928955078125e-07,-1.5206440195925097e-07,0.0,True
low_noise,4,915,37,11.31370735168457,3.2300217151641846,2.468004822731018e-08,1.1920928955078125e-07,-1.376254772367247e-07,0.0,True
low_noise,4,915,38,11.31370735168457,3.1946299076080322,1.6763806343078613e-08,1.1920928955078125e-07,-1.2534448501355655e-07,0.0,True
low_noise,4,915,39,11.313708305358887,3.161626100540161,2.1420419216156006e-08,1.1920928955078125e-07,-1.2818217953736166e-07,0.0,True
low_noise,4,915,40,11.31370735168457,3.1311569213867188,2.0954757928848267e-08,1.1920928955078125e-07,-1.4061691899769357e-07,0.0,True
low_noise,4,915,41,11.313709259033203,3.1033060550689697,2.561137080192566e-08,1.1920928955078125e-07,-1.2833562834657641e-07,0.0,True
low_noise,4,915,42,11.313708305358887,3.078099489212036,1.6763806343078613e-08,1.1920928955078125e-07,-1.0726056132170925e-07,0.0,True
low_noise,4,915,43,11.313708305358887,3.0555098056793213,1.5832483768463135e-08,1.1920928955078125e-07,-1.5588722135362332e-07,0.0,True
low_noise,4,915,44,11.313709259033203,3.035458564758301,1.955777406692505e-08,1.1920928955078125e-07,-1.568654823813631e-07,0.0,True
low_noise,4,915,45,11.31371021270752,3.017822504043579,2.60770320892334e-08,1.1920928955078125e-07,-1.7241914918031398e-07,0.0,True
low_noise,4,915,46,11.313708305358887,3.002443313598633,2.3748725652694702e-08,1.1920928955078125e-07,-2.0966353986295871e-07,0.0,True
low_noise,4,915,47,11.313709259033203,2.989135980606079,2.0954757928848267e-08,1.1920928955078125e-07,-1.641379583361413e-07,0.0,True
low_noise,4,915,48,11.313709259033203,2.977700710296631,2.0489096641540527e-08,1.1920928955078125e-07,-1.5405301212467748e-07,0.0,True
low_noise,4,915,49,11.31371021270752,2.9679319858551025,2.3283064365386963e-08,1.1920928955078125e-07,-1.629696271265857e-07,0.0,True
low_noise,4,915,50,11.313711166381836,2.9596292972564697,2.60770320892334e-08,1.1920928955078125e-07,-1.4958372673845588e-07,0.0,True
low_noise,4,915,51,11.31371021270752,2.9526002407073975,2.60770320892334e-08,1.1920928955078125e-07,-1.6272819891582913e-07,0.0,True
low_noise,4,915,52,11.313708305358887,2.946667432785034,2.3748725652694702e-08,1.1920928955078125e-07,-1.433340486300949e-07,0.0,True
low_noise,4,915,53,11.313709259033203,2.9416699409484863,2.2351741790771484e-08,1.1920928955078125e-07,-1.3616048022413452e-07,0.0,True
low_noise,4,915,54,11.313708305358887,2.9374656677246094,1.7229467630386353e-08,1.1920928955078125e-07,-1.912414830940179e-07,0.0,True
low_noise,4,915,55,11.313709259033203,2.9339306354522705,2.514570951461792e-08,1.1920928955078125e-07,-2.1018867357724957e-07,0.0,True
low_noise,4,915,56,11.313709259033203,2.9309582710266113,1.909211277961731e-08,1.1920928955078125e-07,-1.645863818566795e-07,0.0,True
low_noise,4,915,57,11.313709259033203,2.928457021713257,1.4435499906539917e-08,1.1920928955078125e-07,-1.3688065791939152e-07,0.0,True
low_noise,4,915,58,11.313711166381836,2.926349401473999,1.909211277961731e-08,1.1920928955078125e-07,-1.9747700719108252e-07,0.0,True
low_noise,4,915,59,11.31371021270752,2.9245710372924805,2.0489096641540527e-08,1.1920928955078125e-07,-1.2819710093481262e-07,0.0,True
low_noise,4,915,60,11.313708305358887,2.9230661392211914,2.514570951461792e-08,1.1920928955078125e-07,-1.7080145653380896e-07,0.0,True
low_noise,4,915,61,11.313711166381836,2.9217898845672607,2.3748725652694702e-08,1.1920928955078125e-07,-1.3066333792721707e-07,0.0,True
low_noise,4,915,62,11.313711166381836,2.9207029342651367,2.421438694000244e-08,1.1920928955078125e-07,-2.006269994581089e-07,0.0,True
low_noise,4,915,63,11.31371021270752,2.9197728633880615,2.3283064365386963e-08,1.1920928955078125e-07,-1.7122137307978846e-07,0.0,True
low_noise,4,915,64,11.313708305358887,2.918972969055176,2.1420419216156006e-08,1.1920928955078125e-07,-1.900196053838954e-07,0.0,True
low_noise,4,915,65,11.31371021270752,2.9182796478271484,1.6763806343078613e-08,1.1920928955078125e-07,-1.4862835939766228e-07,0.0,True
low_noise,4,915,66,11.31371021270752,2.917673349380493,2.2351741790771484e-08,1.1920928955078125e-07,-1.3204950732870202e-07,0.0,True
low_noise,4,915,67,11.31371021270752,2.917137861251831,2.0023435354232788e-08,1.1920928955078125e-07,-1.6366917066079623e-07,0.0,True
low_noise,4,915,68,11.313709259033203,2.916658401489258,2.1420419216156006e-08,1.1920928955078125e-07,-2.0014101664855843e-07,0.0,True
low_noise,4,915,69,11.31371021270752,2.9162237644195557,2.514570951461792e-08,1.1920928955078125e-07,-1.193791945297562e-07,0.0,True
low_noise,4,915,70,11.31370735168457,2.9158236980438232,2.0489096641540527e-08,1.1920928955078125e-07,-1.6080049647371197e-07,0.0,True
low_noise,4,915,71,11.31371021270752,2.915449857711792,2.60770320892334e-08,1.1920928955078125e-07,-1.5570870459669095e-07,0.0,True
low_noise,4,915,72,11.31371021270752,2.9150946140289307,2.0954757928848267e-08,1.1920928955078125e-07,-1.6354982790289796e-07,0.0,True
low_noise,4,915,73,11.313708305358887,2.9147517681121826,2.1420419216156006e-08,1.1920928955078125e-07,-1.5721519730504951e-07,0.0,True
low_noise,4,915,74,11.31371021270752,2.914416790008545,2.0489096641540527e-08,1.1920928955078125e-07,-2.1150772511191462e-07,0.0,True
low_noise,4,915,75,11.313709259033203,2.91408634185791,1.5366822481155396e-08,1.1920928955078125e-07,-1.681521837326727e-07,0.0,True
low_noise,4,915,76,11.313708305358887,2.9137558937072754,2.2351741790771484e-08,1.1920928955078125e-07,-1.9890980240688805e-07,0.0,True
low_noise,4,915,77,11.31371021270752,2.913423538208008,2.2351741790771484e-08,1.1920928955078125e-07,-1.9131128681237897e-07,0.0,True
low_noise,4,915,78,11.31371021270752,2.9130868911743164,2.3748725652694702e-08,1.1920928955078125e-07,-1.714636255201185e-07,0.0,True
low_noise,4,915,79,11.31371021270752,2.9127447605133057,2.2817403078079224e-08,1.1920928955078125e-07,-1.378398337692488e-07,0.0,True
low_noise,4,915,80,11.313709259033203,2.91239595413208,2.0489096641540527e-08,1.1920928955078125e-07,-1.561164282293248e-07,0.0,True
low_noise,4,915,81,11.313708305358887,2.9120407104492188,2.421438694000244e-08,1.1920928955078125e-07,-1.502750279769316e-07,0.0,True
low_noise,4,915,82,11.313709259033203,2.9116787910461426,2.0489096641540527e-08,1.1920928955078125e-07,-1.4699548955832142e-07,0.0,True
low_noise,4,915,83,11.313709259033203,2.911311149597168,1.6763806343078613e-08,1.1920928955078125e-07,-1.3138327403794392e-07,0.0,True
low_noise,4,915,84,11.31371021270752,2.910938262939453,2.1886080503463745e-08,1.1920928955078125e-07,-1.6051669149419467e-07,0.0,True
low_noise,4,915,85,11.31371021270752,2.910562753677368,2.0023435354232788e-08,1.1920928955078125e-07,-1.9969314735135413e-07,0.0,True
low_noise,4,915,86,11.31371021270752,2.910184144973755,2.2817403078079224e-08,1.1920928955078125e-07,-1.3817167143770348e-07,0.0,True
low_noise,4,915,87,11.31371021270752,2.909806489944458,3.073364496231079e-08,1.1920928955078125e-07,-1.8759901365683618e-07,0.0,True
low_noise,4,915,88,11.313711166381836,2.909431219100952,1.816079020500183e-08,1.1920928955078125e-07,-1.710692174583528e-07,0.0,True
low_noise,4,915,89,11.31371021270752,2.909060478210449,2.7939677238464355e-08,1.1920928955078125e-07,-1.343361901717799e-07,0.0,True
low_noise,4,915,90,11.31371021270752,2.9086973667144775,2.514570951461792e-08,1.1920928955078125e-07,-1.7160030552076933e-07,0.0,True
low_noise,4,915,91,11.313709259033203,2.90834379196167,2.514570951461792e-08,1.1920928955078125e-07,-1.2881088196081691e-07,0.0,True
low_noise,4,915,92,11.31370735168457,2.908003091812134,1.7695128917694092e-08,1.1920928955078125e-07,-1.3340097382297245e-07,0.0,True
low_noise,4,915,93,11.313711166381836,2.9076766967773438,2.2817403078079224e-08,1.1920928955078125e-07,-1.5184519952526898e-07,0.0,True
low_noise,4,915,94,11.313709259033203,2.9073665142059326,2.1420419216156006e-08,1.1920928955078125e-07,-1.8162731407755928e-07,0.0,True
low_noise,4,915,95,11.313709259033203,2.907074213027954,2.0489096641540527e-08,1.1920928955078125e-07,-1.3684264388302836e-07,0.0,True
low_noise,4,915,96,11.31371021270752,2.9068005084991455,2.2351741790771484e-08,1.1920928955078125e-07,-1.8066259599436307e-07,0.0,True
low_noise,4,915,97,11.313709259033203,2.906546115875244,1.909211277961731e-08,1.1920928955078125e-07,-1.8985804217663826e-07,0.0,True
low_noise,4,915,98,11.313709259033203,2.9063122272491455,2.2817403078079224e-08,1.1920928955078125e-07,-2.1312587250577053e-07,0.0,True
low_noise,4,915,99,11.31371021270752,2.906097173690796,2.0954757928848267e-08,1.1920928955078125e-07,-1.3623704830934003e-07,0.0,True
low_noise,4,915,100,11.313712120056152,2.9059019088745117,2.60770320892334e-08,1.1920928955078125e-07,-1.4923969615665555e-07,0.0,True
low_noise,5,989,1,11.273648262023926,7.132434844970703,2.3748725652694702e-08,1.1920928955078125e-07,-1.2783492309154099e-07,0.0,True
low_noise,5,989,2,11.272979736328125,6.735785484313965,1.7229467630386353e-08,1.1920928955078125e-07,-1.7437547228382755e-07,0.0,True
low_noise,5,989,3,11.265487670898438,6.283192157745361,2.8870999813079834e-08,1.1920928955078125e-07,-2.09548261409509e-07,0.0,True
low_noise,5,989,4,11.256190299987793,5.787290096282959,1.6763806343078613e-08,1.1920928955078125e-07,-1.4070094778162456e-07,0.0,True
low_noise,5,989,5,11.261260032653809,5.250086307525635,1.909211277961731e-08,1.1920928955078125e-07,-1.6149041925928032e-07,0.0,True
low_noise,5,989,6,11.286038398742676,4.6858344078063965,1.816079020500183e-08,1.1920928955078125e-07,-1.493225596504999e-07,0.0,True
low_noise,5,989,7,11.313066482543945,4.167045593261719,1.6763806343078613e-08,1.1920928955078125e-07,-1.2632244761334732e-07,0.0,True
low_noise,5,989,8,11.313708305358887,3.7742416858673096,2.3283064365386963e-08,1.1920928955078125e-07,-2.0473106587814982e-07,0.0,True
low_noise,5,989,9,11.313708305358887,3.4980673789978027,1.862645149230957e-08,1.1920928955078125e-07,-1.2948788707944914e-07,0.0,True
low_noise,5,989,10,11.31370735168457,3.3293817043304443,2.6542693376541138e-08,1.1920928955078125e-07,-1.5734272551526374e-07,0.0,True
low_noise,5,989,11,11.313708305358887,3.22709584236145,2.561137080192566e-08,1.1920928955078125e-07,-1.4271515169639315e-07,0.0,True
low_noise,5,989,12,11.313705444335938,3.159642219543457,2.3748725652694702e-08,1.1920928955078125e-07,-1.9699963615948946e-07,0.0,True
low_noise,5,989,13,11.313708305358887,3.1109564304351807,1.816079020500183e-08,1.1920928955078125e-07,-1.4930066072338377e-07,0.0,True
low_noise,5,989,14,11.313708305358887,3.0733885765075684,2.2351741790771484e-08,1.1920928955078125e-07,-1.8441241422806343e-07,0.0,True
low_noise,5,989,15,11.313709259033203,3.0431458950042725,2.7008354663848877e-08,1.1920928955078125e-07,-1.5160289024152007e-07,0.0,True
low_noise,5,989,16,11.313708305358887,3.0182301998138428,2.3283064365386963e-08,1.1920928955078125e-07,-1.9026671793653804e-07,0.0,True
low_noise,5,989,17,11.31371021270752,2.997485637664795,2.7939677238464355e-08,1.1920928955078125e-07,-1.7200063950895128e-07,0.0,True
low_noise,5,989,18,11.31371021270752,2.9801523685455322,1.862645149230957e-08,1.1920928955078125e-07,-1.4643282497672772e-07,0.0,True
low_noise,5,989,19,11.313708305358887,2.965660810470581,2.421438694000244e-08,1.1920928955078125e-07,-1.910028402107855e-07,0.0,True
low_noise,5,989,20,11.313709259033203,2.9535491466522217,2.8870999813079834e-08,1.1920928955078125e-07,-1.772840505509521e-07,0.0,True
low_noise,5,989,21,11.313709259033203,2.9434258937835693,2.3283064365386963e-08,1.1920928955078125e-07,-1.7577430355686374e-07,0.0,True
low_noise,5,989,22,11.313709259033203,2.934962272644043,2.7008354663848877e-08,1.1920928955078125e-07,-1.7696306997549982e-07,0.0,True
low_noise,5,989,23,11.31371021270752,2.9278793334960938,2.1886080503463745e-08,1.1920928955078125e-07,-1.48544245348603e-07,0.0,True
low_noise,5,989,24,11.313708305358887,2.9219472408294678,3.026798367500305e-08,1.1920928955078125e-07,-1.535326248358615e-07,0.0,True
low_noise,5,989,25,11.313709259033203,2.9169745445251465,2.0023435354232788e-08,1.1920928955078125e-07,-1.8035288462669996e-07,0.0,True
low_noise,5,989,26,11.313708305358887,2.912804365158081,1.6763806343078613e-08,1.1920928955078125e-07,-1.5058130031775363e-07,0.0,True
low_noise,5,989,27,11.313708305358887,2.90930438041687,1.6298145055770874e-08,1.1920928955078125e-07,-1.7572628507878107e-07,0.0,True
low_noise,5,989,28,11.31371021270752,2.906367063522339,2.7008354663848877e-08,1.1920928955078125e-07,-1.7011667807764752e-07,0.0,True
low_noise,5,989,29,11.313709259033203,2.9039015769958496,1.909211277961731e-08,1.1920928955078125e-07,-1.4692716376885073e-07,0.0,True
low_noise,5,989,30,11.31371021270752,2.9018328189849854,2.6542693376541138e-08,1.1920928955078125e-07,-1.5635247052614432e-07,0.0,True
low_noise,5,989,31,11.313709259033203,2.9000961780548096,2.7939677238464355e-08,1.1920928955078125e-07,-1.6599712182596704e-07,0.0,True
low_noise,5,989,32,11.31371021270752,2.8986380100250244,2.514570951461792e-08,1.1920928955078125e-07,-1.6192277030313562e-07,0.0,True
low_noise,5,989,33,11.31371021270752,2.8974153995513916,2.3283064365386963e-08,1.1920928955078125e-07,-1.4393461356121406e-07,0.0,True
low_noise,5,989,34,11.31371021270752,2.8963892459869385,2.7474015951156616e-08,1.1920928955078125e-07,-1.57227148633865e-07,0.0,True
low_noise,5,989,35,11.31370735168457,2.895529270172119,2.8870999813079834e-08,1.1920928955078125e-07,-1.4310404594652937e-07,0.0,True
low_noise,5,989,36,11.313708305358887,2.8948092460632324,2.60770320892334e-08,1.1920928955078125e-07,-1.9121721095416433e-07,0.0,True
low_noise,5,989,37,11.313709259033203,2.8942065238952637,2.0954757928848267e-08,1.1920928955078125e-07,-1.271430960514408e-07,0.0,True
low_noise,5,989,38,11.31371021270752,2.8937032222747803,2.421438694000244e-08,1.1920928955078125e-07,-1.835343397260658e-07,0.0,True
low_noise,5,989,39,11.313708305358887,2.893282651901245,2.514570951461792e-08,1.1920928955078125e-07,-1.556581707973237e-07,0.0,True
low_noise,5,989,40,11.31371021270752,2.8929331302642822,2.7939677238464355e-08,1.1920928955078125e-07,-1.3044690660990454e-07,0.0,True
low_noise,5,989,41,11.31371021270752,2.8926424980163574,2.0954757928848267e-08,1.1920928955078125e-07,-1.4283675398019113e-07,0.0,True
low_noise,5,989,42,11.313709259033203,2.8924007415771484,2.7008354663848877e-08,1.1920928955078125e-07,-1.9194017397694552e-07,0.0,True
low_noise,5,989,43,11.31371021270752,2.8921990394592285,2.0954757928848267e-08,1.1920928955078125e-07,-1.6666287194766483e-07,0.0,True
low_noise,5,989,44,11.313711166381836,2.8920295238494873,2.0489096641540527e-08,1.1920928955078125e-07,-1.7611137081985362e-07,0.0,True
low_noise,5,989,45,11.31370735168457,2.8918845653533936,2.468004822731018e-08,1.1920928955078125e-07,-1.6230296751018614e-07,0.0,True
low_noise,5,989,46,11.31371021270752,2.891758680343628,1.862645149230957e-08,1.1920928955078125e-07,-1.377549665448896e-07,0.0,True
low_noise,5,989,47,11.313708305358887,2.8916449546813965,2.3283064365386963e-08,1.1920928955078125e-07,-1.4130115744137584e-07,0.0,True
low_noise,5,989,48,11.313709259033203,2.891538381576538,2.2351741790771484e-08,1.1920928955078125e-07,-1.7825399822868349e-07,0.0,True
low_noise,5,989,49,11.313708305358887,2.891432762145996,2.2817403078079224e-08,1.1920928955078125e-07,-1.6861932294887083e-07,0.0,True
low_noise,5,989,50,11.313709259033203,2.8913254737854004,2.468004822731018e-08,1.1920928955078125e-07,-1.9166535025760822e-07,0.0,True
low_noise,5,989,51,11.31371021270752,2.891211986541748,2.0489096641540527e-08,1.1920928955078125e-07,-1.8482582220258337e-07,0.0,True
low_noise,5,989,52,11.31371021270752,2.8910882472991943,2.514570951461792e-08,1.1920928955078125e-07,-1.193770486906942e-07,0.0,True
low_noise,5,989,53,11.31371021270752,2.8909523487091064,2.0954757928848267e-08,1.1920928955078125e-07,-1.3576500634826516e-07,0.0,True
low_noise,5,989,54,11.313708305358887,2.890801191329956,2.7474015951156616e-08,1.1920928955078125e-07,-2.3008480809494358e-07,0.0,True
low_noise,5,989,55,11.31370735168457,2.8906333446502686,2.561137080192566e-08,1.1920928955078125e-07,-2.0458291771774384e-07,0.0,True
low_noise,5,989,56,11.313708305358887,2.890448570251465,1.862645149230957e-08,1.1920928955078125e-07,-1.432527056977051e-07,0.0,True
low_noise,5,989,57,11.31370735168457,2.8902461528778076,1.5832483768463135e-08,1.1920928955078125e-07,-1.3788167052553035e-07,0.0,True
low_noise,5,989,58,11.313708305358887,2.8900258541107178,2.3748725652694702e-08,1.1920928955078125e-07,-1.8400159262910165e-07,0.0,True
low_noise,5,989,59,11.313708305358887,2.8897879123687744,2.2817403078079224e-08,1.1920928955078125e-07,-1.8194707251950604e-07,0.0,True
low_noise,5,989,60,11.313708305358887,2.889533281326294,2.3748725652694702e-08,1.1920928955078125e-07,-1.6899511479095963e-07,0.0,True
low_noise,5,989,61,11.313709259033203,2.8892629146575928,2.7939677238464355e-08,1.1920928955078125e-07,-1.790521508837628e-07,0.0,True
low_noise,5,989,62,11.31370735168457,2.888977527618408,2.7474015951156616e-08,1.1920928955078125e-07,-1.5131699626635964e-07,0.0,True
low_noise,5,989,63,11.313708305358887,2.888679027557373,2.3283064365386963e-08,1.1920928955078125e-07,-1.5304360090340197e-07,0.0,True
low_noise,5,989,64,11.31370735168457,2.8883683681488037,1.862645149230957e-08,1.1920928955078125e-07,-1.2856897058100003e-07,0.0,True
low_noise,5,989,65,11.31370735168457,2.8880467414855957,1.816079020500183e-08,1.1920928955078125e-07,-1.934115374524481e-07,0.0,True
low_noise,5,989,66,11.313708305358887,2.8877158164978027,2.1420419216156006e-08,1.1920928955078125e-07,-1.2539673832634435e-07,0.0,True
low_noise,5,989,67,11.313709259033203,2.887375831604004,2.514570951461792e-08,1.1920928955078125e-07,-1.3894648986934044e-07,0.0,True
low_noise,5,989,68,11.313709259033203,2.887028217315674,2.7008354663848877e-08,1.1920928955078125e-07,-1.844049961619021e-07,0.0,True
low_noise,5,989,69,11.313708305358887,2.886674404144287,1.7695128917694092e-08,1.1920928955078125e-07,-1.6423697957179684e-07,0.0,True
low_noise,5,989,70,11.313709259033203,2.8863139152526855,2.421438694000244e-08,1.1920928955078125e-07,-1.4147634885830485e-07,0.0,True
low_noise,5,989,71,11.31370735168457,2.88594913482666,2.468004822731018e-08,1.1920928955078125e-07,-1.4671284986889077e-07,0.0,True
low_noise,5,989,72,11.313708305358887,2.885579824447632,2.60770320892334e-08,1.1920928955078125e-07,-2.1221725887698994e-07,0.0,True
low_noise,5,989,73,11.313709259033203,2.885206937789917,2.7939677238464355e-08,1.1920928955078125e-07,-1.6579447503772826e-07,0.0,True
low_noise,5,989,74,11.313709259033203,2.8848321437835693,1.816079020500183e-08,1.1920928955078125e-07,-1.8429514625495358e-07,0.0,True
low_noise,5,989,75,11.313711166381836,2.884455680847168,2.1886080503463745e-08,1.1920928955078125e-07,-1.564204268333924e-07,0.0,True
low_noise,5,989,76,11.313708305358887,2.8840789794921875,2.1420419216156006e-08,1.1920928955078125e-07,-1.5037727507660748e-07,0.0,True
low_noise,5,989,77,11.313708305358887,2.8837034702301025,2.8405338525772095e-08,1.1920928955078125e-07,-1.3701260570542217e-07,0.0,True
low_noise,5,989,78,11.31370735168457,2.8833296298980713,2.561137080192566e-08,1.1920928955078125e-07,-1.7611989733268274e-07,0.0,True
low_noise,5,989,79,11.313709259033203,2.8829598426818848,1.5832483768463135e-08,1.1920928955078125e-07,-1.7742850388913212e-07,0.0,True
low_noise,5,989,80,11.313709259033203,2.882596254348755,2.561137080192566e-08,1.1920928955078125e-07,-2.0823827640015224e-07,0.0,True
low_noise,5,989,81,11.313709259033203,2.8822388648986816,2.421438694000244e-08,1.1920928955078125e-07,-1.6385945400543278e-07,0.0,True
low_noise,5,989,82,11.313709259033203,2.881890296936035,2.421438694000244e-08,1.1920928955078125e-07,-1.6339744490778685e-07,0.0,True
low_noise,5,989,83,11.313708305358887,2.8815524578094482,2.0954757928848267e-08,1.1920928955078125e-07,-1.5531543340330245e-07,0.0,True
low_noise,5,989,84,11.313708305358887,2.8812265396118164,2.9802322387695312e-08,1.1920928955078125e-07,-1.6944457570389204e-07,0.0,True
low_noise,5,989,85,11.313709259033203,2.8809139728546143,2.2817403078079224e-08,1.1920928955078125e-07,-1.9125209860249015e-07,0.0,True
low_noise,5,989,86,11.313709259033203,2.880615711212158,2.8870999813079834e-08,1.1920928955078125e-07,-1.7695643350634782e-07,0.0,True
low_noise,5,989,87,11.31370735168457,2.8803327083587646,2.0489096641540527e-08,1.1920928955078125e-07,-1.6657052981372544e-07,0.0,True
low_noise,5,989,88,11.31371021270752,2.880066156387329,2.1420419216156006e-08,1.1920928955078125e-07,-1.4277777893312305e-07,0.0,True
low_noise,5,989,89,11.313709259033203,2.8798158168792725,2.3748725652694702e-08,1.1920928955078125e-07,-1.3602925719169434e-07,0.0,True
low_noise,5,989,90,11.31370735168457,2.8795816898345947,2.0489096641540527e-08,1.1920928955078125e-07,-1.575064629832923e-07,0.0,True
low_noise,5,989,91,11.313709259033203,2.879363775253296,2.3283064365386963e-08,1.1920928955078125e-07,-1.569971033177353e-07,0.0,True
low_noise,5,989,92,11.313708305358887,2.8791611194610596,2.561137080192566e-08,1.1920928955078125e-07,-1.6535251745608548e-07,0.0,True
low_noise,5,989,93,11.313708305358887,2.878974437713623,2.0954757928848267e-08,1.1920928955078125e-07,-1.8408456980978372e-07,0.0,True
low_noise,5,989,94,11.313709259033203,2.8788013458251953,2.3748725652694702e-08,1.1920928955078125e-07,-2.3911945845611626e-07,0.0,True
low_noise,5,989,95,11.31371021270752,2.8786418437957764,2.0489096641540527e-08,1.1920928955078125e-07,-1.1674860900257045e-07,0.0,True
low_noise,5,989,96,11.313708305358887,2.8784945011138916,2.468004822731018e-08,1.1920928955078125e-07,-1.2231467394485662e-07,0.0,True
low_noise,5,989,97,11.31370735168457,2.878358840942383,2.7939677238464355e-08,1.1920928955078125e-07,-1.9578112642193446e-07,0.0,True
low_noise,5,989,98,11.313708305358887,2.878232479095459,1.909211277961731e-08,1.1920928955078125e-07,-1.8517334865464363e-07,0.0,True
low_noise,5,989,99,11.313709259033203,2.878114700317383,2.561137080192566e-08,1.1920928955078125e-07,-1.5057507596338837e-07,0.0,True
low_noise,5,989,100,11.313709259033203,2.8780057430267334,1.955777406692505e-08,1.1920928955078125e-07,-1.5903053451893356e-07,0.0,True
stochastic,1,3267,1,10.273240089416504,33.429752349853516,1.210719347000122e-08,1.1920928955078125e-07,-1.3503763796052226e-07,0.0,True
stochastic,1,3267,2,10.449257850646973,24.646224975585938,1.30385160446167e-08,1.1920928955078125e-07,-1.5283029597412678e-07,0.0,True
stochastic,1,3267,3,10.34394359588623,22.168821334838867,1.30385160446167e-08,1.1920928955078125e-07,-1.574763643930055e-07,0.0,True
stochastic,1,3267,4,10.287991523742676,22.166263580322266,8.847564458847046e-09,1.1920928955078125e-07,-2.2350704398377275e-07,0.0,True
stochastic,1,3267,5,10.194860458374023,20.758756637573242,1.4435499906539917e-08,1.1920928955078125e-07,-1.943284786420918e-07,0.0,True
stochastic,1,3267,6,10.161958694458008,18.937776565551758,1.1175870895385742e-08,1.1920928955078125e-07,-2.4481948912580265e-07,0.0,True
stochastic,1,3267,7,10.13162899017334,17.651836395263672,1.5366822481155396e-08,1.1920928955078125e-07,-1.5024031085886236e-07,0.0,True
stochastic,1,3267,8,10.033493995666504,16.37493133544922,6.984919309616089e-09,1.1920928955078125e-07,-2.117303665727377e-07,0.0,True
stochastic,1,3267,9,9.969407081604004,15.225454330444336,9.313225746154785e-09,1.1920928955078125e-07,-1.904161450738684e-07,0.0,True
stochastic,1,3267,10,9.932258605957031,14.126594543457031,8.847564458847046e-09,1.1920928955078125e-07,-1.6435974714568147e-07,0.0,True
stochastic,1,3267,11,9.870074272155762,13.070579528808594,8.847564458847046e-09,1.1920928955078125e-07,-1.8376593402535946e-07,0.0,True
stochastic,1,3267,12,9.79081916809082,12.288738250732422,1.1641532182693481e-08,1.1920928955078125e-07,-1.691239077672435e-07,0.0,True
stochastic,1,3267,13,9.77200984954834,11.509510040283203,1.1175870895385742e-08,1.1920928955078125e-07,-1.751258906779185e-07,0.0,True
stochastic,1,3267,14,9.743736267089844,10.781458854675293,1.1641532182693481e-08,1.1920928955078125e-07,-1.4810035509071895e-07,0.0,True
stochastic,1,3267,15,9.700989723205566,9.99768352508545,9.313225746154785e-09,1.1920928955078125e-07,-1.2032718643695262e-07,0.0,True
stochastic,1,3267,16,9.703659057617188,9.425020217895508,6.51925802230835e-09,1.1920928955078125e-07,-1.8907670096268703e-07,0.0,True
stochastic,1,3267,17,9.725982666015625,9.190817832946777,1.0244548320770264e-08,1.1920928955078125e-07,-1.9695076503012388e-07,0.0,True
stochastic,1,3267,18,9.733004570007324,8.830580711364746,9.778887033462524e-09,1.1920928955078125e-07,-2.0687878077296773e-07,0.0,True
stochastic,1,3267,19,9.735479354858398,8.605520248413086,1.5366822481155396e-08,1.1920928955078125e-07,-1.6924144574659294e-07,0.0,True
stochastic,1,3267,20,9.753680229187012,8.3959321975708,1.210719347000122e-08,1.1920928955078125e-07,-1.9476323132039397e-07,0.0,True
stochastic,1,3267,21,9.71420669555664,8.383003234863281,7.916241884231567e-09,1.1920928955078125e-07,-1.5174970258158282e-07,0.0,True
stochastic,1,3267,22,9.717718124389648,8.35234260559082,7.450580596923828e-09,1.1920928955078125e-07,-2.0060902272689418e-07,0.0,True
stochastic,1,3267,23,9.61405086517334,8.658595085144043,9.313225746154785e-09,1.1920928955078125e-07,-1.6100182165246224e-07,0.0,True
stochastic,1,3267,24,9.595412254333496,8.904336929321289,9.313225746154785e-09,1.1920928955078125e-07,-1.4880296816954797e-07,0.0,True
stochastic,1,3267,25,9.62373161315918,8.893425941467285,7.916241884231567e-09,1.1920928955078125e-07,-1.9008113838481222e-07,0.0,True
stochastic,1,3267,26,9.581692695617676,8.947434425354004,9.778887033462524e-09,1.1920928955078125e-07,-1.813251060411858e-07,0.0,True
stochastic,1,3267,27,9.620665550231934,8.57172679901123,7.450580596923828e-09,1.1920928955078125e-07,-1.80158480134196e-07,0.0,True
stochastic,1,3267,28,9.609502792358398,7.8862080574035645,9.778887033462524e-09,1.1920928955078125e-07,-2.416053348497371e-07,0.0,True
stochastic,1,3267,29,9.574849128723145,7.841846942901611,7.916241884231567e-09,1.1920928955078125e-07,-1.4824162519744277e-07,0.0,True
stochastic,1,3267,30,9.554887771606445,8.141111373901367,7.450580596923828e-09,1.1920928955078125e-07,-2.233912823612627e-07,0.0,True
stochastic,1,3267,31,9.594202041625977,8.13745403289795,6.984919309616089e-09,1.1920928955078125e-07,-1.6855531725923356e-07,0.0,True
stochastic,1,3267,32,9.55896282196045,8.236842155456543,9.778887033462524e-09,1.1920928955078125e-07,-1.8176318405949132e-07,0.0,True
stochastic,1,3267,33,9.548013687133789,8.534841537475586,1.0244548320770264e-08,1.1920928955078125e-07,-1.669820761662777e-07,0.0,True
stochastic,1,3267,34,9.542900085449219,8.932616233825684,9.778887033462524e-09,1.1920928955078125e-07,-1.2251200587343192e-07,0.0,True
stochastic,1,3267,35,9.57921314239502,9.104084014892578,1.0710209608078003e-08,1.1920928955078125e-07,-2.3817199235054431e-07,0.0,True
stochastic,1,3267,36,9.576483726501465,9.182459831237793,1.30385160446167e-08,1.1920928955078125e-07,-1.5771050243529317e-07,0.0,True
stochastic,1,3267,37,9.585345268249512,9.16417407989502,1.1175870895385742e-08,1.1920928955078125e-07,-1.5421062471432379e-07,0.0,True
stochastic,1,3267,38,9.561528205871582,9.176565170288086,1.1175870895385742e-08,1.1920928955078125e-07,-1.5600103608903737e-07,0.0,True
stochastic,1,3267,39,9.533226013183594,9.028536796569824,1.1175870895385742e-08,1.1920928955078125e-07,-2.1941990269169764e-07,0.0,True
stochastic,1,3267,40,9.513534545898438,9.095590591430664,9.313225746154785e-09,5.960464477539063e-08,-1.2038248087264947e-07,0.0,True
stochastic,1,3267,41,9.53122329711914,9.201711654663086,9.313225746154785e-09,1.1920928955078125e-07,-1.407135954423211e-07,0.0,True
stochastic,1,3267,42,9.539384841918945,9.280204772949219,1.0710209608078003e-08,5.960464477539063e-08,-1.702626661881368e-07,0.0,True
stochastic,1,3267,43,9.538936614990234,9.381998062133789,9.778887033462524e-09,1.1920928955078125e-07,-1.1207225725229364e-07,0.0,True
stochastic,1,3267,44,9.567608833312988,9.451135635375977,7.450580596923828e-09,1.1920928955078125e-07,-2.3473614874092164e-07,0.0,True
stochastic,1,3267,45,9.607197761535645,9.484437942504883,1.0710209608078003e-08,1.1920928955078125e-07,-1.3156972045180737e-07,0.0,True
stochastic,1,3267,46,9.603010177612305,9.426594734191895,1.210719347000122e-08,1.1920928955078125e-07,-1.5363934835477266e-07,0.0,True
stochastic,1,3267,47,9.567789077758789,9.263052940368652,1.210719347000122e-08,1.1920928955078125e-07,-1.8677937418942747e-07,0.0,True
stochastic,1,3267,48,9.54346752166748,8.95793628692627,9.778887033462524e-09,1.1920928955078125e-07,-1.61915465923812e-07,0.0,True
stochastic,1,3267,49,9.533950805664062,8.713750839233398,1.1175870895385742e-08,1.1920928955078125e-07,-2.277702577657692e-07,0.0,True
stochastic,1,3267,50,9.540289878845215,8.553400039672852,8.381903171539307e-09,1.1920928955078125e-07,-1.1285913359415645e-07,0.0,True
stochastic,1,3267,51,9.566387176513672,8.402299880981445,1.1175870895385742e-08,1.1920928955078125e-07,-2.3308484742301516e-07,0.0,True
stochastic,1,3267,52,9.589001655578613,8.282243728637695,7.916241884231567e-09,1.1920928955078125e-07,-1.958828761416953e-07,0.0,True
stochastic,1,3267,53,9.611383438110352,8.193916320800781,1.0710209608078003e-08,1.1920928955078125e-07,-2.8114823180658277e-07,0.0,True
stochastic,1,3267,54,9.60928726196289,8.160706520080566,8.381903171539307e-09,1.1920928955078125e-07,-1.7301456978202623e-07,0.0,True
stochastic,1,3267,55,9.61889934539795,8.200034141540527,1.1641532182693481e-08,1.1920928955078125e-07,-1.4791743296882487e-07,0.0,True
stochastic,1,3267,56,9.639652252197266,8.195030212402344,7.450580596923828e-09,1.1920928955078125e-07,-1.3095974793486675e-07,0.0,True
stochastic,1,3267,57,9.636735916137695,8.274225234985352,9.778887033462524e-09,1.1920928955078125e-07,-1.6949348946582177e-07,0.0,True
stochastic,1,3267,58,9.611980438232422,8.433640480041504,1.0244548320770264e-08,1.1920928955078125e-07,-1.3942661780674825e-07,0.0,True
stochastic,1,3267,59,9.610527038574219,8.770720481872559,7.450580596923828e-09,1.1920928955078125e-07,-2.2410151245821908e-07,0.0,True
stochastic,1,3267,60,9.564635276794434,8.941178321838379,6.984919309616089e-09,1.1920928955078125e-07,-1.6604137442755018e-07,0.0,True
stochastic,1,3267,61,9.500710487365723,9.441883087158203,1.3504177331924438e-08,1.1920928955078125e-07,-1.217987346535665e-07,0.0,True
stochastic,1,3267,62,9.460707664489746,9.922131538391113,5.122274160385132e-09,1.1920928955078125e-07,-1.6360741028620396e-07,0.0,True
stochastic,1,3267,63,9.487373352050781,10.058538436889648,1.3969838619232178e-08,1.1920928955078125e-07,-1.245646359393504e-07,0.0,True
stochastic,1,3267,64,9.562702178955078,9.904730796813965,8.847564458847046e-09,1.1920928955078125e-07,-2.3461527121071413e-07,0.0,True
stochastic,1,3267,65,9.583282470703125,9.56210708618164,1.257285475730896e-08,1.1920928955078125e-07,-1.5613930770541629e-07,0.0,True
stochastic,1,3267,66,9.624114990234375,9.203473091125488,1.30385160446167e-08,1.1920928955078125e-07,-1.4744691156920453e-07,0.0,True
stochastic,1,3267,67,9.635926246643066,9.03076457977295,8.381903171539307e-09,1.1920928955078125e-07,-1.8047133210075117e-07,0.0,True
stochastic,1,3267,68,9.603343963623047,8.866951942443848,8.381903171539307e-09,1.1920928955078125e-07,-1.7066390967102052e-07,0.0,True
stochastic,1,3267,69,9.611095428466797,8.678509712219238,9.313225746154785e-09,1.1920928955078125e-07,-1.5639581363302568e-07,0.0,True
stochastic,1,3267,70,9.58134651184082,8.529994010925293,7.450580596923828e-09,1.1920928955078125e-07,-1.547863917039649e-07,0.0,True
stochastic,1,3267,71,9.55544376373291,8.51123046875,1.0244548320770264e-08,1.1920928955078125e-07,-1.3758642580796732e-07,0.0,True
stochastic,1,3267,72,9.529308319091797,8.504024505615234,6.984919309616089e-09,1.1920928955078125e-07,-2.0478792350786534e-07,0.0,True
stochastic,1,3267,73,9.525150299072266,8.20285701751709,1.0244548320770264e-08,1.1920928955078125e-07,-1.2259516779522528e-07,0.0,True
stochastic,1,3267,74,9.527658462524414,7.946123123168945,1.257285475730896e-08,1.1920928955078125e-07,-1.6783987177859672e-07,0.0,True
stochastic,1,3267,75,9.543865203857422,7.84835958480835,1.0710209608078003e-08,1.1920928955078125e-07,-1.872709276540263e-07,0.0,True
stochastic,1,3267,76,9.545905113220215,7.820440292358398,1.1641532182693481e-08,1.1920928955078125e-07,-1.106627749436484e-07,0.0,True
stochastic,1,3267,77,9.534478187561035,7.7772417068481445,1.210719347000122e-08,1.1920928955078125e-07,-2.135294039362634e-07,0.0,True
stochastic,1,3267,78,9.522430419921875,7.695128917694092,1.4901161193847656e-08,1.1920928955078125e-07,-1.6156914739440253e-07,0.0,True
stochastic,1,3267,79,9.514396667480469,7.546365737915039,1.1175870895385742e-08,1.1920928955078125e-07,-1.591719183124951e-07,0.0,True
stochastic,1,3267,80,9.50717544555664,7.415478706359863,9.313225746154785e-09,1.1920928955078125e-07,-1.618394520619404e-07,0.0,True
stochastic,1,3267,81,9.499615669250488,7.475151062011719,6.984919309616089e-09,1.1920928955078125e-07,-1.320064768606244e-07,0.0,True
stochastic,1,3267,82,9.49422836303711,7.827356338500977,1.0710209608078003e-08,1.1920928955078125e-07,-1.6324564455771906e-07,0.0,True
stochastic,1,3267,83,9.496066093444824,8.448892593383789,5.587935447692871e-09,1.1920928955078125e-07,-2.165518822039303e-07,0.0,True
stochastic,1,3267,84,9.5065336227417,9.293514251708984,1.3969838619232178e-08,1.1920928955078125e-07,-9.60951140882571e-08,0.0,True
stochastic,1,3267,85,9.519662857055664,10.205706596374512,6.51925802230835e-09,5.960464477539063e-08,-2.576215365479584e-07,0.0,True
stochastic,1,3267,86,9.544631004333496,11.030437469482422,1.257285475730896e-08,1.1920928955078125e-07,-1.8754951724986313e-07,0.0,True
stochastic,1,3267,87,9.562950134277344,11.57861614227295,6.984919309616089e-09,1.1920928955078125e-07,-1.6934978930294164e-07,0.0,True
stochastic,1,3267,88,9.569281578063965,11.571155548095703,1.0710209608078003e-08,1.1920928955078125e-07,-1.2177117980627372e-07,0.0,True
stochastic,1,3267,89,9.60751724243164,10.337836265563965,8.847564458847046e-09,1.1920928955078125e-07,-1.7583769817974826e-07,0.0,True
stochastic,1,3267,90,9.680831909179688,8.798978805541992,8.847564458847046e-09,1.1920928955078125e-07,-1.4125497216355143e-07,0.0,True
stochastic,1,3267,91,9.61112117767334,7.762468338012695,1.0244548320770264e-08,1.1920928955078125e-07,-1.7969992427424586e-07,0.0,True
stochastic,1,3267,92,9.582110404968262,6.918673515319824,1.1641532182693481e-08,1.1920928955078125e-07,-1.522136301446153e-07,0.0,True
stochastic,1,3267,93,9.540101051330566,6.462391376495361,9.313225746154785e-09,1.1920928955078125e-07,-1.9890156011115323e-07,0.0,True
stochastic,1,3267,94,9.504491806030273,6.402622222900391,1.3504177331924438e-08,1.1920928955078125e-07,-2.2272271849033132e-07,0.0,True
stochastic,1,3267,95,9.496244430541992,6.6581573486328125,1.1641532182693481e-08,1.1920928955078125e-07,-1.6225577326167695e-07,0.0,True
stochastic,1,3267,96,9.478293418884277,7.120311737060547,1.1641532182693481e-08,1.1920928955078125e-07,-1.5956931065375102e-07,0.0,True
stochastic,1,3267,97,9.479586601257324,7.467303276062012,1.257285475730896e-08,1.1920928955078125e-07,-1.8480898233974585e-07,0.0,True
stochastic,1,3267,98,9.492819786071777,7.3263421058654785,8.847564458847046e-09,1.1920928955078125e-07,-1.7964197240871727e-07,0.0,True
stochastic,1,3267,99,9.497185707092285,7.1414899826049805,9.778887033462524e-09,1.1920928955078125e-07,-1.9257828398622223e-07,0.0,True
stochastic,1,3267,100,9.428606033325195,7.71223258972168,6.05359673500061e-09,1.1920928955078125e-07,-1.6967388205557654e-07,0.0,True
stochastic,2,3341,1,8.576361656188965,7.155344486236572,4.6566128730773926e-09,5.960464477539063e-08,-1.3013925581617514e-07,0.0,True
stochastic,2,3341,2,8.689013481140137,6.94166898727417,1.0710209608078003e-08,1.1920928955078125e-07,-1.1390155663093537e-07,0.0,True
stochastic,2,3341,3,8.769417762756348,6.553581237792969,8.847564458847046e-09,1.1920928955078125e-07,-1.8348040953242162e-07,0.0,True
stochastic,2,3341,4,8.836874008178711,6.158458232879639,8.847564458847046e-09,1.1920928955078125e-07,-9.877141593506167e-08,0.0,True
stochastic,2,3341,5,8.910050392150879,5.751848220825195,8.847564458847046e-09,1.1920928955078125e-07,-1.198655752432387e-07,0.0,True
stochastic,2,3341,6,8.965188026428223,5.315288066864014,1.1641532182693481e-08,1.1920928955078125e-07,-1.3425754730178596e-07,0.0,True
stochastic,2,3341,7,9.031991004943848,4.827191352844238,6.51925802230835e-09,1.1920928955078125e-07,-1.4092549349697947e-07,0.0,True
stochastic,2,3341,8,9.123241424560547,4.310901165008545,9.778887033462524e-09,1.1920928955078125e-07,-1.0938819627881458e-07,0.0,True
stochastic,2,3341,9,9.213103294372559,3.822803258895874,1.30385160446167e-08,1.1920928955078125e-07,-2.3043334351768863e-07,0.0,True
stochastic,2,3341,10,9.297588348388672,3.439009189605713,1.4901161193847656e-08,1.1920928955078125e-07,-1.2298119145270903e-07,0.0,True
stochastic,2,3341,11,9.372377395629883,3.2142231464385986,1.862645149230957e-08,1.1920928955078125e-07,-1.3008217081278417e-07,0.0,True
stochastic,2,3341,12,9.423067092895508,3.1452057361602783,1.6763806343078613e-08,1.1920928955078125e-07,-1.3372796558996924e-07,0.0,True
stochastic,2,3341,13,9.443615913391113,3.1521847248077393,1.3504177331924438e-08,1.1920928955078125e-07,-1.2191731002531014e-07,0.0,True
stochastic,2,3341,14,9.453849792480469,3.1628949642181396,1.909211277961731e-08,1.1920928955078125e-07,-1.6427102877969446e-07,0.0,True
stochastic,2,3341,15,9.458257675170898,3.170675754547119,1.4435499906539917e-08,1.1920928955078125e-07,-1.4526993652452802e-07,0.0,True
stochastic,2,3341,16,9.46012020111084,3.1733405590057373,1.4435499906539917e-08,1.1920928955078125e-07,-1.69253567605665e-07,0.0,True
stochastic,2,3341,17,9.461122512817383,3.1712772846221924,1.7229467630386353e-08,1.1920928955078125e-07,-1.1815949818583249e-07,0.0,True
stochastic,2,3341,18,9.4619140625,3.1655733585357666,1.3504177331924438e-08,1.1920928955078125e-07,-9.882553797524452e-08,0.0,True
stochastic,2,3341,19,9.462695121765137,3.1571717262268066,1.7229467630386353e-08,1.1920928955078125e-07,-1.1072995675931452e-07,0.0,True
stochastic,2,3341,20,9.4635009765625,3.146658182144165,1.6298145055770874e-08,1.1920928955078125e-07,-1.4147092031180364e-07,0.0,True
stochastic,2,3341,21,9.464326858520508,3.1343114376068115,1.7695128917694092e-08,1.1920928955078125e-07,-1.1200908289765721e-07,0.0,True
stochastic,2,3341,22,9.464682579040527,3.120206832885742,1.6298145055770874e-08,1.1920928955078125e-07,-1.4066820597236074e-07,0.0,True
stochastic,2,3341,23,9.46481990814209,3.104135274887085,1.3504177331924438e-08,1.1920928955078125e-07,-1.106923193106013e-07,0.0,True
stochastic,2,3341,24,9.464924812316895,3.085890769958496,1.3969838619232178e-08,1.1920928955078125e-07,-1.2517503478193248e-07,0.0,True
stochastic,2,3341,25,9.464973449707031,3.0653958320617676,2.0954757928848267e-08,1.1920928955078125e-07,-1.2504926871770294e-07,0.0,True
stochastic,2,3341,26,9.464963912963867,3.0426762104034424,1.6763806343078613e-08,1.1920928955078125e-07,-1.363667649911804e-07,0.0,True
stochastic,2,3341,27,9.464887619018555,3.0178916454315186,1.4901161193847656e-08,1.1920928955078125e-07,-1.1434632085638441e-07,0.0,True
stochastic,2,3341,28,9.464749336242676,2.991363763809204,2.1420419216156006e-08,1.1920928955078125e-07,-1.1121316134676817e-07,0.0,True
stochastic,2,3341,29,9.4645414352417,2.963576078414917,1.6298145055770874e-08,1.1920928955078125e-07,-1.419385711187715e-07,0.0,True
stochastic,2,3341,30,9.464271545410156,2.9351422786712646,1.30385160446167e-08,1.1920928955078125e-07,-1.412014825064034e-07,0.0,True
stochastic,2,3341,31,9.463949203491211,2.906745195388794,1.955777406692505e-08,1.1920928955078125e-07,-1.2938373572524142e-07,0.0,True
stochastic,2,3341,32,9.463587760925293,2.8790512084960938,2.0954757928848267e-08,1.1920928955078125e-07,-1.5675763620492944e-07,0.0,True
stochastic,2,3341,33,9.463207244873047,2.8526289463043213,1.210719347000122e-08,1.1920928955078125e-07,-1.2032037943754403e-07,0.0,True
stochastic,2,3341,34,9.4628324508667,2.827892303466797,1.5366822481155396e-08,1.1920928955078125e-07,-1.112345913156787e-07,0.0,True
stochastic,2,3341,35,9.462482452392578,2.8050830364227295,2.0489096641540527e-08,1.1920928955078125e-07,-1.0606760270093218e-07,0.0,True
stochastic,2,3341,36,9.462176322937012,2.784287691116333,1.3969838619232178e-08,1.1920928955078125e-07,-1.0859618271297222e-07,0.0,True
stochastic,2,3341,37,9.461921691894531,2.7654733657836914,1.4435499906539917e-08,1.1920928955078125e-07,-9.958381497199298e-08,0.0,True
stochastic,2,3341,38,9.46173095703125,2.7485318183898926,1.3504177331924438e-08,1.1920928955078125e-07,-1.4945200632610067e-07,0.0,True
stochastic,2,3341,39,9.461470603942871,2.7333149909973145,1.4435499906539917e-08,1.1920928955078125e-07,-1.391908028836042e-07,0.0,True
stochastic,2,3341,40,9.461226463317871,2.7196004390716553,1.6763806343078613e-08,1.1920928955078125e-07,-1.187477352004862e-07,0.0,True
stochastic,2,3341,41,9.461033821105957,2.707218647003174,9.778887033462524e-09,1.1920928955078125e-07,-9.913464538158223e-08,0.0,True
stochastic,2,3341,42,9.460881233215332,2.6960256099700928,1.3969838619232178e-08,1.1920928955078125e-07,-1.1733227722743322e-07,0.0,True
stochastic,2,3341,43,9.460761070251465,2.685887098312378,1.4901161193847656e-08,1.1920928955078125e-07,-1.6834525240483345e-07,0.0,True
stochastic,2,3341,44,9.46066665649414,2.6766839027404785,1.7695128917694092e-08,1.1920928955078125e-07,-1.570281398244333e-07,0.0,True
stochastic,2,3341,45,9.460597038269043,2.6683108806610107,1.5366822481155396e-08,1.1920928955078125e-07,-1.2098951174266404e-07,0.0,True
stochastic,2,3341,46,9.460541725158691,2.6606764793395996,1.257285475730896e-08,1.1920928955078125e-07,-1.0961368701600804e-07,0.0,True
stochastic,2,3341,47,9.460500717163086,2.653700590133667,1.955777406692505e-08,1.1920928955078125e-07,-1.4910514778421202e-07,0.0,True
stochastic,2,3341,48,9.460285186767578,2.6473138332366943,1.3969838619232178e-08,1.1920928955078125e-07,-1.0876636480361412e-07,0.0,True
stochastic,2,3341,49,9.459686279296875,2.6413142681121826,1.210719347000122e-08,1.1920928955078125e-07,-1.6755133458445925e-07,0.0,True
stochastic,2,3341,50,9.459037780761719,2.635385513305664,1.6298145055770874e-08,1.1920928955078125e-07,-1.774714064595173e-07,0.0,True
stochastic,2,3341,51,9.458368301391602,2.629507541656494,1.3969838619232178e-08,1.1920928955078125e-07,-1.1669828126059656e-07,0.0,True
stochastic,2,3341,52,9.457691192626953,2.623701333999634,1.4901161193847656e-08,1.1920928955078125e-07,-1.320586591191386e-07,0.0,True
stochastic,2,3341,53,9.457009315490723,2.6179940700531006,1.5366822481155396e-08,1.1920928955078125e-07,-1.2038121610657981e-07,0.0,True
stochastic,2,3341,54,9.456334114074707,2.612412929534912,1.6763806343078613e-08,1.1920928955078125e-07,-1.1124217991209662e-07,0.0,True
stochastic,2,3341,55,9.45567512512207,2.606983184814453,1.0710209608078003e-08,1.1920928955078125e-07,-1.5144664189392643e-07,0.0,True
stochastic,2,3341,56,9.45503044128418,2.601728916168213,2.0954757928848267e-08,1.1920928955078125e-07,-1.5510161688325752e-07,0.0,True
stochastic,2,3341,57,9.454411506652832,2.5966713428497314,1.3504177331924438e-08,1.1920928955078125e-07,-1.2896150280994334e-07,0.0,True
stochastic,2,3341,58,9.453815460205078,2.5918288230895996,1.1175870895385742e-08,1.1920928955078125e-07,-1.4643896406596468e-07,0.0,True
stochastic,2,3341,59,9.453250885009766,2.58721661567688,1.4435499906539917e-08,1.1920928955078125e-07,-1.266915745645747e-07,0.0,True
stochastic,2,3341,60,9.452719688415527,2.5828473567962646,1.3969838619232178e-08,1.1920928955078125e-07,-1.1888027273698754e-07,0.0,True
stochastic,2,3341,61,9.452221870422363,2.5787291526794434,1.4435499906539917e-08,1.1920928955078125e-07,-1.485637000087081e-07,0.0,True
stochastic,2,3341,62,9.451760292053223,2.5748674869537354,1.909211277961731e-08,1.1920928955078125e-07,-1.3705957258025592e-07,0.0,True
stochastic,2,3341,63,9.451335906982422,2.57126522064209,1.4901161193847656e-08,1.1920928955078125e-07,-1.2743637967105315e-07,0.0,True
stochastic,2,3341,64,9.450948715209961,2.5679214000701904,1.0710209608078003e-08,1.1920928955078125e-07,-1.396135189679626e-07,0.0,True
stochastic,2,3341,65,9.450599670410156,2.564833164215088,1.5366822481155396e-08,1.1920928955078125e-07,-1.281093062743821e-07,0.0,True
stochastic,2,3341,66,9.450287818908691,2.5619962215423584,1.3969838619232178e-08,1.1920928955078125e-07,-1.2715732111701072e-07,0.0,True
stochastic,2,3341,67,9.449931144714355,2.559404134750366,1.862645149230957e-08,1.1920928955078125e-07,-1.452399942536431e-07,0.0,True
stochastic,2,3341,68,9.449475288391113,2.557011842727661,1.3504177331924438e-08,1.1920928955078125e-07,-1.2706087204605865e-07,0.0,True
stochastic,2,3341,69,9.44904899597168,2.554746627807617,1.7229467630386353e-08,1.1920928955078125e-07,-1.403650031761572e-07,0.0,True
stochastic,2,3341,70,9.448647499084473,2.5525963306427,1.5832483768463135e-08,1.1920928955078125e-07,-1.220006566882148e-07,0.0,True
stochastic,2,3341,71,9.44826602935791,2.5505504608154297,1.1641532182693481e-08,1.1920928955078125e-07,-1.213576013014972e-07,0.0,True
stochastic,2,3341,72,9.44791030883789,2.548598289489746,1.3504177331924438e-08,1.1920928955078125e-07,-1.2687904415997764e-07,0.0,True
stochastic,2,3341,73,9.4475736618042,2.5467281341552734,2.0489096641540527e-08,1.1920928955078125e-07,-1.1045577252843941e-07,0.0,True
stochastic,2,3341,74,9.447257995605469,2.544930934906006,1.0710209608078003e-08,1.1920928955078125e-07,-1.1112277320535213e-07,0.0,True
stochastic,2,3341,75,9.4469575881958,2.5431969165802,1.1175870895385742e-08,1.1920928955078125e-07,-1.1059589866135866e-07,0.0,True
stochastic,2,3341,76,9.446675300598145,2.5415194034576416,1.4901161193847656e-08,1.1920928955078125e-07,-1.8217234298845142e-07,0.0,True
stochastic,2,3341,77,9.446404457092285,2.5398902893066406,1.30385160446167e-08,1.1920928955078125e-07,-1.226434136469834e-07,0.0,True
stochastic,2,3341,78,9.446146965026855,2.538301944732666,1.257285475730896e-08,1.1920928955078125e-07,-1.7404593677383673e-07,0.0,True
stochastic,2,3341,79,9.445903778076172,2.536750078201294,1.1175870895385742e-08,1.1920928955078125e-07,-1.1099446339812857e-07,0.0,True
stochastic,2,3341,80,9.445669174194336,2.5352284908294678,1.0710209608078003e-08,1.1920928955078125e-07,-1.3265696452435805e-07,0.0,True
stochastic,2,3341,81,9.445446014404297,2.533733367919922,1.909211277961731e-08,1.1920928955078125e-07,-1.2665731219385634e-07,0.0,True
stochastic,2,3341,82,9.44522476196289,2.5322611331939697,1.5366822481155396e-08,1.1920928955078125e-07,-1.4966575179187203e-07,0.0,True
stochastic,2,3341,83,9.4450044631958,2.5308046340942383,1.6763806343078613e-08,1.1920928955078125e-07,-1.5633268901638075e-07,0.0,True
stochastic,2,3341,84,9.44478702545166,2.5293586254119873,1.4435499906539917e-08,1.1920928955078125e-07,-1.809874561331526e-07,0.0,True
stochastic,2,3341,85,9.444576263427734,2.5279197692871094,1.30385160446167e-08,1.1920928955078125e-07,-1.3376885021898488e-07,0.0,True
stochastic,2,3341,86,9.444371223449707,2.5264878273010254,1.30385160446167e-08,1.1920928955078125e-07,-1.478146316458151e-07,0.0,True
stochastic,2,3341,87,9.444169044494629,2.525059461593628,1.3969838619232178e-08,1.1920928955078125e-07,-1.1895782847659575e-07,0.0,True
stochastic,2,3341,88,9.44397258758545,2.523634195327759,1.4435499906539917e-08,1.1920928955078125e-07,-1.5767815852996137e-07,0.0,True
stochastic,2,3341,89,9.443778038024902,2.5222103595733643,1.6298145055770874e-08,1.1920928955078125e-07,-1.194749188471178e-07,0.0,True
stochastic,2,3341,90,9.44359016418457,2.520787477493286,1.257285475730896e-08,1.1920928955078125e-07,-1.343012314691805e-07,0.0,True
stochastic,2,3341,91,9.443403244018555,2.519364595413208,1.6763806343078613e-08,1.1920928955078125e-07,-1.2590579956395231e-07,0.0,True
stochastic,2,3341,92,9.443220138549805,2.5179407596588135,1.909211277961731e-08,1.1920928955078125e-07,-1.3125151099302457e-07,0.0,True
stochastic,2,3341,93,9.443039894104004,2.5165162086486816,1.4901161193847656e-08,1.1920928955078125e-07,-1.215222198425181e-07,0.0,True
stochastic,2,3341,94,9.442861557006836,2.5150904655456543,2.0023435354232788e-08,1.1920928955078125e-07,-1.239412057429945e-07,0.0,True
stochastic,2,3341,95,9.4426851272583,2.513662815093994,8.847564458847046e-09,1.1920928955078125e-07,-1.227292329986085e-07,0.0,True
stochastic,2,3341,96,9.442464828491211,2.5122337341308594,1.210719347000122e-08,1.1920928955078125e-07,-1.831933076346104e-07,0.0,True
stochastic,2,3341,97,9.442224502563477,2.510772943496704,1.4901161193847656e-08,1.1920928955078125e-07,-1.1794369925155479e-07,0.0,True
stochastic,2,3341,98,9.441975593566895,2.509272336959839,1.4901161193847656e-08,1.1920928955078125e-07,-1.3572130797001591e-07,0.0,True
stochastic,2,3341,99,9.441720962524414,2.5077311992645264,1.6298145055770874e-08,1.1920928955078125e-07,-1.4427037342557014e-07,0.0,True
stochastic,2,3341,100,9.441459655761719,2.50614857673645,1.1175870895385742e-08,1.1920928955078125e-07,-1.4651608637450408e-07,0.0,True
stochastic,3,3613,1,8.545022964477539,7.680813789367676,5.122274160385132e-09,1.1920928955078125e-07,-1.6376239386772795e-07,0.0,True
stochastic,3,3613,2,8.566021919250488,7.55672025680542,1.862645149230957e-09,5.960464477539063e-08,-1.2388018433284742e-07,0.0,True
stochastic,3,3613,3,8.586771011352539,7.391550064086914,2.7939677238464355e-09,1.1920928955078125e-07,-1.0222368729273512e-07,0.0,True
stochastic,3,3613,4,8.585801124572754,7.237656593322754,5.122274160385132e-09,5.960464477539063e-08,-1.3334779680462816e-07,0.0,True
stochastic,3,3613,5,8.583357810974121,7.128899574279785,6.05359673500061e-09,1.1920928955078125e-07,-1.309639117152983e-07,0.0,True
stochastic,3,3613,6,8.584519386291504,7.033862113952637,3.259629011154175e-09,5.960464477539063e-08,-1.2545311278699955e-07,0.0,True
stochastic,3,3613,7,8.59152889251709,6.9472246170043945,4.6566128730773926e-09,5.960464477539063e-08,-1.2200250409932778e-07,0.0,True
stochastic,3,3613,8,8.604257583618164,6.8632426261901855,5.587935447692871e-09,1.1920928955078125e-07,-1.518097008101904e-07,0.0,True
stochastic,3,3613,9,8.617691040039062,6.774728775024414,5.587935447692871e-09,1.1920928955078125e-07,-1.2247154757005774e-07,0.0,True
stochastic,3,3613,10,8.629947662353516,6.673839092254639,4.6566128730773926e-09,5.960464477539063e-08,-9.779706999779592e-08,0.0,True
stochastic,3,3613,11,8.638364791870117,6.555664539337158,8.381903171539307e-09,1.1920928955078125e-07,-1.1940596778003965e-07,0.0,True
stochastic,3,3613,12,8.639951705932617,6.411707401275635,4.190951585769653e-09,5.960464477539063e-08,-1.4365825506956753e-07,0.0,True
stochastic,3,3613,13,8.643548011779785,6.231995105743408,6.05359673500061e-09,1.1920928955078125e-07,-1.1752715067814279e-07,0.0,True
stochastic,3,3613,14,8.654726028442383,6.019565582275391,6.984919309616089e-09,1.1920928955078125e-07,-1.0175539699730507e-07,0.0,True
stochastic,3,3613,15,8.680326461791992,5.780311584472656,4.6566128730773926e-09,1.1920928955078125e-07,-8.66043521341453e-08,0.0,True
stochastic,3,3613,16,8.729131698608398,5.522062301635742,4.190951585769653e-09,1.1920928955078125e-07,-1.0229703661934764e-07,0.0,True
stochastic,3,3613,17,8.808911323547363,5.255817890167236,6.984919309616089e-09,1.1920928955078125e-07,-1.1862150728347842e-07,0.0,True
stochastic,3,3613,18,8.909751892089844,4.996506214141846,1.257285475730896e-08,1.1920928955078125e-07,-1.0153729590456351e-07,0.0,True
stochastic,3,3613,19,9.033064842224121,4.7487006187438965,5.587935447692871e-09,5.960464477539063e-08,-1.4749161891813856e-07,0.0,True
stochastic,3,3613,20,9.164544105529785,4.479515075683594,1.0244548320770264e-08,1.1920928955078125e-07,-1.4906480316767556e-07,0.0,True
stochastic,3,3613,21,9.266535758972168,4.158377170562744,1.0244548320770264e-08,1.1920928955078125e-07,-1.215916682895113e-07,0.0,True
stochastic,3,3613,22,9.331561088562012,3.8400356769561768,9.778887033462524e-09,1.1920928955078125e-07,-1.2138792726545944e-07,0.0,True
stochastic,3,3613,23,9.389790534973145,3.595829486846924,1.1641532182693481e-08,1.1920928955078125e-07,-1.5682861942423187e-07,0.0,True
stochastic,3,3613,24,9.448267936706543,3.448699951171875,1.6298145055770874e-08,1.1920928955078125e-07,-1.1736932492567576e-07,0.0,True
stochastic,3,3613,25,9.468489646911621,3.3731489181518555,9.778887033462524e-09,1.1920928955078125e-07,-1.3195911208185862e-07,0.0,True
stochastic,3,3613,26,9.481239318847656,3.307915210723877,1.210719347000122e-08,1.1920928955078125e-07,-1.1678619671329216e-07,0.0,True
stochastic,3,3613,27,9.487317085266113,3.2521398067474365,1.7695128917694092e-08,1.1920928955078125e-07,-1.0604356504018142e-07,0.0,True
stochastic,3,3613,28,9.488816261291504,3.203014850616455,1.1175870895385742e-08,1.1920928955078125e-07,-8.94744758284105e-08,0.0,True
stochastic,3,3613,29,9.487875938415527,3.158853530883789,1.5832483768463135e-08,1.1920928955078125e-07,-1.7970525334476406e-07,0.0,True
stochastic,3,3613,30,9.485832214355469,3.1190249919891357,2.0954757928848267e-08,1.1920928955078125e-07,-1.7192125767451216e-07,0.0,True
stochastic,3,3613,31,9.483501434326172,3.083416223526001,1.257285475730896e-08,1.1920928955078125e-07,-9.459839134251524e-08,0.0,True
stochastic,3,3613,32,9.48049545288086,3.051903247833252,1.5366822481155396e-08,1.1920928955078125e-07,-9.901190622940703e-08,0.0,True
stochastic,3,3613,33,9.477579116821289,3.023651361465454,1.1175870895385742e-08,1.1920928955078125e-07,-1.2748772348913917e-07,0.0,True
stochastic,3,3613,34,9.475105285644531,2.9980742931365967,1.3504177331924438e-08,1.1920928955078125e-07,-1.631003243574014e-07,0.0,True
stochastic,3,3613,35,9.473014831542969,2.974855422973633,1.5832483768463135e-08,1.1920928955078125e-07,-1.0908649272778348e-07,0.0,True
stochastic,3,3613,36,9.4712495803833,2.9537014961242676,1.210719347000122e-08,1.1920928955078125e-07,-9.077283635861022e-08,0.0,True
stochastic,3,3613,37,9.469742774963379,2.934340000152588,1.7695128917694092e-08,1.1920928955078125e-07,-1.2729711329484417e-07,0.0,True
stochastic,3,3613,38,9.468445777893066,2.9165306091308594,1.4901161193847656e-08,1.1920928955078125e-07,-1.461741447883469e-07,0.0,True
stochastic,3,3613,39,9.467315673828125,2.900062322616577,1.5832483768463135e-08,1.1920928955078125e-07,-1.324136746916338e-07,0.0,True
stochastic,3,3613,40,9.466320991516113,2.884753704071045,2.0489096641540527e-08,1.1920928955078125e-07,-1.2435435792212957e-07,0.0,True
stochastic,3,3613,41,9.46544075012207,2.8704469203948975,1.3969838619232178e-08,1.1920928955078125e-07,-9.430376479713232e-08,0.0,True
stochastic,3,3613,42,9.464655876159668,2.8570072650909424,1.257285475730896e-08,1.1920928955078125e-07,-1.3897212625124666e-07,0.0,True
stochastic,3,3613,43,9.463951110839844,2.844318151473999,1.4901161193847656e-08,1.1920928955078125e-07,-1.4189194530445093e-07,0.0,True
stochastic,3,3613,44,9.463319778442383,2.832280397415161,1.30385160446167e-08,1.1920928955078125e-07,-1.4978280660216114e-07,0.0,True
stochastic,3,3613,45,9.462749481201172,2.8208086490631104,1.257285475730896e-08,1.1920928955078125e-07,-1.2135633653542754e-07,0.0,True
stochastic,3,3613,46,9.461968421936035,2.8098304271698,1.3969838619232178e-08,1.1920928955078125e-07,-1.6746095354847057e-07,0.0,True
stochastic,3,3613,47,9.46108627319336,2.7991318702697754,1.6298145055770874e-08,1.1920928955078125e-07,-1.1629579432792525e-07,0.0,True
stochastic,3,3613,48,9.460208892822266,2.7885642051696777,1.4435499906539917e-08,1.1920928955078125e-07,-1.1383632170236524e-07,0.0,True
stochastic,3,3613,49,9.459351539611816,2.7780754566192627,1.5366822481155396e-08,1.1920928955078125e-07,-1.0286454710239923e-07,0.0,True
stochastic,3,3613,50,9.458517074584961,2.767646312713623,2.1886080503463745e-08,1.1920928955078125e-07,-1.2988661524104828e-07,0.0,True
stochastic,3,3613,51,9.457706451416016,2.7572696208953857,1.3504177331924438e-08,1.1920928955078125e-07,-1.017334554376248e-07,0.0,True
stochastic,3,3613,52,9.456923484802246,2.7469441890716553,1.4901161193847656e-08,1.1920928955078125e-07,-9.805535228224471e-08,0.0,True
stochastic,3,3613,53,9.456168174743652,2.736673355102539,1.7695128917694092e-08,1.1920928955078125e-07,-1.3875026638743293e-07,0.0,True
stochastic,3,3613,54,9.45544147491455,2.7264652252197266,1.3504177331924438e-08,1.1920928955078125e-07,-1.2966866336228122e-07,0.0,True
stochastic,3,3613,55,9.45474624633789,2.716329336166382,1.4435499906539917e-08,1.1920928955078125e-07,-1.0902097358211904e-07,0.0,True
stochastic,3,3613,56,9.454081535339355,2.7062785625457764,1.7695128917694092e-08,1.1920928955078125e-07,-9.917695820149675e-08,0.0,True
stochastic,3,3613,57,9.453446388244629,2.6963257789611816,1.862645149230957e-08,1.1920928955078125e-07,-1.055367917501826e-07,0.0,True
stochastic,3,3613,58,9.452840805053711,2.686485767364502,1.3504177331924438e-08,1.1920928955078125e-07,-1.1525457921379711e-07,0.0,True
stochastic,3,3613,59,9.452264785766602,2.6767735481262207,1.6763806343078613e-08,1.1920928955078125e-07,-1.1562770652062682e-07,0.0,True
stochastic,3,3613,60,9.451720237731934,2.667203187942505,1.5366822481155396e-08,1.1920928955078125e-07,-1.4120145408469398e-07,0.0,True
stochastic,3,3613,61,9.451204299926758,2.6577887535095215,1.5832483768463135e-08,1.1920928955078125e-07,-1.3712315194425173e-07,0.0,True
stochastic,3,3613,62,9.45071792602539,2.648542642593384,1.4901161193847656e-08,1.1920928955078125e-07,-1.3867979475890024e-07,0.0,True
stochastic,3,3613,63,9.450258255004883,2.6394765377044678,1.3969838619232178e-08,1.1920928955078125e-07,-1.224362620177999e-07,0.0,True
stochastic,3,3613,64,9.449825286865234,2.6305997371673584,2.0954757928848267e-08,1.1920928955078125e-07,-1.067352073391703e-07,0.0,True
stochastic,3,3613,65,9.449420928955078,2.6219208240509033,1.955777406692505e-08,1.1920928955078125e-07,-1.13525793210556e-07,0.0,True
stochastic,3,3613,66,9.4490385055542,2.613445281982422,1.3969838619232178e-08,1.1920928955078125e-07,-1.1029190716271842e-07,0.0,True
stochastic,3,3613,67,9.448681831359863,2.6051783561706543,1.6298145055770874e-08,1.1920928955078125e-07,-1.0564005492597062e-07,0.0,True
stochastic,3,3613,68,9.448346138000488,2.5971221923828125,1.4901161193847656e-08,1.1920928955078125e-07,-1.626269465759833e-07,0.0,True
stochastic,3,3613,69,9.448029518127441,2.589278221130371,1.5366822481155396e-08,1.1920928955078125e-07,-1.2340281330125435e-07,0.0,True
stochastic,3,3613,70,9.447731018066406,2.5816452503204346,1.0244548320770264e-08,1.1920928955078125e-07,-1.0576061981737439e-07,0.0,True
stochastic,3,3613,71,9.447449684143066,2.5742220878601074,1.6298145055770874e-08,1.1920928955078125e-07,-1.4462268893566943e-07,0.0,True
stochastic,3,3613,72,9.447182655334473,2.567004442214966,1.257285475730896e-08,1.1920928955078125e-07,-1.968114986539149e-07,0.0,True
stochastic,3,3613,73,9.446928024291992,2.5599889755249023,1.4435499906539917e-08,1.1920928955078125e-07,-1.2593730502885592e-07,0.0,True
stochastic,3,3613,74,9.446684837341309,2.5531702041625977,1.6298145055770874e-08,1.1920928955078125e-07,-1.2846186336901155e-07,0.0,True
stochastic,3,3613,75,9.446452140808105,2.546541929244995,1.4901161193847656e-08,1.1920928955078125e-07,-1.2984708064323058e-07,0.0,True
stochastic,3,3613,76,9.44622802734375,2.540097951889038,1.862645149230957e-08,1.1920928955078125e-07,-1.2522177428309078e-07,0.0,True
stochastic,3,3613,77,9.445897102355957,2.533831834793091,2.3283064365386963e-08,1.1920928955078125e-07,-1.2797381998552737e-07,0.0,True
stochastic,3,3613,78,9.445473670959473,2.5276641845703125,1.862645149230957e-08,1.1920928955078125e-07,-1.2355739897884632e-07,0.0,True
stochastic,3,3613,79,9.445019721984863,2.5215346813201904,1.6763806343078613e-08,1.1920928955078125e-07,-1.612450262200582e-07,0.0,True
stochastic,3,3613,80,9.444543838500977,2.515432119369507,1.1175870895385742e-08,1.1920928955078125e-07,-1.344778155498716e-07,0.0,True
stochastic,3,3613,81,9.4439697265625,2.5093512535095215,1.7695128917694092e-08,1.1920928955078125e-07,-1.495227053283088e-07,0.0,True
stochastic,3,3613,82,9.443300247192383,2.5032382011413574,1.30385160446167e-08,1.1920928955078125e-07,-1.3878954518986575e-07,0.0,True
stochastic,3,3613,83,9.442595481872559,2.497044801712036,1.5366822481155396e-08,1.1920928955078125e-07,-1.6391352630762412e-07,0.0,True
stochastic,3,3613,84,9.441856384277344,2.4907615184783936,1.7229467630386353e-08,1.1920928955078125e-07,-1.2995191411846463e-07,0.0,True
stochastic,3,3613,85,9.44108772277832,2.4843883514404297,1.4435499906539917e-08,1.1920928955078125e-07,-1.3363299444790755e-07,0.0,True
stochastic,3,3613,86,9.440292358398438,2.4779272079467773,1.7229467630386353e-08,1.1920928955078125e-07,-8.960175534866721e-08,0.0,True
stochastic,3,3613,87,9.439471244812012,2.4713821411132812,2.1420419216156006e-08,1.1920928955078125e-07,-1.2389692471970193e-07,0.0,True
stochastic,3,3613,88,9.438627243041992,2.4647600650787354,1.210719347000122e-08,1.1920928955078125e-07,-1.2132598214975587e-07,0.0,True
stochastic,3,3613,89,9.437767028808594,2.4580698013305664,1.5366822481155396e-08,1.1920928955078125e-07,-1.3052253677869885e-07,0.0,True
stochastic,3,3613,90,9.436885833740234,2.4513208866119385,1.816079020500183e-08,1.1920928955078125e-07,-1.5170991218838026e-07,0.0,True
stochastic,3,3613,91,9.435991287231445,2.4445266723632812,1.0244548320770264e-08,1.1920928955078125e-07,-1.4027617112333246e-07,0.0,True
stochastic,3,3613,92,9.435084342956543,2.4377007484436035,1.4901161193847656e-08,1.1920928955078125e-07,-1.4324879771265842e-07,0.0,True
stochastic,3,3613,93,9.43416976928711,2.430859327316284,1.5366822481155396e-08,1.1920928955078125e-07,-1.554974033979306e-07,0.0,True
stochastic,3,3613,94,9.433248519897461,2.4240190982818604,1.30385160446167e-08,1.1920928955078125e-07,-1.217542404674532e-07,0.0,True
stochastic,3,3613,95,9.432326316833496,2.4171993732452393,1.6298145055770874e-08,1.1920928955078125e-07,-1.424171927055795e-07,0.0,True
stochastic,3,3613,96,9.431407928466797,2.41041898727417,1.6298145055770874e-08,1.1920928955078125e-07,-1.5101545614015777e-07,0.0,True
stochastic,3,3613,97,9.430493354797363,2.4036989212036133,1.210719347000122e-08,1.1920928955078125e-07,-1.3459619196964923e-07,0.0,True
stochastic,3,3613,98,9.429587364196777,2.397059917449951,1.955777406692505e-08,1.1920928955078125e-07,-1.53480655740168e-07,0.0,True
stochastic,3,3613,99,9.428696632385254,2.390523672103882,1.4901161193847656e-08,1.1920928955078125e-07,-1.3187063530040177e-07,0.0,True
stochastic,3,3613,100,9.42782211303711,2.384111166000366,1.7229467630386353e-08,1.1920928955078125e-07,-1.4191896013926453e-07,0.0,True
stochastic,4,3687,1,9.329620361328125,6.101985931396484,7.450580596923828e-09,5.960464477539063e-08,-1.1985879666553956e-07,0.0,True
stochastic,4,3687,2,9.277684211730957,5.835943698883057,8.381903171539307e-09,1.1920928955078125e-07,-1.8010425151260279e-07,0.0,True
stochastic,4,3687,3,9.28953742980957,5.746977806091309,8.381903171539307e-09,1.1920928955078125e-07,-1.3932792342075118e-07,0.0,True
stochastic,4,3687,4,9.289306640625,5.687016010284424,4.6566128730773926e-09,1.1920928955078125e-07,-1.550300794406212e-07,0.0,True
stochastic,4,3687,5,9.284599304199219,5.647925853729248,7.916241884231567e-09,1.1920928955078125e-07,-2.3265745596745546e-07,0.0,True
stochastic,4,3687,6,9.280935287475586,5.60375452041626,1.0244548320770264e-08,1.1920928955078125e-07,-1.3143824162398232e-07,0.0,True
stochastic,4,3687,7,9.278961181640625,5.527365207672119,3.259629011154175e-09,1.1920928955078125e-07,-1.288473185923067e-07,0.0,True
stochastic,4,3687,8,9.27773380279541,5.40395450592041,1.0244548320770264e-08,1.1920928955078125e-07,-1.4983528728862439e-07,0.0,True
stochastic,4,3687,9,9.27655029296875,5.2386932373046875,5.587935447692871e-09,1.1920928955078125e-07,-1.935082849513492e-07,0.0,True
stochastic,4,3687,10,9.275015830993652,5.059658050537109,1.0244548320770264e-08,1.1920928955078125e-07,-2.0758797347752989e-07,0.0,True
stochastic,4,3687,11,9.27025032043457,4.936530113220215,8.847564458847046e-09,1.1920928955078125e-07,-1.355743393105513e-07,0.0,True
stochastic,4,3687,12,9.26553726196289,4.986330986022949,4.190951585769653e-09,5.960464477539063e-08,-1.76850790012395e-07,0.0,True
stochastic,4,3687,13,9.260254859924316,5.313933372497559,5.122274160385132e-09,1.1920928955078125e-07,-1.0928100380169781e-07,0.0,True
stochastic,4,3687,14,9.252553939819336,5.8762407302856445,7.916241884231567e-09,1.1920928955078125e-07,-2.57783824508806e-07,0.0,True
stochastic,4,3687,15,9.251173973083496,6.51315975189209,9.778887033462524e-09,1.1920928955078125e-07,-1.4212827181836474e-07,0.0,True
stochastic,4,3687,16,9.240829467773438,7.162831783294678,9.778887033462524e-09,1.1920928955078125e-07,-1.8325113160244655e-07,0.0,True
stochastic,4,3687,17,9.239537239074707,7.630260467529297,5.587935447692871e-09,1.1920928955078125e-07,-1.5401369068968052e-07,0.0,True
stochastic,4,3687,18,9.255559921264648,7.776093482971191,8.381903171539307e-09,1.1920928955078125e-07,-1.6318588791364164e-07,0.0,True
stochastic,4,3687,19,9.277400970458984,8.068458557128906,8.847564458847046e-09,1.1920928955078125e-07,-2.616992560433573e-07,0.0,True
stochastic,4,3687,20,9.334465026855469,8.397679328918457,8.847564458847046e-09,1.1920928955078125e-07,-2.3477356592138676e-07,0.0,True
stochastic,4,3687,21,9.367511749267578,8.589054107666016,9.778887033462524e-09,1.1920928955078125e-07,-1.529557493995526e-07,0.0,True
stochastic,4,3687,22,9.367321014404297,8.315861701965332,7.916241884231567e-09,1.1920928955078125e-07,-1.745307969258647e-07,0.0,True
stochastic,4,3687,23,9.378945350646973,7.985884189605713,1.257285475730896e-08,1.1920928955078125e-07,-1.2368025181785924e-07,0.0,True
stochastic,4,3687,24,9.409528732299805,7.509731769561768,9.313225746154785e-09,1.1920928955078125e-07,-1.6102831068565138e-07,0.0,True
stochastic,4,3687,25,9.358282089233398,7.437495231628418,7.916241884231567e-09,1.1920928955078125e-07,-1.0735212896406665e-07,0.0,True
stochastic,4,3687,26,9.33591079711914,8.162904739379883,1.1175870895385742e-08,1.1920928955078125e-07,-1.2437971008694149e-07,0.0,True
stochastic,4,3687,27,9.33143138885498,8.78310775756836,1.1641532182693481e-08,1.1920928955078125e-07,-1.1793457588282763e-07,0.0,True
stochastic,4,3687,28,9.354480743408203,9.039484024047852,9.313225746154785e-09,1.1920928955078125e-07,-1.4474164800049039e-07,0.0,True
stochastic,4,3687,29,9.37883186340332,9.100862503051758,7.916241884231567e-09,1.1920928955078125e-07,-1.910474196620271e-07,0.0,True
stochastic,4,3687,30,9.390965461730957,9.15257453918457,1.1175870895385742e-08,1.1920928955078125e-07,-1.4330387898553454e-07,0.0,True
stochastic,4,3687,31,9.421746253967285,9.181753158569336,1.210719347000122e-08,1.1920928955078125e-07,-1.9848755528073525e-07,0.0,True
stochastic,4,3687,32,9.444417953491211,8.879959106445312,7.916241884231567e-09,1.1920928955078125e-07,-1.5210082437988603e-07,0.0,True
stochastic,4,3687,33,9.42314624786377,8.860830307006836,6.984919309616089e-09,1.1920928955078125e-07,-1.0914044423770974e-07,0.0,True
stochastic,4,3687,34,9.396525382995605,9.176980972290039,5.122274160385132e-09,5.960464477539063e-08,-1.3554986821873172e-07,0.0,True
stochastic,4,3687,35,9.430777549743652,9.133787155151367,1.257285475730896e-08,1.1920928955078125e-07,-2.0968440139768063e-07,0.0,True
stochastic,4,3687,36,9.503064155578613,8.82823371887207,1.0244548320770264e-08,1.1920928955078125e-07,-2.2783113706736913e-07,0.0,True
stochastic,4,3687,37,9.53697395324707,8.548124313354492,7.450580596923828e-09,1.1920928955078125e-07,-1.3775908769275702e-07,0.0,True
stochastic,4,3687,38,9.526782989501953,8.424857139587402,7.916241884231567e-09,1.1920928955078125e-07,-1.4775042700421182e-07,0.0,True
stochastic,4,3687,39,9.514966011047363,8.302277565002441,9.313225746154785e-09,1.1920928955078125e-07,-1.3777258800473646e-07,0.0,True
stochastic,4,3687,40,9.516098022460938,7.853543758392334,7.916241884231567e-09,1.1920928955078125e-07,-1.526493349501834e-07,0.0,True
stochastic,4,3687,41,9.512694358825684,7.339293956756592,9.778887033462524e-09,1.1920928955078125e-07,-1.8830476733455725e-07,0.0,True
stochastic,4,3687,42,9.514002799987793,7.099900722503662,1.210719347000122e-08,1.1920928955078125e-07,-1.3789369290861941e-07,0.0,True
stochastic,4,3687,43,9.519935607910156,7.123254776000977,5.587935447692871e-09,1.1920928955078125e-07,-2.1227646129773348e-07,0.0,True
stochastic,4,3687,44,9.564971923828125,7.457136631011963,1.0244548320770264e-08,1.1920928955078125e-07,-1.2013359196316742e-07,0.0,True
stochastic,4,3687,45,9.567572593688965,7.991913795471191,9.778887033462524e-09,1.1920928955078125e-07,-1.3934166531726078e-07,0.0,True
stochastic,4,3687,46,9.574299812316895,8.498453140258789,1.0710209608078003e-08,1.1920928955078125e-07,-1.9540588880317955e-07,0.0,True
stochastic,4,3687,47,9.570436477661133,8.820775032043457,9.778887033462524e-09,1.1920928955078125e-07,-1.5296016897536902e-07,0.0,True
stochastic,4,3687,48,9.543312072753906,8.753630638122559,6.984919309616089e-09,5.960464477539063e-08,-1.939269793638232e-07,0.0,True
stochastic,4,3687,49,9.516356468200684,8.998382568359375,1.257285475730896e-08,1.1920928955078125e-07,-1.7354341252939776e-07,0.0,True
stochastic,4,3687,50,9.515483856201172,9.376042366027832,9.313225746154785e-09,1.1920928955078125e-07,-1.439939012470859e-07,0.0,True
stochastic,4,3687,51,9.569618225097656,9.477836608886719,1.0710209608078003e-08,1.1920928955078125e-07,-2.2947668298911594e-07,0.0,True
stochastic,4,3687,52,9.588912963867188,9.393972396850586,7.916241884231567e-09,1.1920928955078125e-07,-1.1300300428729315e-07,0.0,True
stochastic,4,3687,53,9.603105545043945,9.006678581237793,1.0244548320770264e-08,1.1920928955078125e-07,-1.91059200460586e-07,0.0,True
stochastic,4,3687,54,9.625279426574707,8.599760055541992,1.1641532182693481e-08,1.1920928955078125e-07,-1.3903066076181858e-07,0.0,True
stochastic,4,3687,55,9.588833808898926,8.465865135192871,1.210719347000122e-08,1.1920928955078125e-07,-1.4332658793136943e-07,0.0,True
stochastic,4,3687,56,9.521869659423828,8.37952995300293,9.313225746154785e-09,1.1920928955078125e-07,-2.3638527579805668e-07,0.0,True
stochastic,4,3687,57,9.494799613952637,8.11748218536377,6.05359673500061e-09,5.960464477539063e-08,-1.352695022660555e-07,0.0,True
stochastic,4,3687,58,9.498061180114746,7.78994607925415,7.450580596923828e-09,1.1920928955078125e-07,-9.076471485514048e-08,0.0,True
stochastic,4,3687,59,9.486015319824219,7.725423812866211,9.313225746154785e-09,1.1920928955078125e-07,-2.066806672473831e-07,0.0,True
stochastic,4,3687,60,9.486069679260254,7.777108669281006,7.916241884231567e-09,1.1920928955078125e-07,-1.811633012493985e-07,0.0,True
stochastic,4,3687,61,9.480565071105957,7.73585319519043,1.3969838619232178e-08,1.1920928955078125e-07,-1.0976954456509702e-07,0.0,True
stochastic,4,3687,62,9.456761360168457,7.51611328125,6.51925802230835e-09,1.1920928955078125e-07,-1.1706138280942469e-07,0.0,True
stochastic,4,3687,63,9.436392784118652,7.184913635253906,9.778887033462524e-09,1.1920928955078125e-07,-1.610544018149085e-07,0.0,True
stochastic,4,3687,64,9.427570343017578,6.846107006072998,1.0710209608078003e-08,1.1920928955078125e-07,-1.7008399311180256e-07,0.0,True
stochastic,4,3687,65,9.443893432617188,6.47680139541626,9.313225746154785e-09,1.1920928955078125e-07,-9.945419776613562e-08,0.0,True
stochastic,4,3687,66,9.466476440429688,6.118475914001465,8.847564458847046e-09,1.1920928955078125e-07,-1.552303103835584e-07,0.0,True
stochastic,4,3687,67,9.460190773010254,5.963123321533203,1.210719347000122e-08,1.1920928955078125e-07,-1.4156117345009989e-07,0.0,True
stochastic,4,3687,68,9.461722373962402,6.235302448272705,1.4435499906539917e-08,1.1920928955078125e-07,-1.13327374151595e-07,0.0,True
stochastic,4,3687,69,9.454229354858398,6.697164535522461,1.0244548320770264e-08,1.1920928955078125e-07,-1.1893580875721455e-07,0.0,True
stochastic,4,3687,70,9.456755638122559,7.4556145668029785,9.313225746154785e-09,1.1920928955078125e-07,-1.5310646972466202e-07,0.0,True
stochastic,4,3687,71,9.443071365356445,8.326576232910156,1.1641532182693481e-08,1.1920928955078125e-07,-1.220803085288935e-07,0.0,True
stochastic,4,3687,72,9.445791244506836,9.027481079101562,1.0244548320770264e-08,1.1920928955078125e-07,-1.6276581504826027e-07,0.0,True
stochastic,4,3687,73,9.450013160705566,9.50602912902832,1.0244548320770264e-08,1.1920928955078125e-07,-1.2682363603744307e-07,0.0,True
stochastic,4,3687,74,9.467852592468262,9.745243072509766,1.1641532182693481e-08,1.1920928955078125e-07,-1.4381829771537014e-07,0.0,True
stochastic,4,3687,75,9.473470687866211,9.742026329040527,1.1641532182693481e-08,1.1920928955078125e-07,-1.3762135608885728e-07,0.0,True
stochastic,4,3687,76,9.508203506469727,9.430349349975586,8.381903171539307e-09,1.1920928955078125e-07,-1.357515770905593e-07,0.0,True
stochastic,4,3687,77,9.552434921264648,8.880095481872559,1.4435499906539917e-08,1.1920928955078125e-07,-1.1230827823283107e-07,0.0,True
stochastic,4,3687,78,9.586450576782227,8.14326286315918,1.6298145055770874e-08,1.1920928955078125e-07,-1.4425887684410554e-07,0.0,True
stochastic,4,3687,79,9.608963012695312,7.2981085777282715,8.847564458847046e-09,1.1920928955078125e-07,-1.531149678157817e-07,0.0,True
stochastic,4,3687,80,9.614175796508789,6.473090648651123,1.6298145055770874e-08,1.1920928955078125e-07,-1.3099378293190966e-07,0.0,True
stochastic,4,3687,81,9.600872993469238,5.847311019897461,1.6763806343078613e-08,1.1920928955078125e-07,-1.2404764504481136e-07,0.0,True
stochastic,4,3687,82,9.583022117614746,5.490565299987793,1.6298145055770874e-08,1.1920928955078125e-07,-1.6810481895390694e-07,0.0,True
stochastic,4,3687,83,9.577617645263672,5.381358623504639,1.257285475730896e-08,1.1920928955078125e-07,-1.1629495588749705e-07,0.0,True
stochastic,4,3687,84,9.577820777893066,5.373004913330078,1.3504177331924438e-08,1.1920928955078125e-07,-1.1294356738744682e-07,0.0,True
stochastic,4,3687,85,9.56279468536377,5.369419574737549,1.7695128917694092e-08,1.1920928955078125e-07,-1.591442497783646e-07,0.0,True
stochastic,4,3687,86,9.546689987182617,5.357512474060059,1.5366822481155396e-08,1.1920928955078125e-07,-1.333434340722306e-07,0.0,True
stochastic,4,3687,87,9.531627655029297,5.362305164337158,1.30385160446167e-08,1.1920928955078125e-07,-1.0585166876353469e-07,0.0,True
stochastic,4,3687,88,9.516324043273926,5.386630535125732,1.5366822481155396e-08,1.1920928955078125e-07,-1.3255906594622502e-07,0.0,True
stochastic,4,3687,89,9.503154754638672,5.422460556030273,1.1175870895385742e-08,1.1920928955078125e-07,-1.8778183630274725e-07,0.0,True
stochastic,4,3687,90,9.493518829345703,5.460181713104248,1.909211277961731e-08,1.1920928955078125e-07,-1.1738598715282933e-07,0.0,True
stochastic,4,3687,91,9.48788070678711,5.489033222198486,8.381903171539307e-09,1.1920928955078125e-07,-1.3940322673988703e-07,0.0,True
stochastic,4,3687,92,9.485315322875977,5.5022807121276855,1.1641532182693481e-08,1.1920928955078125e-07,-1.31754461563105e-07,0.0,True
stochastic,4,3687,93,9.484932899475098,5.503222942352295,1.0710209608078003e-08,1.1920928955078125e-07,-1.058546672538796e-07,0.0,True
stochastic,4,3687,94,9.485478401184082,5.505557060241699,1.4901161193847656e-08,1.1920928955078125e-07,-1.2508921543030738e-07,0.0,True
stochastic,4,3687,95,9.486635208129883,5.526355266571045,1.5832483768463135e-08,1.1920928955078125e-07,-1.1787534504037467e-07,0.0,True
stochastic,4,3687,96,9.488202095031738,5.579031944274902,1.5366822481155396e-08,1.1920928955078125e-07,-9.627972019643494e-08,0.0,True
stochastic,4,3687,97,9.488455772399902,5.668923377990723,1.257285475730896e-08,1.1920928955078125e-07,-1.0979316300563369e-07,0.0,True
stochastic,4,3687,98,9.487055778503418,5.790639877319336,8.847564458847046e-09,1.1920928955078125e-07,-1.5538616082722e-07,0.0,True
stochastic,4,3687,99,9.48515796661377,5.932538032531738,9.313225746154785e-09,1.1920928955078125e-07,-1.3586915770247288e-07,0.0,True
stochastic,4,3687,100,9.483420372009277,6.081961154937744,1.909211277961731e-08,1.1920928955078125e-07,-1.0928953741995429e-07,0.0,True
stochastic,5,3761,1,9.026269912719727,6.583175182342529,1.1175870895385742e-08,1.1920928955078125e-07,-1.1669536092995259e-07,0.0,True
stochastic,5,3761,2,9.041990280151367,6.25837516784668,7.916241884231567e-09,1.1920928955078125e-07,-1.1056280868615431e-07,0.0,True
stochastic,5,3761,3,9.07868766784668,5.840912342071533,7.450580596923828e-09,1.1920928955078125e-07,-1.0873662859012256e-07,0.0,True
stochastic,5,3761,4,9.095760345458984,5.367957592010498,1.1641532182693481e-08,1.1920928955078125e-07,-1.4944755832857481e-07,0.0,True
stochastic,5,3761,5,9.115084648132324,4.8823652267456055,1.0710209608078003e-08,1.1920928955078125e-07,-1.2139179261794197e-07,0.0,True
stochastic,5,3761,6,9.157296180725098,4.39487886428833,1.0244548320770264e-08,1.1920928955078125e-07,-1.3447962032842042e-07,0.0,True
stochastic,5,3761,7,9.214470863342285,3.9363346099853516,1.1175870895385742e-08,1.1920928955078125e-07,-1.2890829736988962e-07,0.0,True
stochastic,5,3761,8,9.292158126831055,3.5528876781463623,1.257285475730896e-08,1.1920928955078125e-07,-1.397280442461124e-07,0.0,True
stochastic,5,3761,9,9.370142936706543,3.2676377296447754,1.5832483768463135e-08,1.1920928955078125e-07,-1.1400338451039715e-07,0.0,True
stochastic,5,3761,10,9.420113563537598,3.1162922382354736,1.5366822481155396e-08,1.1920928955078125e-07,-1.2945642424710968e-07,0.0,True
stochastic,5,3761,11,9.442851066589355,3.0542423725128174,1.3504177331924438e-08,1.1920928955078125e-07,-1.4681540960737038e-07,0.0,True
stochastic,5,3761,12,9.452954292297363,3.020561695098877,1.862645149230957e-08,1.1920928955078125e-07,-1.3797395581605088e-07,0.0,True
stochastic,5,3761,13,9.456275939941406,2.9971609115600586,1.4435499906539917e-08,1.1920928955078125e-07,-1.5499492178605578e-07,0.0,True
stochastic,5,3761,14,9.456303596496582,2.9740943908691406,1.4435499906539917e-08,1.1920928955078125e-07,-1.6193148155707604e-07,0.0,True
stochastic,5,3761,15,9.455140113830566,2.947331428527832,9.778887033462524e-09,1.1920928955078125e-07,-1.1979142300333478e-07,0.0,True
stochastic,5,3761,16,9.45374584197998,2.916506052017212,1.4435499906539917e-08,1.1920928955078125e-07,-1.366160802263039e-07,0.0,True
stochastic,5,3761,17,9.452454566955566,2.882821559906006,1.30385160446167e-08,1.1920928955078125e-07,-1.470080803755991e-07,0.0,True
stochastic,5,3761,18,9.451319694519043,2.8478574752807617,1.0710209608078003e-08,1.1920928955078125e-07,-1.3759992611994676e-07,0.0,True
stochastic,5,3761,19,9.450321197509766,2.8130722045898438,1.3504177331924438e-08,1.1920928955078125e-07,-1.2299962293127464e-07,0.0,True
stochastic,5,3761,20,9.449423789978027,2.779621124267578,1.257285475730896e-08,1.1920928955078125e-07,-1.3167225176857755e-07,0.0,True
stochastic,5,3761,21,9.448610305786133,2.7483041286468506,1.3969838619232178e-08,1.1920928955078125e-07,-1.5708120315593987e-07,0.0,True
stochastic,5,3761,22,9.44787311553955,2.7195706367492676,2.421438694000244e-08,1.1920928955078125e-07,-1.0339823575122864e-07,0.0,True
stochastic,5,3761,23,9.447218894958496,2.6935787200927734,1.7229467630386353e-08,1.1920928955078125e-07,-9.9406975095917e-08,0.0,True
stochastic,5,3761,24,9.446648597717285,2.6702709197998047,1.5366822481155396e-08,1.1920928955078125e-07,-1.2286089656754484e-07,0.0,True
stochastic,5,3761,25,9.446166038513184,2.649460792541504,1.210719347000122e-08,1.1920928955078125e-07,-1.3474446802774764e-07,0.0,True
stochastic,5,3761,26,9.44576358795166,2.6308979988098145,1.1641532182693481e-08,1.1920928955078125e-07,-1.2486596290273155e-07,0.0,True
stochastic,5,3761,27,9.445433616638184,2.6143181324005127,1.6298145055770874e-08,1.1920928955078125e-07,-1.2744928312713455e-07,0.0,True
stochastic,5,3761,28,9.44516372680664,2.599465847015381,1.5366822481155396e-08,1.1920928955078125e-07,-1.408667174018774e-07,0.0,True
stochastic,5,3761,29,9.444944381713867,2.586111307144165,1.955777406692505e-08,1.1920928955078125e-07,-1.245490182100184e-07,0.0,True
stochastic,5,3761,30,9.4447603225708,2.574052572250366,2.1886080503463745e-08,1.1920928955078125e-07,-1.4346386478791828e-07,0.0,True
stochastic,5,3761,31,9.444604873657227,2.563115358352661,1.30385160446167e-08,1.1920928955078125e-07,-1.4473835108219646e-07,0.0,True
stochastic,5,3761,32,9.444470405578613,2.5531513690948486,1.909211277961731e-08,1.1920928955078125e-07,-1.2256859349690785e-07,0.0,True
stochastic,5,3761,33,9.444344520568848,2.5440328121185303,1.30385160446167e-08,1.1920928955078125e-07,-1.3344688909455726e-07,0.0,True
stochastic,5,3761,34,9.444230079650879,2.5356523990631104,1.816079020500183e-08,1.1920928955078125e-07,-1.321850362501209e-07,0.0,True
stochastic,5,3761,35,9.444117546081543,2.5279178619384766,1.210719347000122e-08,1.1920928955078125e-07,-1.4223103050881036e-07,0.0,True
stochastic,5,3761,36,9.444002151489258,2.5207502841949463,1.862645149230957e-08,1.1920928955078125e-07,-1.1714621450664708e-07,0.0,True
stochastic,5,3761,37,9.443846702575684,2.514082193374634,1.3969838619232178e-08,1.1920928955078125e-07,-1.0468237121585844e-07,0.0,True
stochastic,5,3761,38,9.443218231201172,2.507826328277588,1.816079020500183e-08,1.1920928955078125e-07,-1.610913358263133e-07,0.0,True
stochastic,5,3761,39,9.442519187927246,2.5016300678253174,1.5832483768463135e-08,1.1920928955078125e-07,-1.5251438867380784e-07,0.0,True
stochastic,5,3761,40,9.441788673400879,2.4954488277435303,1.862645149230957e-08,1.1920928955078125e-07,-1.249312475692932e-07,0.0,True
stochastic,5,3761,41,9.441033363342285,2.4892895221710205,1.5832483768463135e-08,1.1920928955078125e-07,-1.370834894487416e-07,0.0,True
stochastic,5,3761,42,9.44025707244873,2.4831676483154297,1.30385160446167e-08,1.1920928955078125e-07,-1.2040997887652338e-07,0.0,True
stochastic,5,3761,43,9.439470291137695,2.477097511291504,2.468004822731018e-08,1.1920928955078125e-07,-1.6061527219335403e-07,0.0,True
stochastic,5,3761,44,9.438674926757812,2.4710936546325684,1.1641532182693481e-08,1.1920928955078125e-07,-1.3434048184990388e-07,0.0,True
stochastic,5,3761,45,9.43787956237793,2.4651708602905273,1.862645149230957e-08,1.1920928955078125e-07,-1.518986039172887e-07,0.0,True
stochastic,5,3761,46,9.43708610534668,2.459343194961548,1.6298145055770874e-08,1.1920928955078125e-07,-1.5163480782121042e-07,0.0,True
stochastic,5,3761,47,9.436297416687012,2.453623056411743,1.3969838619232178e-08,1.1920928955078125e-07,-1.7482349790043372e-07,0.0,True
stochastic,5,3761,48,9.435516357421875,2.4480209350585938,1.4901161193847656e-08,1.1920928955078125e-07,-1.752096494556099e-07,0.0,True
stochastic,5,3761,49,9.4347505569458,2.442545175552368,2.1420419216156006e-08,1.1920928955078125e-07,-1.415616566191602e-07,0.0,True
stochastic,5,3761,50,9.43399715423584,2.4372024536132812,1.6298145055770874e-08,1.1920928955078125e-07,-1.4212875498742505e-07,0.0,True
stochastic,5,3761,51,9.43326187133789,2.4319956302642822,1.4901161193847656e-08,1.1920928955078125e-07,-1.1358525853211177e-07,0.0,True
stochastic,5,3761,52,9.43254280090332,2.426926612854004,1.5832483768463135e-08,1.1920928955078125e-07,-1.6845191908032575e-07,0.0,True
stochastic,5,3761,53,9.431843757629395,2.421994209289551,1.7229467630386353e-08,1.1920928955078125e-07,-1.2282913530725637e-07,0.0,True
stochastic,5,3761,54,9.431164741516113,2.4171950817108154,2.0489096641540527e-08,1.1920928955078125e-07,-1.44806634239103e-07,0.0,True
stochastic,5,3761,55,9.430505752563477,2.412524938583374,1.6763806343078613e-08,1.1920928955078125e-07,-1.4379409662979015e-07,0.0,True
stochastic,5,3761,56,9.429868698120117,2.4079768657684326,1.5832483768463135e-08,1.1920928955078125e-07,-1.6355751597529888e-07,0.0,True
stochastic,5,3761,57,9.429250717163086,2.403543710708618,1.5366822481155396e-08,1.1920928955078125e-07,-1.0374218106790067e-07,0.0,True
stochastic,5,3761,58,9.428651809692383,2.3992176055908203,1.4435499906539917e-08,1.1920928955078125e-07,-1.114198724394555e-07,0.0,True
stochastic,5,3761,59,9.428071975708008,2.3949902057647705,1.4901161193847656e-08,1.1920928955078125e-07,-1.5758877225380274e-07,0.0,True
stochastic,5,3761,60,9.427509307861328,2.390852689743042,1.7229467630386353e-08,1.1920928955078125e-07,-1.455252203186319e-07,0.0,True
stochastic,5,3761,61,9.42696475982666,2.3867974281311035,1.6298145055770874e-08,1.1920928955078125e-07,-1.0341606326846886e-07,0.0,True
stochastic,5,3761,62,9.426434516906738,2.382816791534424,1.7229467630386353e-08,1.1920928955078125e-07,-1.3943751753231481e-07,0.0,True
stochastic,5,3761,63,9.425918579101562,2.378904342651367,1.5832483768463135e-08,1.1920928955078125e-07,-1.1916027631286852e-07,0.0,True
stochastic,5,3761,64,9.425416946411133,2.375054359436035,1.4435499906539917e-08,1.1920928955078125e-07,-1.4381581081579498e-07,0.0,True
stochastic,5,3761,65,9.42492961883545,2.3712618350982666,1.6298145055770874e-08,1.1920928955078125e-07,-1.9212586721550906e-07,0.0,True
stochastic,5,3761,66,9.424452781677246,2.3675239086151123,1.5366822481155396e-08,1.1920928955078125e-07,-1.281800621200091e-07,0.0,True
stochastic,5,3761,67,9.42398738861084,2.3638381958007812,1.4901161193847656e-08,1.1920928955078125e-07,-1.450018061177616e-07,0.0,True
stochastic,5,3761,68,9.423534393310547,2.360203266143799,1.5832483768463135e-08,1.1920928955078125e-07,-1.437115173530401e-07,0.0,True
stochastic,5,3761,69,9.42309284210205,2.356619358062744,1.4435499906539917e-08,1.1920928955078125e-07,-1.48876665662101e-07,0.0,True
stochastic,5,3761,70,9.422660827636719,2.3530876636505127,1.3969838619232178e-08,1.1920928955078125e-07,-1.1760253926240694e-07,0.0,True
stochastic,5,3761,71,9.422242164611816,2.3496108055114746,1.3969838619232178e-08,1.1920928955078125e-07,-1.7910089411543595e-07,0.0,True
stochastic,5,3761,72,9.421831130981445,2.346191644668579,1.6298145055770874e-08,1.1920928955078125e-07,-1.1156835455494729e-07,0.0,True
stochastic,5,3761,73,9.421435356140137,2.342834234237671,1.5832483768463135e-08,1.1920928955078125e-07,-1.4574148110568785e-07,0.0,True
stochastic,5,3761,74,9.421049118041992,2.3395438194274902,1.3504177331924438e-08,1.1920928955078125e-07,-1.3253010422431544e-07,0.0,True
stochastic,5,3761,75,9.420676231384277,2.3363256454467773,1.210719347000122e-08,1.1920928955078125e-07,-1.2975270635706693e-07,0.0,True
stochastic,5,3761,76,9.420315742492676,2.333186149597168,1.4901161193847656e-08,1.1920928955078125e-07,-1.4054845109967573e-07,0.0,True
stochastic,5,3761,77,9.419968605041504,2.3301308155059814,2.2351741790771484e-08,1.1920928955078125e-07,-1.3977545165744232e-07,0.0,True
stochastic,5,3761,78,9.419634819030762,2.3271665573120117,1.4901161193847656e-08,1.1920928955078125e-07,-1.3045193725247373e-07,0.0,True
stochastic,5,3761,79,9.419316291809082,2.3243000507354736,1.6763806343078613e-08,1.1920928955078125e-07,-1.1003895394878782e-07,0.0,True
stochastic,5,3761,80,9.4190092086792,2.3215372562408447,1.4901161193847656e-08,1.1920928955078125e-07,-1.2698001228272915e-07,0.0,True
stochastic,5,3761,81,9.418719291687012,2.3188838958740234,1.7229467630386353e-08,1.1920928955078125e-07,-1.5039863399124442e-07,0.0,True
stochastic,5,3761,82,9.418444633483887,2.31634521484375,1.955777406692505e-08,1.1920928955078125e-07,-1.2821030281884305e-07,0.0,True
stochastic,5,3761,83,9.418184280395508,2.3139255046844482,1.862645149230957e-08,1.1920928955078125e-07,-1.5200271263893228e-07,0.0,True
stochastic,5,3761,84,9.417938232421875,2.311628818511963,1.1641532182693481e-08,1.1920928955078125e-07,-1.5521226259807008e-07,0.0,True
stochastic,5,3761,85,9.417707443237305,2.309457302093506,1.909211277961731e-08,1.1920928955078125e-07,-1.727931930872728e-07,0.0,True
stochastic,5,3761,86,9.417491912841797,2.30741286277771,1.4435499906539917e-08,1.1920928955078125e-07,-2.1731695198923262e-07,0.0,True
stochastic,5,3761,87,9.417290687561035,2.3054959774017334,2.3283064365386963e-08,1.1920928955078125e-07,-1.4012304916377616e-07,0.0,True
stochastic,5,3761,88,9.417101860046387,2.3037054538726807,1.7695128917694092e-08,1.1920928955078125e-07,-1.1750148587452713e-07,0.0,True
stochastic,5,3761,89,9.4169282913208,2.3020401000976562,1.3504177331924438e-08,1.1920928955078125e-07,-1.64066719321454e-07,0.0,True
stochastic,5,3761,90,9.416769027709961,2.300496816635132,1.5832483768463135e-08,1.1920928955078125e-07,-1.3601368209492648e-07,0.0,True
stochastic,5,3761,91,9.416620254516602,2.299072504043579,1.862645149230957e-08,1.1920928955078125e-07,-2.0923056354149594e-07,0.0,True
stochastic,5,3761,92,9.416485786437988,2.297762393951416,1.4435499906539917e-08,1.1920928955078125e-07,-1.5345230508501118e-07,0.0,True
stochastic,5,3761,93,9.416361808776855,2.2965617179870605,6.05359673500061e-09,1.1920928955078125e-07,-1.5577744250094838e-07,0.0,True
stochastic,5,3761,94,9.416248321533203,2.295464515686035,1.5832483768463135e-08,1.1920928955078125e-07,-1.1123449894512305e-07,0.0,True
stochastic,5,3761,95,9.416146278381348,2.2944655418395996,1.7695128917694092e-08,1.1920928955078125e-07,-1.290222257921414e-07,0.0,True
stochastic,5,3761,96,9.416051864624023,2.293558359146118,1.1175870895385742e-08,1.1920928955078125e-07,-1.8494608866603812e-07,0.0,True
stochastic,5,3761,97,9.415966987609863,2.292736768722534,1.6763806343078613e-08,1.1920928955078125e-07,-1.575179737756116e-07,0.0,True
stochastic,5,3761,98,9.41589069366455,2.291994094848633,1.6763806343078613e-08,1.1920928955078125e-07,-8.684892094379393e-08,0.0,True
stochastic,5,3761,99,9.41582202911377,2.291325569152832,2.0023435354232788e-08,1.1920928955078125e-07,-1.2568528973133652e-07,0.0,True
stochastic,5,3761,100,9.41576099395752,2.2907238006591797,1.5832483768463135e-08,1.1920928955078125e-07,-1.352808283172635e-07,0.0,True
heavy_dissipation,1,4752,1,11.060487747192383,33.01670837402344,1.257285475730896e-08,1.1920928955078125e-07,-1.8192817208273482e-07,0.0,True
heavy_dissipation,1,4752,2,11.176240921020508,24.03549575805664,1.4901161193847656e-08,1.1920928955078125e-07,-1.7236526161923393e-07,0.0,True
heavy_dissipation,1,4752,3,11.000273704528809,21.1593017578125,1.6763806343078613e-08,1.1920928955078125e-07,-1.6533775237803638e-07,0.0,True
heavy_dissipation,1,4752,4,11.037857055664062,20.627506256103516,1.955777406692505e-08,1.1920928955078125e-07,-2.0497536468155886e-07,0.0,True
heavy_dissipation,1,4752,5,10.999045372009277,19.05425453186035,1.816079020500183e-08,1.1920928955078125e-07,-1.5639346884199767e-07,0.0,True
heavy_dissipation,1,4752,6,10.992879867553711,17.027666091918945,1.30385160446167e-08,1.1920928955078125e-07,-1.9049434740736615e-07,0.0,True
heavy_dissipation,1,4752,7,10.962813377380371,15.68489933013916,1.816079020500183e-08,1.1920928955078125e-07,-2.1819859341576375e-07,0.0,True
heavy_dissipation,1,4752,8,10.873477935791016,14.462971687316895,1.3969838619232178e-08,1.1920928955078125e-07,-1.9774755344315054e-07,0.0,True
heavy_dissipation,1,4752,9,10.871538162231445,13.383113861083984,1.5366822481155396e-08,1.1920928955078125e-07,-2.0902780306641944e-07,0.0,True
heavy_dissipation,1,4752,10,10.916470527648926,11.986950874328613,2.0023435354232788e-08,1.1920928955078125e-07,-1.2960185813426506e-07,0.0,True
heavy_dissipation,1,4752,11,10.903389930725098,10.620999336242676,1.3969838619232178e-08,1.1920928955078125e-07,-1.5843063749798603e-07,0.0,True
heavy_dissipation,1,4752,12,10.8869047164917,9.308623313903809,1.30385160446167e-08,1.1920928955078125e-07,-1.3775036222796189e-07,0.0,True
heavy_dissipation,1,4752,13,10.850884437561035,8.20221996307373,1.3504177331924438e-08,1.1920928955078125e-07,-2.1350859924496035e-07,0.0,True
heavy_dissipation,1,4752,14,10.804146766662598,7.368902206420898,1.4435499906539917e-08,1.1920928955078125e-07,-1.8179019889430492e-07,0.0,True
heavy_dissipation,1,4752,15,10.785836219787598,6.763359546661377,1.210719347000122e-08,1.1920928955078125e-07,-1.8433316029131674e-07,0.0,True
heavy_dissipation,1,4752,16,10.76148796081543,6.201565742492676,1.7695128917694092e-08,1.1920928955078125e-07,-2.4077712623693515e-07,0.0,True
heavy_dissipation,1,4752,17,10.772069931030273,5.799654960632324,1.4901161193847656e-08,1.1920928955078125e-07,-1.397725384322257e-07,0.0,True
heavy_dissipation,1,4752,18,10.79781436920166,5.488053798675537,1.5832483768463135e-08,1.1920928955078125e-07,-2.652199952990486e-07,0.0,True
heavy_dissipation,1,4752,19,10.770206451416016,5.199384689331055,1.4435499906539917e-08,1.1920928955078125e-07,-1.8109727761839167e-07,0.0,True
heavy_dissipation,1,4752,20,10.792824745178223,5.007623672485352,9.313225746154785e-09,1.1920928955078125e-07,-1.7310267708126048e-07,0.0,True
heavy_dissipation,1,4752,21,10.767748832702637,5.043375015258789,1.1175870895385742e-08,1.1920928955078125e-07,-2.3598337861585605e-07,0.0,True
heavy_dissipation,1,4752,22,10.712286949157715,5.263115406036377,1.1175870895385742e-08,1.1920928955078125e-07,-2.1812509487517673e-07,0.0,True
heavy_dissipation,1,4752,23,10.685524940490723,5.570483207702637,1.6763806343078613e-08,1.1920928955078125e-07,-1.9128357564568432e-07,0.0,True
heavy_dissipation,1,4752,24,10.67807388305664,5.436581611633301,1.5832483768463135e-08,1.1920928955078125e-07,-1.7139932140253222e-07,0.0,True
heavy_dissipation,1,4752,25,10.660889625549316,5.248574733734131,1.3504177331924438e-08,1.1920928955078125e-07,-2.1563995744600106e-07,0.0,True
heavy_dissipation,1,4752,26,10.59968090057373,5.259989261627197,1.0244548320770264e-08,1.1920928955078125e-07,-1.4179524043811398e-07,0.0,True
heavy_dissipation,1,4752,27,10.521200180053711,5.4545135498046875,1.4435499906539917e-08,1.1920928955078125e-07,-1.947266099477929e-07,0.0,True
heavy_dissipation,1,4752,28,10.481072425842285,5.535768985748291,1.5832483768463135e-08,1.1920928955078125e-07,-2.2459335013991222e-07,0.0,True
heavy_dissipation,1,4752,29,10.48833179473877,5.327172756195068,1.210719347000122e-08,1.1920928955078125e-07,-1.6839193506257288e-07,0.0,True
heavy_dissipation,1,4752,30,10.542872428894043,5.070245742797852,1.210719347000122e-08,1.1920928955078125e-07,-2.3146782268668176e-07,0.0,True
heavy_dissipation,1,4752,31,10.549873352050781,5.112633228302002,9.778887033462524e-09,1.1920928955078125e-07,-2.8498968163148675e-07,0.0,True
heavy_dissipation,1,4752,32,10.55410385131836,5.556680202484131,1.210719347000122e-08,1.1920928955078125e-07,-1.8632019305186986e-07,0.0,True
heavy_dissipation,1,4752,33,10.582195281982422,6.154581546783447,1.210719347000122e-08,1.1920928955078125e-07,-1.5617214899066312e-07,0.0,True
heavy_dissipation,1,4752,34,10.613258361816406,6.754019260406494,1.0244548320770264e-08,1.1920928955078125e-07,-1.471135391284406e-07,0.0,True
heavy_dissipation,1,4752,35,10.623848915100098,7.299731254577637,9.778887033462524e-09,1.1920928955078125e-07,-1.5327604785397853e-07,0.0,True
heavy_dissipation,1,4752,36,10.613957405090332,7.723217010498047,1.5832483768463135e-08,1.1920928955078125e-07,-1.675239928999872e-07,0.0,True
heavy_dissipation,1,4752,37,10.605572700500488,7.994928359985352,1.1641532182693481e-08,1.1920928955078125e-07,-1.8656226075108862e-07,0.0,True
heavy_dissipation,1,4752,38,10.600038528442383,8.093290328979492,1.4435499906539917e-08,1.1920928955078125e-07,-1.4294724337560183e-07,0.0,True
heavy_dissipation,1,4752,39,10.592164993286133,8.08202075958252,1.5366822481155396e-08,1.1920928955078125e-07,-2.601489939024759e-07,0.0,True
heavy_dissipation,1,4752,40,10.587841987609863,8.02878189086914,1.3969838619232178e-08,1.1920928955078125e-07,-1.9754853042286413e-07,0.0,True
heavy_dissipation,1,4752,41,10.582377433776855,7.945906162261963,1.4901161193847656e-08,1.1920928955078125e-07,-2.443884170588717e-07,0.0,True
heavy_dissipation,1,4752,42,10.5771484375,7.809813976287842,1.1175870895385742e-08,1.1920928955078125e-07,-1.3742260307481047e-07,0.0,True
heavy_dissipation,1,4752,43,10.574605941772461,7.623208045959473,1.3969838619232178e-08,1.1920928955078125e-07,-1.3076234495201788e-07,0.0,True
heavy_dissipation,1,4752,44,10.573010444641113,7.4077043533325195,1.1641532182693481e-08,1.1920928955078125e-07,-1.7699861132314254e-07,0.0,True
heavy_dissipation,1,4752,45,10.569857597351074,7.141329765319824,1.0710209608078003e-08,1.1920928955078125e-07,-1.8014242186836782e-07,0.0,True
heavy_dissipation,1,4752,46,10.564009666442871,6.828817844390869,1.1175870895385742e-08,1.1920928955078125e-07,-1.62557952876341e-07,0.0,True
heavy_dissipation,1,4752,47,10.551854133605957,6.523431777954102,1.3969838619232178e-08,1.1920928955078125e-07,-2.045043601128782e-07,0.0,True
heavy_dissipation,1,4752,48,10.532950401306152,6.2565598487854,1.30385160446167e-08,1.1920928955078125e-07,-1.6183258821911295e-07,0.0,True
heavy_dissipation,1,4752,49,10.507025718688965,5.975760459899902,1.909211277961731e-08,1.1920928955078125e-07,-1.404939240501335e-07,0.0,True
heavy_dissipation,1,4752,50,10.48541259765625,5.647866725921631,1.0710209608078003e-08,1.1920928955078125e-07,-2.272805232905739e-07,0.0,True
heavy_dissipation,1,4752,51,10.465935707092285,5.288126468658447,1.0710209608078003e-08,5.960464477539063e-08,-1.6471523167638225e-07,0.0,True
heavy_dissipation,1,4752,52,10.440985679626465,4.981602668762207,1.30385160446167e-08,1.1920928955078125e-07,-1.5398173047742603e-07,0.0,True
heavy_dissipation,1,4752,53,10.390769958496094,4.941177845001221,1.4901161193847656e-08,1.1920928955078125e-07,-1.571501258013086e-07,0.0,True
heavy_dissipation,1,4752,54,10.362225532531738,5.010687351226807,1.3504177331924438e-08,1.1920928955078125e-07,-1.5720495127879985e-07,0.0,True
heavy_dissipation,1,4752,55,10.3605318069458,5.076691627502441,1.3969838619232178e-08,1.1920928955078125e-07,-2.3396174242407142e-07,0.0,True
heavy_dissipation,1,4752,56,10.350433349609375,5.169671535491943,1.210719347000122e-08,1.1920928955078125e-07,-2.6845407319342485e-07,0.0,True
heavy_dissipation,1,4752,57,10.342866897583008,5.312600135803223,1.3504177331924438e-08,1.1920928955078125e-07,-1.49782763969597e-07,0.0,True
heavy_dissipation,1,4752,58,10.330825805664062,5.5309929847717285,1.3504177331924438e-08,1.1920928955078125e-07,-1.0913425541048127e-07,0.0,True
heavy_dissipation,1,4752,59,10.317506790161133,5.840531349182129,1.1175870895385742e-08,1.1920928955078125e-07,-1.6191347640415188e-07,0.0,True
heavy_dissipation,1,4752,60,10.281641960144043,6.219296932220459,1.30385160446167e-08,1.1920928955078125e-07,-1.236814171079459e-07,0.0,True
heavy_dissipation,1,4752,61,10.261716842651367,6.488198757171631,2.0023435354232788e-08,1.1920928955078125e-07,-1.5228255278998404e-07,0.0,True
heavy_dissipation,1,4752,62,10.260306358337402,6.466184616088867,1.30385160446167e-08,1.1920928955078125e-07,-1.1516922882037761e-07,0.0,True
heavy_dissipation,1,4752,63,10.255355834960938,6.19345235824585,1.257285475730896e-08,1.1920928955078125e-07,-1.4287724070527474e-07,0.0,True
heavy_dissipation,1,4752,64,10.233975410461426,5.801021099090576,1.4435499906539917e-08,1.1920928955078125e-07,-1.274582217547504e-07,0.0,True
heavy_dissipation,1,4752,65,10.208372116088867,5.423433303833008,1.955777406692505e-08,1.1920928955078125e-07,-1.551113086861733e-07,0.0,True
heavy_dissipation,1,4752,66,10.17092514038086,5.386296272277832,1.7695128917694092e-08,1.1920928955078125e-07,-1.3174498292300996e-07,0.0,True
heavy_dissipation,1,4752,67,10.219202041625977,5.613224029541016,1.4435499906539917e-08,1.1920928955078125e-07,-1.4101398448929103e-07,0.0,True
heavy_dissipation,1,4752,68,10.268561363220215,5.765878677368164,1.7229467630386353e-08,1.1920928955078125e-07,-1.6931350899085373e-07,0.0,True
heavy_dissipation,1,4752,69,10.356151580810547,5.900729179382324,1.210719347000122e-08,1.1920928955078125e-07,-1.6137353497924778e-07,0.0,True
heavy_dissipation,1,4752,70,10.448270797729492,5.93360710144043,1.7695128917694092e-08,1.1920928955078125e-07,-1.3285691125020094e-07,0.0,True
heavy_dissipation,1,4752,71,10.54414176940918,5.846221446990967,1.7229467630386353e-08,1.1920928955078125e-07,-1.1981542513694876e-07,0.0,True
heavy_dissipation,1,4752,72,10.65027141571045,5.688690185546875,1.1641532182693481e-08,1.1920928955078125e-07,-1.4998444441971515e-07,0.0,True
heavy_dissipation,1,4752,73,10.753682136535645,5.456577301025391,1.6298145055770874e-08,1.1920928955078125e-07,-1.398499307470047e-07,0.0,True
heavy_dissipation,1,4752,74,10.832136154174805,5.178699970245361,1.6763806343078613e-08,1.1920928955078125e-07,-1.3229397666236764e-07,0.0,True
heavy_dissipation,1,4752,75,10.89258098602295,4.9116082191467285,1.816079020500183e-08,1.1920928955078125e-07,-1.3973408385936636e-07,0.0,True
heavy_dissipation,1,4752,76,10.943440437316895,4.691449165344238,1.909211277961731e-08,1.1920928955078125e-07,-1.6088760901311616e-07,0.0,True
heavy_dissipation,1,4752,77,10.973506927490234,4.514279365539551,2.3283064365386963e-08,1.1920928955078125e-07,-1.6912269984459272e-07,0.0,True
heavy_dissipation,1,4752,78,10.99184799194336,4.343116760253906,1.6298145055770874e-08,1.1920928955078125e-07,-1.7929507123426447e-07,0.0,True
heavy_dissipation,1,4752,79,11.007833480834961,4.167316436767578,1.816079020500183e-08,1.1920928955078125e-07,-1.5076797410529252e-07,0.0,True
heavy_dissipation,1,4752,80,11.023245811462402,3.9999446868896484,2.0489096641540527e-08,1.1920928955078125e-07,-1.7516613581847196e-07,0.0,True
heavy_dissipation,1,4752,81,11.038213729858398,3.8509063720703125,1.816079020500183e-08,1.1920928955078125e-07,-1.6216762332987855e-07,0.0,True
heavy_dissipation,1,4752,82,11.051190376281738,3.725816249847412,1.862645149230957e-08,1.1920928955078125e-07,-1.4434664308282663e-07,0.0,True
heavy_dissipation,1,4752,83,11.06079387664795,3.626999616622925,1.862645149230957e-08,1.1920928955078125e-07,-1.196278418547081e-07,0.0,True
heavy_dissipation,1,4752,84,11.069643020629883,3.5530261993408203,1.862645149230957e-08,1.1920928955078125e-07,-1.3735801474012987e-07,0.0,True
heavy_dissipation,1,4752,85,11.077605247497559,3.4983980655670166,2.0489096641540527e-08,1.1920928955078125e-07,-1.4060464081921964e-07,0.0,True
heavy_dissipation,1,4752,86,11.085200309753418,3.4562735557556152,2.0954757928848267e-08,1.1920928955078125e-07,-1.5471677272671513e-07,0.0,True
heavy_dissipation,1,4752,87,11.092772483825684,3.421252965927124,2.2817403078079224e-08,1.1920928955078125e-07,-1.612944799944671e-07,0.0,True
heavy_dissipation,1,4752,88,11.100298881530762,3.3904037475585938,2.561137080192566e-08,1.1920928955078125e-07,-1.7553448117269e-07,0.0,True
heavy_dissipation,1,4752,89,11.106673240661621,3.362504005432129,2.2817403078079224e-08,1.1920928955078125e-07,-1.4194553443758195e-07,0.0,True
heavy_dissipation,1,4752,90,11.112557411193848,3.3372678756713867,1.7229467630386353e-08,1.1920928955078125e-07,-1.5837562727938348e-07,0.0,True
heavy_dissipation,1,4752,91,11.117620468139648,3.314485549926758,1.862645149230957e-08,1.1920928955078125e-07,-1.611324762507138e-07,0.0,True
heavy_dissipation,1,4752,92,11.122339248657227,3.2941339015960693,1.816079020500183e-08,1.1920928955078125e-07,-1.5606768499765167e-07,0.0,True
heavy_dissipation,1,4752,93,11.126910209655762,3.2760117053985596,2.3283064365386963e-08,1.1920928955078125e-07,-1.4603463682760776e-07,0.0,True
heavy_dissipation,1,4752,94,11.131173133850098,3.2598876953125,2.0489096641540527e-08,1.1920928955078125e-07,-1.751725307030938e-07,0.0,True
heavy_dissipation,1,4752,95,11.135140419006348,3.245619297027588,2.3283064365386963e-08,1.1920928955078125e-07,-1.8704173498917953e-07,0.0,True
heavy_dissipation,1,4752,96,11.13890552520752,3.233064651489258,2.7939677238464355e-08,1.1920928955078125e-07,-1.6296640126256534e-07,0.0,True
heavy_dissipation,1,4752,97,11.141802787780762,3.2220797538757324,2.421438694000244e-08,1.1920928955078125e-07,-1.8366476695064193e-07,0.0,True
heavy_dissipation,1,4752,98,11.14434814453125,3.212634801864624,2.2351741790771484e-08,1.1920928955078125e-07,-1.496021582170215e-07,0.0,True
heavy_dissipation,1,4752,99,11.146636962890625,3.204556703567505,2.468004822731018e-08,1.1920928955078125e-07,-1.5710607215169148e-07,0.0,True
heavy_dissipation,1,4752,100,11.1486234664917,3.1977014541625977,2.0954757928848267e-08,1.1920928955078125e-07,-1.340054751608477e-07,0.0,True
heavy_dissipation,2,4826,1,9.971973419189453,8.914112091064453,1.955777406692505e-08,1.1920928955078125e-07,-1.2034415419748257e-07,0.0,True
heavy_dissipation,2,4826,2,10.114315032958984,8.671361923217773,1.5366822481155396e-08,1.1920928955078125e-07,-1.4462277420079772e-07,0.0,True
heavy_dissipation,2,4826,3,10.134321212768555,8.36034107208252,1.7229467630386353e-08,1.1920928955078125e-07,-1.3683512634088402e-07,0.0,True
heavy_dissipation,2,4826,4,10.145421981811523,8.043842315673828,1.210719347000122e-08,1.1920928955078125e-07,-1.5195550417956838e-07,0.0,True
heavy_dissipation,2,4826,5,10.166569709777832,7.728924751281738,1.30385160446167e-08,1.1920928955078125e-07,-1.5004344788849266e-07,0.0,True
heavy_dissipation,2,4826,6,10.19421100616455,7.400890827178955,1.4435499906539917e-08,1.1920928955078125e-07,-1.2385629588607117e-07,0.0,True
heavy_dissipation,2,4826,7,10.231517791748047,7.043036937713623,1.257285475730896e-08,1.1920928955078125e-07,-1.3777562912764552e-07,0.0,True
heavy_dissipation,2,4826,8,10.281397819519043,6.6414313316345215,1.210719347000122e-08,1.1920928955078125e-07,-1.4760809108338435e-07,0.0,True
heavy_dissipation,2,4826,9,10.337148666381836,6.1897172927856445,1.257285475730896e-08,1.1920928955078125e-07,-1.5233923988944298e-07,0.0,True
heavy_dissipation,2,4826,10,10.440191268920898,5.685844898223877,2.0023435354232788e-08,1.1920928955078125e-07,-1.5609792569648562e-07,0.0,True
heavy_dissipation,2,4826,11,10.592907905578613,5.141940593719482,1.5366822481155396e-08,1.1920928955078125e-07,-1.4188253771862946e-07,0.0,True
heavy_dissipation,2,4826,12,10.742572784423828,4.595185279846191,2.421438694000244e-08,1.1920928955078125e-07,-1.5957937193888938e-07,0.0,True
heavy_dissipation,2,4826,13,10.866742134094238,4.140578269958496,1.7229467630386353e-08,1.1920928955078125e-07,-1.6604181496404635e-07,0.0,True
heavy_dissipation,2,4826,14,10.973780632019043,3.837132692337036,1.955777406692505e-08,1.1920928955078125e-07,-1.681507626472012e-07,0.0,True
heavy_dissipation,2,4826,15,11.030876159667969,3.6384928226470947,1.7695128917694092e-08,1.1920928955078125e-07,-1.553002419996119e-07,0.0,True
heavy_dissipation,2,4826,16,11.067770957946777,3.495781183242798,2.1420419216156006e-08,1.1920928955078125e-07,-1.5959993504566228e-07,0.0,True
heavy_dissipation,2,4826,17,11.093310356140137,3.400723457336426,2.0489096641540527e-08,1.1920928955078125e-07,-2.2352044481976918e-07,0.0,True
heavy_dissipation,2,4826,18,11.112236022949219,3.3357086181640625,2.3283064365386963e-08,1.1920928955078125e-07,-1.5182713752892596e-07,0.0,True
heavy_dissipation,2,4826,19,11.127135276794434,3.286489248275757,2.2351741790771484e-08,1.1920928955078125e-07,-1.6526169588360062e-07,0.0,True
heavy_dissipation,2,4826,20,11.14028549194336,3.2456557750701904,2.421438694000244e-08,1.1920928955078125e-07,-1.4809809556481923e-07,0.0,True
heavy_dissipation,2,4826,21,11.151937484741211,3.209925651550293,1.909211277961731e-08,1.1920928955078125e-07,-1.6844359151946264e-07,0.0,True
heavy_dissipation,2,4826,22,11.162493705749512,3.1779887676239014,2.0023435354232788e-08,1.1920928955078125e-07,-1.6750774989304773e-07,0.0,True
heavy_dissipation,2,4826,23,11.171972274780273,3.149183988571167,2.2351741790771484e-08,1.1920928955078125e-07,-1.3841935242453474e-07,0.0,True
heavy_dissipation,2,4826,24,11.180706977844238,3.1231534481048584,2.561137080192566e-08,1.1920928955078125e-07,-1.7617151115700835e-07,0.0,True
heavy_dissipation,2,4826,25,11.188661575317383,3.0995945930480957,2.7474015951156616e-08,1.1920928955078125e-07,-2.1105013559008512e-07,0.0,True
heavy_dissipation,2,4826,26,11.196110725402832,3.0782933235168457,2.2351741790771484e-08,1.1920928955078125e-07,-1.7731851187363645e-07,0.0,True
heavy_dissipation,2,4826,27,11.20295524597168,3.0590310096740723,1.6763806343078613e-08,1.1920928955078125e-07,-1.5203998771085026e-07,0.0,True
heavy_dissipation,2,4826,28,11.209074974060059,3.0416665077209473,2.2817403078079224e-08,1.1920928955078125e-07,-1.512848086804297e-07,0.0,True
heavy_dissipation,2,4826,29,11.214214324951172,3.0261106491088867,1.862645149230957e-08,1.1920928955078125e-07,-2.0794679755908874e-07,0.0,True
heavy_dissipation,2,4826,30,11.2189302444458,3.0123016834259033,2.6542693376541138e-08,1.1920928955078125e-07,-1.7149037034869252e-07,0.0,True
heavy_dissipation,2,4826,31,11.223421096801758,3.0000436305999756,2.468004822731018e-08,1.1920928955078125e-07,-1.709276915562441e-07,0.0,True
heavy_dissipation,2,4826,32,11.227141380310059,2.9891488552093506,2.0489096641540527e-08,1.1920928955078125e-07,-1.3968555379051395e-07,0.0,True
heavy_dissipation,2,4826,33,11.230524063110352,2.979602813720703,2.7474015951156616e-08,1.1920928955078125e-07,-1.8700434623042383e-07,0.0,True
heavy_dissipation,2,4826,34,11.23362922668457,2.9712653160095215,2.1420419216156006e-08,1.1920928955078125e-07,-1.456778733199826e-07,0.0,True
heavy_dissipation,2,4826,35,11.236193656921387,2.9640090465545654,2.0954757928848267e-08,1.1920928955078125e-07,-1.743090649597434e-07,0.0,True
heavy_dissipation,2,4826,36,11.238313674926758,2.957813024520874,2.3748725652694702e-08,1.1920928955078125e-07,-1.5717223789124546e-07,0.0,True
heavy_dissipation,2,4826,37,11.239697456359863,2.9525859355926514,2.3748725652694702e-08,1.1920928955078125e-07,-1.7190888002005522e-07,0.0,True
heavy_dissipation,2,4826,38,11.240729331970215,2.9483296871185303,2.514570951461792e-08,1.1920928955078125e-07,-1.6405542169195542e-07,0.0,True
heavy_dissipation,2,4826,39,11.241561889648438,2.944917917251587,2.3283064365386963e-08,1.1920928955078125e-07,-1.6460305118926044e-07,0.0,True
heavy_dissipation,2,4826,40,11.242324829101562,2.942214012145996,2.514570951461792e-08,1.1920928955078125e-07,-2.1341895717341686e-07,0.0,True
heavy_dissipation,2,4826,41,11.243027687072754,2.9400830268859863,1.955777406692505e-08,1.1920928955078125e-07,-1.9448256693976873e-07,0.0,True
heavy_dissipation,2,4826,42,11.243544578552246,2.938426971435547,1.955777406692505e-08,1.1920928955078125e-07,-1.7181390887799353e-07,0.0,True
heavy_dissipation,2,4826,43,11.24399471282959,2.937211275100708,2.3748725652694702e-08,1.1920928955078125e-07,-1.4184647056936228e-07,0.0,True
heavy_dissipation,2,4826,44,11.24443531036377,2.936368465423584,1.816079020500183e-08,1.1920928955078125e-07,-1.5938748276767e-07,0.0,True
heavy_dissipation,2,4826,45,11.244874000549316,2.935840606689453,2.514570951461792e-08,1.1920928955078125e-07,-1.3608762117200968e-07,0.0,True
heavy_dissipation,2,4826,46,11.245305061340332,2.935588836669922,2.2817403078079224e-08,1.1920928955078125e-07,-1.4875702447625372e-07,0.0,True
heavy_dissipation,2,4826,47,11.245549201965332,2.935586929321289,3.213062882423401e-08,1.1920928955078125e-07,-1.3657702879754652e-07,0.0,True
heavy_dissipation,2,4826,48,11.245488166809082,2.9358632564544678,2.3748725652694702e-08,1.1920928955078125e-07,-2.2244879005484108e-07,0.0,True
heavy_dissipation,2,4826,49,11.245316505432129,2.9364352226257324,2.0489096641540527e-08,1.1920928955078125e-07,-1.3724749692300975e-07,0.0,True
heavy_dissipation,2,4826,50,11.245086669921875,2.9372756481170654,2.0489096641540527e-08,1.1920928955078125e-07,-1.4395607195183402e-07,0.0,True
heavy_dissipation,2,4826,51,11.244840621948242,2.938359022140503,2.2817403078079224e-08,1.1920928955078125e-07,-1.5611652770530782e-07,0.0,True
heavy_dissipation,2,4826,52,11.24458122253418,2.9396603107452393,2.561137080192566e-08,1.1920928955078125e-07,-1.2101507707029668e-07,0.0,True
heavy_dissipation,2,4826,53,11.244314193725586,2.9411637783050537,1.6298145055770874e-08,1.1920928955078125e-07,-1.5740693015686702e-07,0.0,True
heavy_dissipation,2,4826,54,11.244038581848145,2.9428560733795166,1.6763806343078613e-08,1.1920928955078125e-07,-1.3293133349634445e-07,0.0,True
heavy_dissipation,2,4826,55,11.243762016296387,2.944725513458252,2.3283064365386963e-08,1.1920928955078125e-07,-1.8291387959834537e-07,0.0,True
heavy_dissipation,2,4826,56,11.243487358093262,2.946755886077881,2.1420419216156006e-08,1.1920928955078125e-07,-1.4842947848592303e-07,0.0,True
heavy_dissipation,2,4826,57,11.243224143981934,2.948925018310547,1.4901161193847656e-08,1.1920928955078125e-07,-1.711158574835281e-07,0.0,True
heavy_dissipation,2,4826,58,11.242976188659668,2.9511992931365967,2.1886080503463745e-08,1.1920928955078125e-07,-1.5221749549709784e-07,0.0,True
heavy_dissipation,2,4826,59,11.242757797241211,2.953533887863159,2.0023435354232788e-08,1.1920928955078125e-07,-1.8667044798803545e-07,0.0,True
heavy_dissipation,2,4826,60,11.242573738098145,2.9558730125427246,2.421438694000244e-08,1.1920928955078125e-07,-1.9027858400022524e-07,0.0,True
heavy_dissipation,2,4826,61,11.242437362670898,2.9581544399261475,1.955777406692505e-08,1.1920928955078125e-07,-1.6175559380826598e-07,0.0,True
heavy_dissipation,2,4826,62,11.242350578308105,2.9603159427642822,1.7229467630386353e-08,1.1920928955078125e-07,-1.5236483363878506e-07,0.0,True
heavy_dissipation,2,4826,63,11.242212295532227,2.962305784225464,2.2351741790771484e-08,1.1920928955078125e-07,-1.475922459803769e-07,0.0,True
heavy_dissipation,2,4826,64,11.242095947265625,2.964111089706421,2.2817403078079224e-08,1.1920928955078125e-07,-1.5067780623212457e-07,0.0,True
heavy_dissipation,2,4826,65,11.242010116577148,2.965711832046509,1.816079020500183e-08,1.1920928955078125e-07,-1.47185971854924e-07,0.0,True
heavy_dissipation,2,4826,66,11.241960525512695,2.9671082496643066,2.0489096641540527e-08,1.1920928955078125e-07,-1.5002433428890072e-07,0.0,True
heavy_dissipation,2,4826,67,11.241951942443848,2.9683125019073486,2.1420419216156006e-08,1.1920928955078125e-07,-1.834936682598709e-07,0.0,True
heavy_dissipation,2,4826,68,11.241975784301758,2.9693474769592285,2.0023435354232788e-08,1.1920928955078125e-07,-1.7783496275569632e-07,0.0,True
heavy_dissipation,2,4826,69,11.241861343383789,2.970241069793701,2.1886080503463745e-08,1.1920928955078125e-07,-1.8425910752739583e-07,0.0,True
heavy_dissipation,2,4826,70,11.241686820983887,2.971064567565918,2.0489096641540527e-08,1.1920928955078125e-07,-1.7135346297436627e-07,0.0,True
heavy_dissipation,2,4826,71,11.241538047790527,2.971844434738159,1.909211277961731e-08,1.1920928955078125e-07,-1.566661751439824e-07,0.0,True
heavy_dissipation,2,4826,72,11.241409301757812,2.9725844860076904,2.2351741790771484e-08,1.1920928955078125e-07,-1.7291196741098247e-07,0.0,True
heavy_dissipation,2,4826,73,11.241304397583008,2.9732935428619385,1.6298145055770874e-08,1.1920928955078125e-07,-1.991187872363298e-07,0.0,True
heavy_dissipation,2,4826,74,11.241217613220215,2.9739816188812256,2.7939677238464355e-08,1.1920928955078125e-07,-1.3672514853624307e-07,0.0,True
heavy_dissipation,2,4826,75,11.241141319274902,2.9746580123901367,2.514570951461792e-08,1.1920928955078125e-07,-1.9311207211103465e-07,0.0,True
heavy_dissipation,2,4826,76,11.241076469421387,2.9753329753875732,2.2817403078079224e-08,1.1920928955078125e-07,-1.3497903239567677e-07,0.0,True
heavy_dissipation,2,4826,77,11.241025924682617,2.976011276245117,2.7939677238464355e-08,1.1920928955078125e-07,-1.1760859308651561e-07,0.0,True
heavy_dissipation,2,4826,78,11.240987777709961,2.9766972064971924,2.1420419216156006e-08,1.1920928955078125e-07,-1.8357647491029638e-07,0.0,True
heavy_dissipation,2,4826,79,11.240962028503418,2.977391004562378,2.1420419216156006e-08,1.1920928955078125e-07,-1.3711736812638264e-07,0.0,True
heavy_dissipation,2,4826,80,11.240952491760254,2.9780898094177246,1.6763806343078613e-08,1.1920928955078125e-07,-1.7079275949072326e-07,0.0,True
heavy_dissipation,2,4826,81,11.240954399108887,2.9787893295288086,2.3748725652694702e-08,1.1920928955078125e-07,-1.8623626374392188e-07,0.0,True
heavy_dissipation,2,4826,82,11.240972518920898,2.9794821739196777,1.909211277961731e-08,1.1920928955078125e-07,-1.5596064883993677e-07,0.0,True
heavy_dissipation,2,4826,83,11.241006851196289,2.9801599979400635,2.2351741790771484e-08,1.1920928955078125e-07,-1.6316764117618732e-07,0.0,True
heavy_dissipation,2,4826,84,11.241034507751465,2.9808132648468018,2.3283064365386963e-08,1.1920928955078125e-07,-1.9817207430605777e-07,0.0,True
heavy_dissipation,2,4826,85,11.240918159484863,2.9814376831054688,2.0954757928848267e-08,1.1920928955078125e-07,-1.9740112122690334e-07,0.0,True
heavy_dissipation,2,4826,86,11.240750312805176,2.9820549488067627,2.421438694000244e-08,1.1920928955078125e-07,-1.387209778158649e-07,0.0,True
heavy_dissipation,2,4826,87,11.240598678588867,2.982654571533203,2.514570951461792e-08,1.1920928955078125e-07,-1.8708698235059273e-07,0.0,True
heavy_dissipation,2,4826,88,11.240458488464355,2.983217716217041,1.816079020500183e-08,1.1920928955078125e-07,-1.342644964097417e-07,0.0,True
heavy_dissipation,2,4826,89,11.24032974243164,2.983734130859375,2.2817403078079224e-08,1.1920928955078125e-07,-1.4334902687096474e-07,0.0,True
heavy_dissipation,2,4826,90,11.240215301513672,2.9842000007629395,1.3969838619232178e-08,1.1920928955078125e-07,-1.4763816125196172e-07,0.0,True
heavy_dissipation,2,4826,91,11.24011516571045,2.9846127033233643,2.2351741790771484e-08,1.1920928955078125e-07,-1.635734179217252e-07,0.0,True
heavy_dissipation,2,4826,92,11.240026473999023,2.9849743843078613,1.6298145055770874e-08,1.1920928955078125e-07,-1.3598889836430317e-07,0.0,True
heavy_dissipation,2,4826,93,11.239951133728027,2.98528790473938,2.514570951461792e-08,1.1920928955078125e-07,-1.3481343330568052e-07,0.0,True
heavy_dissipation,2,4826,94,11.239884376525879,2.985557794570923,2.2817403078079224e-08,1.1920928955078125e-07,-1.4264563219512638e-07,0.0,True
heavy_dissipation,2,4826,95,11.239829063415527,2.985788583755493,1.6763806343078613e-08,1.1920928955078125e-07,-1.2824601469674235e-07,0.0,True
heavy_dissipation,2,4826,96,11.239778518676758,2.9859859943389893,1.4901161193847656e-08,1.1920928955078125e-07,-1.7363653626034647e-07,0.0,True
heavy_dissipation,2,4826,97,11.239737510681152,2.9861538410186768,2.60770320892334e-08,1.1920928955078125e-07,-1.404826122097802e-07,0.0,True
heavy_dissipation,2,4826,98,11.239702224731445,2.9862966537475586,2.0489096641540527e-08,1.1920928955078125e-07,-1.738530528427873e-07,0.0,True
heavy_dissipation,2,4826,99,11.23967170715332,2.986417770385742,1.816079020500183e-08,1.1920928955078125e-07,-1.5163627153924608e-07,0.0,True
heavy_dissipation,2,4826,100,11.239645004272461,2.986521005630493,2.561137080192566e-08,1.1920928955078125e-07,-2.0429762059848144e-07,0.0,True
heavy_dissipation,3,5494,1,9.859844207763672,9.238310813903809,8.381903171539307e-09,1.1920928955078125e-07,-1.0081386392357672e-07,0.0,True
heavy_dissipation,3,5494,2,9.926630973815918,9.186036109924316,1.210719347000122e-08,1.1920928955078125e-07,-1.7185695355692587e-07,0.0,True
heavy_dissipation,3,5494,3,9.895692825317383,9.035714149475098,8.381903171539307e-09,5.960464477539063e-08,-2.1280862938510836e-07,0.0,True
heavy_dissipation,3,5494,4,9.884234428405762,8.898151397705078,9.778887033462524e-09,1.1920928955078125e-07,-1.668918798714003e-07,0.0,True
heavy_dissipation,3,5494,5,9.875349998474121,8.761693954467773,1.4901161193847656e-08,1.1920928955078125e-07,-1.4286571570210072e-07,0.0,True
heavy_dissipation,3,5494,6,9.870430946350098,8.62707233428955,8.381903171539307e-09,1.1920928955078125e-07,-1.837658771819406e-07,0.0,True
heavy_dissipation,3,5494,7,9.866271018981934,8.490039825439453,9.313225746154785e-09,1.1920928955078125e-07,-1.5673306563712686e-07,0.0,True
heavy_dissipation,3,5494,8,9.864706993103027,8.347939491271973,6.984919309616089e-09,1.1920928955078125e-07,-1.524954740261819e-07,0.0,True
heavy_dissipation,3,5494,9,9.86599349975586,8.198110580444336,9.778887033462524e-09,1.1920928955078125e-07,-1.489286489686492e-07,0.0,True
heavy_dissipation,3,5494,10,9.869354248046875,8.037341117858887,1.7229467630386353e-08,1.1920928955078125e-07,-1.1020421908369826e-07,0.0,True
heavy_dissipation,3,5494,11,9.87391185760498,7.862310886383057,9.778887033462524e-09,1.1920928955078125e-07,-1.511771046125432e-07,0.0,True
heavy_dissipation,3,5494,12,9.874272346496582,7.664448261260986,1.0244548320770264e-08,1.1920928955078125e-07,-1.3000439480492787e-07,0.0,True
heavy_dissipation,3,5494,13,9.872428894042969,7.4178266525268555,1.30385160446167e-08,1.1920928955078125e-07,-1.6687221204847447e-07,0.0,True
heavy_dissipation,3,5494,14,9.864721298217773,7.110586643218994,1.6763806343078613e-08,1.1920928955078125e-07,-1.1954834633343125e-07,0.0,True
heavy_dissipation,3,5494,15,9.822786331176758,6.7693305015563965,1.3969838619232178e-08,1.1920928955078125e-07,-1.525862387552479e-07,0.0,True
heavy_dissipation,3,5494,16,9.749045372009277,6.469829082489014,1.6763806343078613e-08,1.1920928955078125e-07,-1.2783208092059795e-07,0.0,True
heavy_dissipation,3,5494,17,9.687681198120117,6.241983890533447,1.3969838619232178e-08,1.1920928955078125e-07,-8.962270925394478e-08,0.0,True
heavy_dissipation,3,5494,18,9.632211685180664,6.012044429779053,1.5366822481155396e-08,1.1920928955078125e-07,-1.489114254127344e-07,0.0,True
heavy_dissipation,3,5494,19,9.673544883728027,5.738757133483887,1.7229467630386353e-08,1.1920928955078125e-07,-1.2391807047151815e-07,0.0,True
heavy_dissipation,3,5494,20,9.913549423217773,5.399653434753418,1.210719347000122e-08,1.1920928955078125e-07,-1.4439004303312686e-07,0.0,True
heavy_dissipation,3,5494,21,10.187678337097168,5.000667095184326,1.30385160446167e-08,1.1920928955078125e-07,-1.5215746884678083e-07,0.0,True
heavy_dissipation,3,5494,22,10.40973949432373,4.620375156402588,1.7229467630386353e-08,1.1920928955078125e-07,-1.2617324784969242e-07,0.0,True
heavy_dissipation,3,5494,23,10.670063018798828,4.330192565917969,1.6298145055770874e-08,1.1920928955078125e-07,-1.6622902876406442e-07,0.0,True
heavy_dissipation,3,5494,24,10.822310447692871,4.1064958572387695,1.5832483768463135e-08,1.1920928955078125e-07,-1.2064747068052384e-07,0.0,True
heavy_dissipation,3,5494,25,10.902806282043457,3.939124345779419,1.5366822481155396e-08,1.1920928955078125e-07,-1.561868003818745e-07,0.0,True
heavy_dissipation,3,5494,26,10.945150375366211,3.81581711769104,1.6298145055770874e-08,1.1920928955078125e-07,-1.3866987558230903e-07,0.0,True
heavy_dissipation,3,5494,27,10.972557067871094,3.7230167388916016,1.909211277961731e-08,1.1920928955078125e-07,-1.8424448455789388e-07,0.0,True
heavy_dissipation,3,5494,28,10.993608474731445,3.649171829223633,2.7008354663848877e-08,1.1920928955078125e-07,-1.728687095692294e-07,0.0,True
heavy_dissipation,3,5494,29,11.011129379272461,3.587667942047119,1.5366822481155396e-08,1.1920928955078125e-07,-1.9867387379690626e-07,0.0,True
heavy_dissipation,3,5494,30,11.026664733886719,3.534801721572876,2.2351741790771484e-08,1.1920928955078125e-07,-1.7947422747965902e-07,0.0,True
heavy_dissipation,3,5494,31,11.040332794189453,3.488316535949707,2.421438694000244e-08,1.1920928955078125e-07,-1.4892981425873586e-07,0.0,True
heavy_dissipation,3,5494,32,11.052648544311523,3.4468636512756348,2.0023435354232788e-08,1.1920928955078125e-07,-1.3167914403311443e-07,0.0,True
heavy_dissipation,3,5494,33,11.064255714416504,3.409505605697632,2.2351741790771484e-08,1.1920928955078125e-07,-1.5927892604850058e-07,0.0,True
heavy_dissipation,3,5494,34,11.074734687805176,3.375478744506836,2.2351741790771484e-08,1.1920928955078125e-07,-1.5718588031177205e-07,0.0,True
heavy_dissipation,3,5494,35,11.08456039428711,3.344346046447754,2.8405338525772095e-08,1.1920928955078125e-07,-1.990984941357965e-07,0.0,True
heavy_dissipation,3,5494,36,11.094040870666504,3.3156940937042236,1.909211277961731e-08,1.1920928955078125e-07,-1.3266210885376495e-07,0.0,True
heavy_dissipation,3,5494,37,11.10322380065918,3.289177417755127,1.816079020500183e-08,1.1920928955078125e-07,-1.5365651506726863e-07,0.0,True
heavy_dissipation,3,5494,38,11.112083435058594,3.264552354812622,2.6542693376541138e-08,1.1920928955078125e-07,-1.4644287205101136e-07,0.0,True
heavy_dissipation,3,5494,39,11.120476722717285,3.241654634475708,2.1886080503463745e-08,1.1920928955078125e-07,-1.3562817002821248e-07,0.0,True
heavy_dissipation,3,5494,40,11.128162384033203,3.2203922271728516,1.955777406692505e-08,1.1920928955078125e-07,-1.3209655946866405e-07,0.0,True
heavy_dissipation,3,5494,41,11.13514232635498,3.2007381916046143,2.7008354663848877e-08,1.1920928955078125e-07,-1.3689412980966154e-07,0.0,True
heavy_dissipation,3,5494,42,11.141913414001465,3.1826441287994385,1.955777406692505e-08,1.1920928955078125e-07,-2.069634490453609e-07,0.0,True
heavy_dissipation,3,5494,43,11.148542404174805,3.165956497192383,1.4901161193847656e-08,1.1920928955078125e-07,-1.4644062673596636e-07,0.0,True
heavy_dissipation,3,5494,44,11.155056953430176,3.1505513191223145,1.816079020500183e-08,1.1920928955078125e-07,-1.6557369519887288e-07,0.0,True
heavy_dissipation,3,5494,45,11.16146183013916,3.1363301277160645,2.421438694000244e-08,1.1920928955078125e-07,-1.6698548677140934e-07,0.0,True
heavy_dissipation,3,5494,46,11.167654037475586,3.123217821121216,2.2817403078079224e-08,1.1920928955078125e-07,-1.4749402055258543e-07,0.0,True
heavy_dissipation,3,5494,47,11.172714233398438,3.1111745834350586,2.2817403078079224e-08,1.1920928955078125e-07,-1.6387025425501633e-07,0.0,True
heavy_dissipation,3,5494,48,11.177108764648438,3.1003525257110596,2.561137080192566e-08,1.1920928955078125e-07,-1.689313364749978e-07,0.0,True
heavy_dissipation,3,5494,49,11.181008338928223,3.0906782150268555,2.421438694000244e-08,1.1920928955078125e-07,-1.2423302564457117e-07,0.0,True
heavy_dissipation,3,5494,50,11.184173583984375,3.08207106590271,2.468004822731018e-08,1.1920928955078125e-07,-1.5502071448736388e-07,0.0,True
heavy_dissipation,3,5494,51,11.187124252319336,3.074517011642456,1.955777406692505e-08,1.1920928955078125e-07,-1.3446123148241895e-07,0.0,True
heavy_dissipation,3,5494,52,11.18989086151123,3.067875623703003,1.862645149230957e-08,1.1920928955078125e-07,-1.5255002949743357e-07,0.0,True
heavy_dissipation,3,5494,53,11.192323684692383,3.062044382095337,1.862645149230957e-08,1.1920928955078125e-07,-1.5156676624883403e-07,0.0,True
heavy_dissipation,3,5494,54,11.194637298583984,3.056983232498169,2.7008354663848877e-08,1.1920928955078125e-07,-1.4815664428624586e-07,0.0,True
heavy_dissipation,3,5494,55,11.196877479553223,3.0525946617126465,2.1420419216156006e-08,1.1920928955078125e-07,-1.617271863096903e-07,0.0,True
heavy_dissipation,3,5494,56,11.198901176452637,3.0488011837005615,2.421438694000244e-08,1.1920928955078125e-07,-2.4205698423429567e-07,0.0,True
heavy_dissipation,3,5494,57,11.200425148010254,3.0455703735351562,2.60770320892334e-08,1.1920928955078125e-07,-1.4911958601260267e-07,0.0,True
heavy_dissipation,3,5494,58,11.201765060424805,3.042919158935547,1.909211277961731e-08,1.1920928955078125e-07,-1.37479560180509e-07,0.0,True
heavy_dissipation,3,5494,59,11.202958106994629,3.0407700538635254,2.1886080503463745e-08,1.1920928955078125e-07,-1.7825618670030963e-07,0.0,True
heavy_dissipation,3,5494,60,11.203901290893555,3.0390594005584717,1.862645149230957e-08,1.1920928955078125e-07,-1.6044826622874098e-07,0.0,True
heavy_dissipation,3,5494,61,11.204631805419922,3.0377559661865234,2.1886080503463745e-08,1.1920928955078125e-07,-1.1854233861186003e-07,0.0,True
heavy_dissipation,3,5494,62,11.20510482788086,3.036816358566284,2.0023435354232788e-08,1.1920928955078125e-07,-1.4356871247400704e-07,0.0,True
heavy_dissipation,3,5494,63,11.205509185791016,3.0362231731414795,2.1886080503463745e-08,1.1920928955078125e-07,-1.7319007383775897e-07,0.0,True
heavy_dissipation,3,5494,64,11.205887794494629,3.035911798477173,2.8870999813079834e-08,1.1920928955078125e-07,-1.9450399690867926e-07,0.0,True
heavy_dissipation,3,5494,65,11.206223487854004,3.035825729370117,1.7695128917694092e-08,1.1920928955078125e-07,-1.4352998789490812e-07,0.0,True
heavy_dissipation,3,5494,66,11.206436157226562,3.0359320640563965,1.6763806343078613e-08,1.1920928955078125e-07,-1.7137250551968464e-07,0.0,True
heavy_dissipation,3,5494,67,11.206565856933594,3.0362279415130615,1.6763806343078613e-08,1.1920928955078125e-07,-1.770155932945272e-07,0.0,True
heavy_dissipation,3,5494,68,11.20667839050293,3.0366923809051514,2.2817403078079224e-08,1.1920928955078125e-07,-1.7054485113021656e-07,0.0,True
heavy_dissipation,3,5494,69,11.206686019897461,3.0372962951660156,2.0023435354232788e-08,1.1920928955078125e-07,-1.285892210489692e-07,0.0,True
heavy_dissipation,3,5494,70,11.20663833618164,3.0380430221557617,2.6542693376541138e-08,1.1920928955078125e-07,-1.8373162902207696e-07,0.0,True
heavy_dissipation,3,5494,71,11.206570625305176,3.0389175415039062,2.3283064365386963e-08,1.1920928955078125e-07,-1.3320996572474542e-07,0.0,True
heavy_dissipation,3,5494,72,11.206489562988281,3.0399041175842285,2.1420419216156006e-08,1.1920928955078125e-07,-1.3697463430162315e-07,0.0,True
heavy_dissipation,3,5494,73,11.206404685974121,3.040989637374878,2.2817403078079224e-08,1.1920928955078125e-07,-1.588596774126927e-07,0.0,True
heavy_dissipation,3,5494,74,11.206310272216797,3.0421667098999023,2.1886080503463745e-08,1.1920928955078125e-07,-1.5965076727297856e-07,0.0,True
heavy_dissipation,3,5494,75,11.206212997436523,3.0434305667877197,2.1420419216156006e-08,1.1920928955078125e-07,-1.66093926168287e-07,0.0,True
heavy_dissipation,3,5494,76,11.206113815307617,3.0447797775268555,1.7695128917694092e-08,1.1920928955078125e-07,-1.423386635224233e-07,0.0,True
heavy_dissipation,3,5494,77,11.206014633178711,3.0462167263031006,1.5832483768463135e-08,1.1920928955078125e-07,-1.2957332273799693e-07,0.0,True
heavy_dissipation,3,5494,78,11.205914497375488,3.0477447509765625,2.421438694000244e-08,1.1920928955078125e-07,-1.4412756854653708e-07,0.0,True
heavy_dissipation,3,5494,79,11.205816268920898,3.0493671894073486,1.6763806343078613e-08,1.1920928955078125e-07,-1.9002280282620632e-07,0.0,True
heavy_dissipation,3,5494,80,11.20572280883789,3.0510880947113037,2.1886080503463745e-08,1.1920928955078125e-07,-1.3089757544548775e-07,0.0,True
heavy_dissipation,3,5494,81,11.205458641052246,3.0529093742370605,1.955777406692505e-08,1.1920928955078125e-07,-1.6170292838069145e-07,0.0,True
heavy_dissipation,3,5494,82,11.205034255981445,3.054868221282959,2.1420419216156006e-08,1.1920928955078125e-07,-1.4872210840621847e-07,0.0,True
heavy_dissipation,3,5494,83,11.2045316696167,3.056973457336426,2.3283064365386963e-08,1.1920928955078125e-07,-1.2669067928072764e-07,0.0,True
heavy_dissipation,3,5494,84,11.20403003692627,3.0592005252838135,2.1886080503463745e-08,1.1920928955078125e-07,-1.9845063548018516e-07,0.0,True
heavy_dissipation,3,5494,85,11.203530311584473,3.0615074634552,2.7939677238464355e-08,1.1920928955078125e-07,-1.58277202899626e-07,0.0,True
heavy_dissipation,3,5494,86,11.203047752380371,3.0638484954833984,2.3748725652694702e-08,1.1920928955078125e-07,-1.9025939934635971e-07,0.0,True
heavy_dissipation,3,5494,87,11.202584266662598,3.0661780834198,2.2817403078079224e-08,1.1920928955078125e-07,-1.515162608711762e-07,0.0,True
heavy_dissipation,3,5494,88,11.202147483825684,3.0684497356414795,2.3283064365386963e-08,1.1920928955078125e-07,-1.370401037092961e-07,0.0,True
heavy_dissipation,3,5494,89,11.201738357543945,3.070622205734253,2.421438694000244e-08,1.1920928955078125e-07,-1.365982313927816e-07,0.0,True
heavy_dissipation,3,5494,90,11.201361656188965,3.0726616382598877,2.2817403078079224e-08,1.1920928955078125e-07,-1.4939570291971904e-07,0.0,True
heavy_dissipation,3,5494,91,11.201017379760742,3.0745458602905273,1.6298145055770874e-08,1.1920928955078125e-07,-1.289688498218311e-07,0.0,True
heavy_dissipation,3,5494,92,11.200699806213379,3.0762646198272705,1.862645149230957e-08,1.1920928955078125e-07,-1.6347850362308236e-07,0.0,True
heavy_dissipation,3,5494,93,11.200409889221191,3.077819585800171,1.7229467630386353e-08,1.1920928955078125e-07,-1.4931652003724594e-07,0.0,True
heavy_dissipation,3,5494,94,11.200139045715332,3.079220771789551,2.2351741790771484e-08,1.1920928955078125e-07,-1.4969711514822848e-07,0.0,True
heavy_dissipation,3,5494,95,11.199873924255371,3.080486297607422,2.3748725652694702e-08,1.1920928955078125e-07,-1.985560231787531e-07,0.0,True
heavy_dissipation,3,5494,96,11.19960880279541,3.0816357135772705,2.0489096641540527e-08,1.1920928955078125e-07,-1.5027566746539378e-07,0.0,True
heavy_dissipation,3,5494,97,11.199357032775879,3.082690954208374,1.30385160446167e-08,1.1920928955078125e-07,-1.8476737295713974e-07,0.0,True
heavy_dissipation,3,5494,98,11.199121475219727,3.083665132522583,1.909211277961731e-08,1.1920928955078125e-07,-1.4218670685295365e-07,0.0,True
heavy_dissipation,3,5494,99,11.19890022277832,3.084569215774536,2.2817403078079224e-08,1.1920928955078125e-07,-1.8423118319788045e-07,0.0,True
heavy_dissipation,3,5494,100,11.198690414428711,3.0854127407073975,1.862645149230957e-08,1.1920928955078125e-07,-1.2667601367866155e-07,0.0,True
heavy_dissipation,4,5667,1,10.530386924743652,6.315273284912109,1.30385160446167e-08,1.1920928955078125e-07,-1.9049980437557679e-07,0.0,True
heavy_dissipation,4,5667,2,10.556632995605469,6.149643898010254,1.0710209608078003e-08,1.1920928955078125e-07,-1.7521732331715612e-07,0.0,True
heavy_dissipation,4,5667,3,10.525995254516602,6.028043270111084,1.0244548320770264e-08,1.1920928955078125e-07,-1.6610164266239735e-07,0.0,True
heavy_dissipation,4,5667,4,10.510711669921875,5.9693603515625,9.313225746154785e-09,5.960464477539063e-08,-1.8633868137385434e-07,0.0,True
heavy_dissipation,4,5667,5,10.501570701599121,5.949405193328857,1.0710209608078003e-08,1.1920928955078125e-07,-1.688104589447903e-07,0.0,True
heavy_dissipation,4,5667,6,10.501457214355469,5.9414520263671875,1.30385160446167e-08,1.1920928955078125e-07,-1.4395973835235054e-07,0.0,True
heavy_dissipation,4,5667,7,10.503702163696289,5.927286624908447,9.778887033462524e-09,1.1920928955078125e-07,-1.426966065309898e-07,0.0,True
heavy_dissipation,4,5667,8,10.50437068939209,5.895378589630127,1.4901161193847656e-08,1.1920928955078125e-07,-1.49541307337131e-07,0.0,True
heavy_dissipation,4,5667,9,10.498128890991211,5.832791328430176,9.313225746154785e-09,1.1920928955078125e-07,-1.5204307146632345e-07,0.0,True
heavy_dissipation,4,5667,10,10.487873077392578,5.727502822875977,1.3504177331924438e-08,1.1920928955078125e-07,-1.6025377647110872e-07,0.0,True
heavy_dissipation,4,5667,11,10.475630760192871,5.568691730499268,1.0710209608078003e-08,1.1920928955078125e-07,-2.829686707173096e-07,0.0,True
heavy_dissipation,4,5667,12,10.46343994140625,5.357130527496338,1.5832483768463135e-08,1.1920928955078125e-07,-1.3180432745230064e-07,0.0,True
heavy_dissipation,4,5667,13,10.453166961669922,5.126190662384033,1.5832483768463135e-08,1.1920928955078125e-07,-2.6564333666101447e-07,0.0,True
heavy_dissipation,4,5667,14,10.43526554107666,4.9817891120910645,1.0710209608078003e-08,1.1920928955078125e-07,-1.513956817689177e-07,0.0,True
heavy_dissipation,4,5667,15,10.389816284179688,5.020121097564697,1.257285475730896e-08,1.1920928955078125e-07,-2.610697720228927e-07,0.0,True
heavy_dissipation,4,5667,16,10.370617866516113,5.064775466918945,1.4901161193847656e-08,1.1920928955078125e-07,-1.5179762158368248e-07,0.0,True
heavy_dissipation,4,5667,17,10.34644603729248,5.073179244995117,9.778887033462524e-09,1.1920928955078125e-07,-1.665447939558362e-07,0.0,True
heavy_dissipation,4,5667,18,10.331930160522461,5.076873302459717,1.5832483768463135e-08,1.1920928955078125e-07,-1.0747244516551291e-07,0.0,True
heavy_dissipation,4,5667,19,10.32608413696289,5.085113525390625,9.778887033462524e-09,1.1920928955078125e-07,-1.7207136693286884e-07,0.0,True
heavy_dissipation,4,5667,20,10.32780647277832,5.087827205657959,1.4435499906539917e-08,1.1920928955078125e-07,-1.1768388930022411e-07,0.0,True
heavy_dissipation,4,5667,21,10.325578689575195,5.0831217765808105,9.778887033462524e-09,1.1920928955078125e-07,-1.128666653471555e-07,0.0,True
heavy_dissipation,4,5667,22,10.315397262573242,5.08504581451416,1.0244548320770264e-08,1.1920928955078125e-07,-1.7613143654671148e-07,0.0,True
heavy_dissipation,4,5667,23,10.301342010498047,5.1136932373046875,1.210719347000122e-08,1.1920928955078125e-07,-1.045343509531449e-07,0.0,True
heavy_dissipation,4,5667,24,10.284945487976074,5.186840534210205,1.6298145055770874e-08,1.1920928955078125e-07,-1.2655624459512183e-07,0.0,True
heavy_dissipation,4,5667,25,10.268264770507812,5.309840202331543,1.955777406692505e-08,1.1920928955078125e-07,-1.4997482367107295e-07,0.0,True
heavy_dissipation,4,5667,26,10.230552673339844,5.460643768310547,1.4901161193847656e-08,1.1920928955078125e-07,-1.567630221188665e-07,0.0,True
heavy_dissipation,4,5667,27,10.198771476745605,5.585211277008057,1.4901161193847656e-08,1.1920928955078125e-07,-1.550213823975355e-07,0.0,True
heavy_dissipation,4,5667,28,10.215354919433594,5.633293628692627,1.909211277961731e-08,1.1920928955078125e-07,-1.0776170711324085e-07,0.0,True
heavy_dissipation,4,5667,29,10.37531852722168,5.546167373657227,2.1420419216156006e-08,1.1920928955078125e-07,-1.480834725953173e-07,0.0,True
heavy_dissipation,4,5667,30,10.597695350646973,5.314704418182373,1.862645149230957e-08,1.1920928955078125e-07,-1.0629801749928447e-07,0.0,True
heavy_dissipation,4,5667,31,10.774389266967773,4.9979567527771,1.5832483768463135e-08,1.1920928955078125e-07,-2.159543583957202e-07,0.0,True
heavy_dissipation,4,5667,32,10.872612953186035,4.658857345581055,1.6763806343078613e-08,1.1920928955078125e-07,-1.3004063248445163e-07,0.0,True
heavy_dissipation,4,5667,33,10.93255615234375,4.3568291664123535,1.862645149230957e-08,1.1920928955078125e-07,-1.698309830544531e-07,0.0,True
heavy_dissipation,4,5667,34,10.98478889465332,4.137848854064941,2.0023435354232788e-08,1.1920928955078125e-07,-1.6924199996992684e-07,0.0,True
heavy_dissipation,4,5667,35,11.00984001159668,3.9792416095733643,1.5832483768463135e-08,1.1920928955078125e-07,-2.1338884437227534e-07,0.0,True
heavy_dissipation,4,5667,36,11.028905868530273,3.8415780067443848,2.2817403078079224e-08,1.1920928955078125e-07,-1.3204244453390857e-07,0.0,True
heavy_dissipation,4,5667,37,11.043289184570312,3.7289674282073975,2.421438694000244e-08,1.1920928955078125e-07,-1.6406215763709042e-07,0.0,True
heavy_dissipation,4,5667,38,11.054006576538086,3.6427993774414062,1.3969838619232178e-08,1.1920928955078125e-07,-1.3969123813240003e-07,0.0,True
heavy_dissipation,4,5667,39,11.063828468322754,3.5778658390045166,2.9802322387695312e-08,1.1920928955078125e-07,-1.369223383562712e-07,0.0,True
heavy_dissipation,4,5667,40,11.072924613952637,3.5263922214508057,1.909211277961731e-08,1.1920928955078125e-07,-1.1768482721663531e-07,0.0,True
heavy_dissipation,4,5667,41,11.081487655639648,3.482713222503662,1.955777406692505e-08,1.1920928955078125e-07,-1.2843275953855482e-07,0.0,True
heavy_dissipation,4,5667,42,11.090007781982422,3.4437978267669678,1.7229467630386353e-08,1.1920928955078125e-07,-1.597719574419898e-07,0.0,True
heavy_dissipation,4,5667,43,11.09863567352295,3.408108711242676,2.2351741790771484e-08,1.1920928955078125e-07,-1.433866572142506e-07,0.0,True
heavy_dissipation,4,5667,44,11.107287406921387,3.3748648166656494,2.2817403078079224e-08,1.1920928955078125e-07,-1.6564224836201902e-07,0.0,True
heavy_dissipation,4,5667,45,11.115864753723145,3.3436577320098877,1.955777406692505e-08,1.1920928955078125e-07,-1.4236476886253513e-07,0.0,True
heavy_dissipation,4,5667,46,11.124269485473633,3.314250946044922,2.3283064365386963e-08,1.1920928955078125e-07,-1.8150156222418445e-07,0.0,True
heavy_dissipation,4,5667,47,11.13210678100586,3.286498785018921,2.0023435354232788e-08,1.1920928955078125e-07,-1.993237788155966e-07,0.0,True
heavy_dissipation,4,5667,48,11.139287948608398,3.2603671550750732,2.1886080503463745e-08,1.1920928955078125e-07,-2.0128702260535647e-07,0.0,True
heavy_dissipation,4,5667,49,11.14624309539795,3.2358558177948,2.0489096641540527e-08,1.1920928955078125e-07,-1.766869104358193e-07,0.0,True
heavy_dissipation,4,5667,50,11.153145790100098,3.21281361579895,1.6298145055770874e-08,1.1920928955078125e-07,-1.5257930385814689e-07,0.0,True
heavy_dissipation,4,5667,51,11.159889221191406,3.1911277770996094,2.0489096641540527e-08,1.1920928955078125e-07,-1.6312105799443088e-07,0.0,True
heavy_dissipation,4,5667,52,11.166338920593262,3.170768976211548,1.7229467630386353e-08,1.1920928955078125e-07,-1.4451757124334108e-07,0.0,True
heavy_dissipation,4,5667,53,11.172435760498047,3.151764154434204,1.7695128917694092e-08,1.1920928955078125e-07,-1.3115032970745233e-07,0.0,True
heavy_dissipation,4,5667,54,11.17809009552002,3.1341488361358643,2.6542693376541138e-08,1.1920928955078125e-07,-1.7068228430616728e-07,0.0,True
heavy_dissipation,4,5667,55,11.183369636535645,3.1179697513580322,2.7939677238464355e-08,1.1920928955078125e-07,-2.2283326472916087e-07,0.0,True
heavy_dissipation,4,5667,56,11.18828010559082,3.1032426357269287,1.955777406692505e-08,1.1920928955078125e-07,-2.089349351308556e-07,0.0,True
heavy_dissipation,4,5667,57,11.192917823791504,3.0899689197540283,2.0954757928848267e-08,1.1920928955078125e-07,-1.8505615173580736e-07,0.0,True
heavy_dissipation,4,5667,58,11.197182655334473,3.0781209468841553,2.0023435354232788e-08,1.1920928955078125e-07,-2.052712630984388e-07,0.0,True
heavy_dissipation,4,5667,59,11.200665473937988,3.067702293395996,2.468004822731018e-08,1.1920928955078125e-07,-1.7124585838246276e-07,0.0,True
heavy_dissipation,4,5667,60,11.203710556030273,3.058767795562744,1.955777406692505e-08,1.1920928955078125e-07,-1.720176783237548e-07,0.0,True
heavy_dissipation,4,5667,61,11.206404685974121,3.051234483718872,2.0023435354232788e-08,1.1920928955078125e-07,-1.1651971476567269e-07,0.0,True
heavy_dissipation,4,5667,62,11.208393096923828,3.044975757598877,2.1420419216156006e-08,1.1920928955078125e-07,-1.949431975845073e-07,0.0,True
heavy_dissipation,4,5667,63,11.210075378417969,3.039923906326294,2.468004822731018e-08,1.1920928955078125e-07,-1.6169211392025318e-07,0.0,True
heavy_dissipation,4,5667,64,11.211591720581055,3.0359153747558594,2.0489096641540527e-08,1.1920928955078125e-07,-1.8448920968694438e-07,0.0,True
heavy_dissipation,4,5667,65,11.212808609008789,3.0327951908111572,1.909211277961731e-08,1.1920928955078125e-07,-1.4430479211569036e-07,0.0,True
heavy_dissipation,4,5667,66,11.213835716247559,3.0304794311523438,1.6763806343078613e-08,1.1920928955078125e-07,-1.5087081806086644e-07,0.0,True
heavy_dissipation,4,5667,67,11.214611053466797,3.028846263885498,1.955777406692505e-08,1.1920928955078125e-07,-1.220219729702876e-07,0.0,True
heavy_dissipation,4,5667,68,11.2151517868042,3.027803897857666,2.468004822731018e-08,1.1920928955078125e-07,-1.6432544214239897e-07,0.0,True
heavy_dissipation,4,5667,69,11.215609550476074,3.0272626876831055,2.0954757928848267e-08,1.1920928955078125e-07,-1.4410089477223664e-07,0.0,True
heavy_dissipation,4,5667,70,11.215811729431152,3.0271501541137695,2.561137080192566e-08,1.1920928955078125e-07,-1.54779002059513e-07,0.0,True
heavy_dissipation,4,5667,71,11.2157621383667,3.027463674545288,3.073364496231079e-08,1.1920928955078125e-07,-1.9945710505453462e-07,0.0,True
heavy_dissipation,4,5667,72,11.215709686279297,3.028151035308838,2.468004822731018e-08,1.1920928955078125e-07,-1.601659675998235e-07,0.0,True
heavy_dissipation,4,5667,73,11.215660095214844,3.0291242599487305,2.0023435354232788e-08,1.1920928955078125e-07,-1.4224497135728598e-07,0.0,True
heavy_dissipation,4,5667,74,11.215619087219238,3.030325174331665,2.0023435354232788e-08,1.1920928955078125e-07,-1.5471445635739656e-07,0.0,True
heavy_dissipation,4,5667,75,11.215585708618164,3.0317130088806152,1.955777406692505e-08,1.1920928955078125e-07,-1.2927473846957582e-07,0.0,True
heavy_dissipation,4,5667,76,11.21556568145752,3.033254623413086,2.514570951461792e-08,1.1920928955078125e-07,-1.4040907103662903e-07,0.0,True
heavy_dissipation,4,5667,77,11.215432167053223,3.0349221229553223,2.1420419216156006e-08,1.1920928955078125e-07,-1.780101257509159e-07,0.0,True
heavy_dissipation,4,5667,78,11.21526050567627,3.0367238521575928,2.1420419216156006e-08,1.1920928955078125e-07,-1.5173550593772234e-07,0.0,True
heavy_dissipation,4,5667,79,11.214972496032715,3.0386321544647217,1.862645149230957e-08,1.1920928955078125e-07,-1.9093900505140482e-07,0.0,True
heavy_dissipation,4,5667,80,11.214715003967285,3.040644645690918,1.6298145055770874e-08,1.1920928955078125e-07,-1.5123140428840998e-07,0.0,True
heavy_dissipation,4,5667,81,11.214495658874512,3.042695999145508,2.1420419216156006e-08,1.1920928955078125e-07,-1.7655008832662133e-07,0.0,True
heavy_dissipation,4,5667,82,11.214164733886719,3.0447328090667725,1.955777406692505e-08,1.1920928955078125e-07,-1.451581113087741e-07,0.0,True
heavy_dissipation,4,5667,83,11.213738441467285,3.0467400550842285,2.0023435354232788e-08,1.1920928955078125e-07,-1.8323758865790296e-07,0.0,True
heavy_dissipation,4,5667,84,11.213362693786621,3.0486884117126465,1.6298145055770874e-08,1.1920928955078125e-07,-1.8319390449050843e-07,0.0,True
heavy_dissipation,4,5667,85,11.213040351867676,3.0505177974700928,2.421438694000244e-08,1.1920928955078125e-07,-1.373726234987771e-07,0.0,True
heavy_dissipation,4,5667,86,11.212775230407715,3.0521926879882812,2.8870999813079834e-08,1.1920928955078125e-07,-1.3611436600058369e-07,0.0,True
heavy_dissipation,4,5667,87,11.212570190429688,3.0536892414093018,2.8405338525772095e-08,1.1920928955078125e-07,-1.704163565818817e-07,0.0,True
heavy_dissipation,4,5667,88,11.212424278259277,3.054994821548462,1.7695128917694092e-08,1.1920928955078125e-07,-1.3722964808948745e-07,0.0,True
heavy_dissipation,4,5667,89,11.212333679199219,3.0561060905456543,2.1886080503463745e-08,1.1920928955078125e-07,-1.4848548346435564e-07,0.0,True
heavy_dissipation,4,5667,90,11.212298393249512,3.0570261478424072,2.3748725652694702e-08,1.1920928955078125e-07,-1.4060950093153224e-07,0.0,True
heavy_dissipation,4,5667,91,11.212312698364258,3.0577642917633057,2.1886080503463745e-08,1.1920928955078125e-07,-1.3043776903032267e-07,0.0,True
heavy_dissipation,4,5667,92,11.212363243103027,3.0583338737487793,2.0489096641540527e-08,1.1920928955078125e-07,-1.518130545719032e-07,0.0,True
heavy_dissipation,4,5667,93,11.212457656860352,3.0587525367736816,2.3748725652694702e-08,1.1920928955078125e-07,-1.8549025071479264e-07,0.0,True
heavy_dissipation,4,5667,94,11.212596893310547,3.0590341091156006,1.909211277961731e-08,1.1920928955078125e-07,-1.918143368584424e-07,0.0,True
heavy_dissipation,4,5667,95,11.212776184082031,3.0591957569122314,2.0023435354232788e-08,1.1920928955078125e-07,-1.6449671136342658e-07,0.0,True
heavy_dissipation,4,5667,96,11.212990760803223,3.0592520236968994,1.7695128917694092e-08,1.1920928955078125e-07,-1.418174093714697e-07,0.0,True
heavy_dissipation,4,5667,97,11.213235855102539,3.059218645095825,1.5366822481155396e-08,1.1920928955078125e-07,-1.3726874215080898e-07,0.0,True
heavy_dissipation,4,5667,98,11.213513374328613,3.059110641479492,2.3748725652694702e-08,1.1920928955078125e-07,-1.744370337064538e-07,0.0,True
heavy_dissipation,4,5667,99,11.213814735412598,3.05894136428833,2.0023435354232788e-08,1.1920928955078125e-07,-1.2123582848744263e-07,0.0,True
heavy_dissipation,4,5667,100,11.214143753051758,3.058723211288452,1.7695128917694092e-08,1.1920928955078125e-07,-1.293240643462923e-07,0.0,True
heavy_dissipation,5,5741,1,10.355311393737793,7.640661716461182,2.1420419216156006e-08,1.1920928955078125e-07,-1.1881600414653803e-07,0.0,True
heavy_dissipation,5,5741,2,10.415125846862793,7.3290534019470215,1.816079020500183e-08,1.1920928955078125e-07,-1.7520606832022168e-07,0.0,True
heavy_dissipation,5,5741,3,10.433509826660156,6.925610542297363,1.5832483768463135e-08,1.1920928955078125e-07,-1.4343244458814297e-07,0.0,True
heavy_dissipation,5,5741,4,10.453781127929688,6.505415439605713,1.6298145055770874e-08,1.1920928955078125e-07,-1.6306734096360742e-07,0.0,True
heavy_dissipation,5,5741,5,10.482858657836914,6.068052768707275,2.0954757928848267e-08,1.1920928955078125e-07,-1.4289582850324223e-07,0.0,True
heavy_dissipation,5,5741,6,10.524431228637695,5.609004974365234,2.2817403078079224e-08,1.1920928955078125e-07,-1.9866607203766762e-07,0.0,True
heavy_dissipation,5,5741,7,10.602858543395996,5.125545024871826,1.6763806343078613e-08,1.1920928955078125e-07,-1.4733809905465023e-07,0.0,True
heavy_dissipation,5,5741,8,10.74033260345459,4.622643947601318,2.0954757928848267e-08,1.1920928955078125e-07,-1.7918253547577478e-07,0.0,True
heavy_dissipation,5,5741,9,10.8760404586792,4.129856109619141,1.5366822481155396e-08,1.1920928955078125e-07,-1.3509279028767196e-07,0.0,True
heavy_dissipation,5,5741,10,10.991074562072754,3.742013454437256,2.561137080192566e-08,1.1920928955078125e-07,-1.4251502022943896e-07,0.0,True
heavy_dissipation,5,5741,11,11.07081413269043,3.5025522708892822,2.0023435354232788e-08,1.1920928955078125e-07,-1.5631695760021103e-07,0.0,True
heavy_dissipation,5,5741,12,11.114738464355469,3.3462984561920166,2.3748725652694702e-08,1.1920928955078125e-07,-1.3958508304767747e-07,0.0,True
heavy_dissipation,5,5741,13,11.143470764160156,3.248877763748169,2.0023435354232788e-08,1.1920928955078125e-07,-1.840696910448969e-07,0.0,True
heavy_dissipation,5,5741,14,11.161352157592773,3.190150737762451,2.0489096641540527e-08,1.1920928955078125e-07,-1.8807472201842756e-07,0.0,True
heavy_dissipation,5,5741,15,11.174474716186523,3.1503448486328125,1.7229467630386353e-08,1.1920928955078125e-07,-1.8097983911502524e-07,0.0,True
heavy_dissipation,5,5741,16,11.185504913330078,3.118866443634033,1.955777406692505e-08,1.1920928955078125e-07,-1.6049537521212187e-07,0.0,True
heavy_dissipation,5,5741,17,11.195486068725586,3.091552495956421,2.3283064365386963e-08,1.1920928955078125e-07,-1.1920572262624773e-07,0.0,True
heavy_dissipation,5,5741,18,11.204710960388184,3.066962480545044,1.7695128917694092e-08,1.1920928955078125e-07,-1.651285685966286e-07,0.0,True
heavy_dissipation,5,5741,19,11.212278366088867,3.044640064239502,2.2817403078079224e-08,1.1920928955078125e-07,-1.595951886201874e-07,0.0,True
heavy_dissipation,5,5741,20,11.219122886657715,3.024634599685669,1.6763806343078613e-08,1.1920928955078125e-07,-1.706265919665384e-07,0.0,True
heavy_dissipation,5,5741,21,11.225617408752441,3.006767511367798,2.7939677238464355e-08,1.1920928955078125e-07,-1.513533334218664e-07,0.0,True
heavy_dissipation,5,5741,22,11.231436729431152,2.9908387660980225,2.2817403078079224e-08,1.1920928955078125e-07,-1.7337833924102597e-07,0.0,True
heavy_dissipation,5,5741,23,11.236339569091797,2.976797103881836,2.0023435354232788e-08,1.1920928955078125e-07,-1.9438125775650406e-07,0.0,True
heavy_dissipation,5,5741,24,11.240541458129883,2.9646291732788086,2.3283064365386963e-08,1.1920928955078125e-07,-2.1156583329684508e-07,0.0,True
heavy_dissipation,5,5741,25,11.24441146850586,2.954205274581909,2.60770320892334e-08,1.1920928955078125e-07,-1.5940857167606737e-07,0.0,True
heavy_dissipation,5,5741,26,11.247413635253906,2.9453141689300537,2.8405338525772095e-08,1.1920928955078125e-07,-2.142593871212739e-07,0.0,True
heavy_dissipation,5,5741,27,11.249561309814453,2.9379115104675293,2.60770320892334e-08,1.1920928955078125e-07,-1.973057379700549e-07,0.0,True
heavy_dissipation,5,5741,28,11.251092910766602,2.9319143295288086,2.561137080192566e-08,1.1920928955078125e-07,-1.43926783380266e-07,0.0,True
heavy_dissipation,5,5741,29,11.252305030822754,2.927159070968628,1.7695128917694092e-08,1.1920928955078125e-07,-1.5964826616254868e-07,0.0,True
heavy_dissipation,5,5741,30,11.253447532653809,2.9234306812286377,2.1886080503463745e-08,1.1920928955078125e-07,-2.0693482838396449e-07,0.0,True
heavy_dissipation,5,5741,31,11.254403114318848,2.9205024242401123,2.3283064365386963e-08,1.1920928955078125e-07,-1.50813207255851e-07,0.0,True
heavy_dissipation,5,5741,32,11.255349159240723,2.9182395935058594,3.073364496231079e-08,1.1920928955078125e-07,-1.779826419578967e-07,0.0,True
heavy_dissipation,5,5741,33,11.256255149841309,2.9164936542510986,2.1886080503463745e-08,1.1920928955078125e-07,-1.42373707490151e-07,0.0,True
heavy_dissipation,5,5741,34,11.257160186767578,2.9151611328125,2.3748725652694702e-08,1.1920928955078125e-07,-1.5096857453045232e-07,0.0,True
heavy_dissipation,5,5741,35,11.257940292358398,2.914153575897217,2.7939677238464355e-08,1.1920928955078125e-07,-1.290919726670836e-07,0.0,True
heavy_dissipation,5,5741,36,11.258496284484863,2.91343355178833,2.2351741790771484e-08,1.1920928955078125e-07,-1.5136656372760626e-07,0.0,True
heavy_dissipation,5,5741,37,11.258735656738281,2.9129855632781982,2.0023435354232788e-08,1.1920928955078125e-07,-1.552000270521603e-07,0.0,True
heavy_dissipation,5,5741,38,11.258957862854004,2.9128026962280273,2.561137080192566e-08,1.1920928955078125e-07,-1.2548640881959727e-07,0.0,True
heavy_dissipation,5,5741,39,11.259207725524902,2.9128000736236572,2.1886080503463745e-08,1.1920928955078125e-07,-1.4621278410231753e-07,0.0,True
heavy_dissipation,5,5741,40,11.25944995880127,2.9129159450531006,2.2817403078079224e-08,1.1920928955078125e-07,-1.6350848852653144e-07,0.0,True
heavy_dissipation,5,5741,41,11.259510040283203,2.9131221771240234,2.2351741790771484e-08,1.1920928955078125e-07,-1.3766532447334612e-07,0.0,True
heavy_dissipation,5,5741,42,11.259570121765137,2.913445472717285,2.1886080503463745e-08,1.1920928955078125e-07,-1.8489413378119934e-07,0.0,True
heavy_dissipation,5,5741,43,11.259648323059082,2.9138472080230713,1.862645149230957e-08,1.1920928955078125e-07,-1.6494017529566918e-07,0.0,True
heavy_dissipation,5,5741,44,11.259740829467773,2.914302349090576,1.955777406692505e-08,1.1920928955078125e-07,-1.660081210275166e-07,0.0,True
heavy_dissipation,5,5741,45,11.259846687316895,2.9147980213165283,2.0023435354232788e-08,1.1920928955078125e-07,-1.2898561863039504e-07,0.0,True
heavy_dissipation,5,5741,46,11.259753227233887,2.915327310562134,1.816079020500183e-08,1.1920928955078125e-07,-1.6243402001236973e-07,0.0,True
heavy_dissipation,5,5741,47,11.259665489196777,2.915947437286377,2.3283064365386963e-08,1.1920928955078125e-07,-2.4573296286689583e-07,0.0,True
heavy_dissipation,5,5741,48,11.259588241577148,2.9166321754455566,1.909211277961731e-08,1.1920928955078125e-07,-1.3657511033215997e-07,0.0,True
heavy_dissipation,5,5741,49,11.259519577026367,2.9173662662506104,1.862645149230957e-08,1.1920928955078125e-07,-1.299645049357423e-07,0.0,True
heavy_dissipation,5,5741,50,11.259458541870117,2.9181368350982666,2.514570951461792e-08,1.1920928955078125e-07,-1.0475550027422287e-07,0.0,True
heavy_dissipation,5,5741,51,11.259366989135742,2.9189321994781494,2.0023435354232788e-08,1.1920928955078125e-07,-1.6427594573542592e-07,0.0,True
heavy_dissipation,5,5741,52,11.259281158447266,2.9197516441345215,1.5366822481155396e-08,1.1920928955078125e-07,-1.7005251606860838e-07,0.0,True
heavy_dissipation,5,5741,53,11.25920581817627,2.9205775260925293,1.7229467630386353e-08,1.1920928955078125e-07,-1.4401740600078483e-07,0.0,True
heavy_dissipation,5,5741,54,11.25914478302002,2.921391487121582,2.0489096641540527e-08,1.1920928955078125e-07,-1.3781071572793735e-07,0.0,True
heavy_dissipation,5,5741,55,11.259101867675781,2.9221763610839844,2.0023435354232788e-08,1.1920928955078125e-07,-1.7123988982348237e-07,0.0,True
heavy_dissipation,5,5741,56,11.259076118469238,2.9229164123535156,1.862645149230957e-08,1.1920928955078125e-07,-1.8373670229721029e-07,0.0,True
heavy_dissipation,5,5741,57,11.259053230285645,2.9235994815826416,2.3283064365386963e-08,1.1920928955078125e-07,-1.5918151063942787e-07,0.0,True
heavy_dissipation,5,5741,58,11.259028434753418,2.9242210388183594,2.3748725652694702e-08,1.1920928955078125e-07,-1.6429950733254373e-07,0.0,True
heavy_dissipation,5,5741,59,11.25899600982666,2.9247803688049316,1.7695128917694092e-08,1.1920928955078125e-07,-1.3832149647896586e-07,0.0,True
heavy_dissipation,5,5741,60,11.258983612060547,2.9252800941467285,2.0954757928848267e-08,1.1920928955078125e-07,-1.4780265189529018e-07,0.0,True
heavy_dissipation,5,5741,61,11.258976936340332,2.9257161617279053,1.7229467630386353e-08,1.1920928955078125e-07,-1.5174401823969674e-07,0.0,True
heavy_dissipation,5,5741,62,11.258989334106445,2.9260921478271484,1.6763806343078613e-08,1.1920928955078125e-07,-1.6379098610741494e-07,0.0,True
heavy_dissipation,5,5741,63,11.258977890014648,2.9264118671417236,1.816079020500183e-08,1.1920928955078125e-07,-1.6363020449716714e-07,0.0,True
heavy_dissipation,5,5741,64,11.258984565734863,2.9266905784606934,2.0023435354232788e-08,1.1920928955078125e-07,-1.6532965219084872e-07,0.0,True
heavy_dissipation,5,5741,65,11.25900650024414,2.926927328109741,2.2817403078079224e-08,1.1920928955078125e-07,-1.828200595355156e-07,0.0,True
heavy_dissipation,5,5741,66,11.259047508239746,2.927123785018921,2.468004822731018e-08,1.1920928955078125e-07,-1.8368224630194163e-07,0.0,True
heavy_dissipation,5,5741,67,11.259102821350098,2.927281618118286,2.7474015951156616e-08,1.1920928955078125e-07,-1.7031470633810386e-07,0.0,True
heavy_dissipation,5,5741,68,11.259174346923828,2.9274039268493652,2.3748725652694702e-08,1.1920928955078125e-07,-1.3361695039293409e-07,0.0,True
heavy_dissipation,5,5741,69,11.259263038635254,2.9274933338165283,2.3748725652694702e-08,1.1920928955078125e-07,-2.186990286645596e-07,0.0,True
heavy_dissipation,5,5741,70,11.25936508178711,2.927551031112671,2.1420419216156006e-08,1.1920928955078125e-07,-1.2901722357128165e-07,0.0,True
heavy_dissipation,5,5741,71,11.25948429107666,2.9275803565979004,2.2351741790771484e-08,1.1920928955078125e-07,-1.592906215819312e-07,0.0,True
heavy_dissipation,5,5741,72,11.259615898132324,2.9275825023651123,1.862645149230957e-08,1.1920928955078125e-07,-1.7124223461451038e-07,0.0,True
heavy_dissipation,5,5741,73,11.259761810302734,2.9275600910186768,2.0489096641540527e-08,1.1920928955078125e-07,-1.2276628069685103e-07,0.0,True
heavy_dissipation,5,5741,74,11.259920120239258,2.9275143146514893,1.7695128917694092e-08,1.1920928955078125e-07,-1.5773346717651293e-07,0.0,True
heavy_dissipation,5,5741,75,11.260054588317871,2.9274473190307617,2.0954757928848267e-08,1.1920928955078125e-07,-1.556381619138847e-07,0.0,True
heavy_dissipation,5,5741,76,11.260183334350586,2.9273712635040283,1.3504177331924438e-08,1.1920928955078125e-07,-1.2945274363573844e-07,0.0,True
heavy_dissipation,5,5741,77,11.260321617126465,2.927288293838501,2.7474015951156616e-08,1.1920928955078125e-07,-1.3340014959339896e-07,0.0,True
heavy_dissipation,5,5741,78,11.260472297668457,2.927196741104126,1.955777406692505e-08,1.1920928955078125e-07,-1.9891515989911568e-07,0.0,True
heavy_dissipation,5,5741,79,11.260627746582031,2.9270966053009033,1.816079020500183e-08,1.1920928955078125e-07,-1.487144771772364e-07,0.0,True
heavy_dissipation,5,5741,80,11.260754585266113,2.9269888401031494,2.60770320892334e-08,1.1920928955078125e-07,-1.5424033961153327e-07,0.0,True
heavy_dissipation,5,5741,81,11.260807991027832,2.9268851280212402,2.3283064365386963e-08,1.1920928955078125e-07,-1.512962910510396e-07,0.0,True
heavy_dissipation,5,5741,82,11.26075267791748,2.9268033504486084,1.909211277961731e-08,1.1920928955078125e-07,-1.648637351081561e-07,0.0,True
heavy_dissipation,5,5741,83,11.260700225830078,2.9267632961273193,1.816079020500183e-08,1.1920928955078125e-07,-2.2360764262430166e-07,0.0,True
heavy_dissipation,5,5741,84,11.260647773742676,2.926748752593994,2.0489096641540527e-08,1.1920928955078125e-07,-1.469085333383191e-07,0.0,True
heavy_dissipation,5,5741,85,11.260600090026855,2.9267494678497314,2.1886080503463745e-08,1.1920928955078125e-07,-1.3757212968812382e-07,0.0,True
heavy_dissipation,5,5741,86,11.260554313659668,2.9267594814300537,1.862645149230957e-08,1.1920928955078125e-07,-1.4921957358637883e-07,0.0,True
heavy_dissipation,5,5741,87,11.260509490966797,2.926774740219116,1.7695128917694092e-08,1.1920928955078125e-07,-1.4913619850176474e-07,0.0,True
heavy_dissipation,5,5741,88,11.260469436645508,2.9267938137054443,2.0954757928848267e-08,1.1920928955078125e-07,-1.5033509725981276e-07,0.0,True
heavy_dissipation,5,5741,89,11.260429382324219,2.9268152713775635,1.6763806343078613e-08,1.1920928955078125e-07,-1.6916358447360835e-07,0.0,True
heavy_dissipation,5,5741,90,11.260392189025879,2.926837921142578,2.7474015951156616e-08,1.1920928955078125e-07,-1.708192627347671e-07,0.0,True
heavy_dissipation,5,5741,91,11.260355949401855,2.926861524581909,1.7229467630386353e-08,1.1920928955078125e-07,-1.5109581852357223e-07,0.0,True
heavy_dissipation,5,5741,92,11.260322570800781,2.9268860816955566,2.561137080192566e-08,1.1920928955078125e-07,-2.0450353588330472e-07,0.0,True
heavy_dissipation,5,5741,93,11.260287284851074,2.9269113540649414,2.1420419216156006e-08,1.1920928955078125e-07,-2.1396982674559695e-07,0.0,True
heavy_dissipation,5,5741,94,11.260254859924316,2.9269373416900635,2.421438694000244e-08,1.1920928955078125e-07,-1.4994181185556954e-07,0.0,True
heavy_dissipation,5,5741,95,11.260222434997559,2.9269638061523438,2.0023435354232788e-08,1.1920928955078125e-07,-1.5856639379308035e-07,0.0,True
heavy_dissipation,5,5741,96,11.260191917419434,2.9269917011260986,1.4435499906539917e-08,1.1920928955078125e-07,-1.7928034878877952e-07,0.0,True
heavy_dissipation,5,5741,97,11.260161399841309,2.927018880844116,2.3283064365386963e-08,1.1920928955078125e-07,-1.5193884905784216e-07,0.0,True
heavy_dissipation,5,5741,98,11.260130882263184,2.9270477294921875,2.7008354663848877e-08,1.1920928955078125e-07,-1.700834815210328e-07,0.0,True
heavy_dissipation,5,5741,99,11.260101318359375,2.927076578140259,2.7474015951156616e-08,1.1920928955078125e-07,-1.5985288825959287e-07,0.0,True
heavy_dissipation,5,5741,100,11.260072708129883,2.9271063804626465,2.3748725652694702e-08,1.1920928955078125e-07,-1.6698531624115276e-07,0.0,True
collapse,1,6336,1,9.87987232208252,33.50436782836914,1.257285475730896e-08,1.1920928955078125e-07,-1.5829840549486107e-07,0.0,True
collapse,1,6336,2,9.944439888000488,25.056861877441406,8.381903171539307e-09,1.1920928955078125e-07,-1.7457695378197968e-07,0.0,True
collapse,1,6336,3,9.898134231567383,22.671287536621094,1.0244548320770264e-08,1.1920928955078125e-07,-1.7161679011223896e-07,0.0,True
collapse,1,6336,4,9.790013313293457,21.965044021606445,6.05359673500061e-09,1.1920928955078125e-07,-2.1095127067383146e-07,0.0,True
collapse,1,6336,5,9.651723861694336,20.223506927490234,1.30385160446167e-08,1.1920928955078125e-07,-1.7776386584955617e-07,0.0,True
collapse,1,6336,6,9.60952091217041,18.712358474731445,6.984919309616089e-09,1.1920928955078125e-07,-1.3790626951504237e-07,0.0,True
collapse,1,6336,7,9.552802085876465,17.380098342895508,6.51925802230835e-09,1.1920928955078125e-07,-1.520166676982626e-07,0.0,True
collapse,1,6336,8,9.492278099060059,16.216524124145508,7.916241884231567e-09,1.1920928955078125e-07,-1.7207017322107276e-07,0.0,True
collapse,1,6336,9,9.448670387268066,15.074013710021973,6.984919309616089e-09,5.960464477539063e-08,-2.4882746174625936e-07,0.0,True
collapse,1,6336,10,9.374791145324707,14.13343334197998,1.1175870895385742e-08,1.1920928955078125e-07,-2.1407284123142745e-07,0.0,True
collapse,1,6336,11,9.331048965454102,13.228699684143066,6.984919309616089e-09,5.960464477539063e-08,-1.4120962532615522e-07,0.0,True
collapse,1,6336,12,9.332869529724121,12.151288032531738,9.313225746154785e-09,1.1920928955078125e-07,-2.2546855404925736e-07,0.0,True
collapse,1,6336,13,9.324267387390137,11.26135540008545,9.313225746154785e-09,1.1920928955078125e-07,-2.1560458662861492e-07,0.0,True
collapse,1,6336,14,9.324973106384277,10.464756965637207,6.984919309616089e-09,1.1920928955078125e-07,-2.0257373023468972e-07,0.0,True
collapse,1,6336,15,9.30203628540039,9.872041702270508,8.381903171539307e-09,1.1920928955078125e-07,-1.7919103356689448e-07,0.0,True
collapse,1,6336,16,9.239816665649414,9.449721336364746,1.1641532182693481e-08,1.1920928955078125e-07,-1.319481555128732e-07,0.0,True
collapse,1,6336,17,9.270148277282715,9.08337688446045,8.381903171539307e-09,1.1920928955078125e-07,-1.1764409180159419e-07,0.0,True
collapse,1,6336,18,9.281238555908203,8.936162948608398,8.381903171539307e-09,1.1920928955078125e-07,-1.4504786349789356e-07,0.0,True
collapse,1,6336,19,9.322501182556152,8.830425262451172,7.450580596923828e-09,1.1920928955078125e-07,-1.3149190181138692e-07,0.0,True
collapse,1,6336,20,9.32479190826416,8.837718963623047,6.984919309616089e-09,1.1920928955078125e-07,-1.2718635389319388e-07,0.0,True
collapse,1,6336,21,9.326976776123047,8.905196189880371,5.587935447692871e-09,1.1920928955078125e-07,-1.476867623750877e-07,0.0,True
collapse,1,6336,22,9.30950927734375,9.021308898925781,7.916241884231567e-09,1.1920928955078125e-07,-1.7208373037647107e-07,0.0,True
collapse,1,6336,23,9.27529239654541,9.212631225585938,8.381903171539307e-09,1.1920928955078125e-07,-2.013832443026331e-07,0.0,True
collapse,1,6336,24,9.248376846313477,9.340592384338379,6.984919309616089e-09,1.1920928955078125e-07,-1.550429828967026e-07,0.0,True
collapse,1,6336,25,9.215590476989746,9.47856616973877,1.1175870895385742e-08,1.1920928955078125e-07,-1.3649815855387715e-07,0.0,True
collapse,1,6336,26,9.227396965026855,9.445204734802246,8.381903171539307e-09,1.1920928955078125e-07,-1.5255074004016933e-07,0.0,True
collapse,1,6336,27,9.219728469848633,9.32123851776123,9.778887033462524e-09,1.1920928955078125e-07,-1.2312520425439288e-07,0.0,True
collapse,1,6336,28,9.219023704528809,9.121753692626953,1.0710209608078003e-08,1.1920928955078125e-07,-1.2773364232998574e-07,0.0,True
collapse,1,6336,29,9.212989807128906,8.820980072021484,1.0710209608078003e-08,1.1920928955078125e-07,-1.4971053019507963e-07,0.0,True
collapse,1,6336,30,9.207372665405273,8.596858978271484,8.847564458847046e-09,1.1920928955078125e-07,-1.5841280287531845e-07,0.0,True
collapse,1,6336,31,9.199004173278809,8.731345176696777,1.0710209608078003e-08,1.1920928955078125e-07,-1.833102487580618e-07,0.0,True
collapse,1,6336,32,9.191200256347656,9.319990158081055,1.0244548320770264e-08,1.1920928955078125e-07,-1.530670061811179e-07,0.0,True
collapse,1,6336,33,9.181380271911621,9.880080223083496,7.450580596923828e-09,1.1920928955078125e-07,-1.3408359222921717e-07,0.0,True
collapse,1,6336,34,9.153366088867188,9.97330379486084,6.05359673500061e-09,1.1920928955078125e-07,-1.5111760376385064e-07,0.0,True
collapse,1,6336,35,9.147981643676758,9.5166015625,5.587935447692871e-09,1.1920928955078125e-07,-2.4229655082308454e-07,0.0,True
collapse,1,6336,36,9.11191463470459,8.68488883972168,8.847564458847046e-09,1.1920928955078125e-07,-1.4240819723454479e-07,0.0,True
collapse,1,6336,37,9.040689468383789,7.9737138748168945,1.0244548320770264e-08,5.960464477539063e-08,-1.4598361985918018e-07,0.0,True
collapse,1,6336,38,9.016206741333008,7.776885986328125,7.916241884231567e-09,1.1920928955078125e-07,-1.6395988211570511e-07,0.0,True
collapse,1,6336,39,9.038620948791504,7.987144947052002,1.3969838619232178e-08,1.1920928955078125e-07,-1.6114643131004414e-07,0.0,True
collapse,1,6336,40,9.030502319335938,8.23086929321289,5.587935447692871e-09,1.1920928955078125e-07,-1.4958160932110331e-07,0.0,True
collapse,1,6336,41,9.022260665893555,8.280349731445312,1.1175870895385742e-08,1.1920928955078125e-07,-2.002477401674696e-07,0.0,True
collapse,1,6336,42,9.053120613098145,7.968879222869873,8.381903171539307e-09,1.1920928955078125e-07,-1.364793149605248e-07,0.0,True
collapse,1,6336,43,9.071940422058105,7.311596870422363,7.450580596923828e-09,1.1920928955078125e-07,-1.0270796479971978e-07,0.0,True
collapse,1,6336,44,9.052059173583984,6.7213664054870605,6.05359673500061e-09,1.1920928955078125e-07,-1.460797420804738e-07,0.0,True
collapse,1,6336,45,9.048967361450195,6.4569573402404785,1.1641532182693481e-08,1.1920928955078125e-07,-8.805530882227686e-08,0.0,True
collapse,1,6336,46,9.054327011108398,6.378389358520508,1.210719347000122e-08,1.1920928955078125e-07,-9.56466408297274e-08,0.0,True
collapse,1,6336,47,9.057796478271484,6.380908489227295,5.122274160385132e-09,1.1920928955078125e-07,-1.293811919822474e-07,0.0,True
collapse,1,6336,48,9.047931671142578,6.46065092086792,1.30385160446167e-08,1.1920928955078125e-07,-1.2654329850647628e-07,0.0,True
collapse,1,6336,49,9.030559539794922,6.638393402099609,1.0710209608078003e-08,1.1920928955078125e-07,-1.1900534957476339e-07,0.0,True
collapse,1,6336,50,9.009750366210938,6.922232627868652,1.257285475730896e-08,1.1920928955078125e-07,-1.1360408791460941e-07,0.0,True
collapse,1,6336,51,8.996187210083008,7.2810468673706055,1.7229467630386353e-08,1.1920928955078125e-07,-1.2430616891379032e-07,0.0,True
collapse,1,6336,52,8.988033294677734,7.694338798522949,6.984919309616089e-09,1.1920928955078125e-07,-1.3509064444860996e-07,0.0,True
collapse,1,6336,53,8.963638305664062,8.164346694946289,8.381903171539307e-09,1.1920928955078125e-07,-1.5988817381185072e-07,0.0,True
collapse,1,6336,54,8.91412353515625,8.679502487182617,1.257285475730896e-08,1.1920928955078125e-07,-1.0713564790876262e-07,0.0,True
collapse,1,6336,55,8.878255844116211,9.136138916015625,1.1175870895385742e-08,1.1920928955078125e-07,-1.10838236366817e-07,0.0,True
collapse,1,6336,56,8.875667572021484,9.410679817199707,1.4435499906539917e-08,1.1920928955078125e-07,-1.3515121111140616e-07,0.0,True
collapse,1,6336,57,8.89139461517334,9.4177885055542,7.450580596923828e-09,1.1920928955078125e-07,-1.398981623879081e-07,0.0,True
collapse,1,6336,58,8.901087760925293,9.282593727111816,9.313225746154785e-09,1.1920928955078125e-07,-1.1834813307132208e-07,0.0,True
collapse,1,6336,59,8.892038345336914,9.175577163696289,1.4901161193847656e-08,1.1920928955078125e-07,-1.1040923197924712e-07,0.0,True
collapse,1,6336,60,8.87561321258545,9.1588773727417,9.313225746154785e-09,1.1920928955078125e-07,-1.315916335897782e-07,0.0,True
collapse,1,6336,61,8.870943069458008,9.189231872558594,8.381903171539307e-09,1.1920928955078125e-07,-1.2057702747370058e-07,0.0,True
collapse,1,6336,62,8.876651763916016,9.210480690002441,1.1175870895385742e-08,1.1920928955078125e-07,-1.3923535391313635e-07,0.0,True
collapse,1,6336,63,8.885668754577637,9.209114074707031,9.313225746154785e-09,1.1920928955078125e-07,-1.2104936786272447e-07,0.0,True
collapse,1,6336,64,8.897483825683594,9.215222358703613,6.51925802230835e-09,5.960464477539063e-08,-1.1805389732444382e-07,0.0,True
collapse,1,6336,65,8.9097900390625,9.256388664245605,7.450580596923828e-09,1.1920928955078125e-07,-1.7658854289948067e-07,0.0,True
collapse,1,6336,66,8.91579818725586,9.3314790725708,1.1175870895385742e-08,1.1920928955078125e-07,-1.3586296176981705e-07,0.0,True
collapse,1,6336,67,8.921294212341309,9.414230346679688,1.0244548320770264e-08,1.1920928955078125e-07,-1.0662782301551488e-07,0.0,True
collapse,1,6336,68,8.905340194702148,9.502593040466309,1.0244548320770264e-08,1.1920928955078125e-07,-1.7227834803179576e-07,0.0,True
collapse,1,6336,69,8.88681697845459,9.581313133239746,7.450580596923828e-09,1.1920928955078125e-07,-9.217019680818339e-08,0.0,True
collapse,1,6336,70,8.871526718139648,9.688455581665039,6.51925802230835e-09,5.960464477539063e-08,-1.4703159934015275e-07,0.0,True
collapse,1,6336,71,8.861186981201172,9.82738208770752,6.51925802230835e-09,1.1920928955078125e-07,-1.1250956077901719e-07,0.0,True
collapse,1,6336,72,8.855128288269043,9.998745918273926,9.778887033462524e-09,1.1920928955078125e-07,-1.2866431120528432e-07,0.0,True
collapse,1,6336,73,8.856197357177734,10.16657829284668,1.30385160446167e-08,1.1920928955078125e-07,-9.320254434896924e-08,0.0,True
collapse,1,6336,74,8.87187671661377,10.27137279510498,1.0710209608078003e-08,1.1920928955078125e-07,-1.413664563187922e-07,0.0,True
collapse,1,6336,75,8.8994722366333,10.261950492858887,9.778887033462524e-09,1.1920928955078125e-07,-9.756730889876053e-08,0.0,True
collapse,1,6336,76,8.941730499267578,10.143155097961426,6.05359673500061e-09,1.1920928955078125e-07,-1.2363409496174427e-07,0.0,True
collapse,1,6336,77,8.960708618164062,9.962966918945312,1.257285475730896e-08,1.1920928955078125e-07,-1.1070653016531651e-07,0.0,True
collapse,1,6336,78,8.978096961975098,9.784820556640625,1.1175870895385742e-08,5.960464477539063e-08,-1.0975828956816258e-07,0.0,True
collapse,1,6336,79,8.995405197143555,9.713415145874023,1.210719347000122e-08,1.1920928955078125e-07,-9.496700670297287e-08,0.0,True
collapse,1,6336,80,9.000523567199707,9.761946678161621,1.4435499906539917e-08,1.1920928955078125e-07,-2.1192772692302242e-07,0.0,True
collapse,1,6336,81,8.99138069152832,9.854094505310059,1.257285475730896e-08,1.1920928955078125e-07,-1.1707183489306772e-07,0.0,True
collapse,1,6336,82,8.990639686584473,9.88101577758789,1.1175870895385742e-08,1.1920928955078125e-07,-1.3340762450297916e-07,0.0,True
collapse,1,6336,83,8.996912002563477,9.781808853149414,9.313225746154785e-09,1.1920928955078125e-07,-1.4401078374248755e-07,0.0,True
collapse,1,6336,84,9.001941680908203,9.587389945983887,9.778887033462524e-09,1.1920928955078125e-07,-1.0280952267294197e-07,0.0,True
collapse,1,6336,85,9.011453628540039,9.41026782989502,8.847564458847046e-09,1.1920928955078125e-07,-8.928762440518767e-08,0.0,True
collapse,1,6336,86,9.003945350646973,9.392661094665527,1.0244548320770264e-08,1.1920928955078125e-07,-1.3348436311844125e-07,0.0,True
collapse,1,6336,87,8.994729042053223,9.569189071655273,9.313225746154785e-09,1.1920928955078125e-07,-1.5363309557869798e-07,0.0,True
collapse,1,6336,88,8.96359920501709,9.885040283203125,1.0710209608078003e-08,1.1920928955078125e-07,-1.201725439159418e-07,0.0,True
collapse,1,6336,89,8.936607360839844,10.216035842895508,1.0244548320770264e-08,1.1920928955078125e-07,-9.66791304790604e-08,0.0,True
collapse,1,6336,90,8.910873413085938,10.514446258544922,1.30385160446167e-08,1.1920928955078125e-07,-1.1666192278880771e-07,0.0,True
collapse,1,6336,91,8.91202449798584,10.77316951751709,1.1175870895385742e-08,1.1920928955078125e-07,-1.2257288517503184e-07,0.0,True
collapse,1,6336,92,8.952422142028809,10.956011772155762,1.1175870895385742e-08,1.1920928955078125e-07,-1.7425210785404488e-07,0.0,True
collapse,1,6336,93,8.983201026916504,11.04421329498291,1.210719347000122e-08,1.1920928955078125e-07,-2.736961164373497e-07,0.0,True
collapse,1,6336,94,9.018415451049805,11.07111644744873,6.51925802230835e-09,1.1920928955078125e-07,-1.666712705628015e-07,0.0,True
collapse,1,6336,95,9.049705505371094,11.108988761901855,8.381903171539307e-09,1.1920928955078125e-07,-1.7056979118024174e-07,0.0,True
collapse,1,6336,96,9.072341918945312,11.113001823425293,8.381903171539307e-09,1.1920928955078125e-07,-1.7925577822097694e-07,0.0,True
collapse,1,6336,97,9.110260009765625,11.077496528625488,9.778887033462524e-09,1.1920928955078125e-07,-1.2381177327824844e-07,0.0,True
collapse,1,6336,98,9.132606506347656,11.085911750793457,5.587935447692871e-09,1.1920928955078125e-07,-1.3240683927051577e-07,0.0,True
collapse,1,6336,99,9.145414352416992,11.181856155395508,1.1641532182693481e-08,1.1920928955078125e-07,-1.5007474019057554e-07,0.0,True
collapse,1,6336,100,9.155802726745605,11.350462913513184,1.0244548320770264e-08,1.1920928955078125e-07,-1.6640436228954059e-07,0.0,True
collapse,2,6410,1,8.39536190032959,7.9985270500183105,2.7939677238464355e-09,5.960464477539063e-08,-1.2703263507773954e-07,0.0,True
collapse,2,6410,2,8.433588981628418,7.596970558166504,4.6566128730773926e-09,1.1920928955078125e-07,-1.0685596407711273e-07,0.0,True
collapse,2,6410,3,8.493428230285645,6.972797870635986,8.847564458847046e-09,1.1920928955078125e-07,-9.399481371019647e-08,0.0,True
collapse,2,6410,4,8.561777114868164,6.417531490325928,3.259629011154175e-09,1.1920928955078125e-07,-1.0717902654278078e-07,0.0,True
collapse,2,6410,5,8.621994972229004,5.881343841552734,6.51925802230835e-09,1.1920928955078125e-07,-1.5002790121343423e-07,0.0,True
collapse,2,6410,6,8.65518856048584,5.337711811065674,8.381903171539307e-09,1.1920928955078125e-07,-1.4472901455064857e-07,0.0,True
collapse,2,6410,7,8.700423240661621,4.747579097747803,1.3969838619232178e-08,1.1920928955078125e-07,-8.949606922215025e-08,0.0,True
collapse,2,6410,8,8.762972831726074,4.143185615539551,7.450580596923828e-09,1.1920928955078125e-07,-1.0307969233736003e-07,0.0,True
collapse,2,6410,9,8.8251953125,3.567913055419922,8.381903171539307e-09,1.1920928955078125e-07,-1.3771125395578565e-07,0.0,True
collapse,2,6410,10,8.859869956970215,3.019681930541992,9.313225746154785e-09,1.1920928955078125e-07,-1.2028375806494296e-07,0.0,True
collapse,2,6410,11,8.873810768127441,2.545994758605957,1.30385160446167e-08,1.1920928955078125e-07,-1.2690124151504278e-07,0.0,True
collapse,2,6410,12,8.885618209838867,2.2549405097961426,1.1641532182693481e-08,1.1920928955078125e-07,-1.599401286966895e-07,0.0,True
collapse,2,6410,13,8.904297828674316,2.1990296840667725,1.0244548320770264e-08,1.1920928955078125e-07,-1.397698383698298e-07,0.0,True
collapse,2,6410,14,8.913374900817871,2.285281181335449,1.4435499906539917e-08,1.1920928955078125e-07,-1.1126000742933684e-07,0.0,True
collapse,2,6410,15,8.910415649414062,2.413980722427368,8.847564458847046e-09,1.1920928955078125e-07,-1.396276445575495e-07,0.0,True
collapse,2,6410,16,8.908099174499512,2.548248052597046,1.1175870895385742e-08,1.1920928955078125e-07,-8.681125507337129e-08,0.0,True
collapse,2,6410,17,8.906523704528809,2.7062489986419678,1.3969838619232178e-08,1.1920928955078125e-07,-1.3978473134557134e-07,0.0,True
collapse,2,6410,18,8.90152359008789,2.8983447551727295,1.1175870895385742e-08,1.1920928955078125e-07,-1.232019570807097e-07,0.0,True
collapse,2,6410,19,8.892971992492676,3.106846332550049,1.0244548320770264e-08,1.1920928955078125e-07,-1.091221335514092e-07,0.0,True
collapse,2,6410,20,8.885578155517578,3.291123628616333,8.847564458847046e-09,1.1920928955078125e-07,-1.1191890081363454e-07,0.0,True
collapse,2,6410,21,8.882298469543457,3.4089324474334717,6.984919309616089e-09,1.1920928955078125e-07,-1.1565163049453986e-07,0.0,True
collapse,2,6410,22,8.883316993713379,3.427569627761841,9.778887033462524e-09,1.1920928955078125e-07,-1.5689607835156494e-07,0.0,True
collapse,2,6410,23,8.886167526245117,3.3463423252105713,6.05359673500061e-09,1.1920928955078125e-07,-1.0620533430483192e-07,0.0,True
collapse,2,6410,24,8.888428688049316,3.2034342288970947,9.778887033462524e-09,1.1920928955078125e-07,-1.1265777288826939e-07,0.0,True
collapse,2,6410,25,8.889473915100098,3.0559005737304688,1.4435499906539917e-08,1.1920928955078125e-07,-9.883348894845767e-08,0.0,True
collapse,2,6410,26,8.88994026184082,2.952014923095703,8.847564458847046e-09,1.1920928955078125e-07,-1.2327700460446067e-07,0.0,True
collapse,2,6410,27,8.890326499938965,2.91353702545166,1.4435499906539917e-08,1.1920928955078125e-07,-1.1447726677715764e-07,0.0,True
collapse,2,6410,28,8.89039134979248,2.936183214187622,1.1641532182693481e-08,1.1920928955078125e-07,-1.1260593169026833e-07,0.0,True
collapse,2,6410,29,8.88972282409668,3.0014092922210693,1.4901161193847656e-08,1.1920928955078125e-07,-1.423353950258388e-07,0.0,True
collapse,2,6410,30,8.888382911682129,3.0862104892730713,1.0244548320770264e-08,1.1920928955078125e-07,-9.816969992471059e-08,0.0,True
collapse,2,6410,31,8.886934280395508,3.1680877208709717,8.847564458847046e-09,1.1920928955078125e-07,-1.2114752223624237e-07,0.0,True
collapse,2,6410,32,8.886027336120605,3.2283408641815186,6.984919309616089e-09,1.1920928955078125e-07,-1.318449562859314e-07,0.0,True
collapse,2,6410,33,8.885950088500977,3.255505323410034,7.450580596923828e-09,1.1920928955078125e-07,-1.0253540949634043e-07,0.0,True
collapse,2,6410,34,8.886521339416504,3.2482988834381104,7.916241884231567e-09,1.1920928955078125e-07,-1.179750199753471e-07,0.0,True
collapse,2,6410,35,8.887330055236816,3.2158756256103516,9.778887033462524e-09,1.1920928955078125e-07,-1.301137046993972e-07,0.0,True
collapse,2,6410,36,8.888053894042969,3.174060583114624,1.0244548320770264e-08,1.1920928955078125e-07,-1.8719498484642827e-07,0.0,True
collapse,2,6410,37,8.888571739196777,3.1390912532806396,6.984919309616089e-09,1.1920928955078125e-07,-1.1576672420687828e-07,0.0,True
collapse,2,6410,38,8.888884544372559,3.122075319290161,8.847564458847046e-09,1.1920928955078125e-07,-1.5471269421141187e-07,0.0,True
collapse,2,6410,39,8.889008522033691,3.1265430450439453,6.984919309616089e-09,1.1920928955078125e-07,-1.2123062731461687e-07,0.0,True
collapse,2,6410,40,8.88895320892334,3.1492629051208496,5.122274160385132e-09,1.1920928955078125e-07,-1.3638131690640876e-07,0.0,True
collapse,2,6410,41,8.888788223266602,3.18281888961792,8.847564458847046e-09,1.1920928955078125e-07,-1.265309776954382e-07,0.0,True
collapse,2,6410,42,8.888632774353027,3.218442678451538,1.1175870895385742e-08,1.1920928955078125e-07,-1.0064289313049812e-07,0.0,True
collapse,2,6410,43,8.888623237609863,3.248396635055542,7.450580596923828e-09,1.1920928955078125e-07,-1.32432475652422e-07,0.0,True
collapse,2,6410,44,8.888836860656738,3.2677345275878906,7.450580596923828e-09,1.1920928955078125e-07,-1.5552714671684953e-07,0.0,True
collapse,2,6410,45,8.889253616333008,3.275207281112671,1.3504177331924438e-08,1.1920928955078125e-07,-8.404317242138859e-08,0.0,True
collapse,2,6410,46,8.889801025390625,3.273139476776123,1.30385160446167e-08,1.1920928955078125e-07,-1.374826439359822e-07,0.0,True
collapse,2,6410,47,8.890380859375,3.266261577606201,7.916241884231567e-09,1.1920928955078125e-07,-1.1751831152650993e-07,0.0,True
collapse,2,6410,48,8.890929222106934,3.2599289417266846,1.3969838619232178e-08,1.1920928955078125e-07,-1.2668003535054595e-07,0.0,True
collapse,2,6410,49,8.89140796661377,3.2584104537963867,1.3969838619232178e-08,1.1920928955078125e-07,-1.2772335367117194e-07,0.0,True
collapse,2,6410,50,8.89180850982666,3.263836622238159,7.916241884231567e-09,1.1920928955078125e-07,-1.3403835907865869e-07,0.0,True
collapse,2,6410,51,8.892142295837402,3.276017904281616,7.916241884231567e-09,1.1920928955078125e-07,-1.2156685613717855e-07,0.0,True
collapse,2,6410,52,8.892439842224121,3.2929763793945312,1.0244548320770264e-08,1.1920928955078125e-07,-1.3812375243560382e-07,0.0,True
collapse,2,6410,53,8.892744064331055,3.311833381652832,5.587935447692871e-09,1.1920928955078125e-07,-1.1691322754359135e-07,0.0,True
collapse,2,6410,54,8.893097877502441,3.3297388553619385,6.984919309616089e-09,1.1920928955078125e-07,-1.062328891521247e-07,0.0,True
collapse,2,6410,55,8.893534660339355,3.34462308883667,8.847564458847046e-09,1.1920928955078125e-07,-1.2457708464808093e-07,0.0,True
collapse,2,6410,56,8.894064903259277,3.355628728866577,7.450580596923828e-09,1.1920928955078125e-07,-1.0897041136104235e-07,0.0,True
collapse,2,6410,57,8.89467716217041,3.3631632328033447,8.381903171539307e-09,1.1920928955078125e-07,-1.2138889360358007e-07,0.0,True
collapse,2,6410,58,8.89535140991211,3.368612766265869,1.1641532182693481e-08,1.1920928955078125e-07,-1.421613262664323e-07,0.0,True
collapse,2,6410,59,8.896064758300781,3.373809576034546,7.450580596923828e-09,1.1920928955078125e-07,-1.5947959752793395e-07,0.0,True
collapse,2,6410,60,8.896805763244629,3.38046932220459,1.0244548320770264e-08,1.1920928955078125e-07,-1.3486338446000445e-07,0.0,True
collapse,2,6410,61,8.897571563720703,3.3897547721862793,1.0244548320770264e-08,1.1920928955078125e-07,-1.4112259805187932e-07,0.0,True
collapse,2,6410,62,8.898372650146484,3.4020957946777344,6.05359673500061e-09,1.1920928955078125e-07,-1.3529691500480112e-07,0.0,True
collapse,2,6410,63,8.899234771728516,3.4172489643096924,7.450580596923828e-09,1.1920928955078125e-07,-1.1907260955013044e-07,0.0,True
collapse,2,6410,64,8.900189399719238,3.4345624446868896,6.984919309616089e-09,1.1920928955078125e-07,-1.0292628616070942e-07,0.0,True
collapse,2,6410,65,8.901278495788574,3.453317403793335,1.0710209608078003e-08,1.1920928955078125e-07,-9.747479623456456e-08,0.0,True
collapse,2,6410,66,8.90255069732666,3.4730818271636963,1.0710209608078003e-08,1.1920928955078125e-07,-1.655458561344858e-07,0.0,True
collapse,2,6410,67,8.904054641723633,3.493988275527954,9.313225746154785e-09,1.1920928955078125e-07,-1.2792480674761464e-07,0.0,True
collapse,2,6410,68,8.905694007873535,3.5169315338134766,1.0244548320770264e-08,1.1920928955078125e-07,-1.9300755127460434e-07,0.0,True
collapse,2,6410,69,8.90579605102539,3.5433244705200195,9.778887033462524e-09,1.1920928955078125e-07,-1.3193252357268648e-07,0.0,True
collapse,2,6410,70,8.9060640335083,3.5709147453308105,9.313225746154785e-09,1.1920928955078125e-07,-1.2929608317335806e-07,0.0,True
collapse,2,6410,71,8.906338691711426,3.60036301612854,7.450580596923828e-09,1.1920928955078125e-07,-1.2465646648252005e-07,0.0,True
collapse,2,6410,72,8.906611442565918,3.632521390914917,8.847564458847046e-09,1.1920928955078125e-07,-1.2953839245710697e-07,0.0,True
collapse,2,6410,73,8.906880378723145,3.6686205863952637,1.0710209608078003e-08,1.1920928955078125e-07,-1.3969524559342972e-07,0.0,True
collapse,2,6410,74,8.907149314880371,3.710268259048462,1.0244548320770264e-08,1.1920928955078125e-07,-1.0316521326103612e-07,0.0,True
collapse,2,6410,75,8.907419204711914,3.759526252746582,6.984919309616089e-09,1.1920928955078125e-07,-1.291124362978735e-07,0.0,True
collapse,2,6410,76,8.90768814086914,3.8190388679504395,8.847564458847046e-09,1.1920928955078125e-07,-1.2635399571081507e-07,0.0,True
collapse,2,6410,77,8.907970428466797,3.89216947555542,1.1641532182693481e-08,1.1920928955078125e-07,-1.2209967792387033e-07,0.0,True
collapse,2,6410,78,8.908286094665527,3.9829866886138916,8.381903171539307e-09,1.1920928955078125e-07,-1.387009689324259e-07,0.0,True
collapse,2,6410,79,8.908672332763672,4.0957818031311035,8.847564458847046e-09,1.1920928955078125e-07,-1.1569805025146707e-07,0.0,True
collapse,2,6410,80,8.909199714660645,4.23386812210083,1.0244548320770264e-08,1.1920928955078125e-07,-1.1803327026882471e-07,0.0,True
collapse,2,6410,81,8.902767181396484,4.398051738739014,6.51925802230835e-09,1.1920928955078125e-07,-1.2173271102255967e-07,0.0,True
collapse,2,6410,82,8.89433765411377,4.563416481018066,9.778887033462524e-09,1.1920928955078125e-07,-1.3586915770247288e-07,0.0,True
collapse,2,6410,83,8.888910293579102,4.696033477783203,7.916241884231567e-09,1.1920928955078125e-07,-1.001723859417325e-07,0.0,True
collapse,2,6410,84,8.88911247253418,4.757763385772705,9.313225746154785e-09,1.1920928955078125e-07,-1.1205000305380963e-07,0.0,True
collapse,2,6410,85,8.893452644348145,4.7280592918396,1.0710209608078003e-08,1.1920928955078125e-07,-7.923264178089084e-08,0.0,True
collapse,2,6410,86,8.898550033569336,4.625820159912109,1.0244548320770264e-08,1.1920928955078125e-07,-1.2126901083320263e-07,0.0,True
collapse,2,6410,87,8.90263843536377,4.500819683074951,8.847564458847046e-09,1.1920928955078125e-07,-9.165928105403509e-08,0.0,True
collapse,2,6410,88,8.906026840209961,4.405792713165283,6.51925802230835e-09,1.1920928955078125e-07,-1.1315057690808317e-07,0.0,True
collapse,2,6410,89,8.909459114074707,4.373391628265381,1.1175870895385742e-08,1.1920928955078125e-07,-1.0415595852464321e-07,0.0,True
collapse,2,6410,90,8.912610054016113,4.408555507659912,9.313225746154785e-09,1.1920928955078125e-07,-8.949617580356062e-08,0.0,True
collapse,2,6410,91,8.914520263671875,4.496266841888428,1.210719347000122e-08,1.1920928955078125e-07,-1.303358914128694e-07,0.0,True
collapse,2,6410,92,8.914942741394043,4.612877368927002,7.916241884231567e-09,1.1920928955078125e-07,-9.903519071485789e-08,0.0,True
collapse,2,6410,93,8.914774894714355,4.733303070068359,1.0244548320770264e-08,1.1920928955078125e-07,-1.0900825486714893e-07,0.0,True
collapse,2,6410,94,8.915416717529297,4.8355536460876465,9.313225746154785e-09,1.1920928955078125e-07,-1.487776586373002e-07,0.0,True
collapse,2,6410,95,8.917893409729004,4.905165195465088,1.4435499906539917e-08,1.1920928955078125e-07,-1.1512506858935012e-07,0.0,True
collapse,2,6410,96,8.922405242919922,4.939889430999756,7.916241884231567e-09,1.1920928955078125e-07,-1.468768431323042e-07,0.0,True
collapse,2,6410,97,8.928208351135254,4.952155113220215,6.984919309616089e-09,1.1920928955078125e-07,-1.3324880399068206e-07,0.0,True
collapse,2,6410,98,8.93305492401123,4.9653801918029785,1.257285475730896e-08,1.1920928955078125e-07,-1.2127298987252288e-07,0.0,True
collapse,2,6410,99,8.938705444335938,5.002156734466553,1.0244548320770264e-08,1.1920928955078125e-07,-1.305639045767748e-07,0.0,True
collapse,2,6410,100,8.941612243652344,5.085017204284668,7.450580596923828e-09,1.1920928955078125e-07,-1.4429946304517216e-07,0.0,True
collapse,3,6682,1,8.64113998413086,8.260377883911133,2.7939677238464355e-09,1.1920928955078125e-07,-1.337724313543731e-07,0.0,True
collapse,3,6682,2,8.433547019958496,7.397561073303223,2.7939677238464355e-09,1.1920928955078125e-07,-1.5829401434075407e-07,0.0,True
collapse,3,6682,3,8.446388244628906,7.331902503967285,1.862645149230957e-09,1.1920928955078125e-07,-1.3444206103940815e-07,0.0,True
collapse,3,6682,4,8.474355697631836,7.1224846839904785,4.6566128730773926e-09,5.960464477539063e-08,-1.1860785775752447e-07,0.0,True
collapse,3,6682,5,8.50560474395752,6.939629077911377,1.3969838619232178e-09,5.960464477539063e-08,-1.3922986852321628e-07,0.0,True
collapse,3,6682,6,8.538471221923828,6.753035545349121,2.3283064365386963e-09,5.960464477539063e-08,-9.385845345377675e-08,0.0,True
collapse,3,6682,7,8.554264068603516,6.51795768737793,1.3969838619232178e-09,5.960464477539063e-08,-1.2378582425753848e-07,0.0,True
collapse,3,6682,8,8.542861938476562,6.247683048248291,4.190951585769653e-09,1.1920928955078125e-07,-1.081238991673672e-07,0.0,True
collapse,3,6682,9,8.492386817932129,5.949118614196777,6.05359673500061e-09,1.1920928955078125e-07,-1.2315206276980462e-07,0.0,True
collapse,3,6682,10,8.446704864501953,5.584603786468506,5.122274160385132e-09,1.1920928955078125e-07,-1.281413659626196e-07,0.0,True
collapse,3,6682,11,8.447257995605469,5.154109954833984,8.381903171539307e-09,1.1920928955078125e-07,-1.0660703253506654e-07,0.0,True
collapse,3,6682,12,8.528130531311035,4.655269622802734,5.587935447692871e-09,1.1920928955078125e-07,-1.209640601018691e-07,0.0,True
collapse,3,6682,13,8.664931297302246,4.148039817810059,6.51925802230835e-09,1.1920928955078125e-07,-1.0808915362758853e-07,0.0,True
collapse,3,6682,14,8.782177925109863,3.629085063934326,9.313225746154785e-09,1.1920928955078125e-07,-1.3778237928363524e-07,0.0,True
collapse,3,6682,15,8.849706649780273,3.155569076538086,7.916241884231567e-09,1.1920928955078125e-07,-9.934151279367143e-08,0.0,True
collapse,3,6682,16,8.886868476867676,2.8622303009033203,9.778887033462524e-09,1.1920928955078125e-07,-1.1455060189291544e-07,0.0,True
collapse,3,6682,17,8.923198699951172,2.771296739578247,1.1175870895385742e-08,1.1920928955078125e-07,-1.2926943782076705e-07,0.0,True
collapse,3,6682,18,8.936904907226562,2.7844736576080322,8.381903171539307e-09,1.1920928955078125e-07,-1.2322919928919873e-07,0.0,True
collapse,3,6682,19,8.936498641967773,2.8101816177368164,1.1175870895385742e-08,1.1920928955078125e-07,-1.2151426176387758e-07,0.0,True
collapse,3,6682,20,8.93429946899414,2.8395464420318604,1.5832483768463135e-08,1.1920928955078125e-07,-1.308597745719453e-07,0.0,True
collapse,3,6682,21,8.931416511535645,2.8865575790405273,1.210719347000122e-08,1.1920928955078125e-07,-1.1119250586943963e-07,0.0,True
collapse,3,6682,22,8.928704261779785,2.9611566066741943,1.0710209608078003e-08,1.1920928955078125e-07,-1.487206446881828e-07,0.0,True
collapse,3,6682,23,8.926619529724121,3.0716240406036377,6.05359673500061e-09,1.1920928955078125e-07,-1.3685746580449631e-07,0.0,True
collapse,3,6682,24,8.923462867736816,3.2246005535125732,1.257285475730896e-08,1.1920928955078125e-07,-1.019129385326778e-07,0.0,True
collapse,3,6682,25,8.915338516235352,3.4165258407592773,1.1641532182693481e-08,1.1920928955078125e-07,-1.1159520596493167e-07,0.0,True
collapse,3,6682,26,8.90626335144043,3.613678216934204,7.450580596923828e-09,1.1920928955078125e-07,-1.1310692116239807e-07,0.0,True
collapse,3,6682,27,8.900126457214355,3.7756948471069336,8.381903171539307e-09,1.1920928955078125e-07,-1.0773065639568813e-07,0.0,True
collapse,3,6682,28,8.899005889892578,3.8676905632019043,1.5366822481155396e-08,1.1920928955078125e-07,-9.677805223873293e-08,0.0,True
collapse,3,6682,29,8.900917053222656,3.8887734413146973,1.1175870895385742e-08,1.1920928955078125e-07,-1.25712560361535e-07,0.0,True
collapse,3,6682,30,8.902982711791992,3.8846354484558105,7.450580596923828e-09,1.1920928955078125e-07,-1.4165529194087867e-07,0.0,True
collapse,3,6682,31,8.896154403686523,3.9264297485351562,8.847564458847046e-09,1.1920928955078125e-07,-9.598208805527975e-08,0.0,True
collapse,3,6682,32,8.886760711669922,4.024831771850586,7.450580596923828e-09,1.1920928955078125e-07,-1.556300475158423e-07,0.0,True
collapse,3,6682,33,8.881974220275879,4.13294792175293,1.0244548320770264e-08,1.1920928955078125e-07,-1.0225555513443396e-07,0.0,True
collapse,3,6682,34,8.883878707885742,4.180883884429932,9.778887033462524e-09,1.1920928955078125e-07,-1.3582666724687442e-07,0.0,True
collapse,3,6682,35,8.888927459716797,4.132443428039551,1.0710209608078003e-08,1.1920928955078125e-07,-1.1640655372957553e-07,0.0,True
collapse,3,6682,36,8.892555236816406,4.018675327301025,1.1641532182693481e-08,1.1920928955078125e-07,-1.0971741915000166e-07,0.0,True
collapse,3,6682,37,8.89334487915039,3.908074378967285,1.0710209608078003e-08,1.1920928955078125e-07,-1.3248664743059635e-07,0.0,True
collapse,3,6682,38,8.89283561706543,3.853883981704712,1.257285475730896e-08,1.1920928955078125e-07,-1.2631929280360055e-07,0.0,True
collapse,3,6682,39,8.892684936523438,3.8664944171905518,7.450580596923828e-09,1.1920928955078125e-07,-1.098725803672096e-07,0.0,True
collapse,3,6682,40,8.892699241638184,3.925948143005371,1.1175870895385742e-08,1.1920928955078125e-07,-9.493528807524854e-08,0.0,True
collapse,3,6682,41,8.891857147216797,4.008517265319824,1.1175870895385742e-08,1.1920928955078125e-07,-1.2933926996083756e-07,0.0,True
collapse,3,6682,42,8.889955520629883,4.096489906311035,1.30385160446167e-08,1.1920928955078125e-07,-1.1025039015066795e-07,0.0,True
collapse,3,6682,43,8.887946128845215,4.174509048461914,1.0244548320770264e-08,1.1920928955078125e-07,-1.232767630199305e-07,0.0,True
collapse,3,6682,44,8.887214660644531,4.226258754730225,1.3504177331924438e-08,1.1920928955078125e-07,-9.622070962223006e-08,0.0,True
collapse,3,6682,45,8.888506889343262,4.237793922424316,9.778887033462524e-09,1.1920928955078125e-07,-1.2027759055399656e-07,0.0,True
collapse,3,6682,46,8.891348838806152,4.20631217956543,1.210719347000122e-08,1.1920928955078125e-07,-1.0466118283147807e-07,0.0,True
collapse,3,6682,47,8.89453125,4.146360874176025,9.778887033462524e-09,1.1920928955078125e-07,-1.1097885987965128e-07,0.0,True
collapse,3,6682,48,8.897086143493652,4.08514928817749,1.1641532182693481e-08,1.1920928955078125e-07,-9.872551487433157e-08,0.0,True
collapse,3,6682,49,8.898722648620605,4.049167633056641,1.4901161193847656e-08,1.1920928955078125e-07,-1.4419475746763055e-07,0.0,True
collapse,3,6682,50,8.899538040161133,4.052306175231934,1.1641532182693481e-08,1.1920928955078125e-07,-1.0219507373676606e-07,0.0,True
collapse,3,6682,51,8.899585723876953,4.093062400817871,1.0710209608078003e-08,1.1920928955078125e-07,-1.3045244884324347e-07,0.0,True
collapse,3,6682,52,8.898868560791016,4.159680366516113,1.0244548320770264e-08,1.1920928955078125e-07,-1.0119786963969091e-07,0.0,True
collapse,3,6682,53,8.897625923156738,4.236425876617432,6.05359673500061e-09,1.1920928955078125e-07,-1.2270672300473962e-07,0.0,True
collapse,3,6682,54,8.896424293518066,4.307316303253174,9.778887033462524e-09,1.1920928955078125e-07,-1.2465980603337812e-07,0.0,True
collapse,3,6682,55,8.895936012268066,4.358519554138184,9.778887033462524e-09,1.1920928955078125e-07,-1.303608740954587e-07,0.0,True
collapse,3,6682,56,8.896570205688477,4.381232261657715,1.210719347000122e-08,1.1920928955078125e-07,-1.1345633765813545e-07,0.0,True
collapse,3,6682,57,8.8982515335083,4.374786376953125,7.916241884231567e-09,1.1920928955078125e-07,-1.1042035907848913e-07,0.0,True
collapse,3,6682,58,8.90051555633545,4.347914218902588,1.210719347000122e-08,1.1920928955078125e-07,-1.1278151390570201e-07,0.0,True
collapse,3,6682,59,8.902831077575684,4.316186904907227,8.847564458847046e-09,1.1920928955078125e-07,-1.1228329555024175e-07,0.0,True
collapse,3,6682,60,8.904833793640137,4.296144962310791,1.0710209608078003e-08,1.1920928955078125e-07,-1.3516955732484348e-07,0.0,True
collapse,3,6682,61,8.906386375427246,4.299270153045654,8.381903171539307e-09,1.1920928955078125e-07,-1.3268690679524298e-07,0.0,True
collapse,3,6682,62,8.907488822937012,4.329073905944824,7.450580596923828e-09,1.1920928955078125e-07,-1.385991765801009e-07,0.0,True
collapse,3,6682,63,8.90687370300293,4.382126331329346,1.1175870895385742e-08,1.1920928955078125e-07,-1.145193024854052e-07,0.0,True
collapse,3,6682,64,8.90555191040039,4.446405410766602,1.4435499906539917e-08,1.1920928955078125e-07,-1.0293021546203818e-07,0.0,True
collapse,3,6682,65,8.904213905334473,4.5124125480651855,1.257285475730896e-08,1.1920928955078125e-07,-1.1422168455510473e-07,0.0,True
collapse,3,6682,66,8.90310001373291,4.5731000900268555,1.0244548320770264e-08,1.1920928955078125e-07,-1.5412480536269868e-07,0.0,True
collapse,3,6682,67,8.902352333068848,4.624440670013428,8.381903171539307e-09,1.1920928955078125e-07,-1.0069980760363251e-07,0.0,True
collapse,3,6682,68,8.901989936828613,4.666906356811523,5.587935447692871e-09,1.1920928955078125e-07,-1.1802737986954526e-07,0.0,True
collapse,3,6682,69,8.901885986328125,4.705985069274902,7.450580596923828e-09,1.1920928955078125e-07,-1.1382140030491428e-07,0.0,True
collapse,3,6682,70,8.901847839355469,4.751156330108643,1.0244548320770264e-08,1.1920928955078125e-07,-1.1785740383629673e-07,0.0,True
collapse,3,6682,71,8.901702880859375,4.813292026519775,1.210719347000122e-08,1.1920928955078125e-07,-9.9107737128179e-08,0.0,True
collapse,3,6682,72,8.901360511779785,4.901202201843262,1.1175870895385742e-08,1.1920928955078125e-07,-1.342619668776024e-07,0.0,True
collapse,3,6682,73,8.896525382995605,5.018850326538086,6.51925802230835e-09,1.1920928955078125e-07,-9.413139423486427e-08,0.0,True
collapse,3,6682,74,8.885322570800781,5.145576000213623,7.916241884231567e-09,1.1920928955078125e-07,-1.7024719056735194e-07,0.0,True
collapse,3,6682,75,8.87503433227539,5.232494354248047,9.778887033462524e-09,1.1920928955078125e-07,-1.2123928172513843e-07,0.0,True
collapse,3,6682,76,8.872649192810059,5.234776020050049,1.257285475730896e-08,1.1920928955078125e-07,-1.4692957961415232e-07,0.0,True
collapse,3,6682,77,8.877080917358398,5.13352108001709,7.450580596923828e-09,1.1920928955078125e-07,-1.532224587208475e-07,0.0,True
collapse,3,6682,78,8.882424354553223,4.964076519012451,1.0710209608078003e-08,1.1920928955078125e-07,-8.959717945344892e-08,0.0,True
collapse,3,6682,79,8.885846138000488,4.8049726486206055,7.916241884231567e-09,1.1920928955078125e-07,-1.4200622899807058e-07,0.0,True
collapse,3,6682,80,8.888697624206543,4.729891777038574,9.778887033462524e-09,1.1920928955078125e-07,-1.7691745313186402e-07,0.0,True
collapse,3,6682,81,8.89336109161377,4.759100437164307,1.0710209608078003e-08,1.1920928955078125e-07,-1.0574009934316564e-07,0.0,True
collapse,3,6682,82,8.899715423583984,4.85875129699707,1.0244548320770264e-08,1.1920928955078125e-07,-1.372346360994925e-07,0.0,True
collapse,3,6682,83,8.902692794799805,4.9849395751953125,8.381903171539307e-09,1.1920928955078125e-07,-1.2092894507986784e-07,0.0,True
collapse,3,6682,84,8.900983810424805,5.09234619140625,1.0244548320770264e-08,1.1920928955078125e-07,-1.5727152913314058e-07,0.0,True
collapse,3,6682,85,8.896862983703613,5.171767711639404,7.916241884231567e-09,1.1920928955078125e-07,-1.28105369867626e-07,0.0,True
collapse,3,6682,86,8.88603687286377,5.2519330978393555,1.1641532182693481e-08,1.1920928955078125e-07,-1.4080423227369465e-07,0.0,True
collapse,3,6682,87,8.875640869140625,5.314206600189209,1.30385160446167e-08,1.1920928955078125e-07,-1.2315578601374e-07,0.0,True
collapse,3,6682,88,8.874112129211426,5.307977676391602,6.984919309616089e-09,1.1920928955078125e-07,-1.215774716456508e-07,0.0,True
collapse,3,6682,89,8.881019592285156,5.192108631134033,5.122274160385132e-09,5.960464477539063e-08,-1.266456877146993e-07,0.0,True
collapse,3,6682,90,8.889936447143555,4.9911980628967285,5.122274160385132e-09,1.1920928955078125e-07,-1.536128308998741e-07,0.0,True
collapse,3,6682,91,8.895951271057129,4.785821914672852,6.51925802230835e-09,1.1920928955078125e-07,-1.1323236748239651e-07,0.0,True
collapse,3,6682,92,8.898822784423828,4.670900821685791,1.1175870895385742e-08,1.1920928955078125e-07,-1.3511477447991638e-07,0.0,True
collapse,3,6682,93,8.902433395385742,4.6936259269714355,1.30385160446167e-08,1.1920928955078125e-07,-1.6133179769894923e-07,0.0,True
collapse,3,6682,94,8.908422470092773,4.816598415374756,7.916241884231567e-09,1.1920928955078125e-07,-1.1342344663489712e-07,0.0,True
collapse,3,6682,95,8.908952713012695,4.975846290588379,9.313225746154785e-09,1.1920928955078125e-07,-1.3743624549533706e-07,0.0,True
collapse,3,6682,96,8.9056978225708,5.095308780670166,1.0710209608078003e-08,1.1920928955078125e-07,-1.2688867911947455e-07,0.0,True
collapse,3,6682,97,8.905378341674805,5.152055740356445,6.51925802230835e-09,1.1920928955078125e-07,-1.0565015884367313e-07,0.0,True
collapse,3,6682,98,8.905189514160156,5.19781494140625,9.313225746154785e-09,1.1920928955078125e-07,-1.5970218214533816e-07,0.0,True
collapse,3,6682,99,8.895429611206055,5.283730983734131,1.257285475730896e-08,1.1920928955078125e-07,-1.279410355436994e-07,0.0,True
collapse,3,6682,100,8.884517669677734,5.378513336181641,1.30385160446167e-08,1.1920928955078125e-07,-1.4337972231714957e-07,0.0,True
collapse,4,6954,1,8.951435089111328,6.254858493804932,6.05359673500061e-09,1.1920928955078125e-07,-8.208061075265505e-08,0.0,True
collapse,4,6954,2,8.868300437927246,6.0599894523620605,5.122274160385132e-09,1.1920928955078125e-07,-1.4840858852949168e-07,0.0,True
collapse,4,6954,3,8.879240989685059,5.92110013961792,6.51925802230835e-09,1.1920928955078125e-07,-1.4875845977257995e-07,0.0,True
collapse,4,6954,4,8.891643524169922,5.870019435882568,6.05359673500061e-09,1.1920928955078125e-07,-1.909327238536207e-07,0.0,True
collapse,4,6954,5,8.898568153381348,5.795629501342773,5.587935447692871e-09,1.1920928955078125e-07,-1.295486242725019e-07,0.0,True
collapse,4,6954,6,8.905488014221191,5.628702163696289,3.725290298461914e-09,5.960464477539063e-08,-1.5890373106230982e-07,0.0,True
collapse,4,6954,7,8.908028602600098,5.443358898162842,1.1175870895385742e-08,1.1920928955078125e-07,-2.566510204360384e-07,0.0,True
collapse,4,6954,8,8.908863067626953,5.409132480621338,5.122274160385132e-09,5.960464477539063e-08,-2.938970737886848e-07,0.0,True
collapse,4,6954,9,8.945033073425293,5.639636516571045,7.916241884231567e-09,1.1920928955078125e-07,-1.661396424879058e-07,0.0,True
collapse,4,6954,10,8.967576026916504,6.037965297698975,6.984919309616089e-09,1.1920928955078125e-07,-1.7530597062886955e-07,0.0,True
collapse,4,6954,11,8.996822357177734,6.4040608406066895,8.847564458847046e-09,1.1920928955078125e-07,-1.2300029084144626e-07,0.0,True
collapse,4,6954,12,9.018682479858398,6.618031978607178,7.916241884231567e-09,1.1920928955078125e-07,-1.2795351267413935e-07,0.0,True
collapse,4,6954,13,9.006866455078125,6.756518363952637,6.51925802230835e-09,1.1920928955078125e-07,-1.326286991343295e-07,0.0,True
collapse,4,6954,14,9.019699096679688,6.831067085266113,5.587935447692871e-09,1.1920928955078125e-07,-1.4700178496696026e-07,0.0,True
collapse,4,6954,15,9.013712882995605,7.007993698120117,7.450580596923828e-09,1.1920928955078125e-07,-1.295978790949448e-07,0.0,True
collapse,4,6954,16,8.979757308959961,7.459902286529541,9.778887033462524e-09,1.1920928955078125e-07,-2.0360008079478575e-07,0.0,True
collapse,4,6954,17,8.972360610961914,7.841614723205566,8.381903171539307e-09,1.1920928955078125e-07,-2.7313697614772536e-07,0.0,True
collapse,4,6954,18,8.986640930175781,8.063640594482422,8.847564458847046e-09,1.1920928955078125e-07,-1.51426604588778e-07,0.0,True
collapse,4,6954,19,9.00981330871582,8.225566864013672,7.450580596923828e-09,1.1920928955078125e-07,-2.88779972379416e-07,0.0,True
collapse,4,6954,20,9.02602481842041,8.37751579284668,1.257285475730896e-08,1.1920928955078125e-07,-1.080199467651255e-07,0.0,True
collapse,4,6954,21,9.041677474975586,8.607057571411133,9.313225746154785e-09,1.1920928955078125e-07,-1.343697704214719e-07,0.0,True
collapse,4,6954,22,9.05906867980957,8.904542922973633,8.381903171539307e-09,1.1920928955078125e-07,-1.5785789742039924e-07,0.0,True
collapse,4,6954,23,9.07581615447998,9.150505065917969,4.190951585769653e-09,1.1920928955078125e-07,-1.758771759341471e-07,0.0,True
collapse,4,6954,24,9.096074104309082,9.399604797363281,9.313225746154785e-09,1.1920928955078125e-07,-1.0980748754718661e-07,0.0,True
collapse,4,6954,25,9.088347434997559,9.685521125793457,4.6566128730773926e-09,1.1920928955078125e-07,-1.3272523347040988e-07,0.0,True
collapse,4,6954,26,9.104567527770996,9.940714836120605,7.450580596923828e-09,1.1920928955078125e-07,-1.9971614051428332e-07,0.0,True
collapse,4,6954,27,9.093735694885254,10.167476654052734,4.190951585769653e-09,1.1920928955078125e-07,-2.0408319301168376e-07,0.0,True
collapse,4,6954,28,9.086938858032227,10.189872741699219,9.778887033462524e-09,1.1920928955078125e-07,-1.6528819912764448e-07,0.0,True
collapse,4,6954,29,9.08310604095459,10.008431434631348,9.778887033462524e-09,1.1920928955078125e-07,-1.250121073326227e-07,0.0,True
collapse,4,6954,30,9.069076538085938,9.807819366455078,8.847564458847046e-09,1.1920928955078125e-07,-1.7447709410589596e-07,0.0,True
collapse,4,6954,31,9.088417053222656,9.674202919006348,8.381903171539307e-09,1.1920928955078125e-07,-1.194691066075393e-07,0.0,True
collapse,4,6954,32,9.114684104919434,9.525927543640137,7.916241884231567e-09,1.1920928955078125e-07,-1.7811720454119495e-07,0.0,True
collapse,4,6954,33,9.116156578063965,9.201886177062988,7.916241884231567e-09,1.1920928955078125e-07,-1.4599409325910528e-07,0.0,True
collapse,4,6954,34,9.105939865112305,8.674553871154785,1.210719347000122e-08,1.1920928955078125e-07,-1.8869357631956518e-07,0.0,True
collapse,4,6954,35,9.088724136352539,8.021430969238281,8.381903171539307e-09,1.1920928955078125e-07,-1.559275801810145e-07,0.0,True
collapse,4,6954,36,9.087549209594727,7.5943427085876465,9.778887033462524e-09,1.1920928955078125e-07,-1.2310248109770328e-07,0.0,True
collapse,4,6954,37,9.066144943237305,7.63544225692749,8.847564458847046e-09,5.960464477539063e-08,-1.486496898905898e-07,0.0,True
collapse,4,6954,38,9.071578025817871,7.848133087158203,8.847564458847046e-09,1.1920928955078125e-07,-2.265653051836125e-07,0.0,True
collapse,4,6954,39,9.117661476135254,7.8199543952941895,1.0244548320770264e-08,1.1920928955078125e-07,-1.343984621371419e-07,0.0,True
collapse,4,6954,40,9.165746688842773,7.583089351654053,1.0244548320770264e-08,1.1920928955078125e-07,-1.063960155534005e-07,0.0,True
collapse,4,6954,41,9.204973220825195,7.349568843841553,1.0244548320770264e-08,1.1920928955078125e-07,-1.251096080068237e-07,0.0,True
collapse,4,6954,42,9.211099624633789,7.275109767913818,1.0244548320770264e-08,1.1920928955078125e-07,-1.6898484034300054e-07,0.0,True
collapse,4,6954,43,9.196524620056152,7.410889148712158,1.30385160446167e-08,1.1920928955078125e-07,-1.624062235805468e-07,0.0,True
collapse,4,6954,44,9.17074966430664,7.622620582580566,8.381903171539307e-09,1.1920928955078125e-07,-1.281076293935257e-07,0.0,True
collapse,4,6954,45,9.155445098876953,7.800707817077637,1.30385160446167e-08,1.1920928955078125e-07,-1.3930571185483132e-07,0.0,True
collapse,4,6954,46,9.14589786529541,7.947013854980469,1.1175870895385742e-08,1.1920928955078125e-07,-1.849631843242605e-07,0.0,True
collapse,4,6954,47,9.118350982666016,8.091411590576172,1.210719347000122e-08,1.1920928955078125e-07,-1.232011328511362e-07,0.0,True
collapse,4,6954,48,9.082931518554688,8.209003448486328,1.3969838619232178e-08,1.1920928955078125e-07,-9.930092659260481e-08,0.0,True
collapse,4,6954,49,9.06501293182373,8.2499361038208,1.1175870895385742e-08,1.1920928955078125e-07,-1.1409203182211058e-07,0.0,True
collapse,4,6954,50,9.074066162109375,8.157096862792969,1.0244548320770264e-08,1.1920928955078125e-07,-1.274324006317329e-07,0.0,True
collapse,4,6954,51,9.078173637390137,7.96192741394043,8.381903171539307e-09,1.1920928955078125e-07,-1.1519137643745125e-07,0.0,True
collapse,4,6954,52,9.074414253234863,7.7536940574646,9.313225746154785e-09,1.1920928955078125e-07,-1.4309915741250734e-07,0.0,True
collapse,4,6954,53,9.048959732055664,7.665991306304932,1.257285475730896e-08,1.1920928955078125e-07,-1.1144391010020627e-07,0.0,True
collapse,4,6954,54,9.017167091369629,7.795386791229248,1.30385160446167e-08,1.1920928955078125e-07,-1.308578987391229e-07,0.0,True
collapse,4,6954,55,9.013620376586914,7.998954772949219,1.0710209608078003e-08,1.1920928955078125e-07,-1.2233968504915538e-07,0.0,True
collapse,4,6954,56,9.008194923400879,8.114036560058594,7.450580596923828e-09,1.1920928955078125e-07,-1.2202872312627733e-07,0.0,True
collapse,4,6954,57,9.009519577026367,8.114567756652832,1.1175870895385742e-08,1.1920928955078125e-07,-1.1853843773224071e-07,0.0,True
collapse,4,6954,58,9.011982917785645,8.051115036010742,1.0244548320770264e-08,1.1920928955078125e-07,-1.08834257162016e-07,0.0,True
collapse,4,6954,59,9.014341354370117,7.979750633239746,1.210719347000122e-08,1.1920928955078125e-07,-1.2384812464460992e-07,0.0,True
collapse,4,6954,60,9.016180992126465,7.937600612640381,7.450580596923828e-09,5.960464477539063e-08,-1.332952024313272e-07,0.0,True
collapse,4,6954,61,9.019905090332031,7.948903560638428,8.847564458847046e-09,1.1920928955078125e-07,-1.2456645492875396e-07,0.0,True
collapse,4,6954,62,9.022895812988281,8.023250579833984,7.916241884231567e-09,1.1920928955078125e-07,-1.1017642975730269e-07,0.0,True
collapse,4,6954,63,9.022993087768555,8.14368724822998,1.1641532182693481e-08,1.1920928955078125e-07,-1.4078980825615872e-07,0.0,True
collapse,4,6954,64,9.024791717529297,8.303226470947266,1.0710209608078003e-08,1.1920928955078125e-07,-1.1002106248270138e-07,0.0,True
collapse,4,6954,65,9.02109146118164,8.50973892211914,1.30385160446167e-08,1.1920928955078125e-07,-1.4338905884869746e-07,0.0,True
collapse,4,6954,66,9.00854778289795,8.738983154296875,1.210719347000122e-08,1.1920928955078125e-07,-1.2183448916402995e-07,0.0,True
collapse,4,6954,67,8.998029708862305,8.930789947509766,1.4435499906539917e-08,1.1920928955078125e-07,-1.46162662417737e-07,0.0,True
collapse,4,6954,68,8.998332023620605,9.023545265197754,1.257285475730896e-08,1.1920928955078125e-07,-1.464016889940467e-07,0.0,True
collapse,4,6954,69,9.006718635559082,8.984469413757324,7.916241884231567e-09,1.1920928955078125e-07,-1.3202597415329365e-07,0.0,True
collapse,4,6954,70,9.012249946594238,8.842743873596191,8.381903171539307e-09,1.1920928955078125e-07,-1.6002516645130527e-07,0.0,True
collapse,4,6954,71,9.00730037689209,8.665852546691895,1.1175870895385742e-08,1.1920928955078125e-07,-1.1640427288739374e-07,0.0,True
collapse,4,6954,72,8.995452880859375,8.515361785888672,1.1175870895385742e-08,1.1920928955078125e-07,-1.2098196577881026e-07,0.0,True
collapse,4,6954,73,8.979914665222168,8.430845260620117,1.0244548320770264e-08,1.1920928955078125e-07,-9.387678545635936e-08,0.0,True
collapse,4,6954,74,8.971575736999512,8.407929420471191,1.30385160446167e-08,1.1920928955078125e-07,-1.3470733506437682e-07,0.0,True
collapse,4,6954,75,8.969517707824707,8.422527313232422,8.381903171539307e-09,1.1920928955078125e-07,-1.4363493505697988e-07,0.0,True
collapse,4,6954,76,8.96939754486084,8.472003936767578,1.0244548320770264e-08,1.1920928955078125e-07,-1.5561766986138537e-07,0.0,True
collapse,4,6954,77,8.968005180358887,8.56336498260498,9.313225746154785e-09,1.1920928955078125e-07,-1.4932138014955854e-07,0.0,True
collapse,4,6954,78,8.963866233825684,8.677891731262207,1.0244548320770264e-08,1.1920928955078125e-07,-1.5321668911383313e-07,0.0,True
collapse,4,6954,79,8.957560539245605,8.785611152648926,1.1175870895385742e-08,1.1920928955078125e-07,-1.041500610199364e-07,0.0,True
collapse,4,6954,80,8.953644752502441,8.85882568359375,1.1175870895385742e-08,1.1920928955078125e-07,-1.2316414199631254e-07,0.0,True
collapse,4,6954,81,8.95483684539795,8.871319770812988,1.1641532182693481e-08,1.1920928955078125e-07,-1.1917163078578596e-07,0.0,True
collapse,4,6954,82,8.963360786437988,8.810007095336914,1.0710209608078003e-08,1.1920928955078125e-07,-1.353411107629654e-07,0.0,True
collapse,4,6954,83,8.974064826965332,8.696149826049805,1.1641532182693481e-08,1.1920928955078125e-07,-1.401487850216654e-07,0.0,True
collapse,4,6954,84,8.982293128967285,8.570463180541992,1.0710209608078003e-08,1.1920928955078125e-07,-1.2548215977403743e-07,0.0,True
collapse,4,6954,85,8.987160682678223,8.473043441772461,6.05359673500061e-09,1.1920928955078125e-07,-9.10970001655187e-08,0.0,True
collapse,4,6954,86,8.987605094909668,8.44579029083252,8.381903171539307e-09,1.1920928955078125e-07,-1.282322301676686e-07,0.0,True
collapse,4,6954,87,8.97772216796875,8.510933876037598,1.0710209608078003e-08,1.1920928955078125e-07,-1.300473400078772e-07,0.0,True
collapse,4,6954,88,8.977866172790527,8.582863807678223,7.916241884231567e-09,1.1920928955078125e-07,-1.0968122410304204e-07,0.0,True
collapse,4,6954,89,9.001117706298828,8.563507080078125,8.381903171539307e-09,1.1920928955078125e-07,-1.2767569046445715e-07,0.0,True
collapse,4,6954,90,9.029508590698242,8.483389854431152,1.3504177331924438e-08,1.1920928955078125e-07,-1.5927646757063485e-07,0.0,True
collapse,4,6954,91,9.01089096069336,8.501383781433105,8.847564458847046e-09,1.1920928955078125e-07,-1.1790345411100134e-07,0.0,True
collapse,4,6954,92,8.976249694824219,8.705628395080566,7.916241884231567e-09,1.1920928955078125e-07,-1.1645102659940676e-07,0.0,True
collapse,4,6954,93,8.961699485778809,8.925139427185059,9.778887033462524e-09,1.1920928955078125e-07,-1.4295363826022367e-07,0.0,True
collapse,4,6954,94,8.969740867614746,9.0222749710083,1.3504177331924438e-08,1.1920928955078125e-07,-1.0192615462756294e-07,0.0,True
collapse,4,6954,95,8.97191047668457,8.967968940734863,1.0244548320770264e-08,1.1920928955078125e-07,-1.0396112770649779e-07,0.0,True
collapse,4,6954,96,8.966010093688965,8.88422679901123,8.381903171539307e-09,1.1920928955078125e-07,-1.5427707467097207e-07,0.0,True
collapse,4,6954,97,8.956110000610352,8.869231224060059,7.450580596923828e-09,1.1920928955078125e-07,-1.3033998413902737e-07,0.0,True
collapse,4,6954,98,8.956562995910645,8.914338111877441,6.984919309616089e-09,1.1920928955078125e-07,-1.0394789029533058e-07,0.0,True
collapse,4,6954,99,8.967411994934082,8.913653373718262,8.381903171539307e-09,1.1920928955078125e-07,-1.0591050880748298e-07,0.0,True
collapse,4,6954,100,8.987422943115234,8.797296524047852,1.0710209608078003e-08,1.1920928955078125e-07,-1.5475391990094067e-07,0.0,True
collapse,5,7028,1,8.597332954406738,7.2762675285339355,6.984919309616089e-09,1.1920928955078125e-07,-1.4261641467783193e-07,0.0,True
collapse,5,7028,2,8.653367042541504,6.822399616241455,1.0710209608078003e-08,1.1920928955078125e-07,-1.6198417540636e-07,0.0,True
collapse,5,7028,3,8.696600914001465,6.094172954559326,1.0710209608078003e-08,1.1920928955078125e-07,-1.0588919963083754e-07,0.0,True
collapse,5,7028,4,8.71890926361084,5.4295334815979,9.313225746154785e-09,1.1920928955078125e-07,-1.1571461300263763e-07,0.0,True
collapse,5,7028,5,8.730154991149902,4.7970051765441895,1.0710209608078003e-08,1.1920928955078125e-07,-1.1534147859038058e-07,0.0,True
collapse,5,7028,6,8.757631301879883,4.2067036628723145,8.381903171539307e-09,1.1920928955078125e-07,-1.3797917119973135e-07,0.0,True
collapse,5,7028,7,8.80387020111084,3.660031795501709,9.313225746154785e-09,1.1920928955078125e-07,-1.0390559168627078e-07,0.0,True
collapse,5,7028,8,8.852877616882324,3.148642063140869,1.210719347000122e-08,1.1920928955078125e-07,-8.005034857205828e-08,0.0,True
collapse,5,7028,9,8.873847007751465,2.687873363494873,7.450580596923828e-09,1.1920928955078125e-07,-1.0561434038436346e-07,0.0,True
collapse,5,7028,10,8.883880615234375,2.3250842094421387,1.3504177331924438e-08,1.1920928955078125e-07,-1.1479833972316555e-07,0.0,True
collapse,5,7028,11,8.896034240722656,2.1338050365448,9.313225746154785e-09,1.1920928955078125e-07,-1.3764862671905576e-07,0.0,True
collapse,5,7028,12,8.910937309265137,2.127453565597534,7.916241884231567e-09,1.1920928955078125e-07,-1.0512715675758955e-07,0.0,True
collapse,5,7028,13,8.9128999710083,2.2405755519866943,1.0710209608078003e-08,1.1920928955078125e-07,-1.1183095693922951e-07,0.0,True
collapse,5,7028,14,8.909024238586426,2.384305477142334,1.5832483768463135e-08,1.1920928955078125e-07,-1.196441985484853e-07,0.0,True
collapse,5,7028,15,8.90625,2.543257713317871,1.1641532182693481e-08,1.1920928955078125e-07,-1.3122655673214467e-07,0.0,True
collapse,5,7028,16,8.902982711791992,2.7310400009155273,1.0244548320770264e-08,1.1920928955078125e-07,-9.55014129999654e-08,0.0,True
collapse,5,7028,17,8.894661903381348,2.9469330310821533,8.847564458847046e-09,1.1920928955078125e-07,-1.4165418349421088e-07,0.0,True
collapse,5,7028,18,8.886185646057129,3.1520893573760986,9.313225746154785e-09,1.1920928955078125e-07,-1.0527791971526312e-07,0.0,True
collapse,5,7028,19,8.881034851074219,3.305729627609253,7.916241884231567e-09,1.1920928955078125e-07,-9.94197293380239e-08,0.0,True
collapse,5,7028,20,8.880537033081055,3.369147777557373,1.210719347000122e-08,1.1920928955078125e-07,-1.0536994921039877e-07,0.0,True
collapse,5,7028,21,8.883049964904785,3.3263652324676514,9.778887033462524e-09,1.1920928955078125e-07,-1.1024124546565872e-07,0.0,True
collapse,5,7028,22,8.885794639587402,3.2008883953094482,6.51925802230835e-09,1.1920928955078125e-07,-1.4112009694144945e-07,0.0,True
collapse,5,7028,23,8.887346267700195,3.0458455085754395,7.450580596923828e-09,1.1920928955078125e-07,-1.5455452739843167e-07,0.0,True
collapse,5,7028,24,8.887975692749023,2.916942834854126,8.847564458847046e-09,1.1920928955078125e-07,-1.218715510731272e-07,0.0,True
collapse,5,7028,25,8.888383865356445,2.84870982170105,8.381903171539307e-09,1.1920928955078125e-07,-9.71022657836329e-08,0.0,True
collapse,5,7028,26,8.888632774353027,2.84675931930542,1.4435499906539917e-08,1.1920928955078125e-07,-1.1338882188738353e-07,0.0,True
collapse,5,7028,27,8.888296127319336,2.8966946601867676,9.778887033462524e-09,1.1920928955078125e-07,-1.3513064800463326e-07,0.0,True
collapse,5,7028,28,8.887207984924316,2.9761903285980225,1.210719347000122e-08,1.1920928955078125e-07,-1.2604463961451984e-07,0.0,True
collapse,5,7028,29,8.885746955871582,3.0619099140167236,7.450580596923828e-09,1.1920928955078125e-07,-1.2004029770196212e-07,0.0,True
collapse,5,7028,30,8.884573936462402,3.133127450942993,1.1641532182693481e-08,1.1920928955078125e-07,-1.3552818245443632e-07,0.0,True
collapse,5,7028,31,8.8841552734375,3.174919605255127,8.847564458847046e-09,1.1920928955078125e-07,-1.1347032113917521e-07,0.0,True
collapse,5,7028,32,8.884499549865723,3.181422233581543,1.1175870895385742e-08,1.1920928955078125e-07,-1.4334939635318733e-07,0.0,True
collapse,5,7028,33,8.885255813598633,3.1575093269348145,5.587935447692871e-09,1.1920928955078125e-07,-9.998954908496671e-08,0.0,True
collapse,5,7028,34,8.886038780212402,3.1168060302734375,1.0710209608078003e-08,1.1920928955078125e-07,-9.986983684484585e-08,0.0,True
collapse,5,7028,35,8.886636734008789,3.076223373413086,5.122274160385132e-09,1.1920928955078125e-07,-1.1361363050355067e-07,0.0,True
collapse,5,7028,36,8.88701343536377,3.0497162342071533,7.450580596923828e-09,1.1920928955078125e-07,-1.0196647792781732e-07,0.0,True
collapse,5,7028,37,8.887177467346191,3.0442941188812256,7.916241884231567e-09,1.1920928955078125e-07,-1.4631847022883449e-07,0.0,True
collapse,5,7028,38,8.887138366699219,3.0594940185546875,8.381903171539307e-09,1.1920928955078125e-07,-9.325272998239598e-08,0.0,True
collapse,5,7028,39,8.886940002441406,3.089383602142334,8.847564458847046e-09,1.1920928955078125e-07,-1.222904302267125e-07,0.0,True
collapse,5,7028,40,8.886689186096191,3.12540864944458,1.210719347000122e-08,1.1920928955078125e-07,-1.4047161300823063e-07,0.0,True
collapse,5,7028,41,8.886528968811035,3.1590092182159424,1.257285475730896e-08,1.1920928955078125e-07,-1.3089703543300857e-07,0.0,True
collapse,5,7028,42,8.886571884155273,3.1836838722229004,1.0710209608078003e-08,1.1920928955078125e-07,-1.461415166659208e-07,0.0,True
collapse,5,7028,43,8.886838912963867,3.1963388919830322,1.4435499906539917e-08,1.1920928955078125e-07,-1.0892279789231907e-07,0.0,True
collapse,5,7028,44,8.887276649475098,3.1976890563964844,2.7939677238464355e-09,1.1920928955078125e-07,-1.5832196709197888e-07,0.0,True
collapse,5,7028,45,8.887787818908691,3.191559076309204,6.984919309616089e-09,1.1920928955078125e-07,-1.1832904078801221e-07,0.0,True
collapse,5,7028,46,8.888284683227539,3.183305025100708,1.30385160446167e-08,1.1920928955078125e-07,-1.0708788522606483e-07,0.0,True
collapse,5,7028,47,8.88870906829834,3.1779603958129883,9.313225746154785e-09,1.1920928955078125e-07,-1.3973752288620744e-07,0.0,True
collapse,5,7028,48,8.88904094696045,3.178788661956787,6.51925802230835e-09,5.960464477539063e-08,-1.0587127974304167e-07,0.0,True
collapse,5,7028,49,8.88927936553955,3.1866836547851562,7.450580596923828e-09,1.1920928955078125e-07,-1.411908101545123e-07,0.0,True
collapse,5,7028,50,8.88944149017334,3.200395345687866,7.916241884231567e-09,1.1920928955078125e-07,-1.5142602194373467e-07,0.0,True
collapse,5,7028,51,8.889569282531738,3.2173118591308594,6.984919309616089e-09,1.1920928955078125e-07,-1.293692264425772e-07,0.0,True
collapse,5,7028,52,8.889700889587402,3.234410047531128,9.313225746154785e-09,1.1920928955078125e-07,-1.315494699838382e-07,0.0,True
collapse,5,7028,53,8.889874458312988,3.249115467071533,8.381903171539307e-09,1.1920928955078125e-07,-1.060907948158274e-07,0.0,True
collapse,5,7028,54,8.890110969543457,3.2599027156829834,1.0244548320770264e-08,1.1920928955078125e-07,-9.277552948105949e-08,0.0,True
collapse,5,7028,55,8.890401840209961,3.2665293216705322,5.587935447692871e-09,1.1920928955078125e-07,-1.2484738931561878e-07,0.0,True
collapse,5,7028,56,8.890724182128906,3.269902467727661,1.30385160446167e-08,1.1920928955078125e-07,-1.0113312498560845e-07,0.0,True
collapse,5,7028,57,8.8910551071167,3.2716405391693115,9.313225746154785e-09,1.1920928955078125e-07,-2.0773330788870226e-07,0.0,True
collapse,5,7028,58,8.891366004943848,3.273510456085205,9.313225746154785e-09,1.1920928955078125e-07,-9.115430543715775e-08,0.0,True
collapse,5,7028,59,8.891645431518555,3.276902675628662,1.30385160446167e-08,1.1920928955078125e-07,-1.2906642155030568e-07,0.0,True
collapse,5,7028,60,8.89188289642334,3.2825162410736084,8.381903171539307e-09,1.1920928955078125e-07,-1.3721395930588187e-07,0.0,True
collapse,5,7028,61,8.89209270477295,3.290282726287842,1.0244548320770264e-08,1.1920928955078125e-07,-1.0674420281020502e-07,0.0,True
collapse,5,7028,62,8.892279624938965,3.29953670501709,8.847564458847046e-09,1.1920928955078125e-07,-1.078146709687644e-07,0.0,True
collapse,5,7028,63,8.89246940612793,3.3093008995056152,8.381903171539307e-09,1.1920928955078125e-07,-1.511971277068369e-07,0.0,True
collapse,5,7028,64,8.89267349243164,3.3186097145080566,8.847564458847046e-09,1.1920928955078125e-07,-1.0878198253294613e-07,0.0,True
collapse,5,7028,65,8.892905235290527,3.3267767429351807,1.0244548320770264e-08,1.1920928955078125e-07,-1.143196257658019e-07,0.0,True
collapse,5,7028,66,8.893165588378906,3.333542585372925,1.0710209608078003e-08,1.1920928955078125e-07,-1.1074341443872981e-07,0.0,True
collapse,5,7028,67,8.893457412719727,3.339088201522827,5.587935447692871e-09,1.1920928955078125e-07,-1.465636785269453e-07,0.0,True
collapse,5,7028,68,8.893768310546875,3.3439276218414307,6.05359673500061e-09,1.1920928955078125e-07,-1.1286999779258622e-07,0.0,True
collapse,5,7028,69,8.894095420837402,3.3487281799316406,1.1175870895385742e-08,1.1920928955078125e-07,-1.1890531936842308e-07,0.0,True
collapse,5,7028,70,8.894432067871094,3.354114294052124,7.450580596923828e-09,1.1920928955078125e-07,-1.1859427218041674e-07,0.0,True
collapse,5,7028,71,8.894779205322266,3.3605239391326904,1.1175870895385742e-08,1.1920928955078125e-07,-1.353059531084e-07,0.0,True
collapse,5,7028,72,8.895139694213867,3.368138551712036,1.30385160446167e-08,1.1920928955078125e-07,-1.323884504245143e-07,0.0,True
collapse,5,7028,73,8.895525932312012,3.3769006729125977,1.1175870895385742e-08,1.1920928955078125e-07,-9.880091766945043e-08,0.0,True
collapse,5,7028,74,8.895943641662598,3.386601209640503,8.847564458847046e-09,1.1920928955078125e-07,-1.064425703134475e-07,0.0,True
collapse,5,7028,75,8.896411895751953,3.3969969749450684,6.51925802230835e-09,1.1920928955078125e-07,-9.898349162540399e-08,0.0,True
collapse,5,7028,76,8.89694595336914,3.4079253673553467,1.1641532182693481e-08,1.1920928955078125e-07,-1.3738736015511677e-07,0.0,True
collapse,5,7028,77,8.89755630493164,3.4193944931030273,1.3504177331924438e-08,1.1920928955078125e-07,-1.248452576874115e-07,0.0,True
collapse,5,7028,78,8.8982572555542,3.4316248893737793,6.984919309616089e-09,1.1920928955078125e-07,-1.1056778248530463e-07,0.0,True
collapse,5,7028,79,8.899065971374512,3.4450461864471436,8.847564458847046e-09,1.1920928955078125e-07,-1.3665632536685735e-07,0.0,True
collapse,5,7028,80,8.900001525878906,3.4602644443511963,9.778887033462524e-09,1.1920928955078125e-07,-1.477239663927321e-07,0.0,True
collapse,5,7028,81,8.90109634399414,3.478034257888794,8.381903171539307e-09,1.1920928955078125e-07,-1.0806685679654038e-07,0.0,True
collapse,5,7028,82,8.902387619018555,3.4992501735687256,6.51925802230835e-09,1.1920928955078125e-07,-9.977273407457687e-08,0.0,True
collapse,5,7028,83,8.903937339782715,3.5250015258789062,1.3504177331924438e-08,1.1920928955078125e-07,-1.4558324323843408e-07,0.0,True
collapse,5,7028,84,8.905837059020996,3.5567216873168945,9.778887033462524e-09,1.1920928955078125e-07,-1.4347655508117896e-07,0.0,True
collapse,5,7028,85,8.907577514648438,3.5964839458465576,8.847564458847046e-09,1.1920928955078125e-07,-1.1117715814634721e-07,0.0,True
collapse,5,7028,86,8.90764331817627,3.6456027030944824,1.210719347000122e-08,1.1920928955078125e-07,-9.75024079252762e-08,0.0,True
collapse,5,7028,87,8.90778923034668,3.700629472732544,9.313225746154785e-09,1.1920928955078125e-07,-1.1098899221906322e-07,0.0,True
collapse,5,7028,88,8.908011436462402,3.7626001834869385,9.313225746154785e-09,1.1920928955078125e-07,-1.5869849789851287e-07,0.0,True
collapse,5,7028,89,8.908334732055664,3.832397937774658,8.381903171539307e-09,1.1920928955078125e-07,-1.1412407019406601e-07,0.0,True
collapse,5,7028,90,8.908772468566895,3.9118127822875977,9.778887033462524e-09,1.1920928955078125e-07,-1.3474934235091496e-07,0.0,True
collapse,5,7028,91,8.909346580505371,4.0039896965026855,8.381903171539307e-09,1.1920928955078125e-07,-9.909668108321057e-08,0.0,True
collapse,5,7028,92,8.910080909729004,4.113480091094971,8.847564458847046e-09,1.1920928955078125e-07,-1.4320897889774642e-07,0.0,True
collapse,5,7028,93,8.911015510559082,4.245656490325928,1.1175870895385742e-08,1.1920928955078125e-07,-1.6058049823186593e-07,0.0,True
collapse,5,7028,94,8.912203788757324,4.4052839279174805,8.847564458847046e-09,1.1920928955078125e-07,-1.617664509012684e-07,0.0,True
collapse,5,7028,95,8.910265922546387,4.594468593597412,1.210719347000122e-08,1.1920928955078125e-07,-1.4125090785910288e-07,0.0,True
collapse,5,7028,96,8.903388023376465,4.796026706695557,1.0710209608078003e-08,1.1920928955078125e-07,-1.41423498689619e-07,0.0,True
collapse,5,7028,97,8.896815299987793,4.971139907836914,1.0244548320770264e-08,1.1920928955078125e-07,-8.95665976941018e-08,0.0,True
collapse,5,7028,98,8.893704414367676,5.086828231811523,1.210719347000122e-08,1.1920928955078125e-07,-1.1683300726872403e-07,0.0,True
collapse,5,7028,99,8.894577980041504,5.121640682220459,8.847564458847046e-09,1.1920928955078125e-07,-1.5006284570517892e-07,0.0,True
collapse,5,7028,100,8.897315979003906,5.08245325088501,7.450580596923828e-09,1.1920928955078125e-07,-1.0453133825194527e-07,0.0,True
metastable,1,8415,1,10.786673545837402,32.88270950317383,1.30385160446167e-08,1.1920928955078125e-07,-1.7391921858234127e-07,0.0,True
metastable,1,8415,2,10.838797569274902,24.210155487060547,1.1175870895385742e-08,1.1920928955078125e-07,-1.4083498456329835e-07,0.0,True
metastable,1,8415,3,10.639496803283691,21.73007583618164,1.5366822481155396e-08,1.1920928955078125e-07,-2.3908626189950155e-07,0.0,True
metastable,1,8415,4,10.671147346496582,21.6037654876709,1.257285475730896e-08,1.1920928955078125e-07,-2.1450334486416978e-07,0.0,True
metastable,1,8415,5,10.594898223876953,20.22673988342285,1.0244548320770264e-08,1.1920928955078125e-07,-1.5776929274124996e-07,0.0,True
metastable,1,8415,6,10.554634094238281,18.393747329711914,7.450580596923828e-09,1.1920928955078125e-07,-2.3195363496597565e-07,0.0,True
metastable,1,8415,7,10.523524284362793,17.205764770507812,1.0244548320770264e-08,1.1920928955078125e-07,-2.2466028326562082e-07,0.0,True
metastable,1,8415,8,10.439861297607422,15.883635520935059,1.30385160446167e-08,1.1920928955078125e-07,-1.995526162090755e-07,0.0,True
metastable,1,8415,9,10.400928497314453,14.664407730102539,8.847564458847046e-09,1.1920928955078125e-07,-1.5817749954294413e-07,0.0,True
metastable,1,8415,10,10.42263126373291,13.462621688842773,1.1175870895385742e-08,1.1920928955078125e-07,-2.9336672469071345e-07,0.0,True
metastable,1,8415,11,10.364248275756836,12.15755844116211,1.1641532182693481e-08,1.1920928955078125e-07,-1.6747102904446365e-07,0.0,True
metastable,1,8415,12,10.287445068359375,11.031739234924316,1.210719347000122e-08,1.1920928955078125e-07,-1.6193604324143962e-07,0.0,True
metastable,1,8415,13,10.193215370178223,10.266215324401855,1.3504177331924438e-08,1.1920928955078125e-07,-1.4009486903887591e-07,0.0,True
metastable,1,8415,14,10.092679977416992,9.376998901367188,1.1641532182693481e-08,1.1920928955078125e-07,-1.41048815294198e-07,0.0,True
metastable,1,8415,15,10.157626152038574,8.77143383026123,1.1641532182693481e-08,1.1920928955078125e-07,-2.1222587065494736e-07,0.0,True
metastable,1,8415,16,10.18982982635498,7.481595039367676,1.257285475730896e-08,1.1920928955078125e-07,-1.8711384086600447e-07,0.0,True
metastable,1,8415,17,10.018472671508789,6.720461368560791,1.30385160446167e-08,1.1920928955078125e-07,-1.6303829397656955e-07,0.0,True
metastable,1,8415,18,10.060675621032715,6.1543965339660645,7.916241884231567e-09,1.1920928955078125e-07,-1.9645136717372225e-07,0.0,True
metastable,1,8415,19,10.061997413635254,5.7781877517700195,1.0244548320770264e-08,1.1920928955078125e-07,-1.657487160855453e-07,0.0,True
metastable,1,8415,20,9.975778579711914,5.284852027893066,5.122274160385132e-09,5.960464477539063e-08,-1.4730855468769732e-07,0.0,True
metastable,1,8415,21,9.982020378112793,5.1365251541137695,1.0710209608078003e-08,1.1920928955078125e-07,-1.826847721986269e-07,0.0,True
metastable,1,8415,22,9.978764533996582,5.27895975112915,1.1641532182693481e-08,1.1920928955078125e-07,-1.8614403529682022e-07,0.0,True
metastable,1,8415,23,9.950517654418945,5.81218957901001,1.257285475730896e-08,1.1920928955078125e-07,-1.6891792142814666e-07,0.0,True
metastable,1,8415,24,9.979942321777344,6.497307777404785,1.1175870895385742e-08,1.1920928955078125e-07,-1.5451541912625544e-07,0.0,True
metastable,1,8415,25,10.029276847839355,7.412604808807373,1.0244548320770264e-08,1.1920928955078125e-07,-1.7428358489723905e-07,0.0,True
metastable,1,8415,26,9.961736679077148,8.499933242797852,1.3504177331924438e-08,1.1920928955078125e-07,-2.427191532206052e-07,0.0,True
metastable,1,8415,27,9.961165428161621,9.307234764099121,7.916241884231567e-09,1.1920928955078125e-07,-2.0938432498951443e-07,0.0,True
metastable,1,8415,28,9.991809844970703,9.951099395751953,1.1175870895385742e-08,1.1920928955078125e-07,-1.548874450918447e-07,0.0,True
metastable,1,8415,29,9.999558448791504,9.941054344177246,1.210719347000122e-08,1.1920928955078125e-07,-1.844752972601782e-07,0.0,True
metastable,1,8415,30,10.038712501525879,9.2781982421875,1.0710209608078003e-08,1.1920928955078125e-07,-1.7423914755454462e-07,0.0,True
metastable,1,8415,31,10.09652042388916,8.691938400268555,1.4435499906539917e-08,1.1920928955078125e-07,-2.028561993938638e-07,0.0,True
metastable,1,8415,32,10.140852928161621,8.386604309082031,1.4435499906539917e-08,1.1920928955078125e-07,-1.643819302898919e-07,0.0,True
metastable,1,8415,33,10.175589561462402,8.381326675415039,1.257285475730896e-08,1.1920928955078125e-07,-1.7126035345427226e-07,0.0,True
metastable,1,8415,34,10.145203590393066,8.970921516418457,9.778887033462524e-09,1.1920928955078125e-07,-2.3565786477774964e-07,0.0,True
metastable,1,8415,35,10.106212615966797,9.820908546447754,1.0710209608078003e-08,1.1920928955078125e-07,-2.143069650628604e-07,0.0,True
metastable,1,8415,36,10.120779037475586,10.493697166442871,1.1175870895385742e-08,1.1920928955078125e-07,-1.5554780929960543e-07,0.0,True
metastable,1,8415,37,10.14107608795166,10.909891128540039,1.4901161193847656e-08,1.1920928955078125e-07,-2.0522473676010122e-07,0.0,True
metastable,1,8415,38,10.190134048461914,10.81993579864502,1.30385160446167e-08,1.1920928955078125e-07,-1.3528320153000095e-07,0.0,True
metastable,1,8415,39,10.121997833251953,10.815446853637695,1.3969838619232178e-08,1.1920928955078125e-07,-1.4239383006042772e-07,0.0,True
metastable,1,8415,40,10.131540298461914,10.41761302947998,1.6298145055770874e-08,1.1920928955078125e-07,-1.3772174156656547e-07,0.0,True
metastable,1,8415,41,10.099483489990234,10.189689636230469,1.257285475730896e-08,1.1920928955078125e-07,-2.9906377108090965e-07,0.0,True
metastable,1,8415,42,10.177701950073242,9.7542142868042,1.1641532182693481e-08,1.1920928955078125e-07,-1.395675326421042e-07,0.0,True
metastable,1,8415,43,10.185083389282227,9.481244087219238,1.4901161193847656e-08,1.1920928955078125e-07,-1.9986080701528408e-07,0.0,True
metastable,1,8415,44,10.200211524963379,9.596324920654297,1.3969838619232178e-08,1.1920928955078125e-07,-1.7078450298413372e-07,0.0,True
metastable,1,8415,45,10.221148490905762,9.83034610748291,1.3504177331924438e-08,1.1920928955078125e-07,-1.5339142578341125e-07,0.0,True
metastable,1,8415,46,10.222990989685059,10.204248428344727,1.4435499906539917e-08,1.1920928955078125e-07,-1.5029424105250655e-07,0.0,True
metastable,1,8415,47,10.1406888961792,10.603263854980469,2.0023435354232788e-08,1.1920928955078125e-07,-1.6026555726966762e-07,0.0,True
metastable,1,8415,48,10.14154052734375,10.94349479675293,9.778887033462524e-09,1.1920928955078125e-07,-1.9105999626845005e-07,0.0,True
metastable,1,8415,49,10.153799057006836,11.218060493469238,1.3504177331924438e-08,1.1920928955078125e-07,-1.7486360093244002e-07,0.0,True
metastable,1,8415,50,10.07042407989502,11.616617202758789,1.3969838619232178e-08,1.1920928955078125e-07,-1.5918017481908464e-07,0.0,True
metastable,1,8415,51,10.136350631713867,11.06501293182373,9.778887033462524e-09,1.1920928955078125e-07,-2.3273808835710952e-07,0.0,True
metastable,1,8415,52,10.183256149291992,10.557908058166504,1.1641532182693481e-08,1.1920928955078125e-07,-2.149959072994534e-07,0.0,True
metastable,1,8415,53,10.196105003356934,9.594603538513184,9.313225746154785e-09,1.1920928955078125e-07,-1.5133670672184962e-07,0.0,True
metastable,1,8415,54,10.09753704071045,9.320767402648926,1.1641532182693481e-08,1.1920928955078125e-07,-2.2034689095562499e-07,0.0,True
metastable,1,8415,55,10.230326652526855,8.372255325317383,1.4435499906539917e-08,1.1920928955078125e-07,-1.755438461259473e-07,0.0,True
metastable,1,8415,56,10.220744132995605,7.365177631378174,1.1641532182693481e-08,1.1920928955078125e-07,-2.04922116608941e-07,0.0,True
metastable,1,8415,57,10.126364707946777,7.188445091247559,8.847564458847046e-09,1.1920928955078125e-07,-2.0414023538251058e-07,0.0,True
metastable,1,8415,58,10.16425609588623,6.533078670501709,1.210719347000122e-08,1.1920928955078125e-07,-1.1980964131907967e-07,0.0,True
metastable,1,8415,59,10.104565620422363,6.166782855987549,1.0710209608078003e-08,1.1920928955078125e-07,-1.6457124729640782e-07,0.0,True
metastable,1,8415,60,9.969993591308594,6.456772327423096,1.210719347000122e-08,1.1920928955078125e-07,-1.370605957617954e-07,0.0,True
metastable,1,8415,61,10.025672912597656,6.706192493438721,1.0244548320770264e-08,1.1920928955078125e-07,-2.045208162826384e-07,0.0,True
metastable,1,8415,62,10.040919303894043,7.033792495727539,6.05359673500061e-09,1.1920928955078125e-07,-1.2045282460348972e-07,0.0,True
metastable,1,8415,63,10.004719734191895,7.307625770568848,1.0710209608078003e-08,1.1920928955078125e-07,-1.8605794593895553e-07,0.0,True
metastable,1,8415,64,9.998181343078613,6.748665809631348,6.51925802230835e-09,5.960464477539063e-08,-1.5779497175572033e-07,0.0,True
metastable,1,8415,65,10.033501625061035,6.131760120391846,8.847564458847046e-09,1.1920928955078125e-07,-1.487952516754376e-07,0.0,True
metastable,1,8415,66,10.03406047821045,5.9054789543151855,1.4435499906539917e-08,1.1920928955078125e-07,-1.6327004459526506e-07,0.0,True
metastable,1,8415,67,10.015567779541016,6.1583452224731445,1.0710209608078003e-08,1.1920928955078125e-07,-1.5529113284173945e-07,0.0,True
metastable,1,8415,68,9.978982925415039,6.593765735626221,1.0244548320770264e-08,1.1920928955078125e-07,-2.562011900408834e-07,0.0,True
metastable,1,8415,69,9.976373672485352,6.996034622192383,7.450580596923828e-09,1.1920928955078125e-07,-2.0056879179719544e-07,0.0,True
metastable,1,8415,70,9.991266250610352,7.163802146911621,8.381903171539307e-09,1.1920928955078125e-07,-1.954476260834781e-07,0.0,True
metastable,1,8415,71,10.003499031066895,7.159487724304199,7.450580596923828e-09,1.1920928955078125e-07,-1.6379269140998076e-07,0.0,True
metastable,1,8415,72,10.007647514343262,7.120840549468994,1.1641532182693481e-08,1.1920928955078125e-07,-1.9724809874333005e-07,0.0,True
metastable,1,8415,73,10.005919456481934,7.125642776489258,8.381903171539307e-09,1.1920928955078125e-07,-1.3209140092840244e-07,0.0,True
metastable,1,8415,74,9.999706268310547,7.152124404907227,1.0244548320770264e-08,1.1920928955078125e-07,-1.389157944231556e-07,0.0,True
metastable,1,8415,75,9.991153717041016,7.199570178985596,7.916241884231567e-09,1.1920928955078125e-07,-1.9487708868837217e-07,0.0,True
metastable,1,8415,76,9.979626655578613,7.3726654052734375,1.3504177331924438e-08,1.1920928955078125e-07,-1.4190611352660198e-07,0.0,True
metastable,1,8415,77,9.970643043518066,7.7634429931640625,9.313225746154785e-09,1.1920928955078125e-07,-1.2683268835189665e-07,0.0,True
metastable,1,8415,78,9.977389335632324,8.15329647064209,1.0244548320770264e-08,1.1920928955078125e-07,-1.319959324064257e-07,0.0,True
metastable,1,8415,79,9.988724708557129,8.071053504943848,1.210719347000122e-08,1.1920928955078125e-07,-1.93177470464434e-07,0.0,True
metastable,1,8415,80,9.997122764587402,8.01375961303711,1.0710209608078003e-08,1.1920928955078125e-07,-1.9289032593405864e-07,0.0,True
metastable,1,8415,81,9.954534530639648,8.112707138061523,1.210719347000122e-08,1.1920928955078125e-07,-2.2993383197444928e-07,0.0,True
metastable,1,8415,82,9.930649757385254,8.280940055847168,1.0710209608078003e-08,1.1920928955078125e-07,-1.5378891760065017e-07,0.0,True
metastable,1,8415,83,9.91262435913086,8.396377563476562,6.984919309616089e-09,5.960464477539063e-08,-2.063104034277785e-07,0.0,True
metastable,1,8415,84,9.871546745300293,8.467997550964355,9.778887033462524e-09,1.1920928955078125e-07,-1.4918208535164013e-07,0.0,True
metastable,1,8415,85,9.90291690826416,8.57680606842041,1.4435499906539917e-08,1.1920928955078125e-07,-1.9960093311510718e-07,0.0,True
metastable,1,8415,86,9.926876068115234,8.684045791625977,1.1641532182693481e-08,1.1920928955078125e-07,-1.2560806794681412e-07,0.0,True
metastable,1,8415,87,9.945475578308105,8.907891273498535,8.847564458847046e-09,1.1920928955078125e-07,-2.097802820344441e-07,0.0,True
metastable,1,8415,88,9.968958854675293,9.065403938293457,9.313225746154785e-09,1.1920928955078125e-07,-1.6157299853603035e-07,0.0,True
metastable,1,8415,89,9.974592208862305,9.21430778503418,1.1641532182693481e-08,1.1920928955078125e-07,-1.4357563316025335e-07,0.0,True
metastable,1,8415,90,9.974841117858887,9.34087085723877,1.257285475730896e-08,1.1920928955078125e-07,-1.8534123569224903e-07,0.0,True
metastable,1,8415,91,9.960554122924805,9.424739837646484,1.257285475730896e-08,1.1920928955078125e-07,-1.9763970726671687e-07,0.0,True
metastable,1,8415,92,9.945368766784668,9.513365745544434,1.3504177331924438e-08,1.1920928955078125e-07,-1.9755501057261426e-07,0.0,True
metastable,1,8415,93,9.908879280090332,9.549614906311035,9.313225746154785e-09,1.1920928955078125e-07,-1.3787959574074193e-07,0.0,True
metastable,1,8415,94,9.949813842773438,9.646895408630371,1.0710209608078003e-08,1.1920928955078125e-07,-1.3349904293136206e-07,0.0,True
metastable,1,8415,95,9.943314552307129,9.594599723815918,1.210719347000122e-08,1.1920928955078125e-07,-1.7293035625698394e-07,0.0,True
metastable,1,8415,96,9.939851760864258,9.62389850616455,1.210719347000122e-08,1.1920928955078125e-07,-1.3506175378097396e-07,0.0,True
metastable,1,8415,97,9.92862319946289,9.428925514221191,1.3504177331924438e-08,1.1920928955078125e-07,-2.2331333582314983e-07,0.0,True
metastable,1,8415,98,9.843207359313965,9.358914375305176,1.0710209608078003e-08,1.1920928955078125e-07,-1.806767357948047e-07,0.0,True
metastable,1,8415,99,9.8611478805542,9.196981430053711,9.778887033462524e-09,1.1920928955078125e-07,-1.2776909841250017e-07,0.0,True
metastable,1,8415,100,9.870983123779297,9.011184692382812,7.450580596923828e-09,1.1920928955078125e-07,-1.7362194171255396e-07,0.0,True
metastable,2,8489,1,9.02487850189209,7.837438583374023,5.587935447692871e-09,1.1920928955078125e-07,-1.4215190446975612e-07,0.0,True
metastable,2,8489,2,9.136058807373047,7.8487701416015625,7.450580596923828e-09,1.1920928955078125e-07,-1.2552432337997743e-07,0.0,True
metastable,2,8489,3,9.168644905090332,7.4989776611328125,1.0710209608078003e-08,1.1920928955078125e-07,-1.2720232689389377e-07,0.0,True
metastable,2,8489,4,9.211532592773438,7.158614635467529,1.30385160446167e-08,1.1920928955078125e-07,-1.5987464507816185e-07,0.0,True
metastable,2,8489,5,9.264881134033203,6.821713924407959,7.916241884231567e-09,1.1920928955078125e-07,-1.2755026546074077e-07,0.0,True
metastable,2,8489,6,9.332042694091797,6.484370708465576,1.6298145055770874e-08,1.1920928955078125e-07,-1.1825027002032584e-07,0.0,True
metastable,2,8489,7,9.414016723632812,6.143090724945068,1.6298145055770874e-08,1.1920928955078125e-07,-1.4041569329492631e-07,0.0,True
metastable,2,8489,8,9.502942085266113,5.794338703155518,6.984919309616089e-09,1.1920928955078125e-07,-1.2401068261169712e-07,0.0,True
metastable,2,8489,9,9.575313568115234,5.433403968811035,1.5366822481155396e-08,1.1920928955078125e-07,-1.7982397082505486e-07,0.0,True
metastable,2,8489,10,9.649091720581055,5.0502238273620605,1.3969838619232178e-08,1.1920928955078125e-07,-1.6081598630535154e-07,0.0,True
metastable,2,8489,11,9.757719039916992,4.6409101486206055,1.5366822481155396e-08,1.1920928955078125e-07,-1.1197907667792606e-07,0.0,True
metastable,2,8489,12,9.876545906066895,4.223481178283691,1.4435499906539917e-08,1.1920928955078125e-07,-1.1443457026416581e-07,0.0,True
metastable,2,8489,13,9.985828399658203,3.868661642074585,1.4901161193847656e-08,1.1920928955078125e-07,-1.2571697993735143e-07,0.0,True
metastable,2,8489,14,10.088552474975586,3.641183853149414,1.30385160446167e-08,1.1920928955078125e-07,-1.7670683405413e-07,0.0,True
metastable,2,8489,15,10.151479721069336,3.534698486328125,1.7695128917694092e-08,1.1920928955078125e-07,-1.3478384630616347e-07,0.0,True
metastable,2,8489,16,10.190985679626465,3.455349922180176,1.4435499906539917e-08,1.1920928955078125e-07,-2.2578910829906818e-07,0.0,True
metastable,2,8489,17,10.214263916015625,3.3877005577087402,1.7695128917694092e-08,1.1920928955078125e-07,-1.5062123281950335e-07,0.0,True
metastable,2,8489,18,10.227438926696777,3.3304715156555176,1.4901161193847656e-08,1.1920928955078125e-07,-1.3359905892684765e-07,0.0,True
metastable,2,8489,19,10.23475170135498,3.283936023712158,2.60770320892334e-08,1.1920928955078125e-07,-1.5177890588802256e-07,0.0,True
metastable,2,8489,20,10.238911628723145,3.2474560737609863,1.5832483768463135e-08,1.1920928955078125e-07,-1.2057198262027669e-07,0.0,True
metastable,2,8489,21,10.241573333740234,3.2191059589385986,1.7229467630386353e-08,1.1920928955078125e-07,-1.1615002648568407e-07,0.0,True
metastable,2,8489,22,10.243647575378418,3.1967978477478027,2.3748725652694702e-08,1.1920928955078125e-07,-1.5301225175790023e-07,0.0,True
metastable,2,8489,23,10.245534896850586,3.1789703369140625,1.7229467630386353e-08,1.1920928955078125e-07,-1.1940727517867344e-07,0.0,True
metastable,2,8489,24,10.24728012084961,3.164595127105713,1.7229467630386353e-08,1.1920928955078125e-07,-1.7112900252413965e-07,0.0,True
metastable,2,8489,25,10.248775482177734,3.152984142303467,2.1420419216156006e-08,1.1920928955078125e-07,-1.2501578794399393e-07,0.0,True
metastable,2,8489,26,10.250152587890625,3.143631935119629,2.0023435354232788e-08,1.1920928955078125e-07,-1.6776303368715162e-07,0.0,True
metastable,2,8489,27,10.251386642456055,3.136147975921631,2.3283064365386963e-08,1.1920928955078125e-07,-1.7335635504878155e-07,0.0,True
metastable,2,8489,28,10.252464294433594,3.13022780418396,1.6763806343078613e-08,1.1920928955078125e-07,-1.435616638900683e-07,0.0,True
metastable,2,8489,29,10.25339412689209,3.1256277561187744,2.2351741790771484e-08,1.1920928955078125e-07,-1.2980675023754884e-07,0.0,True
metastable,2,8489,30,10.25418472290039,3.12214994430542,1.909211277961731e-08,1.1920928955078125e-07,-1.4736662024006364e-07,0.0,True
metastable,2,8489,31,10.254844665527344,3.11963152885437,1.30385160446167e-08,1.1920928955078125e-07,-1.1659000165309408e-07,0.0,True
metastable,2,8489,32,10.255398750305176,3.1179399490356445,1.816079020500183e-08,1.1920928955078125e-07,-1.4282356630701543e-07,0.0,True
metastable,2,8489,33,10.255849838256836,3.116964101791382,1.862645149230957e-08,1.1920928955078125e-07,-1.3607481719191128e-07,0.0,True
metastable,2,8489,34,10.256217956542969,3.116612672805786,2.0023435354232788e-08,1.1920928955078125e-07,-1.0328407284987406e-07,0.0,True
metastable,2,8489,35,10.256279945373535,3.1168081760406494,2.0954757928848267e-08,1.1920928955078125e-07,-1.1560430834833824e-07,0.0,True
metastable,2,8489,36,10.256279945373535,3.1174674034118652,1.4901161193847656e-08,1.1920928955078125e-07,-1.814948831224683e-07,0.0,True
metastable,2,8489,37,10.255967140197754,3.1185126304626465,1.1175870895385742e-08,1.1920928955078125e-07,-1.5003476505626168e-07,0.0,True
metastable,2,8489,38,10.255476951599121,3.1198673248291016,1.7229467630386353e-08,1.1920928955078125e-07,-1.812143324286808e-07,0.0,True
metastable,2,8489,39,10.254966735839844,3.1214654445648193,1.7695128917694092e-08,1.1920928955078125e-07,-1.1796616661285952e-07,0.0,True
metastable,2,8489,40,10.254405975341797,3.1232552528381348,2.0954757928848267e-08,1.1920928955078125e-07,-1.7462004109347617e-07,0.0,True
metastable,2,8489,41,10.253789901733398,3.125199794769287,1.5832483768463135e-08,1.1920928955078125e-07,-1.469851014235246e-07,0.0,True
metastable,2,8489,42,10.253193855285645,3.127265214920044,1.955777406692505e-08,1.1920928955078125e-07,-2.5982191687035083e-07,0.0,True
metastable,2,8489,43,10.252622604370117,3.129427671432495,1.955777406692505e-08,1.1920928955078125e-07,-1.6404496250288503e-07,0.0,True
metastable,2,8489,44,10.2520751953125,3.1316709518432617,1.4901161193847656e-08,1.1920928955078125e-07,-1.635709878655689e-07,0.0,True
metastable,2,8489,45,10.251547813415527,3.133983612060547,2.0023435354232788e-08,1.1920928955078125e-07,-1.4681424431728374e-07,0.0,True
metastable,2,8489,46,10.25102710723877,3.1363534927368164,1.7695128917694092e-08,1.1920928955078125e-07,-1.5641248296560661e-07,0.0,True
metastable,2,8489,47,10.250539779663086,3.1387696266174316,1.955777406692505e-08,1.1920928955078125e-07,-1.3665989229139086e-07,0.0,True
metastable,2,8489,48,10.250085830688477,3.141223430633545,1.6763806343078613e-08,1.1920928955078125e-07,-1.236092685985568e-07,0.0,True
metastable,2,8489,49,10.24967098236084,3.143707752227783,2.1420419216156006e-08,1.1920928955078125e-07,-1.6873283925633586e-07,0.0,True
metastable,2,8489,50,10.249287605285645,3.1462159156799316,1.909211277961731e-08,1.1920928955078125e-07,-1.2754487954680371e-07,0.0,True
metastable,2,8489,51,10.248943328857422,3.1487419605255127,1.909211277961731e-08,1.1920928955078125e-07,-1.3380115149175253e-07,0.0,True
metastable,2,8489,52,10.248634338378906,3.1512787342071533,1.6763806343078613e-08,1.1920928955078125e-07,-1.6391234680668276e-07,0.0,True
metastable,2,8489,53,10.24836540222168,3.153820037841797,1.955777406692505e-08,1.1920928955078125e-07,-2.0184853610771825e-07,0.0,True
metastable,2,8489,54,10.248129844665527,3.1563589572906494,1.4901161193847656e-08,1.1920928955078125e-07,-1.3051760561211267e-07,0.0,True
metastable,2,8489,55,10.247743606567383,3.1588878631591797,2.0489096641540527e-08,1.1920928955078125e-07,-1.6308467820635997e-07,0.0,True
metastable,2,8489,56,10.247387886047363,3.1614017486572266,1.7695128917694092e-08,1.1920928955078125e-07,-1.3340350335511175e-07,0.0,True
metastable,2,8489,57,10.247063636779785,3.1638741493225098,1.955777406692505e-08,1.1920928955078125e-07,-1.3633777484756138e-07,0.0,True
metastable,2,8489,58,10.246770858764648,3.1662914752960205,2.7939677238464355e-08,1.1920928955078125e-07,-1.4472490761363588e-07,0.0,True
metastable,2,8489,59,10.24651050567627,3.1686437129974365,1.816079020500183e-08,1.1920928955078125e-07,-1.3474384275014017e-07,0.0,True
metastable,2,8489,60,10.24628734588623,3.1709237098693848,1.7229467630386353e-08,1.1920928955078125e-07,-1.091142252107602e-07,0.0,True
metastable,2,8489,61,10.246092796325684,3.1731252670288086,1.30385160446167e-08,1.1920928955078125e-07,-1.2762973256030818e-07,0.0,True
metastable,2,8489,62,10.245929718017578,3.175246238708496,2.3283064365386963e-08,1.1920928955078125e-07,-1.527218813635045e-07,0.0,True
metastable,2,8489,63,10.245793342590332,3.1772828102111816,1.909211277961731e-08,1.1920928955078125e-07,-1.400353966118928e-07,0.0,True
metastable,2,8489,64,10.245681762695312,3.179234266281128,2.1420419216156006e-08,1.1920928955078125e-07,-1.3473578519551666e-07,0.0,True
metastable,2,8489,65,10.245595932006836,3.181100606918335,1.0710209608078003e-08,1.1920928955078125e-07,-1.494489509923369e-07,0.0,True
metastable,2,8489,66,10.245529174804688,3.182882308959961,2.2351741790771484e-08,1.1920928955078125e-07,-1.2648342817556113e-07,0.0,True
metastable,2,8489,67,10.245484352111816,3.184582233428955,1.4435499906539917e-08,1.1920928955078125e-07,-1.1798083221492561e-07,0.0,True
metastable,2,8489,68,10.245453834533691,3.18620228767395,1.955777406692505e-08,1.1920928955078125e-07,-1.7553379905166366e-07,0.0,True
metastable,2,8489,69,10.245439529418945,3.18774676322937,1.7229467630386353e-08,1.1920928955078125e-07,-1.327727403577228e-07,0.0,True
metastable,2,8489,70,10.245436668395996,3.1892192363739014,2.1886080503463745e-08,1.1920928955078125e-07,-1.8387709133094177e-07,0.0,True
metastable,2,8489,71,10.24543571472168,3.190624475479126,1.3969838619232178e-08,1.1920928955078125e-07,-1.638412499005426e-07,0.0,True
metastable,2,8489,72,10.245421409606934,3.1919658184051514,1.4435499906539917e-08,1.1920928955078125e-07,-1.1891621198856228e-07,0.0,True
metastable,2,8489,73,10.245414733886719,3.1932449340820312,1.816079020500183e-08,1.1920928955078125e-07,-1.156898150611596e-07,0.0,True
metastable,2,8489,74,10.245417594909668,3.194464921951294,1.7695128917694092e-08,1.1920928955078125e-07,-1.2742611943394877e-07,0.0,True
metastable,2,8489,75,10.245428085327148,3.1956305503845215,1.816079020500183e-08,1.1920928955078125e-07,-1.7743207081366563e-07,0.0,True
metastable,2,8489,76,10.245445251464844,3.196746349334717,1.816079020500183e-08,1.1920928955078125e-07,-1.3761162165337737e-07,0.0,True
metastable,2,8489,77,10.245467185974121,3.19781756401062,1.6763806343078613e-08,1.1920928955078125e-07,-1.255165358315935e-07,0.0,True
metastable,2,8489,78,10.245492935180664,3.1988484859466553,1.909211277961731e-08,1.1920928955078125e-07,-1.3448327251808223e-07,0.0,True
metastable,2,8489,79,10.245525360107422,3.1998441219329834,2.1886080503463745e-08,1.1920928955078125e-07,-1.5192563296295702e-07,0.0,True
metastable,2,8489,80,10.24550724029541,3.2008090019226074,2.1886080503463745e-08,1.1920928955078125e-07,-1.4381626556314586e-07,0.0,True
metastable,2,8489,81,10.245401382446289,3.2017478942871094,2.0489096641540527e-08,1.1920928955078125e-07,-1.6923792145462357e-07,0.0,True
metastable,2,8489,82,10.245302200317383,3.20266056060791,1.862645149230957e-08,1.1920928955078125e-07,-1.4780840729144984e-07,0.0,True
metastable,2,8489,83,10.245205879211426,3.2035398483276367,1.4901161193847656e-08,1.1920928955078125e-07,-1.1533433053045883e-07,0.0,True
metastable,2,8489,84,10.2451171875,3.2043864727020264,2.468004822731018e-08,1.1920928955078125e-07,-1.878812412314801e-07,0.0,True
metastable,2,8489,85,10.245036125183105,3.2052032947540283,1.257285475730896e-08,1.1920928955078125e-07,-1.1372320329883223e-07,0.0,True
metastable,2,8489,86,10.244962692260742,3.20599365234375,2.0954757928848267e-08,1.1920928955078125e-07,-1.2177407882063562e-07,0.0,True
metastable,2,8489,87,10.244895935058594,3.206761121749878,2.1886080503463745e-08,1.1920928955078125e-07,-1.163425764616477e-07,0.0,True
metastable,2,8489,88,10.244836807250977,3.207509994506836,1.4435499906539917e-08,1.1920928955078125e-07,-1.63370941663743e-07,0.0,True
metastable,2,8489,89,10.244783401489258,3.2082440853118896,1.862645149230957e-08,1.1920928955078125e-07,-1.5396271635381709e-07,0.0,True
metastable,2,8489,90,10.244735717773438,3.208967924118042,1.816079020500183e-08,1.1920928955078125e-07,-1.8426133863158611e-07,0.0,True
metastable,2,8489,91,10.244691848754883,3.209683656692505,1.6298145055770874e-08,1.1920928955078125e-07,-1.376264151531359e-07,0.0,True
metastable,2,8489,92,10.24465274810791,3.2103960514068604,2.2817403078079224e-08,1.1920928955078125e-07,-1.538457041760921e-07,0.0,True
metastable,2,8489,93,10.24461841583252,3.2111077308654785,1.5832483768463135e-08,1.1920928955078125e-07,-1.2307859265092702e-07,0.0,True
metastable,2,8489,94,10.244589805603027,3.2118217945098877,1.955777406692505e-08,1.1920928955078125e-07,-1.1881935790825082e-07,0.0,True
metastable,2,8489,95,10.2445650100708,3.212540864944458,1.909211277961731e-08,1.1920928955078125e-07,-1.2775835500633548e-07,0.0,True
metastable,2,8489,96,10.24454402923584,3.213268518447876,1.816079020500183e-08,1.1920928955078125e-07,-2.30308330628759e-07,0.0,True
metastable,2,8489,97,10.244526863098145,3.2140069007873535,1.3504177331924438e-08,1.1920928955078125e-07,-1.717642419407639e-07,0.0,True
metastable,2,8489,98,10.244512557983398,3.2147586345672607,2.0954757928848267e-08,1.1920928955078125e-07,-1.448769353373791e-07,0.0,True
metastable,2,8489,99,10.24450397491455,3.2155258655548096,1.5832483768463135e-08,1.1920928955078125e-07,-1.786326038200059e-07,0.0,True
metastable,2,8489,100,10.244497299194336,3.216311454772949,2.0023435354232788e-08,1.1920928955078125e-07,-1.3254779673843586e-07,0.0,True
metastable,3,9355,1,8.923375129699707,8.365601539611816,5.587935447692871e-09,1.1920928955078125e-07,-1.3735063930653268e-07,0.0,True
metastable,3,9355,2,9.021063804626465,8.352734565734863,6.05359673500061e-09,1.1920928955078125e-07,-1.2749376310239313e-07,0.0,True
metastable,3,9355,3,8.988259315490723,8.178548812866211,5.122274160385132e-09,1.1920928955078125e-07,-1.4769835843253531e-07,0.0,True
metastable,3,9355,4,8.9750394821167,8.03996753692627,6.51925802230835e-09,1.1920928955078125e-07,-1.1793102316914883e-07,0.0,True
metastable,3,9355,5,8.961167335510254,7.917148113250732,2.3283064365386963e-09,5.960464477539063e-08,-1.4219492072697903e-07,0.0,True
metastable,3,9355,6,8.948141098022461,7.807912826538086,6.05359673500061e-09,1.1920928955078125e-07,-1.5344240011927468e-07,0.0,True
metastable,3,9355,7,8.937897682189941,7.708653450012207,5.122274160385132e-09,1.1920928955078125e-07,-1.0667873340253209e-07,0.0,True
metastable,3,9355,8,8.931320190429688,7.6161956787109375,5.587935447692871e-09,5.960464477539063e-08,-1.2511125646597065e-07,0.0,True
metastable,3,9355,9,8.927997589111328,7.527107238769531,4.6566128730773926e-09,5.960464477539063e-08,-1.1559851031961443e-07,0.0,True
metastable,3,9355,10,8.928605079650879,7.438019752502441,7.916241884231567e-09,1.1920928955078125e-07,-1.1918094600105178e-07,0.0,True
metastable,3,9355,11,8.932981491088867,7.345415115356445,9.313225746154785e-09,1.1920928955078125e-07,-1.4736934872416896e-07,0.0,True
metastable,3,9355,12,8.93929672241211,7.2446746826171875,5.587935447692871e-09,1.1920928955078125e-07,-1.4181603091856232e-07,0.0,True
metastable,3,9355,13,8.946057319641113,7.13095760345459,1.1641532182693481e-08,1.1920928955078125e-07,-1.3515240482320223e-07,0.0,True
metastable,3,9355,14,8.952113151550293,6.999634265899658,6.05359673500061e-09,1.1920928955078125e-07,-1.0354520441069326e-07,0.0,True
metastable,3,9355,15,8.955591201782227,6.843743801116943,5.122274160385132e-09,5.960464477539063e-08,-1.1301633406901601e-07,0.0,True
metastable,3,9355,16,8.959489822387695,6.654054641723633,9.778887033462524e-09,1.1920928955078125e-07,-1.2547673122753622e-07,0.0,True
metastable,3,9355,17,8.965690612792969,6.423741340637207,6.984919309616089e-09,1.1920928955078125e-07,-1.4264084313708736e-07,0.0,True
metastable,3,9355,18,8.96379280090332,6.145822048187256,9.778887033462524e-09,1.1920928955078125e-07,-1.6241757805346424e-07,0.0,True
metastable,3,9355,19,8.957027435302734,5.807069778442383,1.0244548320770264e-08,1.1920928955078125e-07,-1.2641939406421443e-07,0.0,True
metastable,3,9355,20,8.958922386169434,5.389322757720947,9.778887033462524e-09,1.1920928955078125e-07,-1.1943517108647939e-07,0.0,True
metastable,3,9355,21,8.990132331848145,4.949545383453369,7.916241884231567e-09,1.1920928955078125e-07,-1.1106634900670542e-07,0.0,True
metastable,3,9355,22,9.097776412963867,4.579923629760742,1.3969838619232178e-08,1.1920928955078125e-07,-1.257876220961407e-07,0.0,True
metastable,3,9355,23,9.335591316223145,4.299581050872803,1.4435499906539917e-08,1.1920928955078125e-07,-1.276444265840837e-07,0.0,True
metastable,3,9355,24,9.663176536560059,4.088850498199463,1.257285475730896e-08,1.1920928955078125e-07,-1.0103877201572686e-07,0.0,True
metastable,3,9355,25,9.918974876403809,3.921067953109741,1.7695128917694092e-08,1.1920928955078125e-07,-1.4838489903468144e-07,0.0,True
metastable,3,9355,26,10.07002067565918,3.7977488040924072,2.0023435354232788e-08,1.1920928955078125e-07,-1.2620574807442608e-07,0.0,True
metastable,3,9355,27,10.154504776000977,3.7097697257995605,1.5366822481155396e-08,1.1920928955078125e-07,-1.6348390374787414e-07,0.0,True
metastable,3,9355,28,10.203685760498047,3.643251895904541,1.4435499906539917e-08,1.1920928955078125e-07,-1.1158594048765735e-07,0.0,True
metastable,3,9355,29,10.233268737792969,3.5902764797210693,1.6298145055770874e-08,1.1920928955078125e-07,-1.6401145330746658e-07,0.0,True
metastable,3,9355,30,10.251471519470215,3.54681396484375,1.1641532182693481e-08,1.1920928955078125e-07,-1.4332714215470332e-07,0.0,True
metastable,3,9355,31,10.262805938720703,3.510507583618164,1.3969838619232178e-08,1.1920928955078125e-07,-1.1814532285825408e-07,0.0,True
metastable,3,9355,32,10.270151138305664,3.47979474067688,1.3969838619232178e-08,1.1920928955078125e-07,-1.3486668137829838e-07,0.0,True
metastable,3,9355,33,10.27490520477295,3.4535152912139893,1.816079020500183e-08,1.1920928955078125e-07,-1.1053566595364828e-07,0.0,True
metastable,3,9355,34,10.278060913085938,3.4307899475097656,1.816079020500183e-08,1.1920928955078125e-07,-9.273750833926897e-08,0.0,True
metastable,3,9355,35,10.28017520904541,3.4109349250793457,1.6763806343078613e-08,1.1920928955078125e-07,-1.3581063740275567e-07,0.0,True
metastable,3,9355,36,10.281577110290527,3.3934288024902344,1.6763806343078613e-08,1.1920928955078125e-07,-1.3781327368178609e-07,0.0,True
metastable,3,9355,37,10.28233814239502,3.3778645992279053,1.6763806343078613e-08,1.1920928955078125e-07,-1.3727439807098563e-07,0.0,True
metastable,3,9355,38,10.282548904418945,3.363917112350464,1.5366822481155396e-08,1.1920928955078125e-07,-1.0139512340856527e-07,0.0,True
metastable,3,9355,39,10.282590866088867,3.351320743560791,2.60770320892334e-08,1.1920928955078125e-07,-1.1149204937055401e-07,0.0,True
metastable,3,9355,40,10.282455444335938,3.339877128601074,1.816079020500183e-08,1.1920928955078125e-07,-1.43969245414155e-07,0.0,True
metastable,3,9355,41,10.28217887878418,3.3294498920440674,1.3504177331924438e-08,1.1920928955078125e-07,-1.4986220264745498e-07,0.0,True
metastable,3,9355,42,10.281723976135254,3.3199284076690674,1.1641532182693481e-08,1.1920928955078125e-07,-1.3758938166574808e-07,0.0,True
metastable,3,9355,43,10.281231880187988,3.3112213611602783,1.909211277961731e-08,1.1920928955078125e-07,-1.221736738443724e-07,0.0,True
metastable,3,9355,44,10.28067398071289,3.3032472133636475,1.257285475730896e-08,1.1920928955078125e-07,-1.7910396366005443e-07,0.0,True
metastable,3,9355,45,10.27987289428711,3.2959423065185547,1.7229467630386353e-08,1.1920928955078125e-07,-1.2625723400105926e-07,0.0,True
metastable,3,9355,46,10.279073715209961,3.2892184257507324,1.5832483768463135e-08,1.1920928955078125e-07,-1.2463497967019066e-07,0.0,True
metastable,3,9355,47,10.278280258178711,3.283026695251465,1.5366822481155396e-08,1.1920928955078125e-07,-1.184230740136627e-07,0.0,True
metastable,3,9355,48,10.27750301361084,3.2773241996765137,1.909211277961731e-08,1.1920928955078125e-07,-1.626100072371628e-07,0.0,True
metastable,3,9355,49,10.276741981506348,3.272073984146118,1.4435499906539917e-08,1.1920928955078125e-07,-1.6863657492649509e-07,0.0,True
metastable,3,9355,50,10.276000022888184,3.2672431468963623,1.7229467630386353e-08,1.1920928955078125e-07,-1.6753190834606357e-07,0.0,True
metastable,3,9355,51,10.275277137756348,3.262801170349121,1.909211277961731e-08,1.1920928955078125e-07,-1.4316590579710464e-07,0.0,True
metastable,3,9355,52,10.274572372436523,3.2587223052978516,1.7229467630386353e-08,1.1920928955078125e-07,-1.1712410241671023e-07,0.0,True
metastable,3,9355,53,10.273887634277344,3.254981756210327,1.0244548320770264e-08,1.1920928955078125e-07,-1.3854155156423076e-07,0.0,True
metastable,3,9355,54,10.273222923278809,3.251556873321533,1.3969838619232178e-08,1.1920928955078125e-07,-1.1355047035976895e-07,0.0,True
metastable,3,9355,55,10.272578239440918,3.2484278678894043,1.5832483768463135e-08,1.1920928955078125e-07,-1.1679625089300316e-07,0.0,True
metastable,3,9355,56,10.271953582763672,3.2455756664276123,1.955777406692505e-08,1.1920928955078125e-07,-1.4134336367987999e-07,0.0,True
metastable,3,9355,57,10.271347045898438,3.24298357963562,1.7695128917694092e-08,1.1920928955078125e-07,-1.2492299106270366e-07,0.0,True
metastable,3,9355,58,10.270759582519531,3.240635871887207,1.909211277961731e-08,1.1920928955078125e-07,-1.6130077540310594e-07,0.0,True
metastable,3,9355,59,10.270190238952637,3.238518714904785,1.4901161193847656e-08,1.1920928955078125e-07,-1.3275193566641974e-07,0.0,True
metastable,3,9355,60,10.26963996887207,3.236618757247925,1.6298145055770874e-08,1.1920928955078125e-07,-1.1458292448196516e-07,0.0,True
metastable,3,9355,61,10.2691068649292,3.2349259853363037,2.0023435354232788e-08,1.1920928955078125e-07,-1.2176241170891444e-07,0.0,True
metastable,3,9355,62,10.268589973449707,3.2334299087524414,1.5366822481155396e-08,1.1920928955078125e-07,-1.3609442817141826e-07,0.0,True
metastable,3,9355,63,10.268087387084961,3.2321221828460693,1.5832483768463135e-08,1.1920928955078125e-07,-1.1521087373012051e-07,0.0,True
metastable,3,9355,64,10.267602920532227,3.230994939804077,1.4435499906539917e-08,1.1920928955078125e-07,-1.3044270019690885e-07,0.0,True
metastable,3,9355,65,10.267131805419922,3.2300422191619873,1.7695128917694092e-08,1.1920928955078125e-07,-1.406375105261759e-07,0.0,True
metastable,3,9355,66,10.266674041748047,3.2292580604553223,1.862645149230957e-08,1.1920928955078125e-07,-1.2654375325382716e-07,0.0,True
metastable,3,9355,67,10.266221046447754,3.2286384105682373,1.7229467630386353e-08,1.1920928955078125e-07,-1.5278448017852497e-07,0.0,True
metastable,3,9355,68,10.265634536743164,3.2281787395477295,1.5366822481155396e-08,1.1920928955078125e-07,-1.2974970786672202e-07,0.0,True
metastable,3,9355,69,10.265054702758789,3.2278692722320557,1.210719347000122e-08,1.1920928955078125e-07,-1.5024387778339587e-07,0.0,True
metastable,3,9355,70,10.264483451843262,3.227693557739258,1.3969838619232178e-08,1.1920928955078125e-07,-1.1849463987800846e-07,0.0,True
metastable,3,9355,71,10.26391887664795,3.227644205093384,1.210719347000122e-08,1.1920928955078125e-07,-1.6296790761316515e-07,0.0,True
metastable,3,9355,72,10.263364791870117,3.2277166843414307,1.30385160446167e-08,1.1920928955078125e-07,-1.5234753902859666e-07,0.0,True
metastable,3,9355,73,10.26282024383545,3.2279059886932373,2.2817403078079224e-08,1.1920928955078125e-07,-8.642881255127577e-08,0.0,True
metastable,3,9355,74,10.26229190826416,3.2282094955444336,2.1886080503463745e-08,1.1920928955078125e-07,-1.9037790366382978e-07,0.0,True
metastable,3,9355,75,10.261773109436035,3.228625535964966,1.4901161193847656e-08,1.1920928955078125e-07,-1.4718108332090196e-07,0.0,True
metastable,3,9355,76,10.261265754699707,3.229151487350464,1.862645149230957e-08,1.1920928955078125e-07,-1.3355709427287366e-07,0.0,True
metastable,3,9355,77,10.260774612426758,3.229785919189453,1.7695128917694092e-08,1.1920928955078125e-07,-1.3065272241874482e-07,0.0,True
metastable,3,9355,78,10.260293960571289,3.23052716255188,1.6763806343078613e-08,1.1920928955078125e-07,-1.3118305730586144e-07,0.0,True
metastable,3,9355,79,10.259827613830566,3.2313737869262695,1.6298145055770874e-08,1.1920928955078125e-07,-1.3894278083625977e-07,0.0,True
metastable,3,9355,80,10.259330749511719,3.2323238849639893,2.1420419216156006e-08,1.1920928955078125e-07,-1.885042877347587e-07,0.0,True
metastable,3,9355,81,10.258708953857422,3.23337459564209,1.862645149230957e-08,1.1920928955078125e-07,-1.6263915370018367e-07,0.0,True
metastable,3,9355,82,10.258102416992188,3.2345166206359863,1.3969838619232178e-08,1.1920928955078125e-07,-1.3096818918256758e-07,0.0,True
metastable,3,9355,83,10.257506370544434,3.235731840133667,1.6763806343078613e-08,1.1920928955078125e-07,-1.8750847630144563e-07,0.0,True
metastable,3,9355,84,10.256922721862793,3.2370121479034424,2.1886080503463745e-08,1.1920928955078125e-07,-1.6133483882185828e-07,0.0,True
metastable,3,9355,85,10.256319999694824,3.2383511066436768,1.862645149230957e-08,1.1920928955078125e-07,-1.5342637027515593e-07,0.0,True
metastable,3,9355,86,10.255619049072266,3.239743232727051,1.7229467630386353e-08,1.1920928955078125e-07,-1.467248438302704e-07,0.0,True
metastable,3,9355,87,10.2549409866333,3.2411749362945557,2.3283064365386963e-08,1.1920928955078125e-07,-1.6746054143368383e-07,0.0,True
metastable,3,9355,88,10.254281044006348,3.2426300048828125,1.5366822481155396e-08,1.1920928955078125e-07,-1.1924133502816403e-07,0.0,True
metastable,3,9355,89,10.253641128540039,3.2441017627716064,1.862645149230957e-08,1.1920928955078125e-07,-1.269803391323876e-07,0.0,True
metastable,3,9355,90,10.253022193908691,3.2455859184265137,1.7229467630386353e-08,1.1920928955078125e-07,-1.3474664228851907e-07,0.0,True
metastable,3,9355,91,10.252320289611816,3.2470784187316895,1.7695128917694092e-08,1.1920928955078125e-07,-1.403080887030228e-07,0.0,True
metastable,3,9355,92,10.25164794921875,3.248570680618286,2.0023435354232788e-08,1.1920928955078125e-07,-1.2886407319001592e-07,0.0,True
metastable,3,9355,93,10.250998497009277,3.2500505447387695,2.2351741790771484e-08,1.1920928955078125e-07,-1.3126653186645854e-07,0.0,True
metastable,3,9355,94,10.250375747680664,3.2515134811401367,1.4435499906539917e-08,1.1920928955078125e-07,-1.2211428668251756e-07,0.0,True
metastable,3,9355,95,10.249739646911621,3.252958059310913,1.862645149230957e-08,1.1920928955078125e-07,-1.3638735651966272e-07,0.0,True
metastable,3,9355,96,10.249124526977539,3.254382848739624,1.7229467630386353e-08,1.1920928955078125e-07,-1.1903993879514019e-07,0.0,True
metastable,3,9355,97,10.248529434204102,3.2557828426361084,1.909211277961731e-08,1.1920928955078125e-07,-1.374294669176379e-07,0.0,True
metastable,3,9355,98,10.247896194458008,3.257155418395996,1.7695128917694092e-08,1.1920928955078125e-07,-1.3012984823035367e-07,0.0,True
metastable,3,9355,99,10.247285842895508,3.2584965229034424,1.909211277961731e-08,1.1920928955078125e-07,-1.0623290336297941e-07,0.0,True
metastable,3,9355,100,10.246696472167969,3.259799003601074,1.6298145055770874e-08,1.1920928955078125e-07,-1.2799014825759514e-07,0.0,True
metastable,4,9627,1,9.741004943847656,6.150209903717041,9.313225746154785e-09,1.1920928955078125e-07,-1.6837282146298094e-07,0.0,True
metastable,4,9627,2,9.826834678649902,5.9202423095703125,5.122274160385132e-09,5.960464477539063e-08,-1.5964887722930143e-07,0.0,True
metastable,4,9627,3,9.805895805358887,5.81776237487793,6.984919309616089e-09,5.960464477539063e-08,-1.725411635788987e-07,0.0,True
metastable,4,9627,4,9.788819313049316,5.78844690322876,7.450580596923828e-09,5.960464477539063e-08,-2.4950406896095956e-07,0.0,True
metastable,4,9627,5,9.774746894836426,5.795075416564941,1.0710209608078003e-08,1.1920928955078125e-07,-1.5435242062267207e-07,0.0,True
metastable,4,9627,6,9.762383460998535,5.813297748565674,1.0244548320770264e-08,1.1920928955078125e-07,-2.207727902714396e-07,0.0,True
metastable,4,9627,7,9.748213768005371,5.835549354553223,8.381903171539307e-09,1.1920928955078125e-07,-1.3407787946562166e-07,0.0,True
metastable,4,9627,8,9.732259750366211,5.860726833343506,8.847564458847046e-09,1.1920928955078125e-07,-1.3450714675400377e-07,0.0,True
metastable,4,9627,9,9.719635963439941,5.895049571990967,6.05359673500061e-09,5.960464477539063e-08,-1.8898042242199153e-07,0.0,True
metastable,4,9627,10,9.714882850646973,5.947837829589844,1.4901161193847656e-08,1.1920928955078125e-07,-2.206037947871664e-07,0.0,True
metastable,4,9627,11,9.709558486938477,6.00154447555542,7.916241884231567e-09,1.1920928955078125e-07,-2.343250002923014e-07,0.0,True
metastable,4,9627,12,9.703445434570312,6.0017781257629395,7.450580596923828e-09,1.1920928955078125e-07,-2.0686347568243946e-07,0.0,True
metastable,4,9627,13,9.696292877197266,5.938141345977783,5.122274160385132e-09,1.1920928955078125e-07,-1.805390468234691e-07,0.0,True
metastable,4,9627,14,9.680002212524414,5.852339744567871,1.0710209608078003e-08,1.1920928955078125e-07,-2.1176407472012215e-07,0.0,True
metastable,4,9627,15,9.671975135803223,5.770474910736084,9.313225746154785e-09,1.1920928955078125e-07,-2.1426382090794505e-07,0.0,True
metastable,4,9627,16,9.678715705871582,5.670219421386719,9.778887033462524e-09,1.1920928955078125e-07,-2.132356939910096e-07,0.0,True
metastable,4,9627,17,9.705168724060059,5.556019306182861,1.30385160446167e-08,1.1920928955078125e-07,-2.3045365082907665e-07,0.0,True
metastable,4,9627,18,9.705647468566895,5.520867824554443,1.1641532182693481e-08,5.960464477539063e-08,-2.0205727935262985e-07,0.0,True
metastable,4,9627,19,9.682867050170898,5.676771640777588,9.778887033462524e-09,1.1920928955078125e-07,-1.345318594303535e-07,0.0,True
metastable,4,9627,20,9.638559341430664,6.25308895111084,1.3504177331924438e-08,1.1920928955078125e-07,-2.1016751361457864e-07,0.0,True
metastable,4,9627,21,9.604666709899902,7.030518531799316,1.0710209608078003e-08,1.1920928955078125e-07,-1.485368557041511e-07,0.0,True
metastable,4,9627,22,9.63131046295166,7.416838645935059,6.05359673500061e-09,1.1920928955078125e-07,-1.605498027856811e-07,0.0,True
metastable,4,9627,23,9.680562973022461,7.136823654174805,1.1175870895385742e-08,1.1920928955078125e-07,-2.6377176709502237e-07,0.0,True
metastable,4,9627,24,9.7630033493042,6.302791118621826,5.587935447692871e-09,5.960464477539063e-08,-1.7112846251166047e-07,0.0,True
metastable,4,9627,25,9.785510063171387,5.859724044799805,8.847564458847046e-09,1.1920928955078125e-07,-1.0252739457428106e-07,0.0,True
metastable,4,9627,26,9.774277687072754,6.3523478507995605,8.381903171539307e-09,1.1920928955078125e-07,-1.637897355522e-07,0.0,True
metastable,4,9627,27,9.799798011779785,7.009179592132568,7.450580596923828e-09,1.1920928955078125e-07,-1.7986820921578328e-07,0.0,True
metastable,4,9627,28,9.795082092285156,7.603425025939941,1.210719347000122e-08,1.1920928955078125e-07,-2.107060197431565e-07,0.0,True
metastable,4,9627,29,9.808155059814453,7.899345397949219,1.0710209608078003e-08,1.1920928955078125e-07,-1.2692758843968477e-07,0.0,True
metastable,4,9627,30,9.812873840332031,7.9571533203125,8.847564458847046e-09,1.1920928955078125e-07,-1.7214665604114998e-07,0.0,True
metastable,4,9627,31,9.807997703552246,7.9490861892700195,8.381903171539307e-09,1.1920928955078125e-07,-1.785031429335504e-07,0.0,True
metastable,4,9627,32,9.797110557556152,7.922765254974365,1.4901161193847656e-08,1.1920928955078125e-07,-1.52820206267279e-07,0.0,True
metastable,4,9627,33,9.811315536499023,7.771717071533203,1.1641532182693481e-08,1.1920928955078125e-07,-1.8549854985394632e-07,0.0,True
metastable,4,9627,34,9.82012939453125,7.6342692375183105,9.778887033462524e-09,1.1920928955078125e-07,-1.2175229358035722e-07,0.0,True
metastable,4,9627,35,9.806608200073242,7.581609725952148,1.7229467630386353e-08,1.1920928955078125e-07,-1.680157026839879e-07,0.0,True
metastable,4,9627,36,9.793731689453125,7.590699195861816,9.778887033462524e-09,1.1920928955078125e-07,-1.3743780868935573e-07,0.0,True
metastable,4,9627,37,9.783984184265137,7.696258544921875,8.381903171539307e-09,1.1920928955078125e-07,-1.5193566582638596e-07,0.0,True
metastable,4,9627,38,9.779038429260254,7.860725402832031,1.7229467630386353e-08,1.1920928955078125e-07,-1.3283596445035073e-07,0.0,True
metastable,4,9627,39,9.766295433044434,8.124272346496582,1.30385160446167e-08,1.1920928955078125e-07,-1.5176040335518337e-07,0.0,True
metastable,4,9627,40,9.754127502441406,8.47547435760498,8.847564458847046e-09,5.960464477539063e-08,-1.4812921733664552e-07,0.0,True
metastable,4,9627,41,9.756190299987793,8.80700969696045,7.916241884231567e-09,1.1920928955078125e-07,-1.4401936709873553e-07,0.0,True
metastable,4,9627,42,9.771584510803223,9.063593864440918,1.0244548320770264e-08,1.1920928955078125e-07,-2.1620328993776639e-07,0.0,True
metastable,4,9627,43,9.775174140930176,9.208444595336914,1.6298145055770874e-08,1.1920928955078125e-07,-1.049976887657067e-07,0.0,True
metastable,4,9627,44,9.820185661315918,9.097733497619629,1.30385160446167e-08,1.1920928955078125e-07,-1.355447949435984e-07,0.0,True
metastable,4,9627,45,9.843487739562988,8.640525817871094,9.313225746154785e-09,1.1920928955078125e-07,-1.0781939607795721e-07,0.0,True
metastable,4,9627,46,9.84422779083252,8.11273193359375,1.3969838619232178e-08,1.1920928955078125e-07,-2.1463706900703983e-07,0.0,True
metastable,4,9627,47,9.898350715637207,7.471649646759033,1.4901161193847656e-08,1.1920928955078125e-07,-1.6670736613377812e-07,0.0,True
metastable,4,9627,48,9.910082817077637,6.944872856140137,1.1641532182693481e-08,1.1920928955078125e-07,-1.5208215131679026e-07,0.0,True
metastable,4,9627,49,9.904790878295898,6.8852691650390625,1.30385160446167e-08,1.1920928955078125e-07,-1.551788102460705e-07,0.0,True
metastable,4,9627,50,9.89560604095459,7.182962894439697,9.778887033462524e-09,1.1920928955078125e-07,-1.416977681856224e-07,0.0,True
metastable,4,9627,51,9.906620025634766,7.642781734466553,1.30385160446167e-08,1.1920928955078125e-07,-1.5489194993278943e-07,0.0,True
metastable,4,9627,52,9.925117492675781,7.980792999267578,1.1175870895385742e-08,1.1920928955078125e-07,-2.0809345357974962e-07,0.0,True
metastable,4,9627,53,9.945839881896973,7.988687992095947,1.3969838619232178e-08,1.1920928955078125e-07,-1.9557666064429213e-07,0.0,True
metastable,4,9627,54,9.961647987365723,7.860503673553467,1.1641532182693481e-08,1.1920928955078125e-07,-1.8717517491495528e-07,0.0,True
metastable,4,9627,55,9.956351280212402,7.6782026290893555,1.0244548320770264e-08,1.1920928955078125e-07,-1.334801993380097e-07,0.0,True
metastable,4,9627,56,9.97720718383789,7.450496196746826,1.210719347000122e-08,1.1920928955078125e-07,-1.59630886287232e-07,0.0,True
metastable,4,9627,57,9.971586227416992,7.0547919273376465,1.5366822481155396e-08,1.1920928955078125e-07,-1.8332239903884329e-07,0.0,True
metastable,4,9627,58,9.946483612060547,6.703959941864014,1.1175870895385742e-08,1.1920928955078125e-07,-2.1679994688383886e-07,0.0,True
metastable,4,9627,59,9.904776573181152,6.681603908538818,7.450580596923828e-09,5.960464477539063e-08,-2.868623312224372e-07,0.0,True
metastable,4,9627,60,9.900720596313477,7.161968231201172,1.257285475730896e-08,1.1920928955078125e-07,-1.4902188638643565e-07,0.0,True
metastable,4,9627,61,9.880084037780762,7.949591159820557,1.210719347000122e-08,1.1920928955078125e-07,-1.175407575715326e-07,0.0,True
metastable,4,9627,62,9.887967109680176,8.595181465148926,9.313225746154785e-09,1.1920928955078125e-07,-2.0527122046587465e-07,0.0,True
metastable,4,9627,63,9.901083946228027,8.980278015136719,1.210719347000122e-08,1.1920928955078125e-07,-1.756187941737153e-07,0.0,True
metastable,4,9627,64,9.93250846862793,9.191482543945312,1.5366822481155396e-08,1.1920928955078125e-07,-1.1950574219099508e-07,0.0,True
metastable,4,9627,65,9.925992965698242,9.378973960876465,1.1641532182693481e-08,1.1920928955078125e-07,-1.442266892581756e-07,0.0,True
metastable,4,9627,66,9.945667266845703,9.504989624023438,1.0710209608078003e-08,1.1920928955078125e-07,-1.6236739952546486e-07,0.0,True
metastable,4,9627,67,9.961435317993164,9.33088207244873,1.0244548320770264e-08,1.1920928955078125e-07,-1.5801634845047374e-07,0.0,True
metastable,4,9627,68,9.95749568939209,8.871007919311523,1.257285475730896e-08,1.1920928955078125e-07,-1.8013524538673664e-07,0.0,True
metastable,4,9627,69,9.914006233215332,8.47041130065918,1.0244548320770264e-08,1.1920928955078125e-07,-1.2598681564668368e-07,0.0,True
metastable,4,9627,70,9.853959083557129,8.496947288513184,1.1175870895385742e-08,1.1920928955078125e-07,-2.023812299967176e-07,0.0,True
metastable,4,9627,71,9.841835021972656,8.759618759155273,1.5832483768463135e-08,1.1920928955078125e-07,-1.8064031337416964e-07,0.0,True
metastable,4,9627,72,9.821301460266113,8.97105884552002,1.30385160446167e-08,1.1920928955078125e-07,-1.9548420482351503e-07,0.0,True
metastable,4,9627,73,9.844499588012695,9.143085479736328,1.4901161193847656e-08,1.1920928955078125e-07,-1.6394429280808254e-07,0.0,True
metastable,4,9627,74,9.84570026397705,9.283863067626953,1.0710209608078003e-08,1.1920928955078125e-07,-1.4832981776180532e-07,0.0,True
metastable,4,9627,75,9.838034629821777,9.33541202545166,1.3969838619232178e-08,1.1920928955078125e-07,-1.8763806508559355e-07,0.0,True
metastable,4,9627,76,9.806031227111816,9.47758960723877,1.1641532182693481e-08,1.1920928955078125e-07,-1.0708910735957033e-07,0.0,True
metastable,4,9627,77,9.798595428466797,9.720243453979492,1.210719347000122e-08,1.1920928955078125e-07,-1.360572525754833e-07,0.0,True
metastable,4,9627,78,9.774084091186523,9.938789367675781,8.381903171539307e-09,1.1920928955078125e-07,-1.9535721662577998e-07,0.0,True
metastable,4,9627,79,9.763213157653809,9.683138847351074,9.313225746154785e-09,1.1920928955078125e-07,-1.5705876421634457e-07,0.0,True
metastable,4,9627,80,9.776286125183105,9.242903709411621,1.5366822481155396e-08,1.1920928955078125e-07,-1.653291690217884e-07,0.0,True
metastable,4,9627,81,9.766005516052246,8.912034034729004,1.257285475730896e-08,1.1920928955078125e-07,-1.488050571651911e-07,0.0,True
metastable,4,9627,82,9.760488510131836,8.776145935058594,9.778887033462524e-09,1.1920928955078125e-07,-2.1156989760129363e-07,0.0,True
metastable,4,9627,83,9.768813133239746,8.582968711853027,1.3969838619232178e-08,1.1920928955078125e-07,-1.829685913889989e-07,0.0,True
metastable,4,9627,84,9.76000690460205,8.320682525634766,9.778887033462524e-09,1.1920928955078125e-07,-1.903709119233099e-07,0.0,True
metastable,4,9627,85,9.742082595825195,8.1375093460083,1.30385160446167e-08,1.1920928955078125e-07,-1.279272936471898e-07,0.0,True
metastable,4,9627,86,9.759733200073242,8.052894592285156,1.1641532182693481e-08,1.1920928955078125e-07,-2.640614695792465e-07,0.0,True
metastable,4,9627,87,9.753459930419922,7.899207592010498,1.210719347000122e-08,1.1920928955078125e-07,-1.4129489045444643e-07,0.0,True
metastable,4,9627,88,9.726606369018555,7.690457820892334,8.847564458847046e-09,1.1920928955078125e-07,-1.0379346093714048e-07,0.0,True
metastable,4,9627,89,9.697394371032715,7.463697910308838,1.30385160446167e-08,1.1920928955078125e-07,-1.791098185321971e-07,0.0,True
metastable,4,9627,90,9.648266792297363,7.403975009918213,9.778887033462524e-09,1.1920928955078125e-07,-1.9403890405556012e-07,0.0,True
metastable,4,9627,91,9.631426811218262,7.455917835235596,1.1175870895385742e-08,1.1920928955078125e-07,-1.0530133209840642e-07,0.0,True
metastable,4,9627,92,9.611616134643555,7.479489803314209,1.0710209608078003e-08,1.1920928955078125e-07,-1.502116617757565e-07,0.0,True
metastable,4,9627,93,9.592907905578613,7.471117973327637,9.778887033462524e-09,1.1920928955078125e-07,-1.889222431827875e-07,0.0,True
metastable,4,9627,94,9.55044937133789,7.506332874298096,9.778887033462524e-09,1.1920928955078125e-07,-1.2515489800080104e-07,0.0,True
metastable,4,9627,95,9.546882629394531,7.543929576873779,8.381903171539307e-09,1.1920928955078125e-07,-1.2930905768371304e-07,0.0,True
metastable,4,9627,96,9.571669578552246,7.53328275680542,1.257285475730896e-08,1.1920928955078125e-07,-1.2503693369581015e-07,0.0,True
metastable,4,9627,97,9.568102836608887,7.470998287200928,1.257285475730896e-08,1.1920928955078125e-07,-1.4344351484396611e-07,0.0,True
metastable,4,9627,98,9.555574417114258,7.363384246826172,1.0710209608078003e-08,1.1920928955078125e-07,-1.398862963242209e-07,0.0,True
metastable,4,9627,99,9.565000534057617,7.022426605224609,1.210719347000122e-08,1.1920928955078125e-07,-1.5448898693648516e-07,0.0,True
metastable,4,9627,100,9.546574592590332,6.818967342376709,1.0244548320770264e-08,1.1920928955078125e-07,-1.2526950854407914e-07,0.0,True
metastable,5,9701,1,9.489822387695312,6.857743740081787,1.4901161193847656e-08,1.1920928955078125e-07,-1.5435381328643416e-07,0.0,True
metastable,5,9701,2,9.574193000793457,6.618315696716309,9.778887033462524e-09,5.960464477539063e-08,-1.519235439673139e-07,0.0,True
metastable,5,9701,3,9.61715316772461,6.223735809326172,9.778887033462524e-09,1.1920928955078125e-07,-1.1981911995917471e-07,0.0,True
metastable,5,9701,4,9.643796920776367,5.794407367706299,1.257285475730896e-08,1.1920928955078125e-07,-1.859732208231435e-07,0.0,True
metastable,5,9701,5,9.67040729522705,5.356648921966553,1.3969838619232178e-08,1.1920928955078125e-07,-1.43858173373701e-07,0.0,True
metastable,5,9701,6,9.716328620910645,4.913383483886719,1.1175870895385742e-08,1.1920928955078125e-07,-1.4289609850948182e-07,0.0,True
metastable,5,9701,7,9.795910835266113,4.470945835113525,1.3969838619232178e-08,1.1920928955078125e-07,-1.3376131846598582e-07,0.0,True
metastable,5,9701,8,9.898550033569336,4.053934097290039,1.5366822481155396e-08,1.1920928955078125e-07,-1.471748589665367e-07,0.0,True
metastable,5,9701,9,10.021041870117188,3.7099549770355225,1.30385160446167e-08,1.1920928955078125e-07,-1.7556030229570752e-07,0.0,True
metastable,5,9701,10,10.11106014251709,3.4813289642333984,1.6298145055770874e-08,1.1920928955078125e-07,-1.852929614187815e-07,0.0,True
metastable,5,9701,11,10.166488647460938,3.339369058609009,2.0489096641540527e-08,1.1920928955078125e-07,-1.4194814923484955e-07,0.0,True
metastable,5,9701,12,10.203120231628418,3.241917133331299,1.7229467630386353e-08,1.1920928955078125e-07,-1.6002478275822796e-07,0.0,True
metastable,5,9701,13,10.224653244018555,3.1743321418762207,1.909211277961731e-08,1.1920928955078125e-07,-1.856494122876029e-07,0.0,True
metastable,5,9701,14,10.235199928283691,3.1273446083068848,2.468004822731018e-08,1.1920928955078125e-07,-1.2190373865905713e-07,0.0,True
metastable,5,9701,15,10.23986530303955,3.0950851440429688,1.7695128917694092e-08,1.1920928955078125e-07,-1.1573956726351753e-07,0.0,True
metastable,5,9701,16,10.241982460021973,3.0726318359375,1.3504177331924438e-08,1.1920928955078125e-07,-1.1673999722461303e-07,0.0,True
metastable,5,9701,17,10.243185043334961,3.056352138519287,1.955777406692505e-08,1.1920928955078125e-07,-1.7771620264284138e-07,0.0,True
metastable,5,9701,18,10.244170188903809,3.0441131591796875,1.3969838619232178e-08,1.1920928955078125e-07,-1.1879504313583311e-07,0.0,True
metastable,5,9701,19,10.245123863220215,3.0347487926483154,1.30385160446167e-08,1.1920928955078125e-07,-1.7324433088106161e-07,0.0,True
metastable,5,9701,20,10.246041297912598,3.0275847911834717,2.2351741790771484e-08,1.1920928955078125e-07,-1.2424571593783185e-07,0.0,True
metastable,5,9701,21,10.2468843460083,3.0221755504608154,1.6763806343078613e-08,1.1920928955078125e-07,-1.4860984265396837e-07,0.0,True
metastable,5,9701,22,10.247613906860352,3.0181901454925537,1.909211277961731e-08,1.1920928955078125e-07,-1.1609338912421663e-07,0.0,True
metastable,5,9701,23,10.248221397399902,3.0153679847717285,1.257285475730896e-08,1.1920928955078125e-07,-1.3329899672953616e-07,0.0,True
metastable,5,9701,24,10.248709678649902,3.0134971141815186,2.3748725652694702e-08,1.1920928955078125e-07,-1.5066714809108817e-07,0.0,True
metastable,5,9701,25,10.249088287353516,3.0124073028564453,2.468004822731018e-08,1.1920928955078125e-07,-1.2919838354719104e-07,0.0,True
metastable,5,9701,26,10.249373435974121,3.011960029602051,2.0489096641540527e-08,1.1920928955078125e-07,-1.4985144503043557e-07,0.0,True
metastable,5,9701,27,10.249581336975098,3.012042999267578,2.1420419216156006e-08,1.1920928955078125e-07,-1.422949935658835e-07,0.0,True
metastable,5,9701,28,10.249727249145508,3.012566566467285,2.1420419216156006e-08,1.1920928955078125e-07,-1.889127929644019e-07,0.0,True
metastable,5,9701,29,10.249821662902832,3.013458013534546,1.816079020500183e-08,1.1920928955078125e-07,-1.7538768304348196e-07,0.0,True
metastable,5,9701,30,10.249876976013184,3.0146570205688477,1.6763806343078613e-08,1.1920928955078125e-07,-1.55233024656809e-07,0.0,True
metastable,5,9701,31,10.249902725219727,3.01611590385437,2.1420419216156006e-08,1.1920928955078125e-07,-1.677754539741727e-07,0.0,True
metastable,5,9701,32,10.249908447265625,3.017793893814087,2.3283064365386963e-08,1.1920928955078125e-07,-1.1536511124177196e-07,0.0,True
metastable,5,9701,33,10.249897003173828,3.019657611846924,2.3283064365386963e-08,1.1920928955078125e-07,-1.3560371314724762e-07,0.0,True
metastable,5,9701,34,10.24978256225586,3.021678924560547,2.1886080503463745e-08,1.1920928955078125e-07,-1.4578672846710106e-07,0.0,True
metastable,5,9701,35,10.24958610534668,3.023824453353882,1.4901161193847656e-08,1.1920928955078125e-07,-1.343360196415233e-07,0.0,True
metastable,5,9701,36,10.2493257522583,3.0260629653930664,1.7695128917694092e-08,1.1920928955078125e-07,-1.606360910955118e-07,0.0,True
metastable,5,9701,37,10.248838424682617,3.028367280960083,1.30385160446167e-08,1.1920928955078125e-07,-1.4082937127568584e-07,0.0,True
metastable,5,9701,38,10.248372077941895,3.0307140350341797,1.6298145055770874e-08,1.1920928955078125e-07,-1.718021138685799e-07,0.0,True
metastable,5,9701,39,10.247931480407715,3.033060073852539,1.4901161193847656e-08,1.1920928955078125e-07,-1.3921481922807288e-07,0.0,True
metastable,5,9701,40,10.247519493103027,3.0353915691375732,1.909211277961731e-08,1.1920928955078125e-07,-1.3181170288589783e-07,0.0,True
metastable,5,9701,41,10.247138023376465,3.0376994609832764,1.4901161193847656e-08,1.1920928955078125e-07,-1.6694863802513282e-07,0.0,True
metastable,5,9701,42,10.246787071228027,3.039980173110962,2.0489096641540527e-08,1.1920928955078125e-07,-1.7225387693997618e-07,0.0,True
metastable,5,9701,43,10.246465682983398,3.042233467102051,1.4435499906539917e-08,1.1920928955078125e-07,-1.6181287776362296e-07,0.0,True
metastable,5,9701,44,10.246172904968262,3.0444610118865967,1.257285475730896e-08,1.1920928955078125e-07,-1.1815337330745024e-07,0.0,True
metastable,5,9701,45,10.245905876159668,3.0466654300689697,1.862645149230957e-08,1.1920928955078125e-07,-1.604782084996259e-07,0.0,True
metastable,5,9701,46,10.245664596557617,3.0488510131835938,1.909211277961731e-08,1.1920928955078125e-07,-1.7607960955956514e-07,0.0,True
metastable,5,9701,47,10.24544620513916,3.0510220527648926,2.0023435354232788e-08,1.1920928955078125e-07,-1.6494442434122902e-07,0.0,True
metastable,5,9701,48,10.245246887207031,3.0531842708587646,1.909211277961731e-08,1.1920928955078125e-07,-1.4323030939067394e-07,0.0,True
metastable,5,9701,49,10.245067596435547,3.055342197418213,2.2351741790771484e-08,1.1920928955078125e-07,-1.555344226744637e-07,0.0,True
metastable,5,9701,50,10.244904518127441,3.057502269744873,2.0489096641540527e-08,1.1920928955078125e-07,-1.1395410126624483e-07,0.0,True
metastable,5,9701,51,10.244756698608398,3.0596699714660645,1.955777406692505e-08,1.1920928955078125e-07,-1.576460277874503e-07,0.0,True
metastable,5,9701,52,10.244623184204102,3.0618503093719482,1.7695128917694092e-08,1.1920928955078125e-07,-1.0171847719675498e-07,0.0,True
metastable,5,9701,53,10.24450397491455,3.064049243927002,1.4435499906539917e-08,1.1920928955078125e-07,-1.4458612440648722e-07,0.0,True
metastable,5,9701,54,10.24439811706543,3.066272735595703,1.7229467630386353e-08,1.1920928955078125e-07,-1.6083424725366058e-07,0.0,True
metastable,5,9701,55,10.244300842285156,3.0685245990753174,2.1886080503463745e-08,1.1920928955078125e-07,-1.3939641974047845e-07,0.0,True
metastable,5,9701,56,10.24421501159668,3.070810079574585,1.5366822481155396e-08,1.1920928955078125e-07,-1.2084096567832603e-07,0.0,True
metastable,5,9701,57,10.244140625,3.0731329917907715,2.0489096641540527e-08,1.1920928955078125e-07,-1.129660773813157e-07,0.0,True
metastable,5,9701,58,10.244075775146484,3.0754973888397217,2.0489096641540527e-08,1.1920928955078125e-07,-1.5076076920195192e-07,0.0,True
metastable,5,9701,59,10.24402141571045,3.077906608581543,1.5832483768463135e-08,1.1920928955078125e-07,-1.899475279287799e-07,0.0,True
metastable,5,9701,60,10.243975639343262,3.08036208152771,1.4901161193847656e-08,1.1920928955078125e-07,-1.5334974534653156e-07,0.0,True
metastable,5,9701,61,10.243940353393555,3.0828661918640137,1.7695128917694092e-08,1.1920928955078125e-07,-1.348487472796478e-07,0.0,True
metastable,5,9701,62,10.243915557861328,3.085418939590454,2.1420419216156006e-08,1.1920928955078125e-07,-1.5658676488783385e-07,0.0,True
metastable,5,9701,63,10.243900299072266,3.0880205631256104,2.1420419216156006e-08,1.1920928955078125e-07,-1.4454202812430594e-07,0.0,True
metastable,5,9701,64,10.243895530700684,3.0906691551208496,1.7229467630386353e-08,1.1920928955078125e-07,-1.9791310990058264e-07,0.0,True
metastable,5,9701,65,10.243896484375,3.09336256980896,2.0023435354232788e-08,1.1920928955078125e-07,-1.7263050722249318e-07,0.0,True
metastable,5,9701,66,10.243757247924805,3.096097230911255,1.816079020500183e-08,1.1920928955078125e-07,-1.1660334564567165e-07,0.0,True
metastable,5,9701,67,10.243633270263672,3.0988595485687256,1.6298145055770874e-08,1.1920928955078125e-07,-1.6179573947283643e-07,0.0,True
metastable,5,9701,68,10.24351692199707,3.101628065109253,2.1420419216156006e-08,1.1920928955078125e-07,-1.4873680242999399e-07,0.0,True
metastable,5,9701,69,10.243415832519531,3.1043946743011475,1.210719347000122e-08,1.1920928955078125e-07,-1.1637208530146381e-07,0.0,True
metastable,5,9701,70,10.243325233459473,3.1071505546569824,1.7229467630386353e-08,1.1920928955078125e-07,-1.1949826728141488e-07,0.0,True
metastable,5,9701,71,10.243249893188477,3.109889030456543,2.561137080192566e-08,1.1920928955078125e-07,-1.724664571156609e-07,0.0,True
metastable,5,9701,72,10.243188858032227,3.112603187561035,2.2817403078079224e-08,1.1920928955078125e-07,-1.4169751239023753e-07,0.0,True
metastable,5,9701,73,10.243143081665039,3.1152870655059814,2.1886080503463745e-08,1.1920928955078125e-07,-1.2585860531544313e-07,0.0,True
metastable,5,9701,74,10.24311637878418,3.1179351806640625,2.0023435354232788e-08,1.1920928955078125e-07,-1.2236792201747448e-07,0.0,True
metastable,5,9701,75,10.243103981018066,3.1205430030822754,1.7695128917694092e-08,1.1920928955078125e-07,-1.3241356100479607e-07,0.0,True
metastable,5,9701,76,10.243110656738281,3.12310528755188,2.2351741790771484e-08,1.1920928955078125e-07,-1.1096864227511105e-07,0.0,True
metastable,5,9701,77,10.243128776550293,3.125619411468506,2.0489096641540527e-08,1.1920928955078125e-07,-1.4488259125755576e-07,0.0,True
metastable,5,9701,78,10.243163108825684,3.1280815601348877,1.909211277961731e-08,1.1920928955078125e-07,-1.3911791540976992e-07,0.0,True
metastable,5,9701,79,10.243202209472656,3.13049054145813,1.6763806343078613e-08,1.1920928955078125e-07,-1.4235712342269835e-07,0.0,True
metastable,5,9701,80,10.243139266967773,3.1328442096710205,1.7695128917694092e-08,1.1920928955078125e-07,-1.3569200518759317e-07,0.0,True
metastable,5,9701,81,10.242925643920898,3.1351406574249268,1.7229467630386353e-08,1.1920928955078125e-07,-1.6804425229111075e-07,0.0,True
metastable,5,9701,82,10.2427396774292,3.1373627185821533,1.5366822481155396e-08,1.1920928955078125e-07,-1.38352575618228e-07,0.0,True
metastable,5,9701,83,10.242574691772461,3.1394922733306885,1.3969838619232178e-08,1.1920928955078125e-07,-1.6135930991367786e-07,0.0,True
metastable,5,9701,84,10.242432594299316,3.141526937484741,1.816079020500183e-08,1.1920928955078125e-07,-1.4544951909556403e-07,0.0,True
metastable,5,9701,85,10.242318153381348,3.143467664718628,1.7695128917694092e-08,1.1920928955078125e-07,-1.177701633992001e-07,0.0,True
metastable,5,9701,86,10.242225646972656,3.145317316055298,1.862645149230957e-08,1.1920928955078125e-07,-1.1306655522957954e-07,0.0,True
metastable,5,9701,87,10.242156982421875,3.147078275680542,2.0489096641540527e-08,1.1920928955078125e-07,-1.4265140180214075e-07,0.0,True
metastable,5,9701,88,10.242110252380371,3.148754835128784,2.1420419216156006e-08,1.1920928955078125e-07,-1.6678089309607458e-07,0.0,True
metastable,5,9701,89,10.242083549499512,3.1503500938415527,2.0023435354232788e-08,1.1920928955078125e-07,-1.6958712478754023e-07,0.0,True
metastable,5,9701,90,10.242074966430664,3.151867628097534,1.816079020500183e-08,1.1920928955078125e-07,-1.6578334793848626e-07,0.0,True
metastable,5,9701,91,10.242085456848145,3.153310537338257,2.0023435354232788e-08,1.1920928955078125e-07,-1.5493694149881776e-07,0.0,True
metastable,5,9701,92,10.242107391357422,3.154681921005249,1.6763806343078613e-08,1.1920928955078125e-07,-1.2642775004678697e-07,0.0,True
metastable,5,9701,93,10.242144584655762,3.1559860706329346,1.5832483768463135e-08,1.1920928955078125e-07,-1.2980996189071448e-07,0.0,True
metastable,5,9701,94,10.242192268371582,3.157226324081421,1.30385160446167e-08,1.1920928955078125e-07,-1.4244263013551972e-07,0.0,True
metastable,5,9701,95,10.242252349853516,3.15840744972229,1.4901161193847656e-08,1.1920928955078125e-07,-2.0279368584397162e-07,0.0,True
metastable,5,9701,96,10.242321014404297,3.1595346927642822,1.7229467630386353e-08,1.1920928955078125e-07,-1.6535743441181694e-07,0.0,True
metastable,5,9701,97,10.24232006072998,3.160613536834717,2.0023435354232788e-08,1.1920928955078125e-07,-1.3716065438984515e-07,0.0,True
metastable,5,9701,98,10.242300033569336,3.1616458892822266,1.4435499906539917e-08,1.1920928955078125e-07,-1.3638928919590398e-07,0.0,True
metastable,5,9701,99,10.242284774780273,3.1626312732696533,1.5832483768463135e-08,1.1920928955078125e-07,-1.4130014847069106e-07,0.0,True
metastable,5,9701,100,10.242271423339844,3.163572311401367,1.210719347000122e-08,1.1920928955078125e-07,-1.1442145364526368e-07,0.0,True
