,rmse,relative_l2,mae,mass_error,entropy_error,instability_index,dissipation_rate,spectral_energy
Full_LNO_Framework,0.001233183826552704,0.001951314079730461,0.0005392886936897412,0.04941940943400065,0.03198397139708201,0.06999123548467955,0.01002606624737382,86.95149698893229
Ablated_Dissipation,0.063965942983826,0.11956430499752363,0.02429694867382447,0.8555145867665609,0.7691225210825602,0.05581883423030377,0.007704546460881829,85.04228368123373
Ablated_Gamma_Coupling,0.002259337203577161,0.004157150057144463,0.0017352382644700507,0.19134577989578247,0.07591087932387988,0.06971057998637359,0.009958425207684437,86.64129137674968
