dataset_index,trajectory_id,regime,trajectory_index,timestep,noise_seed,gamma,noise_sigma,reference_gamma,spatial_points,information_dimension,split
0,low_noise_000,low_noise,0,0,150000,0.01,0.02,0.0,128,6,train
1,low_noise_000,low_noise,0,1,150000,0.01,0.02,0.0,128,6,train
2,low_noise_000,low_noise,0,2,150000,0.01,0.02,0.0,128,6,train
3,low_noise_000,low_noise,0,3,150000,0.01,0.02,0.0,128,6,train
4,low_noise_000,low_noise,0,4,150000,0.01,0.02,0.0,128,6,train
5,low_noise_000,low_noise,0,5,150000,0.01,0.02,0.0,128,6,train
6,low_noise_000,low_noise,0,6,150000,0.01,0.02,0.0,128,6,train
7,low_noise_000,low_noise,0,7,150000,0.01,0.02,0.0,128,6,train
8,low_noise_000,low_noise,0,8,150000,0.01,0.02,0.0,128,6,train
9,low_noise_000,low_noise,0,9,150000,0.01,0.02,0.0,128,6,train
10,low_noise_000,low_noise,0,10,150000,0.01,0.02,0.0,128,6,train
11,low_noise_000,low_noise,0,11,150000,0.01,0.02,0.0,128,6,train
12,low_noise_000,low_noise,0,12,150000,0.01,0.02,0.0,128,6,train
13,low_noise_000,low_noise,0,13,150000,0.01,0.02,0.0,128,6,train
14,low_noise_000,low_noise,0,14,150000,0.01,0.02,0.0,128,6,train
15,low_noise_000,low_noise,0,15,150000,0.01,0.02,0.0,128,6,train
16,low_noise_000,low_noise,0,16,150000,0.01,0.02,0.0,128,6,train
17,low_noise_000,low_noise,0,17,150000,0.01,0.02,0.0,128,6,train
18,low_noise_000,low_noise,0,18,150000,0.01,0.02,0.0,128,6,train
19,low_noise_000,low_noise,0,19,150000,0.01,0.02,0.0,128,6,train
20,low_noise_000,low_noise,0,20,150000,0.01,0.02,0.0,128,6,train
21,low_noise_000,low_noise,0,21,150000,0.01,0.02,0.0,128,6,train
22,low_noise_000,low_noise,0,22,150000,0.01,0.02,0.0,128,6,train
23,low_noise_000,low_noise,0,23,150000,0.01,0.02,0.0,128,6,train
24,low_noise_000,low_noise,0,24,150000,0.01,0.02,0.0,128,6,train
25,low_noise_000,low_noise,0,25,150000,0.01,0.02,0.0,128,6,train
26,low_noise_000,low_noise,0,26,150000,0.01,0.02,0.0,128,6,train
27,low_noise_000,low_noise,0,27,150000,0.01,0.02,0.0,128,6,train
28,low_noise_000,low_noise,0,28,150000,0.01,0.02,0.0,128,6,train
29,low_noise_000,low_noise,0,29,150000,0.01,0.02,0.0,128,6,train
30,low_noise_000,low_noise,0,30,150000,0.01,0.02,0.0,128,6,train
31,low_noise_000,low_noise,0,31,150000,0.01,0.02,0.0,128,6,train
32,low_noise_000,low_noise,0,32,150000,0.01,0.02,0.0,128,6,train
33,low_noise_000,low_noise,0,33,150000,0.01,0.02,0.0,128,6,train
34,low_noise_000,low_noise,0,34,150000,0.01,0.02,0.0,128,6,train
35,low_noise_000,low_noise,0,35,150000,0.01,0.02,0.0,128,6,train
36,low_noise_000,low_noise,0,36,150000,0.01,0.02,0.0,128,6,train
37,low_noise_000,low_noise,0,37,150000,0.01,0.02,0.0,128,6,train
38,low_noise_000,low_noise,0,38,150000,0.01,0.02,0.0,128,6,train
39,low_noise_000,low_noise,0,39,150000,0.01,0.02,0.0,128,6,train
40,low_noise_000,low_noise,0,40,150000,0.01,0.02,0.0,128,6,train
41,low_noise_000,low_noise,0,41,150000,0.01,0.02,0.0,128,6,train
42,low_noise_000,low_noise,0,42,150000,0.01,0.02,0.0,128,6,train
43,low_noise_000,low_noise,0,43,150000,0.01,0.02,0.0,128,6,train
44,low_noise_000,low_noise,0,44,150000,0.01,0.02,0.0,128,6,train
45,low_noise_000,low_noise,0,45,150000,0.01,0.02,0.0,128,6,train
46,low_noise_000,low_noise,0,46,150000,0.01,0.02,0.0,128,6,train
47,low_noise_000,low_noise,0,47,150000,0.01,0.02,0.0,128,6,train
48,low_noise_000,low_noise,0,48,150000,0.01,0.02,0.0,128,6,train
49,low_noise_000,low_noise,0,49,150000,0.01,0.02,0.0,128,6,train
50,low_noise_000,low_noise,0,50,150000,0.01,0.02,0.0,128,6,train
51,low_noise_000,low_noise,0,51,150000,0.01,0.02,0.0,128,6,train
52,low_noise_000,low_noise,0,52,150000,0.01,0.02,0.0,128,6,train
53,low_noise_000,low_noise,0,53,150000,0.01,0.02,0.0,128,6,train
54,low_noise_000,low_noise,0,54,150000,0.01,0.02,0.0,128,6,train
55,low_noise_000,low_noise,0,55,150000,0.01,0.02,0.0,128,6,train
56,low_noise_000,low_noise,0,56,150000,0.01,0.02,0.0,128,6,train
57,low_noise_000,low_noise,0,57,150000,0.01,0.02,0.0,128,6,train
58,low_noise_000,low_noise,0,58,150000,0.01,0.02,0.0,128,6,train
59,low_noise_000,low_noise,0,59,150000,0.01,0.02,0.0,128,6,train
60,low_noise_000,low_noise,0,60,150000,0.01,0.02,0.0,128,6,train
61,low_noise_000,low_noise,0,61,150000,0.01,0.02,0.0,128,6,train
62,low_noise_000,low_noise,0,62,150000,0.01,0.02,0.0,128,6,train
63,low_noise_000,low_noise,0,63,150000,0.01,0.02,0.0,128,6,train
64,low_noise_000,low_noise,0,64,150000,0.01,0.02,0.0,128,6,train
65,low_noise_000,low_noise,0,65,150000,0.01,0.02,0.0,128,6,train
66,low_noise_000,low_noise,0,66,150000,0.01,0.02,0.0,128,6,train
67,low_noise_000,low_noise,0,67,150000,0.01,0.02,0.0,128,6,train
68,low_noise_000,low_noise,0,68,150000,0.01,0.02,0.0,128,6,train
69,low_noise_000,low_noise,0,69,150000,0.01,0.02,0.0,128,6,train
70,low_noise_000,low_noise,0,70,150000,0.01,0.02,0.0,128,6,train
71,low_noise_000,low_noise,0,71,150000,0.01,0.02,0.0,128,6,train
72,low_noise_000,low_noise,0,72,150000,0.01,0.02,0.0,128,6,train
73,low_noise_000,low_noise,0,73,150000,0.01,0.02,0.0,128,6,train
74,low_noise_000,low_noise,0,74,150000,0.01,0.02,0.0,128,6,train
75,low_noise_000,low_noise,0,75,150000,0.01,0.02,0.0,128,6,train
76,low_noise_000,low_noise,0,76,150000,0.01,0.02,0.0,128,6,train
77,low_noise_000,low_noise,0,77,150000,0.01,0.02,0.0,128,6,train
78,low_noise_000,low_noise,0,78,150000,0.01,0.02,0.0,128,6,train
79,low_noise_000,low_noise,0,79,150000,0.01,0.02,0.0,128,6,train
80,low_noise_000,low_noise,0,80,150000,0.01,0.02,0.0,128,6,train
81,low_noise_000,low_noise,0,81,150000,0.01,0.02,0.0,128,6,train
82,low_noise_000,low_noise,0,82,150000,0.01,0.02,0.0,128,6,train
83,low_noise_000,low_noise,0,83,150000,0.01,0.02,0.0,128,6,train
84,low_noise_000,low_noise,0,84,150000,0.01,0.02,0.0,128,6,train
85,low_noise_000,low_noise,0,85,150000,0.01,0.02,0.0,128,6,train
86,low_noise_000,low_noise,0,86,150000,0.01,0.02,0.0,128,6,train
87,low_noise_000,low_noise,0,87,150000,0.01,0.02,0.0,128,6,train
88,low_noise_000,low_noise,0,88,150000,0.01,0.02,0.0,128,6,train
89,low_noise_000,low_noise,0,89,150000,0.01,0.02,0.0,128,6,train
90,low_noise_000,low_noise,0,90,150000,0.01,0.02,0.0,128,6,train
91,low_noise_000,low_noise,0,91,150000,0.01,0.02,0.0,128,6,train
92,low_noise_000,low_noise,0,92,150000,0.01,0.02,0.0,128,6,train
93,low_noise_000,low_noise,0,93,150000,0.01,0.02,0.0,128,6,train
94,low_noise_000,low_noise,0,94,150000,0.01,0.02,0.0,128,6,train
95,low_noise_000,low_noise,0,95,150000,0.01,0.02,0.0,128,6,train
96,low_noise_000,low_noise,0,96,150000,0.01,0.02,0.0,128,6,train
97,low_noise_000,low_noise,0,97,150000,0.01,0.02,0.0,128,6,train
98,low_noise_000,low_noise,0,98,150000,0.01,0.02,0.0,128,6,train
99,low_noise_001,low_noise,1,0,150001,0.01,0.02,0.0,128,6,test
100,low_noise_001,low_noise,1,1,150001,0.01,0.02,0.0,128,6,test
101,low_noise_001,low_noise,1,2,150001,0.01,0.02,0.0,128,6,test
102,low_noise_001,low_noise,1,3,150001,0.01,0.02,0.0,128,6,test
103,low_noise_001,low_noise,1,4,150001,0.01,0.02,0.0,128,6,test
104,low_noise_001,low_noise,1,5,150001,0.01,0.02,0.0,128,6,test
105,low_noise_001,low_noise,1,6,150001,0.01,0.02,0.0,128,6,test
106,low_noise_001,low_noise,1,7,150001,0.01,0.02,0.0,128,6,test
107,low_noise_001,low_noise,1,8,150001,0.01,0.02,0.0,128,6,test
108,low_noise_001,low_noise,1,9,150001,0.01,0.02,0.0,128,6,test
109,low_noise_001,low_noise,1,10,150001,0.01,0.02,0.0,128,6,test
110,low_noise_001,low_noise,1,11,150001,0.01,0.02,0.0,128,6,test
111,low_noise_001,low_noise,1,12,150001,0.01,0.02,0.0,128,6,test
112,low_noise_001,low_noise,1,13,150001,0.01,0.02,0.0,128,6,test
113,low_noise_001,low_noise,1,14,150001,0.01,0.02,0.0,128,6,test
114,low_noise_001,low_noise,1,15,150001,0.01,0.02,0.0,128,6,test
115,low_noise_001,low_noise,1,16,150001,0.01,0.02,0.0,128,6,test
116,low_noise_001,low_noise,1,17,150001,0.01,0.02,0.0,128,6,test
117,low_noise_001,low_noise,1,18,150001,0.01,0.02,0.0,128,6,test
118,low_noise_001,low_noise,1,19,150001,0.01,0.02,0.0,128,6,test
119,low_noise_001,low_noise,1,20,150001,0.01,0.02,0.0,128,6,test
120,low_noise_001,low_noise,1,21,150001,0.01,0.02,0.0,128,6,test
121,low_noise_001,low_noise,1,22,150001,0.01,0.02,0.0,128,6,test
122,low_noise_001,low_noise,1,23,150001,0.01,0.02,0.0,128,6,test
123,low_noise_001,low_noise,1,24,150001,0.01,0.02,0.0,128,6,test
124,low_noise_001,low_noise,1,25,150001,0.01,0.02,0.0,128,6,test
125,low_noise_001,low_noise,1,26,150001,0.01,0.02,0.0,128,6,test
126,low_noise_001,low_noise,1,27,150001,0.01,0.02,0.0,128,6,test
127,low_noise_001,low_noise,1,28,150001,0.01,0.02,0.0,128,6,test
128,low_noise_001,low_noise,1,29,150001,0.01,0.02,0.0,128,6,test
129,low_noise_001,low_noise,1,30,150001,0.01,0.02,0.0,128,6,test
130,low_noise_001,low_noise,1,31,150001,0.01,0.02,0.0,128,6,test
131,low_noise_001,low_noise,1,32,150001,0.01,0.02,0.0,128,6,test
132,low_noise_001,low_noise,1,33,150001,0.01,0.02,0.0,128,6,test
133,low_noise_001,low_noise,1,34,150001,0.01,0.02,0.0,128,6,test
134,low_noise_001,low_noise,1,35,150001,0.01,0.02,0.0,128,6,test
135,low_noise_001,low_noise,1,36,150001,0.01,0.02,0.0,128,6,test
136,low_noise_001,low_noise,1,37,150001,0.01,0.02,0.0,128,6,test
137,low_noise_001,low_noise,1,38,150001,0.01,0.02,0.0,128,6,test
138,low_noise_001,low_noise,1,39,150001,0.01,0.02,0.0,128,6,test
139,low_noise_001,low_noise,1,40,150001,0.01,0.02,0.0,128,6,test
140,low_noise_001,low_noise,1,41,150001,0.01,0.02,0.0,128,6,test
141,low_noise_001,low_noise,1,42,150001,0.01,0.02,0.0,128,6,test
142,low_noise_001,low_noise,1,43,150001,0.01,0.02,0.0,128,6,test
143,low_noise_001,low_noise,1,44,150001,0.01,0.02,0.0,128,6,test
144,low_noise_001,low_noise,1,45,150001,0.01,0.02,0.0,128,6,test
145,low_noise_001,low_noise,1,46,150001,0.01,0.02,0.0,128,6,test
146,low_noise_001,low_noise,1,47,150001,0.01,0.02,0.0,128,6,test
147,low_noise_001,low_noise,1,48,150001,0.01,0.02,0.0,128,6,test
148,low_noise_001,low_noise,1,49,150001,0.01,0.02,0.0,128,6,test
149,low_noise_001,low_noise,1,50,150001,0.01,0.02,0.0,128,6,test
150,low_noise_001,low_noise,1,51,150001,0.01,0.02,0.0,128,6,test
151,low_noise_001,low_noise,1,52,150001,0.01,0.02,0.0,128,6,test
152,low_noise_001,low_noise,1,53,150001,0.01,0.02,0.0,128,6,test
153,low_noise_001,low_noise,1,54,150001,0.01,0.02,0.0,128,6,test
154,low_noise_001,low_noise,1,55,150001,0.01,0.02,0.0,128,6,test
155,low_noise_001,low_noise,1,56,150001,0.01,0.02,0.0,128,6,test
156,low_noise_001,low_noise,1,57,150001,0.01,0.02,0.0,128,6,test
157,low_noise_001,low_noise,1,58,150001,0.01,0.02,0.0,128,6,test
158,low_noise_001,low_noise,1,59,150001,0.01,0.02,0.0,128,6,test
159,low_noise_001,low_noise,1,60,150001,0.01,0.02,0.0,128,6,test
160,low_noise_001,low_noise,1,61,150001,0.01,0.02,0.0,128,6,test
161,low_noise_001,low_noise,1,62,150001,0.01,0.02,0.0,128,6,test
162,low_noise_001,low_noise,1,63,150001,0.01,0.02,0.0,128,6,test
163,low_noise_001,low_noise,1,64,150001,0.01,0.02,0.0,128,6,test
164,low_noise_001,low_noise,1,65,150001,0.01,0.02,0.0,128,6,test
165,low_noise_001,low_noise,1,66,150001,0.01,0.02,0.0,128,6,test
166,low_noise_001,low_noise,1,67,150001,0.01,0.02,0.0,128,6,test
167,low_noise_001,low_noise,1,68,150001,0.01,0.02,0.0,128,6,test
168,low_noise_001,low_noise,1,69,150001,0.01,0.02,0.0,128,6,test
169,low_noise_001,low_noise,1,70,150001,0.01,0.02,0.0,128,6,test
170,low_noise_001,low_noise,1,71,150001,0.01,0.02,0.0,128,6,test
171,low_noise_001,low_noise,1,72,150001,0.01,0.02,0.0,128,6,test
172,low_noise_001,low_noise,1,73,150001,0.01,0.02,0.0,128,6,test
173,low_noise_001,low_noise,1,74,150001,0.01,0.02,0.0,128,6,test
174,low_noise_001,low_noise,1,75,150001,0.01,0.02,0.0,128,6,test
175,low_noise_001,low_noise,1,76,150001,0.01,0.02,0.0,128,6,test
176,low_noise_001,low_noise,1,77,150001,0.01,0.02,0.0,128,6,test
177,low_noise_001,low_noise,1,78,150001,0.01,0.02,0.0,128,6,test
178,low_noise_001,low_noise,1,79,150001,0.01,0.02,0.0,128,6,test
179,low_noise_001,low_noise,1,80,150001,0.01,0.02,0.0,128,6,test
180,low_noise_001,low_noise,1,81,150001,0.01,0.02,0.0,128,6,test
181,low_noise_001,low_noise,1,82,150001,0.01,0.02,0.0,128,6,test
182,low_noise_001,low_noise,1,83,150001,0.01,0.02,0.0,128,6,test
183,low_noise_001,low_noise,1,84,150001,0.01,0.02,0.0,128,6,test
184,low_noise_001,low_noise,1,85,150001,0.01,0.02,0.0,128,6,test
185,low_noise_001,low_noise,1,86,150001,0.01,0.02,0.0,128,6,test
186,low_noise_001,low_noise,1,87,150001,0.01,0.02,0.0,128,6,test
187,low_noise_001,low_noise,1,88,150001,0.01,0.02,0.0,128,6,test
188,low_noise_001,low_noise,1,89,150001,0.01,0.02,0.0,128,6,test
189,low_noise_001,low_noise,1,90,150001,0.01,0.02,0.0,128,6,test
190,low_noise_001,low_noise,1,91,150001,0.01,0.02,0.0,128,6,test
191,low_noise_001,low_noise,1,92,150001,0.01,0.02,0.0,128,6,test
192,low_noise_001,low_noise,1,93,150001,0.01,0.02,0.0,128,6,test
193,low_noise_001,low_noise,1,94,150001,0.01,0.02,0.0,128,6,test
194,low_noise_001,low_noise,1,95,150001,0.01,0.02,0.0,128,6,test
195,low_noise_001,low_noise,1,96,150001,0.01,0.02,0.0,128,6,test
196,low_noise_001,low_noise,1,97,150001,0.01,0.02,0.0,128,6,test
197,low_noise_001,low_noise,1,98,150001,0.01,0.02,0.0,128,6,test
198,low_noise_002,low_noise,2,0,150002,0.01,0.02,0.0,128,6,train
199,low_noise_002,low_noise,2,1,150002,0.01,0.02,0.0,128,6,train
200,low_noise_002,low_noise,2,2,150002,0.01,0.02,0.0,128,6,train
201,low_noise_002,low_noise,2,3,150002,0.01,0.02,0.0,128,6,train
202,low_noise_002,low_noise,2,4,150002,0.01,0.02,0.0,128,6,train
203,low_noise_002,low_noise,2,5,150002,0.01,0.02,0.0,128,6,train
204,low_noise_002,low_noise,2,6,150002,0.01,0.02,0.0,128,6,train
205,low_noise_002,low_noise,2,7,150002,0.01,0.02,0.0,128,6,train
206,low_noise_002,low_noise,2,8,150002,0.01,0.02,0.0,128,6,train
207,low_noise_002,low_noise,2,9,150002,0.01,0.02,0.0,128,6,train
208,low_noise_002,low_noise,2,10,150002,0.01,0.02,0.0,128,6,train
209,low_noise_002,low_noise,2,11,150002,0.01,0.02,0.0,128,6,train
210,low_noise_002,low_noise,2,12,150002,0.01,0.02,0.0,128,6,train
211,low_noise_002,low_noise,2,13,150002,0.01,0.02,0.0,128,6,train
212,low_noise_002,low_noise,2,14,150002,0.01,0.02,0.0,128,6,train
213,low_noise_002,low_noise,2,15,150002,0.01,0.02,0.0,128,6,train
214,low_noise_002,low_noise,2,16,150002,0.01,0.02,0.0,128,6,train
215,low_noise_002,low_noise,2,17,150002,0.01,0.02,0.0,128,6,train
216,low_noise_002,low_noise,2,18,150002,0.01,0.02,0.0,128,6,train
217,low_noise_002,low_noise,2,19,150002,0.01,0.02,0.0,128,6,train
218,low_noise_002,low_noise,2,20,150002,0.01,0.02,0.0,128,6,train
219,low_noise_002,low_noise,2,21,150002,0.01,0.02,0.0,128,6,train
220,low_noise_002,low_noise,2,22,150002,0.01,0.02,0.0,128,6,train
221,low_noise_002,low_noise,2,23,150002,0.01,0.02,0.0,128,6,train
222,low_noise_002,low_noise,2,24,150002,0.01,0.02,0.0,128,6,train
223,low_noise_002,low_noise,2,25,150002,0.01,0.02,0.0,128,6,train
224,low_noise_002,low_noise,2,26,150002,0.01,0.02,0.0,128,6,train
225,low_noise_002,low_noise,2,27,150002,0.01,0.02,0.0,128,6,train
226,low_noise_002,low_noise,2,28,150002,0.01,0.02,0.0,128,6,train
227,low_noise_002,low_noise,2,29,150002,0.01,0.02,0.0,128,6,train
228,low_noise_002,low_noise,2,30,150002,0.01,0.02,0.0,128,6,train
229,low_noise_002,low_noise,2,31,150002,0.01,0.02,0.0,128,6,train
230,low_noise_002,low_noise,2,32,150002,0.01,0.02,0.0,128,6,train
231,low_noise_002,low_noise,2,33,150002,0.01,0.02,0.0,128,6,train
232,low_noise_002,low_noise,2,34,150002,0.01,0.02,0.0,128,6,train
233,low_noise_002,low_noise,2,35,150002,0.01,0.02,0.0,128,6,train
234,low_noise_002,low_noise,2,36,150002,0.01,0.02,0.0,128,6,train
235,low_noise_002,low_noise,2,37,150002,0.01,0.02,0.0,128,6,train
236,low_noise_002,low_noise,2,38,150002,0.01,0.02,0.0,128,6,train
237,low_noise_002,low_noise,2,39,150002,0.01,0.02,0.0,128,6,train
238,low_noise_002,low_noise,2,40,150002,0.01,0.02,0.0,128,6,train
239,low_noise_002,low_noise,2,41,150002,0.01,0.02,0.0,128,6,train
240,low_noise_002,low_noise,2,42,150002,0.01,0.02,0.0,128,6,train
241,low_noise_002,low_noise,2,43,150002,0.01,0.02,0.0,128,6,train
242,low_noise_002,low_noise,2,44,150002,0.01,0.02,0.0,128,6,train
243,low_noise_002,low_noise,2,45,150002,0.01,0.02,0.0,128,6,train
244,low_noise_002,low_noise,2,46,150002,0.01,0.02,0.0,128,6,train
245,low_noise_002,low_noise,2,47,150002,0.01,0.02,0.0,128,6,train
246,low_noise_002,low_noise,2,48,150002,0.01,0.02,0.0,128,6,train
247,low_noise_002,low_noise,2,49,150002,0.01,0.02,0.0,128,6,train
248,low_noise_002,low_noise,2,50,150002,0.01,0.02,0.0,128,6,train
249,low_noise_002,low_noise,2,51,150002,0.01,0.02,0.0,128,6,train
250,low_noise_002,low_noise,2,52,150002,0.01,0.02,0.0,128,6,train
251,low_noise_002,low_noise,2,53,150002,0.01,0.02,0.0,128,6,train
252,low_noise_002,low_noise,2,54,150002,0.01,0.02,0.0,128,6,train
253,low_noise_002,low_noise,2,55,150002,0.01,0.02,0.0,128,6,train
254,low_noise_002,low_noise,2,56,150002,0.01,0.02,0.0,128,6,train
255,low_noise_002,low_noise,2,57,150002,0.01,0.02,0.0,128,6,train
256,low_noise_002,low_noise,2,58,150002,0.01,0.02,0.0,128,6,train
257,low_noise_002,low_noise,2,59,150002,0.01,0.02,0.0,128,6,train
258,low_noise_002,low_noise,2,60,150002,0.01,0.02,0.0,128,6,train
259,low_noise_002,low_noise,2,61,150002,0.01,0.02,0.0,128,6,train
260,low_noise_002,low_noise,2,62,150002,0.01,0.02,0.0,128,6,train
261,low_noise_002,low_noise,2,63,150002,0.01,0.02,0.0,128,6,train
262,low_noise_002,low_noise,2,64,150002,0.01,0.02,0.0,128,6,train
263,low_noise_002,low_noise,2,65,150002,0.01,0.02,0.0,128,6,train
264,low_noise_002,low_noise,2,66,150002,0.01,0.02,0.0,128,6,train
265,low_noise_002,low_noise,2,67,150002,0.01,0.02,0.0,128,6,train
266,low_noise_002,low_noise,2,68,150002,0.01,0.02,0.0,128,6,train
267,low_noise_002,low_noise,2,69,150002,0.01,0.02,0.0,128,6,train
268,low_noise_002,low_noise,2,70,150002,0.01,0.02,0.0,128,6,train
269,low_noise_002,low_noise,2,71,150002,0.01,0.02,0.0,128,6,train
270,low_noise_002,low_noise,2,72,150002,0.01,0.02,0.0,128,6,train
271,low_noise_002,low_noise,2,73,150002,0.01,0.02,0.0,128,6,train
272,low_noise_002,low_noise,2,74,150002,0.01,0.02,0.0,128,6,train
273,low_noise_002,low_noise,2,75,150002,0.01,0.02,0.0,128,6,train
274,low_noise_002,low_noise,2,76,150002,0.01,0.02,0.0,128,6,train
275,low_noise_002,low_noise,2,77,150002,0.01,0.02,0.0,128,6,train
276,low_noise_002,low_noise,2,78,150002,0.01,0.02,0.0,128,6,train
277,low_noise_002,low_noise,2,79,150002,0.01,0.02,0.0,128,6,train
278,low_noise_002,low_noise,2,80,150002,0.01,0.02,0.0,128,6,train
279,low_noise_002,low_noise,2,81,150002,0.01,0.02,0.0,128,6,train
280,low_noise_002,low_noise,2,82,150002,0.01,0.02,0.0,128,6,train
281,low_noise_002,low_noise,2,83,150002,0.01,0.02,0.0,128,6,train
282,low_noise_002,low_noise,2,84,150002,0.01,0.02,0.0,128,6,train
283,low_noise_002,low_noise,2,85,150002,0.01,0.02,0.0,128,6,train
284,low_noise_002,low_noise,2,86,150002,0.01,0.02,0.0,128,6,train
285,low_noise_002,low_noise,2,87,150002,0.01,0.02,0.0,128,6,train
286,low_noise_002,low_noise,2,88,150002,0.01,0.02,0.0,128,6,train
287,low_noise_002,low_noise,2,89,150002,0.01,0.02,0.0,128,6,train
288,low_noise_002,low_noise,2,90,150002,0.01,0.02,0.0,128,6,train
289,low_noise_002,low_noise,2,91,150002,0.01,0.02,0.0,128,6,train
290,low_noise_002,low_noise,2,92,150002,0.01,0.02,0.0,128,6,train
291,low_noise_002,low_noise,2,93,150002,0.01,0.02,0.0,128,6,train
292,low_noise_002,low_noise,2,94,150002,0.01,0.02,0.0,128,6,train
293,low_noise_002,low_noise,2,95,150002,0.01,0.02,0.0,128,6,train
294,low_noise_002,low_noise,2,96,150002,0.01,0.02,0.0,128,6,train
295,low_noise_002,low_noise,2,97,150002,0.01,0.02,0.0,128,6,train
296,low_noise_002,low_noise,2,98,150002,0.01,0.02,0.0,128,6,train
297,low_noise_003,low_noise,3,0,150003,0.01,0.02,0.0,128,6,train
298,low_noise_003,low_noise,3,1,150003,0.01,0.02,0.0,128,6,train
299,low_noise_003,low_noise,3,2,150003,0.01,0.02,0.0,128,6,train
300,low_noise_003,low_noise,3,3,150003,0.01,0.02,0.0,128,6,train
301,low_noise_003,low_noise,3,4,150003,0.01,0.02,0.0,128,6,train
302,low_noise_003,low_noise,3,5,150003,0.01,0.02,0.0,128,6,train
303,low_noise_003,low_noise,3,6,150003,0.01,0.02,0.0,128,6,train
304,low_noise_003,low_noise,3,7,150003,0.01,0.02,0.0,128,6,train
305,low_noise_003,low_noise,3,8,150003,0.01,0.02,0.0,128,6,train
306,low_noise_003,low_noise,3,9,150003,0.01,0.02,0.0,128,6,train
307,low_noise_003,low_noise,3,10,150003,0.01,0.02,0.0,128,6,train
308,low_noise_003,low_noise,3,11,150003,0.01,0.02,0.0,128,6,train
309,low_noise_003,low_noise,3,12,150003,0.01,0.02,0.0,128,6,train
310,low_noise_003,low_noise,3,13,150003,0.01,0.02,0.0,128,6,train
311,low_noise_003,low_noise,3,14,150003,0.01,0.02,0.0,128,6,train
312,low_noise_003,low_noise,3,15,150003,0.01,0.02,0.0,128,6,train
313,low_noise_003,low_noise,3,16,150003,0.01,0.02,0.0,128,6,train
314,low_noise_003,low_noise,3,17,150003,0.01,0.02,0.0,128,6,train
315,low_noise_003,low_noise,3,18,150003,0.01,0.02,0.0,128,6,train
316,low_noise_003,low_noise,3,19,150003,0.01,0.02,0.0,128,6,train
317,low_noise_003,low_noise,3,20,150003,0.01,0.02,0.0,128,6,train
318,low_noise_003,low_noise,3,21,150003,0.01,0.02,0.0,128,6,train
319,low_noise_003,low_noise,3,22,150003,0.01,0.02,0.0,128,6,train
320,low_noise_003,low_noise,3,23,150003,0.01,0.02,0.0,128,6,train
321,low_noise_003,low_noise,3,24,150003,0.01,0.02,0.0,128,6,train
322,low_noise_003,low_noise,3,25,150003,0.01,0.02,0.0,128,6,train
323,low_noise_003,low_noise,3,26,150003,0.01,0.02,0.0,128,6,train
324,low_noise_003,low_noise,3,27,150003,0.01,0.02,0.0,128,6,train
325,low_noise_003,low_noise,3,28,150003,0.01,0.02,0.0,128,6,train
326,low_noise_003,low_noise,3,29,150003,0.01,0.02,0.0,128,6,train
327,low_noise_003,low_noise,3,30,150003,0.01,0.02,0.0,128,6,train
328,low_noise_003,low_noise,3,31,150003,0.01,0.02,0.0,128,6,train
329,low_noise_003,low_noise,3,32,150003,0.01,0.02,0.0,128,6,train
330,low_noise_003,low_noise,3,33,150003,0.01,0.02,0.0,128,6,train
331,low_noise_003,low_noise,3,34,150003,0.01,0.02,0.0,128,6,train
332,low_noise_003,low_noise,3,35,150003,0.01,0.02,0.0,128,6,train
333,low_noise_003,low_noise,3,36,150003,0.01,0.02,0.0,128,6,train
334,low_noise_003,low_noise,3,37,150003,0.01,0.02,0.0,128,6,train
335,low_noise_003,low_noise,3,38,150003,0.01,0.02,0.0,128,6,train
336,low_noise_003,low_noise,3,39,150003,0.01,0.02,0.0,128,6,train
337,low_noise_003,low_noise,3,40,150003,0.01,0.02,0.0,128,6,train
338,low_noise_003,low_noise,3,41,150003,0.01,0.02,0.0,128,6,train
339,low_noise_003,low_noise,3,42,150003,0.01,0.02,0.0,128,6,train
340,low_noise_003,low_noise,3,43,150003,0.01,0.02,0.0,128,6,train
341,low_noise_003,low_noise,3,44,150003,0.01,0.02,0.0,128,6,train
342,low_noise_003,low_noise,3,45,150003,0.01,0.02,0.0,128,6,train
343,low_noise_003,low_noise,3,46,150003,0.01,0.02,0.0,128,6,train
344,low_noise_003,low_noise,3,47,150003,0.01,0.02,0.0,128,6,train
345,low_noise_003,low_noise,3,48,150003,0.01,0.02,0.0,128,6,train
346,low_noise_003,low_noise,3,49,150003,0.01,0.02,0.0,128,6,train
347,low_noise_003,low_noise,3,50,150003,0.01,0.02,0.0,128,6,train
348,low_noise_003,low_noise,3,51,150003,0.01,0.02,0.0,128,6,train
349,low_noise_003,low_noise,3,52,150003,0.01,0.02,0.0,128,6,train
350,low_noise_003,low_noise,3,53,150003,0.01,0.02,0.0,128,6,train
351,low_noise_003,low_noise,3,54,150003,0.01,0.02,0.0,128,6,train
352,low_noise_003,low_noise,3,55,150003,0.01,0.02,0.0,128,6,train
353,low_noise_003,low_noise,3,56,150003,0.01,0.02,0.0,128,6,train
354,low_noise_003,low_noise,3,57,150003,0.01,0.02,0.0,128,6,train
355,low_noise_003,low_noise,3,58,150003,0.01,0.02,0.0,128,6,train
356,low_noise_003,low_noise,3,59,150003,0.01,0.02,0.0,128,6,train
357,low_noise_003,low_noise,3,60,150003,0.01,0.02,0.0,128,6,train
358,low_noise_003,low_noise,3,61,150003,0.01,0.02,0.0,128,6,train
359,low_noise_003,low_noise,3,62,150003,0.01,0.02,0.0,128,6,train
360,low_noise_003,low_noise,3,63,150003,0.01,0.02,0.0,128,6,train
361,low_noise_003,low_noise,3,64,150003,0.01,0.02,0.0,128,6,train
362,low_noise_003,low_noise,3,65,150003,0.01,0.02,0.0,128,6,train
363,low_noise_003,low_noise,3,66,150003,0.01,0.02,0.0,128,6,train
364,low_noise_003,low_noise,3,67,150003,0.01,0.02,0.0,128,6,train
365,low_noise_003,low_noise,3,68,150003,0.01,0.02,0.0,128,6,train
366,low_noise_003,low_noise,3,69,150003,0.01,0.02,0.0,128,6,train
367,low_noise_003,low_noise,3,70,150003,0.01,0.02,0.0,128,6,train
368,low_noise_003,low_noise,3,71,150003,0.01,0.02,0.0,128,6,train
369,low_noise_003,low_noise,3,72,150003,0.01,0.02,0.0,128,6,train
370,low_noise_003,low_noise,3,73,150003,0.01,0.02,0.0,128,6,train
371,low_noise_003,low_noise,3,74,150003,0.01,0.02,0.0,128,6,train
372,low_noise_003,low_noise,3,75,150003,0.01,0.02,0.0,128,6,train
373,low_noise_003,low_noise,3,76,150003,0.01,0.02,0.0,128,6,train
374,low_noise_003,low_noise,3,77,150003,0.01,0.02,0.0,128,6,train
375,low_noise_003,low_noise,3,78,150003,0.01,0.02,0.0,128,6,train
376,low_noise_003,low_noise,3,79,150003,0.01,0.02,0.0,128,6,train
377,low_noise_003,low_noise,3,80,150003,0.01,0.02,0.0,128,6,train
378,low_noise_003,low_noise,3,81,150003,0.01,0.02,0.0,128,6,train
379,low_noise_003,low_noise,3,82,150003,0.01,0.02,0.0,128,6,train
380,low_noise_003,low_noise,3,83,150003,0.01,0.02,0.0,128,6,train
381,low_noise_003,low_noise,3,84,150003,0.01,0.02,0.0,128,6,train
382,low_noise_003,low_noise,3,85,150003,0.01,0.02,0.0,128,6,train
383,low_noise_003,low_noise,3,86,150003,0.01,0.02,0.0,128,6,train
384,low_noise_003,low_noise,3,87,150003,0.01,0.02,0.0,128,6,train
385,low_noise_003,low_noise,3,88,150003,0.01,0.02,0.0,128,6,train
386,low_noise_003,low_noise,3,89,150003,0.01,0.02,0.0,128,6,train
387,low_noise_003,low_noise,3,90,150003,0.01,0.02,0.0,128,6,train
388,low_noise_003,low_noise,3,91,150003,0.01,0.02,0.0,128,6,train
389,low_noise_003,low_noise,3,92,150003,0.01,0.02,0.0,128,6,train
390,low_noise_003,low_noise,3,93,150003,0.01,0.02,0.0,128,6,train
391,low_noise_003,low_noise,3,94,150003,0.01,0.02,0.0,128,6,train
392,low_noise_003,low_noise,3,95,150003,0.01,0.02,0.0,128,6,train
393,low_noise_003,low_noise,3,96,150003,0.01,0.02,0.0,128,6,train
394,low_noise_003,low_noise,3,97,150003,0.01,0.02,0.0,128,6,train
395,low_noise_003,low_noise,3,98,150003,0.01,0.02,0.0,128,6,train
396,low_noise_004,low_noise,4,0,150004,0.01,0.02,0.0,128,6,train
397,low_noise_004,low_noise,4,1,150004,0.01,0.02,0.0,128,6,train
398,low_noise_004,low_noise,4,2,150004,0.01,0.02,0.0,128,6,train
399,low_noise_004,low_noise,4,3,150004,0.01,0.02,0.0,128,6,train
400,low_noise_004,low_noise,4,4,150004,0.01,0.02,0.0,128,6,train
401,low_noise_004,low_noise,4,5,150004,0.01,0.02,0.0,128,6,train
402,low_noise_004,low_noise,4,6,150004,0.01,0.02,0.0,128,6,train
403,low_noise_004,low_noise,4,7,150004,0.01,0.02,0.0,128,6,train
404,low_noise_004,low_noise,4,8,150004,0.01,0.02,0.0,128,6,train
405,low_noise_004,low_noise,4,9,150004,0.01,0.02,0.0,128,6,train
406,low_noise_004,low_noise,4,10,150004,0.01,0.02,0.0,128,6,train
407,low_noise_004,low_noise,4,11,150004,0.01,0.02,0.0,128,6,train
408,low_noise_004,low_noise,4,12,150004,0.01,0.02,0.0,128,6,train
409,low_noise_004,low_noise,4,13,150004,0.01,0.02,0.0,128,6,train
410,low_noise_004,low_noise,4,14,150004,0.01,0.02,0.0,128,6,train
411,low_noise_004,low_noise,4,15,150004,0.01,0.02,0.0,128,6,train
412,low_noise_004,low_noise,4,16,150004,0.01,0.02,0.0,128,6,train
413,low_noise_004,low_noise,4,17,150004,0.01,0.02,0.0,128,6,train
414,low_noise_004,low_noise,4,18,150004,0.01,0.02,0.0,128,6,train
415,low_noise_004,low_noise,4,19,150004,0.01,0.02,0.0,128,6,train
416,low_noise_004,low_noise,4,20,150004,0.01,0.02,0.0,128,6,train
417,low_noise_004,low_noise,4,21,150004,0.01,0.02,0.0,128,6,train
418,low_noise_004,low_noise,4,22,150004,0.01,0.02,0.0,128,6,train
419,low_noise_004,low_noise,4,23,150004,0.01,0.02,0.0,128,6,train
420,low_noise_004,low_noise,4,24,150004,0.01,0.02,0.0,128,6,train
421,low_noise_004,low_noise,4,25,150004,0.01,0.02,0.0,128,6,train
422,low_noise_004,low_noise,4,26,150004,0.01,0.02,0.0,128,6,train
423,low_noise_004,low_noise,4,27,150004,0.01,0.02,0.0,128,6,train
424,low_noise_004,low_noise,4,28,150004,0.01,0.02,0.0,128,6,train
425,low_noise_004,low_noise,4,29,150004,0.01,0.02,0.0,128,6,train
426,low_noise_004,low_noise,4,30,150004,0.01,0.02,0.0,128,6,train
427,low_noise_004,low_noise,4,31,150004,0.01,0.02,0.0,128,6,train
428,low_noise_004,low_noise,4,32,150004,0.01,0.02,0.0,128,6,train
429,low_noise_004,low_noise,4,33,150004,0.01,0.02,0.0,128,6,train
430,low_noise_004,low_noise,4,34,150004,0.01,0.02,0.0,128,6,train
431,low_noise_004,low_noise,4,35,150004,0.01,0.02,0.0,128,6,train
432,low_noise_004,low_noise,4,36,150004,0.01,0.02,0.0,128,6,train
433,low_noise_004,low_noise,4,37,150004,0.01,0.02,0.0,128,6,train
434,low_noise_004,low_noise,4,38,150004,0.01,0.02,0.0,128,6,train
435,low_noise_004,low_noise,4,39,150004,0.01,0.02,0.0,128,6,train
436,low_noise_004,low_noise,4,40,150004,0.01,0.02,0.0,128,6,train
437,low_noise_004,low_noise,4,41,150004,0.01,0.02,0.0,128,6,train
438,low_noise_004,low_noise,4,42,150004,0.01,0.02,0.0,128,6,train
439,low_noise_004,low_noise,4,43,150004,0.01,0.02,0.0,128,6,train
440,low_noise_004,low_noise,4,44,150004,0.01,0.02,0.0,128,6,train
441,low_noise_004,low_noise,4,45,150004,0.01,0.02,0.0,128,6,train
442,low_noise_004,low_noise,4,46,150004,0.01,0.02,0.0,128,6,train
443,low_noise_004,low_noise,4,47,150004,0.01,0.02,0.0,128,6,train
444,low_noise_004,low_noise,4,48,150004,0.01,0.02,0.0,128,6,train
445,low_noise_004,low_noise,4,49,150004,0.01,0.02,0.0,128,6,train
446,low_noise_004,low_noise,4,50,150004,0.01,0.02,0.0,128,6,train
447,low_noise_004,low_noise,4,51,150004,0.01,0.02,0.0,128,6,train
448,low_noise_004,low_noise,4,52,150004,0.01,0.02,0.0,128,6,train
449,low_noise_004,low_noise,4,53,150004,0.01,0.02,0.0,128,6,train
450,low_noise_004,low_noise,4,54,150004,0.01,0.02,0.0,128,6,train
451,low_noise_004,low_noise,4,55,150004,0.01,0.02,0.0,128,6,train
452,low_noise_004,low_noise,4,56,150004,0.01,0.02,0.0,128,6,train
453,low_noise_004,low_noise,4,57,150004,0.01,0.02,0.0,128,6,train
454,low_noise_004,low_noise,4,58,150004,0.01,0.02,0.0,128,6,train
455,low_noise_004,low_noise,4,59,150004,0.01,0.02,0.0,128,6,train
456,low_noise_004,low_noise,4,60,150004,0.01,0.02,0.0,128,6,train
457,low_noise_004,low_noise,4,61,150004,0.01,0.02,0.0,128,6,train
458,low_noise_004,low_noise,4,62,150004,0.01,0.02,0.0,128,6,train
459,low_noise_004,low_noise,4,63,150004,0.01,0.02,0.0,128,6,train
460,low_noise_004,low_noise,4,64,150004,0.01,0.02,0.0,128,6,train
461,low_noise_004,low_noise,4,65,150004,0.01,0.02,0.0,128,6,train
462,low_noise_004,low_noise,4,66,150004,0.01,0.02,0.0,128,6,train
463,low_noise_004,low_noise,4,67,150004,0.01,0.02,0.0,128,6,train
464,low_noise_004,low_noise,4,68,150004,0.01,0.02,0.0,128,6,train
465,low_noise_004,low_noise,4,69,150004,0.01,0.02,0.0,128,6,train
466,low_noise_004,low_noise,4,70,150004,0.01,0.02,0.0,128,6,train
467,low_noise_004,low_noise,4,71,150004,0.01,0.02,0.0,128,6,train
468,low_noise_004,low_noise,4,72,150004,0.01,0.02,0.0,128,6,train
469,low_noise_004,low_noise,4,73,150004,0.01,0.02,0.0,128,6,train
470,low_noise_004,low_noise,4,74,150004,0.01,0.02,0.0,128,6,train
471,low_noise_004,low_noise,4,75,150004,0.01,0.02,0.0,128,6,train
472,low_noise_004,low_noise,4,76,150004,0.01,0.02,0.0,128,6,train
473,low_noise_004,low_noise,4,77,150004,0.01,0.02,0.0,128,6,train
474,low_noise_004,low_noise,4,78,150004,0.01,0.02,0.0,128,6,train
475,low_noise_004,low_noise,4,79,150004,0.01,0.02,0.0,128,6,train
476,low_noise_004,low_noise,4,80,150004,0.01,0.02,0.0,128,6,train
477,low_noise_004,low_noise,4,81,150004,0.01,0.02,0.0,128,6,train
478,low_noise_004,low_noise,4,82,150004,0.01,0.02,0.0,128,6,train
479,low_noise_004,low_noise,4,83,150004,0.01,0.02,0.0,128,6,train
480,low_noise_004,low_noise,4,84,150004,0.01,0.02,0.0,128,6,train
481,low_noise_004,low_noise,4,85,150004,0.01,0.02,0.0,128,6,train
482,low_noise_004,low_noise,4,86,150004,0.01,0.02,0.0,128,6,train
483,low_noise_004,low_noise,4,87,150004,0.01,0.02,0.0,128,6,train
484,low_noise_004,low_noise,4,88,150004,0.01,0.02,0.0,128,6,train
485,low_noise_004,low_noise,4,89,150004,0.01,0.02,0.0,128,6,train
486,low_noise_004,low_noise,4,90,150004,0.01,0.02,0.0,128,6,train
487,low_noise_004,low_noise,4,91,150004,0.01,0.02,0.0,128,6,train
488,low_noise_004,low_noise,4,92,150004,0.01,0.02,0.0,128,6,train
489,low_noise_004,low_noise,4,93,150004,0.01,0.02,0.0,128,6,train
490,low_noise_004,low_noise,4,94,150004,0.01,0.02,0.0,128,6,train
491,low_noise_004,low_noise,4,95,150004,0.01,0.02,0.0,128,6,train
492,low_noise_004,low_noise,4,96,150004,0.01,0.02,0.0,128,6,train
493,low_noise_004,low_noise,4,97,150004,0.01,0.02,0.0,128,6,train
494,low_noise_004,low_noise,4,98,150004,0.01,0.02,0.0,128,6,train
495,low_noise_005,low_noise,5,0,150005,0.01,0.02,0.0,128,6,train
496,low_noise_005,low_noise,5,1,150005,0.01,0.02,0.0,128,6,train
497,low_noise_005,low_noise,5,2,150005,0.01,0.02,0.0,128,6,train
498,low_noise_005,low_noise,5,3,150005,0.01,0.02,0.0,128,6,train
499,low_noise_005,low_noise,5,4,150005,0.01,0.02,0.0,128,6,train
500,low_noise_005,low_noise,5,5,150005,0.01,0.02,0.0,128,6,train
501,low_noise_005,low_noise,5,6,150005,0.01,0.02,0.0,128,6,train
502,low_noise_005,low_noise,5,7,150005,0.01,0.02,0.0,128,6,train
503,low_noise_005,low_noise,5,8,150005,0.01,0.02,0.0,128,6,train
504,low_noise_005,low_noise,5,9,150005,0.01,0.02,0.0,128,6,train
505,low_noise_005,low_noise,5,10,150005,0.01,0.02,0.0,128,6,train
506,low_noise_005,low_noise,5,11,150005,0.01,0.02,0.0,128,6,train
507,low_noise_005,low_noise,5,12,150005,0.01,0.02,0.0,128,6,train
508,low_noise_005,low_noise,5,13,150005,0.01,0.02,0.0,128,6,train
509,low_noise_005,low_noise,5,14,150005,0.01,0.02,0.0,128,6,train
510,low_noise_005,low_noise,5,15,150005,0.01,0.02,0.0,128,6,train
511,low_noise_005,low_noise,5,16,150005,0.01,0.02,0.0,128,6,train
512,low_noise_005,low_noise,5,17,150005,0.01,0.02,0.0,128,6,train
513,low_noise_005,low_noise,5,18,150005,0.01,0.02,0.0,128,6,train
514,low_noise_005,low_noise,5,19,150005,0.01,0.02,0.0,128,6,train
515,low_noise_005,low_noise,5,20,150005,0.01,0.02,0.0,128,6,train
516,low_noise_005,low_noise,5,21,150005,0.01,0.02,0.0,128,6,train
517,low_noise_005,low_noise,5,22,150005,0.01,0.02,0.0,128,6,train
518,low_noise_005,low_noise,5,23,150005,0.01,0.02,0.0,128,6,train
519,low_noise_005,low_noise,5,24,150005,0.01,0.02,0.0,128,6,train
520,low_noise_005,low_noise,5,25,150005,0.01,0.02,0.0,128,6,train
521,low_noise_005,low_noise,5,26,150005,0.01,0.02,0.0,128,6,train
522,low_noise_005,low_noise,5,27,150005,0.01,0.02,0.0,128,6,train
523,low_noise_005,low_noise,5,28,150005,0.01,0.02,0.0,128,6,train
524,low_noise_005,low_noise,5,29,150005,0.01,0.02,0.0,128,6,train
525,low_noise_005,low_noise,5,30,150005,0.01,0.02,0.0,128,6,train
526,low_noise_005,low_noise,5,31,150005,0.01,0.02,0.0,128,6,train
527,low_noise_005,low_noise,5,32,150005,0.01,0.02,0.0,128,6,train
528,low_noise_005,low_noise,5,33,150005,0.01,0.02,0.0,128,6,train
529,low_noise_005,low_noise,5,34,150005,0.01,0.02,0.0,128,6,train
530,low_noise_005,low_noise,5,35,150005,0.01,0.02,0.0,128,6,train
531,low_noise_005,low_noise,5,36,150005,0.01,0.02,0.0,128,6,train
532,low_noise_005,low_noise,5,37,150005,0.01,0.02,0.0,128,6,train
533,low_noise_005,low_noise,5,38,150005,0.01,0.02,0.0,128,6,train
534,low_noise_005,low_noise,5,39,150005,0.01,0.02,0.0,128,6,train
535,low_noise_005,low_noise,5,40,150005,0.01,0.02,0.0,128,6,train
536,low_noise_005,low_noise,5,41,150005,0.01,0.02,0.0,128,6,train
537,low_noise_005,low_noise,5,42,150005,0.01,0.02,0.0,128,6,train
538,low_noise_005,low_noise,5,43,150005,0.01,0.02,0.0,128,6,train
539,low_noise_005,low_noise,5,44,150005,0.01,0.02,0.0,128,6,train
540,low_noise_005,low_noise,5,45,150005,0.01,0.02,0.0,128,6,train
541,low_noise_005,low_noise,5,46,150005,0.01,0.02,0.0,128,6,train
542,low_noise_005,low_noise,5,47,150005,0.01,0.02,0.0,128,6,train
543,low_noise_005,low_noise,5,48,150005,0.01,0.02,0.0,128,6,train
544,low_noise_005,low_noise,5,49,150005,0.01,0.02,0.0,128,6,train
545,low_noise_005,low_noise,5,50,150005,0.01,0.02,0.0,128,6,train
546,low_noise_005,low_noise,5,51,150005,0.01,0.02,0.0,128,6,train
547,low_noise_005,low_noise,5,52,150005,0.01,0.02,0.0,128,6,train
548,low_noise_005,low_noise,5,53,150005,0.01,0.02,0.0,128,6,train
549,low_noise_005,low_noise,5,54,150005,0.01,0.02,0.0,128,6,train
550,low_noise_005,low_noise,5,55,150005,0.01,0.02,0.0,128,6,train
551,low_noise_005,low_noise,5,56,150005,0.01,0.02,0.0,128,6,train
552,low_noise_005,low_noise,5,57,150005,0.01,0.02,0.0,128,6,train
553,low_noise_005,low_noise,5,58,150005,0.01,0.02,0.0,128,6,train
554,low_noise_005,low_noise,5,59,150005,0.01,0.02,0.0,128,6,train
555,low_noise_005,low_noise,5,60,150005,0.01,0.02,0.0,128,6,train
556,low_noise_005,low_noise,5,61,150005,0.01,0.02,0.0,128,6,train
557,low_noise_005,low_noise,5,62,150005,0.01,0.02,0.0,128,6,train
558,low_noise_005,low_noise,5,63,150005,0.01,0.02,0.0,128,6,train
559,low_noise_005,low_noise,5,64,150005,0.01,0.02,0.0,128,6,train
560,low_noise_005,low_noise,5,65,150005,0.01,0.02,0.0,128,6,train
561,low_noise_005,low_noise,5,66,150005,0.01,0.02,0.0,128,6,train
562,low_noise_005,low_noise,5,67,150005,0.01,0.02,0.0,128,6,train
563,low_noise_005,low_noise,5,68,150005,0.01,0.02,0.0,128,6,train
564,low_noise_005,low_noise,5,69,150005,0.01,0.02,0.0,128,6,train
565,low_noise_005,low_noise,5,70,150005,0.01,0.02,0.0,128,6,train
566,low_noise_005,low_noise,5,71,150005,0.01,0.02,0.0,128,6,train
567,low_noise_005,low_noise,5,72,150005,0.01,0.02,0.0,128,6,train
568,low_noise_005,low_noise,5,73,150005,0.01,0.02,0.0,128,6,train
569,low_noise_005,low_noise,5,74,150005,0.01,0.02,0.0,128,6,train
570,low_noise_005,low_noise,5,75,150005,0.01,0.02,0.0,128,6,train
571,low_noise_005,low_noise,5,76,150005,0.01,0.02,0.0,128,6,train
572,low_noise_005,low_noise,5,77,150005,0.01,0.02,0.0,128,6,train
573,low_noise_005,low_noise,5,78,150005,0.01,0.02,0.0,128,6,train
574,low_noise_005,low_noise,5,79,150005,0.01,0.02,0.0,128,6,train
575,low_noise_005,low_noise,5,80,150005,0.01,0.02,0.0,128,6,train
576,low_noise_005,low_noise,5,81,150005,0.01,0.02,0.0,128,6,train
577,low_noise_005,low_noise,5,82,150005,0.01,0.02,0.0,128,6,train
578,low_noise_005,low_noise,5,83,150005,0.01,0.02,0.0,128,6,train
579,low_noise_005,low_noise,5,84,150005,0.01,0.02,0.0,128,6,train
580,low_noise_005,low_noise,5,85,150005,0.01,0.02,0.0,128,6,train
581,low_noise_005,low_noise,5,86,150005,0.01,0.02,0.0,128,6,train
582,low_noise_005,low_noise,5,87,150005,0.01,0.02,0.0,128,6,train
583,low_noise_005,low_noise,5,88,150005,0.01,0.02,0.0,128,6,train
584,low_noise_005,low_noise,5,89,150005,0.01,0.02,0.0,128,6,train
585,low_noise_005,low_noise,5,90,150005,0.01,0.02,0.0,128,6,train
586,low_noise_005,low_noise,5,91,150005,0.01,0.02,0.0,128,6,train
587,low_noise_005,low_noise,5,92,150005,0.01,0.02,0.0,128,6,train
588,low_noise_005,low_noise,5,93,150005,0.01,0.02,0.0,128,6,train
589,low_noise_005,low_noise,5,94,150005,0.01,0.02,0.0,128,6,train
590,low_noise_005,low_noise,5,95,150005,0.01,0.02,0.0,128,6,train
591,low_noise_005,low_noise,5,96,150005,0.01,0.02,0.0,128,6,train
592,low_noise_005,low_noise,5,97,150005,0.01,0.02,0.0,128,6,train
593,low_noise_005,low_noise,5,98,150005,0.01,0.02,0.0,128,6,train
594,low_noise_006,low_noise,6,0,150006,0.01,0.02,0.0,128,6,validation
595,low_noise_006,low_noise,6,1,150006,0.01,0.02,0.0,128,6,validation
596,low_noise_006,low_noise,6,2,150006,0.01,0.02,0.0,128,6,validation
597,low_noise_006,low_noise,6,3,150006,0.01,0.02,0.0,128,6,validation
598,low_noise_006,low_noise,6,4,150006,0.01,0.02,0.0,128,6,validation
599,low_noise_006,low_noise,6,5,150006,0.01,0.02,0.0,128,6,validation
600,low_noise_006,low_noise,6,6,150006,0.01,0.02,0.0,128,6,validation
601,low_noise_006,low_noise,6,7,150006,0.01,0.02,0.0,128,6,validation
602,low_noise_006,low_noise,6,8,150006,0.01,0.02,0.0,128,6,validation
603,low_noise_006,low_noise,6,9,150006,0.01,0.02,0.0,128,6,validation
604,low_noise_006,low_noise,6,10,150006,0.01,0.02,0.0,128,6,validation
605,low_noise_006,low_noise,6,11,150006,0.01,0.02,0.0,128,6,validation
606,low_noise_006,low_noise,6,12,150006,0.01,0.02,0.0,128,6,validation
607,low_noise_006,low_noise,6,13,150006,0.01,0.02,0.0,128,6,validation
608,low_noise_006,low_noise,6,14,150006,0.01,0.02,0.0,128,6,validation
609,low_noise_006,low_noise,6,15,150006,0.01,0.02,0.0,128,6,validation
610,low_noise_006,low_noise,6,16,150006,0.01,0.02,0.0,128,6,validation
611,low_noise_006,low_noise,6,17,150006,0.01,0.02,0.0,128,6,validation
612,low_noise_006,low_noise,6,18,150006,0.01,0.02,0.0,128,6,validation
613,low_noise_006,low_noise,6,19,150006,0.01,0.02,0.0,128,6,validation
614,low_noise_006,low_noise,6,20,150006,0.01,0.02,0.0,128,6,validation
615,low_noise_006,low_noise,6,21,150006,0.01,0.02,0.0,128,6,validation
616,low_noise_006,low_noise,6,22,150006,0.01,0.02,0.0,128,6,validation
617,low_noise_006,low_noise,6,23,150006,0.01,0.02,0.0,128,6,validation
618,low_noise_006,low_noise,6,24,150006,0.01,0.02,0.0,128,6,validation
619,low_noise_006,low_noise,6,25,150006,0.01,0.02,0.0,128,6,validation
620,low_noise_006,low_noise,6,26,150006,0.01,0.02,0.0,128,6,validation
621,low_noise_006,low_noise,6,27,150006,0.01,0.02,0.0,128,6,validation
622,low_noise_006,low_noise,6,28,150006,0.01,0.02,0.0,128,6,validation
623,low_noise_006,low_noise,6,29,150006,0.01,0.02,0.0,128,6,validation
624,low_noise_006,low_noise,6,30,150006,0.01,0.02,0.0,128,6,validation
625,low_noise_006,low_noise,6,31,150006,0.01,0.02,0.0,128,6,validation
626,low_noise_006,low_noise,6,32,150006,0.01,0.02,0.0,128,6,validation
627,low_noise_006,low_noise,6,33,150006,0.01,0.02,0.0,128,6,validation
628,low_noise_006,low_noise,6,34,150006,0.01,0.02,0.0,128,6,validation
629,low_noise_006,low_noise,6,35,150006,0.01,0.02,0.0,128,6,validation
630,low_noise_006,low_noise,6,36,150006,0.01,0.02,0.0,128,6,validation
631,low_noise_006,low_noise,6,37,150006,0.01,0.02,0.0,128,6,validation
632,low_noise_006,low_noise,6,38,150006,0.01,0.02,0.0,128,6,validation
633,low_noise_006,low_noise,6,39,150006,0.01,0.02,0.0,128,6,validation
634,low_noise_006,low_noise,6,40,150006,0.01,0.02,0.0,128,6,validation
635,low_noise_006,low_noise,6,41,150006,0.01,0.02,0.0,128,6,validation
636,low_noise_006,low_noise,6,42,150006,0.01,0.02,0.0,128,6,validation
637,low_noise_006,low_noise,6,43,150006,0.01,0.02,0.0,128,6,validation
638,low_noise_006,low_noise,6,44,150006,0.01,0.02,0.0,128,6,validation
639,low_noise_006,low_noise,6,45,150006,0.01,0.02,0.0,128,6,validation
640,low_noise_006,low_noise,6,46,150006,0.01,0.02,0.0,128,6,validation
641,low_noise_006,low_noise,6,47,150006,0.01,0.02,0.0,128,6,validation
642,low_noise_006,low_noise,6,48,150006,0.01,0.02,0.0,128,6,validation
643,low_noise_006,low_noise,6,49,150006,0.01,0.02,0.0,128,6,validation
644,low_noise_006,low_noise,6,50,150006,0.01,0.02,0.0,128,6,validation
645,low_noise_006,low_noise,6,51,150006,0.01,0.02,0.0,128,6,validation
646,low_noise_006,low_noise,6,52,150006,0.01,0.02,0.0,128,6,validation
647,low_noise_006,low_noise,6,53,150006,0.01,0.02,0.0,128,6,validation
648,low_noise_006,low_noise,6,54,150006,0.01,0.02,0.0,128,6,validation
649,low_noise_006,low_noise,6,55,150006,0.01,0.02,0.0,128,6,validation
650,low_noise_006,low_noise,6,56,150006,0.01,0.02,0.0,128,6,validation
651,low_noise_006,low_noise,6,57,150006,0.01,0.02,0.0,128,6,validation
652,low_noise_006,low_noise,6,58,150006,0.01,0.02,0.0,128,6,validation
653,low_noise_006,low_noise,6,59,150006,0.01,0.02,0.0,128,6,validation
654,low_noise_006,low_noise,6,60,150006,0.01,0.02,0.0,128,6,validation
655,low_noise_006,low_noise,6,61,150006,0.01,0.02,0.0,128,6,validation
656,low_noise_006,low_noise,6,62,150006,0.01,0.02,0.0,128,6,validation
657,low_noise_006,low_noise,6,63,150006,0.01,0.02,0.0,128,6,validation
658,low_noise_006,low_noise,6,64,150006,0.01,0.02,0.0,128,6,validation
659,low_noise_006,low_noise,6,65,150006,0.01,0.02,0.0,128,6,validation
660,low_noise_006,low_noise,6,66,150006,0.01,0.02,0.0,128,6,validation
661,low_noise_006,low_noise,6,67,150006,0.01,0.02,0.0,128,6,validation
662,low_noise_006,low_noise,6,68,150006,0.01,0.02,0.0,128,6,validation
663,low_noise_006,low_noise,6,69,150006,0.01,0.02,0.0,128,6,validation
664,low_noise_006,low_noise,6,70,150006,0.01,0.02,0.0,128,6,validation
665,low_noise_006,low_noise,6,71,150006,0.01,0.02,0.0,128,6,validation
666,low_noise_006,low_noise,6,72,150006,0.01,0.02,0.0,128,6,validation
667,low_noise_006,low_noise,6,73,150006,0.01,0.02,0.0,128,6,validation
668,low_noise_006,low_noise,6,74,150006,0.01,0.02,0.0,128,6,validation
669,low_noise_006,low_noise,6,75,150006,0.01,0.02,0.0,128,6,validation
670,low_noise_006,low_noise,6,76,150006,0.01,0.02,0.0,128,6,validation
671,low_noise_006,low_noise,6,77,150006,0.01,0.02,0.0,128,6,validation
672,low_noise_006,low_noise,6,78,150006,0.01,0.02,0.0,128,6,validation
673,low_noise_006,low_noise,6,79,150006,0.01,0.02,0.0,128,6,validation
674,low_noise_006,low_noise,6,80,150006,0.01,0.02,0.0,128,6,validation
675,low_noise_006,low_noise,6,81,150006,0.01,0.02,0.0,128,6,validation
676,low_noise_006,low_noise,6,82,150006,0.01,0.02,0.0,128,6,validation
677,low_noise_006,low_noise,6,83,150006,0.01,0.02,0.0,128,6,validation
678,low_noise_006,low_noise,6,84,150006,0.01,0.02,0.0,128,6,validation
679,low_noise_006,low_noise,6,85,150006,0.01,0.02,0.0,128,6,validation
680,low_noise_006,low_noise,6,86,150006,0.01,0.02,0.0,128,6,validation
681,low_noise_006,low_noise,6,87,150006,0.01,0.02,0.0,128,6,validation
682,low_noise_006,low_noise,6,88,150006,0.01,0.02,0.0,128,6,validation
683,low_noise_006,low_noise,6,89,150006,0.01,0.02,0.0,128,6,validation
684,low_noise_006,low_noise,6,90,150006,0.01,0.02,0.0,128,6,validation
685,low_noise_006,low_noise,6,91,150006,0.01,0.02,0.0,128,6,validation
686,low_noise_006,low_noise,6,92,150006,0.01,0.02,0.0,128,6,validation
687,low_noise_006,low_noise,6,93,150006,0.01,0.02,0.0,128,6,validation
688,low_noise_006,low_noise,6,94,150006,0.01,0.02,0.0,128,6,validation
689,low_noise_006,low_noise,6,95,150006,0.01,0.02,0.0,128,6,validation
690,low_noise_006,low_noise,6,96,150006,0.01,0.02,0.0,128,6,validation
691,low_noise_006,low_noise,6,97,150006,0.01,0.02,0.0,128,6,validation
692,low_noise_006,low_noise,6,98,150006,0.01,0.02,0.0,128,6,validation
693,low_noise_007,low_noise,7,0,150007,0.01,0.02,0.0,128,6,test
694,low_noise_007,low_noise,7,1,150007,0.01,0.02,0.0,128,6,test
695,low_noise_007,low_noise,7,2,150007,0.01,0.02,0.0,128,6,test
696,low_noise_007,low_noise,7,3,150007,0.01,0.02,0.0,128,6,test
697,low_noise_007,low_noise,7,4,150007,0.01,0.02,0.0,128,6,test
698,low_noise_007,low_noise,7,5,150007,0.01,0.02,0.0,128,6,test
699,low_noise_007,low_noise,7,6,150007,0.01,0.02,0.0,128,6,test
700,low_noise_007,low_noise,7,7,150007,0.01,0.02,0.0,128,6,test
701,low_noise_007,low_noise,7,8,150007,0.01,0.02,0.0,128,6,test
702,low_noise_007,low_noise,7,9,150007,0.01,0.02,0.0,128,6,test
703,low_noise_007,low_noise,7,10,150007,0.01,0.02,0.0,128,6,test
704,low_noise_007,low_noise,7,11,150007,0.01,0.02,0.0,128,6,test
705,low_noise_007,low_noise,7,12,150007,0.01,0.02,0.0,128,6,test
706,low_noise_007,low_noise,7,13,150007,0.01,0.02,0.0,128,6,test
707,low_noise_007,low_noise,7,14,150007,0.01,0.02,0.0,128,6,test
708,low_noise_007,low_noise,7,15,150007,0.01,0.02,0.0,128,6,test
709,low_noise_007,low_noise,7,16,150007,0.01,0.02,0.0,128,6,test
710,low_noise_007,low_noise,7,17,150007,0.01,0.02,0.0,128,6,test
711,low_noise_007,low_noise,7,18,150007,0.01,0.02,0.0,128,6,test
712,low_noise_007,low_noise,7,19,150007,0.01,0.02,0.0,128,6,test
713,low_noise_007,low_noise,7,20,150007,0.01,0.02,0.0,128,6,test
714,low_noise_007,low_noise,7,21,150007,0.01,0.02,0.0,128,6,test
715,low_noise_007,low_noise,7,22,150007,0.01,0.02,0.0,128,6,test
716,low_noise_007,low_noise,7,23,150007,0.01,0.02,0.0,128,6,test
717,low_noise_007,low_noise,7,24,150007,0.01,0.02,0.0,128,6,test
718,low_noise_007,low_noise,7,25,150007,0.01,0.02,0.0,128,6,test
719,low_noise_007,low_noise,7,26,150007,0.01,0.02,0.0,128,6,test
720,low_noise_007,low_noise,7,27,150007,0.01,0.02,0.0,128,6,test
721,low_noise_007,low_noise,7,28,150007,0.01,0.02,0.0,128,6,test
722,low_noise_007,low_noise,7,29,150007,0.01,0.02,0.0,128,6,test
723,low_noise_007,low_noise,7,30,150007,0.01,0.02,0.0,128,6,test
724,low_noise_007,low_noise,7,31,150007,0.01,0.02,0.0,128,6,test
725,low_noise_007,low_noise,7,32,150007,0.01,0.02,0.0,128,6,test
726,low_noise_007,low_noise,7,33,150007,0.01,0.02,0.0,128,6,test
727,low_noise_007,low_noise,7,34,150007,0.01,0.02,0.0,128,6,test
728,low_noise_007,low_noise,7,35,150007,0.01,0.02,0.0,128,6,test
729,low_noise_007,low_noise,7,36,150007,0.01,0.02,0.0,128,6,test
730,low_noise_007,low_noise,7,37,150007,0.01,0.02,0.0,128,6,test
731,low_noise_007,low_noise,7,38,150007,0.01,0.02,0.0,128,6,test
732,low_noise_007,low_noise,7,39,150007,0.01,0.02,0.0,128,6,test
733,low_noise_007,low_noise,7,40,150007,0.01,0.02,0.0,128,6,test
734,low_noise_007,low_noise,7,41,150007,0.01,0.02,0.0,128,6,test
735,low_noise_007,low_noise,7,42,150007,0.01,0.02,0.0,128,6,test
736,low_noise_007,low_noise,7,43,150007,0.01,0.02,0.0,128,6,test
737,low_noise_007,low_noise,7,44,150007,0.01,0.02,0.0,128,6,test
738,low_noise_007,low_noise,7,45,150007,0.01,0.02,0.0,128,6,test
739,low_noise_007,low_noise,7,46,150007,0.01,0.02,0.0,128,6,test
740,low_noise_007,low_noise,7,47,150007,0.01,0.02,0.0,128,6,test
741,low_noise_007,low_noise,7,48,150007,0.01,0.02,0.0,128,6,test
742,low_noise_007,low_noise,7,49,150007,0.01,0.02,0.0,128,6,test
743,low_noise_007,low_noise,7,50,150007,0.01,0.02,0.0,128,6,test
744,low_noise_007,low_noise,7,51,150007,0.01,0.02,0.0,128,6,test
745,low_noise_007,low_noise,7,52,150007,0.01,0.02,0.0,128,6,test
746,low_noise_007,low_noise,7,53,150007,0.01,0.02,0.0,128,6,test
747,low_noise_007,low_noise,7,54,150007,0.01,0.02,0.0,128,6,test
748,low_noise_007,low_noise,7,55,150007,0.01,0.02,0.0,128,6,test
749,low_noise_007,low_noise,7,56,150007,0.01,0.02,0.0,128,6,test
750,low_noise_007,low_noise,7,57,150007,0.01,0.02,0.0,128,6,test
751,low_noise_007,low_noise,7,58,150007,0.01,0.02,0.0,128,6,test
752,low_noise_007,low_noise,7,59,150007,0.01,0.02,0.0,128,6,test
753,low_noise_007,low_noise,7,60,150007,0.01,0.02,0.0,128,6,test
754,low_noise_007,low_noise,7,61,150007,0.01,0.02,0.0,128,6,test
755,low_noise_007,low_noise,7,62,150007,0.01,0.02,0.0,128,6,test
756,low_noise_007,low_noise,7,63,150007,0.01,0.02,0.0,128,6,test
757,low_noise_007,low_noise,7,64,150007,0.01,0.02,0.0,128,6,test
758,low_noise_007,low_noise,7,65,150007,0.01,0.02,0.0,128,6,test
759,low_noise_007,low_noise,7,66,150007,0.01,0.02,0.0,128,6,test
760,low_noise_007,low_noise,7,67,150007,0.01,0.02,0.0,128,6,test
761,low_noise_007,low_noise,7,68,150007,0.01,0.02,0.0,128,6,test
762,low_noise_007,low_noise,7,69,150007,0.01,0.02,0.0,128,6,test
763,low_noise_007,low_noise,7,70,150007,0.01,0.02,0.0,128,6,test
764,low_noise_007,low_noise,7,71,150007,0.01,0.02,0.0,128,6,test
765,low_noise_007,low_noise,7,72,150007,0.01,0.02,0.0,128,6,test
766,low_noise_007,low_noise,7,73,150007,0.01,0.02,0.0,128,6,test
767,low_noise_007,low_noise,7,74,150007,0.01,0.02,0.0,128,6,test
768,low_noise_007,low_noise,7,75,150007,0.01,0.02,0.0,128,6,test
769,low_noise_007,low_noise,7,76,150007,0.01,0.02,0.0,128,6,test
770,low_noise_007,low_noise,7,77,150007,0.01,0.02,0.0,128,6,test
771,low_noise_007,low_noise,7,78,150007,0.01,0.02,0.0,128,6,test
772,low_noise_007,low_noise,7,79,150007,0.01,0.02,0.0,128,6,test
773,low_noise_007,low_noise,7,80,150007,0.01,0.02,0.0,128,6,test
774,low_noise_007,low_noise,7,81,150007,0.01,0.02,0.0,128,6,test
775,low_noise_007,low_noise,7,82,150007,0.01,0.02,0.0,128,6,test
776,low_noise_007,low_noise,7,83,150007,0.01,0.02,0.0,128,6,test
777,low_noise_007,low_noise,7,84,150007,0.01,0.02,0.0,128,6,test
778,low_noise_007,low_noise,7,85,150007,0.01,0.02,0.0,128,6,test
779,low_noise_007,low_noise,7,86,150007,0.01,0.02,0.0,128,6,test
780,low_noise_007,low_noise,7,87,150007,0.01,0.02,0.0,128,6,test
781,low_noise_007,low_noise,7,88,150007,0.01,0.02,0.0,128,6,test
782,low_noise_007,low_noise,7,89,150007,0.01,0.02,0.0,128,6,test
783,low_noise_007,low_noise,7,90,150007,0.01,0.02,0.0,128,6,test
784,low_noise_007,low_noise,7,91,150007,0.01,0.02,0.0,128,6,test
785,low_noise_007,low_noise,7,92,150007,0.01,0.02,0.0,128,6,test
786,low_noise_007,low_noise,7,93,150007,0.01,0.02,0.0,128,6,test
787,low_noise_007,low_noise,7,94,150007,0.01,0.02,0.0,128,6,test
788,low_noise_007,low_noise,7,95,150007,0.01,0.02,0.0,128,6,test
789,low_noise_007,low_noise,7,96,150007,0.01,0.02,0.0,128,6,test
790,low_noise_007,low_noise,7,97,150007,0.01,0.02,0.0,128,6,test
791,low_noise_007,low_noise,7,98,150007,0.01,0.02,0.0,128,6,test
792,low_noise_008,low_noise,8,0,150008,0.01,0.02,0.0,128,6,train
793,low_noise_008,low_noise,8,1,150008,0.01,0.02,0.0,128,6,train
794,low_noise_008,low_noise,8,2,150008,0.01,0.02,0.0,128,6,train
795,low_noise_008,low_noise,8,3,150008,0.01,0.02,0.0,128,6,train
796,low_noise_008,low_noise,8,4,150008,0.01,0.02,0.0,128,6,train
797,low_noise_008,low_noise,8,5,150008,0.01,0.02,0.0,128,6,train
798,low_noise_008,low_noise,8,6,150008,0.01,0.02,0.0,128,6,train
799,low_noise_008,low_noise,8,7,150008,0.01,0.02,0.0,128,6,train
800,low_noise_008,low_noise,8,8,150008,0.01,0.02,0.0,128,6,train
801,low_noise_008,low_noise,8,9,150008,0.01,0.02,0.0,128,6,train
802,low_noise_008,low_noise,8,10,150008,0.01,0.02,0.0,128,6,train
803,low_noise_008,low_noise,8,11,150008,0.01,0.02,0.0,128,6,train
804,low_noise_008,low_noise,8,12,150008,0.01,0.02,0.0,128,6,train
805,low_noise_008,low_noise,8,13,150008,0.01,0.02,0.0,128,6,train
806,low_noise_008,low_noise,8,14,150008,0.01,0.02,0.0,128,6,train
807,low_noise_008,low_noise,8,15,150008,0.01,0.02,0.0,128,6,train
808,low_noise_008,low_noise,8,16,150008,0.01,0.02,0.0,128,6,train
809,low_noise_008,low_noise,8,17,150008,0.01,0.02,0.0,128,6,train
810,low_noise_008,low_noise,8,18,150008,0.01,0.02,0.0,128,6,train
811,low_noise_008,low_noise,8,19,150008,0.01,0.02,0.0,128,6,train
812,low_noise_008,low_noise,8,20,150008,0.01,0.02,0.0,128,6,train
813,low_noise_008,low_noise,8,21,150008,0.01,0.02,0.0,128,6,train
814,low_noise_008,low_noise,8,22,150008,0.01,0.02,0.0,128,6,train
815,low_noise_008,low_noise,8,23,150008,0.01,0.02,0.0,128,6,train
816,low_noise_008,low_noise,8,24,150008,0.01,0.02,0.0,128,6,train
817,low_noise_008,low_noise,8,25,150008,0.01,0.02,0.0,128,6,train
818,low_noise_008,low_noise,8,26,150008,0.01,0.02,0.0,128,6,train
819,low_noise_008,low_noise,8,27,150008,0.01,0.02,0.0,128,6,train
820,low_noise_008,low_noise,8,28,150008,0.01,0.02,0.0,128,6,train
821,low_noise_008,low_noise,8,29,150008,0.01,0.02,0.0,128,6,train
822,low_noise_008,low_noise,8,30,150008,0.01,0.02,0.0,128,6,train
823,low_noise_008,low_noise,8,31,150008,0.01,0.02,0.0,128,6,train
824,low_noise_008,low_noise,8,32,150008,0.01,0.02,0.0,128,6,train
825,low_noise_008,low_noise,8,33,150008,0.01,0.02,0.0,128,6,train
826,low_noise_008,low_noise,8,34,150008,0.01,0.02,0.0,128,6,train
827,low_noise_008,low_noise,8,35,150008,0.01,0.02,0.0,128,6,train
828,low_noise_008,low_noise,8,36,150008,0.01,0.02,0.0,128,6,train
829,low_noise_008,low_noise,8,37,150008,0.01,0.02,0.0,128,6,train
830,low_noise_008,low_noise,8,38,150008,0.01,0.02,0.0,128,6,train
831,low_noise_008,low_noise,8,39,150008,0.01,0.02,0.0,128,6,train
832,low_noise_008,low_noise,8,40,150008,0.01,0.02,0.0,128,6,train
833,low_noise_008,low_noise,8,41,150008,0.01,0.02,0.0,128,6,train
834,low_noise_008,low_noise,8,42,150008,0.01,0.02,0.0,128,6,train
835,low_noise_008,low_noise,8,43,150008,0.01,0.02,0.0,128,6,train
836,low_noise_008,low_noise,8,44,150008,0.01,0.02,0.0,128,6,train
837,low_noise_008,low_noise,8,45,150008,0.01,0.02,0.0,128,6,train
838,low_noise_008,low_noise,8,46,150008,0.01,0.02,0.0,128,6,train
839,low_noise_008,low_noise,8,47,150008,0.01,0.02,0.0,128,6,train
840,low_noise_008,low_noise,8,48,150008,0.01,0.02,0.0,128,6,train
841,low_noise_008,low_noise,8,49,150008,0.01,0.02,0.0,128,6,train
842,low_noise_008,low_noise,8,50,150008,0.01,0.02,0.0,128,6,train
843,low_noise_008,low_noise,8,51,150008,0.01,0.02,0.0,128,6,train
844,low_noise_008,low_noise,8,52,150008,0.01,0.02,0.0,128,6,train
845,low_noise_008,low_noise,8,53,150008,0.01,0.02,0.0,128,6,train
846,low_noise_008,low_noise,8,54,150008,0.01,0.02,0.0,128,6,train
847,low_noise_008,low_noise,8,55,150008,0.01,0.02,0.0,128,6,train
848,low_noise_008,low_noise,8,56,150008,0.01,0.02,0.0,128,6,train
849,low_noise_008,low_noise,8,57,150008,0.01,0.02,0.0,128,6,train
850,low_noise_008,low_noise,8,58,150008,0.01,0.02,0.0,128,6,train
851,low_noise_008,low_noise,8,59,150008,0.01,0.02,0.0,128,6,train
852,low_noise_008,low_noise,8,60,150008,0.01,0.02,0.0,128,6,train
853,low_noise_008,low_noise,8,61,150008,0.01,0.02,0.0,128,6,train
854,low_noise_008,low_noise,8,62,150008,0.01,0.02,0.0,128,6,train
855,low_noise_008,low_noise,8,63,150008,0.01,0.02,0.0,128,6,train
856,low_noise_008,low_noise,8,64,150008,0.01,0.02,0.0,128,6,train
857,low_noise_008,low_noise,8,65,150008,0.01,0.02,0.0,128,6,train
858,low_noise_008,low_noise,8,66,150008,0.01,0.02,0.0,128,6,train
859,low_noise_008,low_noise,8,67,150008,0.01,0.02,0.0,128,6,train
860,low_noise_008,low_noise,8,68,150008,0.01,0.02,0.0,128,6,train
861,low_noise_008,low_noise,8,69,150008,0.01,0.02,0.0,128,6,train
862,low_noise_008,low_noise,8,70,150008,0.01,0.02,0.0,128,6,train
863,low_noise_008,low_noise,8,71,150008,0.01,0.02,0.0,128,6,train
864,low_noise_008,low_noise,8,72,150008,0.01,0.02,0.0,128,6,train
865,low_noise_008,low_noise,8,73,150008,0.01,0.02,0.0,128,6,train
866,low_noise_008,low_noise,8,74,150008,0.01,0.02,0.0,128,6,train
867,low_noise_008,low_noise,8,75,150008,0.01,0.02,0.0,128,6,train
868,low_noise_008,low_noise,8,76,150008,0.01,0.02,0.0,128,6,train
869,low_noise_008,low_noise,8,77,150008,0.01,0.02,0.0,128,6,train
870,low_noise_008,low_noise,8,78,150008,0.01,0.02,0.0,128,6,train
871,low_noise_008,low_noise,8,79,150008,0.01,0.02,0.0,128,6,train
872,low_noise_008,low_noise,8,80,150008,0.01,0.02,0.0,128,6,train
873,low_noise_008,low_noise,8,81,150008,0.01,0.02,0.0,128,6,train
874,low_noise_008,low_noise,8,82,150008,0.01,0.02,0.0,128,6,train
875,low_noise_008,low_noise,8,83,150008,0.01,0.02,0.0,128,6,train
876,low_noise_008,low_noise,8,84,150008,0.01,0.02,0.0,128,6,train
877,low_noise_008,low_noise,8,85,150008,0.01,0.02,0.0,128,6,train
878,low_noise_008,low_noise,8,86,150008,0.01,0.02,0.0,128,6,train
879,low_noise_008,low_noise,8,87,150008,0.01,0.02,0.0,128,6,train
880,low_noise_008,low_noise,8,88,150008,0.01,0.02,0.0,128,6,train
881,low_noise_008,low_noise,8,89,150008,0.01,0.02,0.0,128,6,train
882,low_noise_008,low_noise,8,90,150008,0.01,0.02,0.0,128,6,train
883,low_noise_008,low_noise,8,91,150008,0.01,0.02,0.0,128,6,train
884,low_noise_008,low_noise,8,92,150008,0.01,0.02,0.0,128,6,train
885,low_noise_008,low_noise,8,93,150008,0.01,0.02,0.0,128,6,train
886,low_noise_008,low_noise,8,94,150008,0.01,0.02,0.0,128,6,train
887,low_noise_008,low_noise,8,95,150008,0.01,0.02,0.0,128,6,train
888,low_noise_008,low_noise,8,96,150008,0.01,0.02,0.0,128,6,train
889,low_noise_008,low_noise,8,97,150008,0.01,0.02,0.0,128,6,train
890,low_noise_008,low_noise,8,98,150008,0.01,0.02,0.0,128,6,train
891,low_noise_009,low_noise,9,0,150009,0.01,0.02,0.0,128,6,test
892,low_noise_009,low_noise,9,1,150009,0.01,0.02,0.0,128,6,test
893,low_noise_009,low_noise,9,2,150009,0.01,0.02,0.0,128,6,test
894,low_noise_009,low_noise,9,3,150009,0.01,0.02,0.0,128,6,test
895,low_noise_009,low_noise,9,4,150009,0.01,0.02,0.0,128,6,test
896,low_noise_009,low_noise,9,5,150009,0.01,0.02,0.0,128,6,test
897,low_noise_009,low_noise,9,6,150009,0.01,0.02,0.0,128,6,test
898,low_noise_009,low_noise,9,7,150009,0.01,0.02,0.0,128,6,test
899,low_noise_009,low_noise,9,8,150009,0.01,0.02,0.0,128,6,test
900,low_noise_009,low_noise,9,9,150009,0.01,0.02,0.0,128,6,test
901,low_noise_009,low_noise,9,10,150009,0.01,0.02,0.0,128,6,test
902,low_noise_009,low_noise,9,11,150009,0.01,0.02,0.0,128,6,test
903,low_noise_009,low_noise,9,12,150009,0.01,0.02,0.0,128,6,test
904,low_noise_009,low_noise,9,13,150009,0.01,0.02,0.0,128,6,test
905,low_noise_009,low_noise,9,14,150009,0.01,0.02,0.0,128,6,test
906,low_noise_009,low_noise,9,15,150009,0.01,0.02,0.0,128,6,test
907,low_noise_009,low_noise,9,16,150009,0.01,0.02,0.0,128,6,test
908,low_noise_009,low_noise,9,17,150009,0.01,0.02,0.0,128,6,test
909,low_noise_009,low_noise,9,18,150009,0.01,0.02,0.0,128,6,test
910,low_noise_009,low_noise,9,19,150009,0.01,0.02,0.0,128,6,test
911,low_noise_009,low_noise,9,20,150009,0.01,0.02,0.0,128,6,test
912,low_noise_009,low_noise,9,21,150009,0.01,0.02,0.0,128,6,test
913,low_noise_009,low_noise,9,22,150009,0.01,0.02,0.0,128,6,test
914,low_noise_009,low_noise,9,23,150009,0.01,0.02,0.0,128,6,test
915,low_noise_009,low_noise,9,24,150009,0.01,0.02,0.0,128,6,test
916,low_noise_009,low_noise,9,25,150009,0.01,0.02,0.0,128,6,test
917,low_noise_009,low_noise,9,26,150009,0.01,0.02,0.0,128,6,test
918,low_noise_009,low_noise,9,27,150009,0.01,0.02,0.0,128,6,test
919,low_noise_009,low_noise,9,28,150009,0.01,0.02,0.0,128,6,test
920,low_noise_009,low_noise,9,29,150009,0.01,0.02,0.0,128,6,test
921,low_noise_009,low_noise,9,30,150009,0.01,0.02,0.0,128,6,test
922,low_noise_009,low_noise,9,31,150009,0.01,0.02,0.0,128,6,test
923,low_noise_009,low_noise,9,32,150009,0.01,0.02,0.0,128,6,test
924,low_noise_009,low_noise,9,33,150009,0.01,0.02,0.0,128,6,test
925,low_noise_009,low_noise,9,34,150009,0.01,0.02,0.0,128,6,test
926,low_noise_009,low_noise,9,35,150009,0.01,0.02,0.0,128,6,test
927,low_noise_009,low_noise,9,36,150009,0.01,0.02,0.0,128,6,test
928,low_noise_009,low_noise,9,37,150009,0.01,0.02,0.0,128,6,test
929,low_noise_009,low_noise,9,38,150009,0.01,0.02,0.0,128,6,test
930,low_noise_009,low_noise,9,39,150009,0.01,0.02,0.0,128,6,test
931,low_noise_009,low_noise,9,40,150009,0.01,0.02,0.0,128,6,test
932,low_noise_009,low_noise,9,41,150009,0.01,0.02,0.0,128,6,test
933,low_noise_009,low_noise,9,42,150009,0.01,0.02,0.0,128,6,test
934,low_noise_009,low_noise,9,43,150009,0.01,0.02,0.0,128,6,test
935,low_noise_009,low_noise,9,44,150009,0.01,0.02,0.0,128,6,test
936,low_noise_009,low_noise,9,45,150009,0.01,0.02,0.0,128,6,test
937,low_noise_009,low_noise,9,46,150009,0.01,0.02,0.0,128,6,test
938,low_noise_009,low_noise,9,47,150009,0.01,0.02,0.0,128,6,test
939,low_noise_009,low_noise,9,48,150009,0.01,0.02,0.0,128,6,test
940,low_noise_009,low_noise,9,49,150009,0.01,0.02,0.0,128,6,test
941,low_noise_009,low_noise,9,50,150009,0.01,0.02,0.0,128,6,test
942,low_noise_009,low_noise,9,51,150009,0.01,0.02,0.0,128,6,test
943,low_noise_009,low_noise,9,52,150009,0.01,0.02,0.0,128,6,test
944,low_noise_009,low_noise,9,53,150009,0.01,0.02,0.0,128,6,test
945,low_noise_009,low_noise,9,54,150009,0.01,0.02,0.0,128,6,test
946,low_noise_009,low_noise,9,55,150009,0.01,0.02,0.0,128,6,test
947,low_noise_009,low_noise,9,56,150009,0.01,0.02,0.0,128,6,test
948,low_noise_009,low_noise,9,57,150009,0.01,0.02,0.0,128,6,test
949,low_noise_009,low_noise,9,58,150009,0.01,0.02,0.0,128,6,test
950,low_noise_009,low_noise,9,59,150009,0.01,0.02,0.0,128,6,test
951,low_noise_009,low_noise,9,60,150009,0.01,0.02,0.0,128,6,test
952,low_noise_009,low_noise,9,61,150009,0.01,0.02,0.0,128,6,test
953,low_noise_009,low_noise,9,62,150009,0.01,0.02,0.0,128,6,test
954,low_noise_009,low_noise,9,63,150009,0.01,0.02,0.0,128,6,test
955,low_noise_009,low_noise,9,64,150009,0.01,0.02,0.0,128,6,test
956,low_noise_009,low_noise,9,65,150009,0.01,0.02,0.0,128,6,test
957,low_noise_009,low_noise,9,66,150009,0.01,0.02,0.0,128,6,test
958,low_noise_009,low_noise,9,67,150009,0.01,0.02,0.0,128,6,test
959,low_noise_009,low_noise,9,68,150009,0.01,0.02,0.0,128,6,test
960,low_noise_009,low_noise,9,69,150009,0.01,0.02,0.0,128,6,test
961,low_noise_009,low_noise,9,70,150009,0.01,0.02,0.0,128,6,test
962,low_noise_009,low_noise,9,71,150009,0.01,0.02,0.0,128,6,test
963,low_noise_009,low_noise,9,72,150009,0.01,0.02,0.0,128,6,test
964,low_noise_009,low_noise,9,73,150009,0.01,0.02,0.0,128,6,test
965,low_noise_009,low_noise,9,74,150009,0.01,0.02,0.0,128,6,test
966,low_noise_009,low_noise,9,75,150009,0.01,0.02,0.0,128,6,test
967,low_noise_009,low_noise,9,76,150009,0.01,0.02,0.0,128,6,test
968,low_noise_009,low_noise,9,77,150009,0.01,0.02,0.0,128,6,test
969,low_noise_009,low_noise,9,78,150009,0.01,0.02,0.0,128,6,test
970,low_noise_009,low_noise,9,79,150009,0.01,0.02,0.0,128,6,test
971,low_noise_009,low_noise,9,80,150009,0.01,0.02,0.0,128,6,test
972,low_noise_009,low_noise,9,81,150009,0.01,0.02,0.0,128,6,test
973,low_noise_009,low_noise,9,82,150009,0.01,0.02,0.0,128,6,test
974,low_noise_009,low_noise,9,83,150009,0.01,0.02,0.0,128,6,test
975,low_noise_009,low_noise,9,84,150009,0.01,0.02,0.0,128,6,test
976,low_noise_009,low_noise,9,85,150009,0.01,0.02,0.0,128,6,test
977,low_noise_009,low_noise,9,86,150009,0.01,0.02,0.0,128,6,test
978,low_noise_009,low_noise,9,87,150009,0.01,0.02,0.0,128,6,test
979,low_noise_009,low_noise,9,88,150009,0.01,0.02,0.0,128,6,test
980,low_noise_009,low_noise,9,89,150009,0.01,0.02,0.0,128,6,test
981,low_noise_009,low_noise,9,90,150009,0.01,0.02,0.0,128,6,test
982,low_noise_009,low_noise,9,91,150009,0.01,0.02,0.0,128,6,test
983,low_noise_009,low_noise,9,92,150009,0.01,0.02,0.0,128,6,test
984,low_noise_009,low_noise,9,93,150009,0.01,0.02,0.0,128,6,test
985,low_noise_009,low_noise,9,94,150009,0.01,0.02,0.0,128,6,test
986,low_noise_009,low_noise,9,95,150009,0.01,0.02,0.0,128,6,test
987,low_noise_009,low_noise,9,96,150009,0.01,0.02,0.0,128,6,test
988,low_noise_009,low_noise,9,97,150009,0.01,0.02,0.0,128,6,test
989,low_noise_009,low_noise,9,98,150009,0.01,0.02,0.0,128,6,test
990,low_noise_010,low_noise,10,0,150010,0.01,0.02,0.0,128,6,train
991,low_noise_010,low_noise,10,1,150010,0.01,0.02,0.0,128,6,train
992,low_noise_010,low_noise,10,2,150010,0.01,0.02,0.0,128,6,train
993,low_noise_010,low_noise,10,3,150010,0.01,0.02,0.0,128,6,train
994,low_noise_010,low_noise,10,4,150010,0.01,0.02,0.0,128,6,train
995,low_noise_010,low_noise,10,5,150010,0.01,0.02,0.0,128,6,train
996,low_noise_010,low_noise,10,6,150010,0.01,0.02,0.0,128,6,train
997,low_noise_010,low_noise,10,7,150010,0.01,0.02,0.0,128,6,train
998,low_noise_010,low_noise,10,8,150010,0.01,0.02,0.0,128,6,train
999,low_noise_010,low_noise,10,9,150010,0.01,0.02,0.0,128,6,train
1000,low_noise_010,low_noise,10,10,150010,0.01,0.02,0.0,128,6,train
1001,low_noise_010,low_noise,10,11,150010,0.01,0.02,0.0,128,6,train
1002,low_noise_010,low_noise,10,12,150010,0.01,0.02,0.0,128,6,train
1003,low_noise_010,low_noise,10,13,150010,0.01,0.02,0.0,128,6,train
1004,low_noise_010,low_noise,10,14,150010,0.01,0.02,0.0,128,6,train
1005,low_noise_010,low_noise,10,15,150010,0.01,0.02,0.0,128,6,train
1006,low_noise_010,low_noise,10,16,150010,0.01,0.02,0.0,128,6,train
1007,low_noise_010,low_noise,10,17,150010,0.01,0.02,0.0,128,6,train
1008,low_noise_010,low_noise,10,18,150010,0.01,0.02,0.0,128,6,train
1009,low_noise_010,low_noise,10,19,150010,0.01,0.02,0.0,128,6,train
1010,low_noise_010,low_noise,10,20,150010,0.01,0.02,0.0,128,6,train
1011,low_noise_010,low_noise,10,21,150010,0.01,0.02,0.0,128,6,train
1012,low_noise_010,low_noise,10,22,150010,0.01,0.02,0.0,128,6,train
1013,low_noise_010,low_noise,10,23,150010,0.01,0.02,0.0,128,6,train
1014,low_noise_010,low_noise,10,24,150010,0.01,0.02,0.0,128,6,train
1015,low_noise_010,low_noise,10,25,150010,0.01,0.02,0.0,128,6,train
1016,low_noise_010,low_noise,10,26,150010,0.01,0.02,0.0,128,6,train
1017,low_noise_010,low_noise,10,27,150010,0.01,0.02,0.0,128,6,train
1018,low_noise_010,low_noise,10,28,150010,0.01,0.02,0.0,128,6,train
1019,low_noise_010,low_noise,10,29,150010,0.01,0.02,0.0,128,6,train
1020,low_noise_010,low_noise,10,30,150010,0.01,0.02,0.0,128,6,train
1021,low_noise_010,low_noise,10,31,150010,0.01,0.02,0.0,128,6,train
1022,low_noise_010,low_noise,10,32,150010,0.01,0.02,0.0,128,6,train
1023,low_noise_010,low_noise,10,33,150010,0.01,0.02,0.0,128,6,train
1024,low_noise_010,low_noise,10,34,150010,0.01,0.02,0.0,128,6,train
1025,low_noise_010,low_noise,10,35,150010,0.01,0.02,0.0,128,6,train
1026,low_noise_010,low_noise,10,36,150010,0.01,0.02,0.0,128,6,train
1027,low_noise_010,low_noise,10,37,150010,0.01,0.02,0.0,128,6,train
1028,low_noise_010,low_noise,10,38,150010,0.01,0.02,0.0,128,6,train
1029,low_noise_010,low_noise,10,39,150010,0.01,0.02,0.0,128,6,train
1030,low_noise_010,low_noise,10,40,150010,0.01,0.02,0.0,128,6,train
1031,low_noise_010,low_noise,10,41,150010,0.01,0.02,0.0,128,6,train
1032,low_noise_010,low_noise,10,42,150010,0.01,0.02,0.0,128,6,train
1033,low_noise_010,low_noise,10,43,150010,0.01,0.02,0.0,128,6,train
1034,low_noise_010,low_noise,10,44,150010,0.01,0.02,0.0,128,6,train
1035,low_noise_010,low_noise,10,45,150010,0.01,0.02,0.0,128,6,train
1036,low_noise_010,low_noise,10,46,150010,0.01,0.02,0.0,128,6,train
1037,low_noise_010,low_noise,10,47,150010,0.01,0.02,0.0,128,6,train
1038,low_noise_010,low_noise,10,48,150010,0.01,0.02,0.0,128,6,train
1039,low_noise_010,low_noise,10,49,150010,0.01,0.02,0.0,128,6,train
1040,low_noise_010,low_noise,10,50,150010,0.01,0.02,0.0,128,6,train
1041,low_noise_010,low_noise,10,51,150010,0.01,0.02,0.0,128,6,train
1042,low_noise_010,low_noise,10,52,150010,0.01,0.02,0.0,128,6,train
1043,low_noise_010,low_noise,10,53,150010,0.01,0.02,0.0,128,6,train
1044,low_noise_010,low_noise,10,54,150010,0.01,0.02,0.0,128,6,train
1045,low_noise_010,low_noise,10,55,150010,0.01,0.02,0.0,128,6,train
1046,low_noise_010,low_noise,10,56,150010,0.01,0.02,0.0,128,6,train
1047,low_noise_010,low_noise,10,57,150010,0.01,0.02,0.0,128,6,train
1048,low_noise_010,low_noise,10,58,150010,0.01,0.02,0.0,128,6,train
1049,low_noise_010,low_noise,10,59,150010,0.01,0.02,0.0,128,6,train
1050,low_noise_010,low_noise,10,60,150010,0.01,0.02,0.0,128,6,train
1051,low_noise_010,low_noise,10,61,150010,0.01,0.02,0.0,128,6,train
1052,low_noise_010,low_noise,10,62,150010,0.01,0.02,0.0,128,6,train
1053,low_noise_010,low_noise,10,63,150010,0.01,0.02,0.0,128,6,train
1054,low_noise_010,low_noise,10,64,150010,0.01,0.02,0.0,128,6,train
1055,low_noise_010,low_noise,10,65,150010,0.01,0.02,0.0,128,6,train
1056,low_noise_010,low_noise,10,66,150010,0.01,0.02,0.0,128,6,train
1057,low_noise_010,low_noise,10,67,150010,0.01,0.02,0.0,128,6,train
1058,low_noise_010,low_noise,10,68,150010,0.01,0.02,0.0,128,6,train
1059,low_noise_010,low_noise,10,69,150010,0.01,0.02,0.0,128,6,train
1060,low_noise_010,low_noise,10,70,150010,0.01,0.02,0.0,128,6,train
1061,low_noise_010,low_noise,10,71,150010,0.01,0.02,0.0,128,6,train
1062,low_noise_010,low_noise,10,72,150010,0.01,0.02,0.0,128,6,train
1063,low_noise_010,low_noise,10,73,150010,0.01,0.02,0.0,128,6,train
1064,low_noise_010,low_noise,10,74,150010,0.01,0.02,0.0,128,6,train
1065,low_noise_010,low_noise,10,75,150010,0.01,0.02,0.0,128,6,train
1066,low_noise_010,low_noise,10,76,150010,0.01,0.02,0.0,128,6,train
1067,low_noise_010,low_noise,10,77,150010,0.01,0.02,0.0,128,6,train
1068,low_noise_010,low_noise,10,78,150010,0.01,0.02,0.0,128,6,train
1069,low_noise_010,low_noise,10,79,150010,0.01,0.02,0.0,128,6,train
1070,low_noise_010,low_noise,10,80,150010,0.01,0.02,0.0,128,6,train
1071,low_noise_010,low_noise,10,81,150010,0.01,0.02,0.0,128,6,train
1072,low_noise_010,low_noise,10,82,150010,0.01,0.02,0.0,128,6,train
1073,low_noise_010,low_noise,10,83,150010,0.01,0.02,0.0,128,6,train
1074,low_noise_010,low_noise,10,84,150010,0.01,0.02,0.0,128,6,train
1075,low_noise_010,low_noise,10,85,150010,0.01,0.02,0.0,128,6,train
1076,low_noise_010,low_noise,10,86,150010,0.01,0.02,0.0,128,6,train
1077,low_noise_010,low_noise,10,87,150010,0.01,0.02,0.0,128,6,train
1078,low_noise_010,low_noise,10,88,150010,0.01,0.02,0.0,128,6,train
1079,low_noise_010,low_noise,10,89,150010,0.01,0.02,0.0,128,6,train
1080,low_noise_010,low_noise,10,90,150010,0.01,0.02,0.0,128,6,train
1081,low_noise_010,low_noise,10,91,150010,0.01,0.02,0.0,128,6,train
1082,low_noise_010,low_noise,10,92,150010,0.01,0.02,0.0,128,6,train
1083,low_noise_010,low_noise,10,93,150010,0.01,0.02,0.0,128,6,train
1084,low_noise_010,low_noise,10,94,150010,0.01,0.02,0.0,128,6,train
1085,low_noise_010,low_noise,10,95,150010,0.01,0.02,0.0,128,6,train
1086,low_noise_010,low_noise,10,96,150010,0.01,0.02,0.0,128,6,train
1087,low_noise_010,low_noise,10,97,150010,0.01,0.02,0.0,128,6,train
1088,low_noise_010,low_noise,10,98,150010,0.01,0.02,0.0,128,6,train
1089,low_noise_011,low_noise,11,0,150011,0.01,0.02,0.0,128,6,train
1090,low_noise_011,low_noise,11,1,150011,0.01,0.02,0.0,128,6,train
1091,low_noise_011,low_noise,11,2,150011,0.01,0.02,0.0,128,6,train
1092,low_noise_011,low_noise,11,3,150011,0.01,0.02,0.0,128,6,train
1093,low_noise_011,low_noise,11,4,150011,0.01,0.02,0.0,128,6,train
1094,low_noise_011,low_noise,11,5,150011,0.01,0.02,0.0,128,6,train
1095,low_noise_011,low_noise,11,6,150011,0.01,0.02,0.0,128,6,train
1096,low_noise_011,low_noise,11,7,150011,0.01,0.02,0.0,128,6,train
1097,low_noise_011,low_noise,11,8,150011,0.01,0.02,0.0,128,6,train
1098,low_noise_011,low_noise,11,9,150011,0.01,0.02,0.0,128,6,train
1099,low_noise_011,low_noise,11,10,150011,0.01,0.02,0.0,128,6,train
1100,low_noise_011,low_noise,11,11,150011,0.01,0.02,0.0,128,6,train
1101,low_noise_011,low_noise,11,12,150011,0.01,0.02,0.0,128,6,train
1102,low_noise_011,low_noise,11,13,150011,0.01,0.02,0.0,128,6,train
1103,low_noise_011,low_noise,11,14,150011,0.01,0.02,0.0,128,6,train
1104,low_noise_011,low_noise,11,15,150011,0.01,0.02,0.0,128,6,train
1105,low_noise_011,low_noise,11,16,150011,0.01,0.02,0.0,128,6,train
1106,low_noise_011,low_noise,11,17,150011,0.01,0.02,0.0,128,6,train
1107,low_noise_011,low_noise,11,18,150011,0.01,0.02,0.0,128,6,train
1108,low_noise_011,low_noise,11,19,150011,0.01,0.02,0.0,128,6,train
1109,low_noise_011,low_noise,11,20,150011,0.01,0.02,0.0,128,6,train
1110,low_noise_011,low_noise,11,21,150011,0.01,0.02,0.0,128,6,train
1111,low_noise_011,low_noise,11,22,150011,0.01,0.02,0.0,128,6,train
1112,low_noise_011,low_noise,11,23,150011,0.01,0.02,0.0,128,6,train
1113,low_noise_011,low_noise,11,24,150011,0.01,0.02,0.0,128,6,train
1114,low_noise_011,low_noise,11,25,150011,0.01,0.02,0.0,128,6,train
1115,low_noise_011,low_noise,11,26,150011,0.01,0.02,0.0,128,6,train
1116,low_noise_011,low_noise,11,27,150011,0.01,0.02,0.0,128,6,train
1117,low_noise_011,low_noise,11,28,150011,0.01,0.02,0.0,128,6,train
1118,low_noise_011,low_noise,11,29,150011,0.01,0.02,0.0,128,6,train
1119,low_noise_011,low_noise,11,30,150011,0.01,0.02,0.0,128,6,train
1120,low_noise_011,low_noise,11,31,150011,0.01,0.02,0.0,128,6,train
1121,low_noise_011,low_noise,11,32,150011,0.01,0.02,0.0,128,6,train
1122,low_noise_011,low_noise,11,33,150011,0.01,0.02,0.0,128,6,train
1123,low_noise_011,low_noise,11,34,150011,0.01,0.02,0.0,128,6,train
1124,low_noise_011,low_noise,11,35,150011,0.01,0.02,0.0,128,6,train
1125,low_noise_011,low_noise,11,36,150011,0.01,0.02,0.0,128,6,train
1126,low_noise_011,low_noise,11,37,150011,0.01,0.02,0.0,128,6,train
1127,low_noise_011,low_noise,11,38,150011,0.01,0.02,0.0,128,6,train
1128,low_noise_011,low_noise,11,39,150011,0.01,0.02,0.0,128,6,train
1129,low_noise_011,low_noise,11,40,150011,0.01,0.02,0.0,128,6,train
1130,low_noise_011,low_noise,11,41,150011,0.01,0.02,0.0,128,6,train
1131,low_noise_011,low_noise,11,42,150011,0.01,0.02,0.0,128,6,train
1132,low_noise_011,low_noise,11,43,150011,0.01,0.02,0.0,128,6,train
1133,low_noise_011,low_noise,11,44,150011,0.01,0.02,0.0,128,6,train
1134,low_noise_011,low_noise,11,45,150011,0.01,0.02,0.0,128,6,train
1135,low_noise_011,low_noise,11,46,150011,0.01,0.02,0.0,128,6,train
1136,low_noise_011,low_noise,11,47,150011,0.01,0.02,0.0,128,6,train
1137,low_noise_011,low_noise,11,48,150011,0.01,0.02,0.0,128,6,train
1138,low_noise_011,low_noise,11,49,150011,0.01,0.02,0.0,128,6,train
1139,low_noise_011,low_noise,11,50,150011,0.01,0.02,0.0,128,6,train
1140,low_noise_011,low_noise,11,51,150011,0.01,0.02,0.0,128,6,train
1141,low_noise_011,low_noise,11,52,150011,0.01,0.02,0.0,128,6,train
1142,low_noise_011,low_noise,11,53,150011,0.01,0.02,0.0,128,6,train
1143,low_noise_011,low_noise,11,54,150011,0.01,0.02,0.0,128,6,train
1144,low_noise_011,low_noise,11,55,150011,0.01,0.02,0.0,128,6,train
1145,low_noise_011,low_noise,11,56,150011,0.01,0.02,0.0,128,6,train
1146,low_noise_011,low_noise,11,57,150011,0.01,0.02,0.0,128,6,train
1147,low_noise_011,low_noise,11,58,150011,0.01,0.02,0.0,128,6,train
1148,low_noise_011,low_noise,11,59,150011,0.01,0.02,0.0,128,6,train
1149,low_noise_011,low_noise,11,60,150011,0.01,0.02,0.0,128,6,train
1150,low_noise_011,low_noise,11,61,150011,0.01,0.02,0.0,128,6,train
1151,low_noise_011,low_noise,11,62,150011,0.01,0.02,0.0,128,6,train
1152,low_noise_011,low_noise,11,63,150011,0.01,0.02,0.0,128,6,train
1153,low_noise_011,low_noise,11,64,150011,0.01,0.02,0.0,128,6,train
1154,low_noise_011,low_noise,11,65,150011,0.01,0.02,0.0,128,6,train
1155,low_noise_011,low_noise,11,66,150011,0.01,0.02,0.0,128,6,train
1156,low_noise_011,low_noise,11,67,150011,0.01,0.02,0.0,128,6,train
1157,low_noise_011,low_noise,11,68,150011,0.01,0.02,0.0,128,6,train
1158,low_noise_011,low_noise,11,69,150011,0.01,0.02,0.0,128,6,train
1159,low_noise_011,low_noise,11,70,150011,0.01,0.02,0.0,128,6,train
1160,low_noise_011,low_noise,11,71,150011,0.01,0.02,0.0,128,6,train
1161,low_noise_011,low_noise,11,72,150011,0.01,0.02,0.0,128,6,train
1162,low_noise_011,low_noise,11,73,150011,0.01,0.02,0.0,128,6,train
1163,low_noise_011,low_noise,11,74,150011,0.01,0.02,0.0,128,6,train
1164,low_noise_011,low_noise,11,75,150011,0.01,0.02,0.0,128,6,train
1165,low_noise_011,low_noise,11,76,150011,0.01,0.02,0.0,128,6,train
1166,low_noise_011,low_noise,11,77,150011,0.01,0.02,0.0,128,6,train
1167,low_noise_011,low_noise,11,78,150011,0.01,0.02,0.0,128,6,train
1168,low_noise_011,low_noise,11,79,150011,0.01,0.02,0.0,128,6,train
1169,low_noise_011,low_noise,11,80,150011,0.01,0.02,0.0,128,6,train
1170,low_noise_011,low_noise,11,81,150011,0.01,0.02,0.0,128,6,train
1171,low_noise_011,low_noise,11,82,150011,0.01,0.02,0.0,128,6,train
1172,low_noise_011,low_noise,11,83,150011,0.01,0.02,0.0,128,6,train
1173,low_noise_011,low_noise,11,84,150011,0.01,0.02,0.0,128,6,train
1174,low_noise_011,low_noise,11,85,150011,0.01,0.02,0.0,128,6,train
1175,low_noise_011,low_noise,11,86,150011,0.01,0.02,0.0,128,6,train
1176,low_noise_011,low_noise,11,87,150011,0.01,0.02,0.0,128,6,train
1177,low_noise_011,low_noise,11,88,150011,0.01,0.02,0.0,128,6,train
1178,low_noise_011,low_noise,11,89,150011,0.01,0.02,0.0,128,6,train
1179,low_noise_011,low_noise,11,90,150011,0.01,0.02,0.0,128,6,train
1180,low_noise_011,low_noise,11,91,150011,0.01,0.02,0.0,128,6,train
1181,low_noise_011,low_noise,11,92,150011,0.01,0.02,0.0,128,6,train
1182,low_noise_011,low_noise,11,93,150011,0.01,0.02,0.0,128,6,train
1183,low_noise_011,low_noise,11,94,150011,0.01,0.02,0.0,128,6,train
1184,low_noise_011,low_noise,11,95,150011,0.01,0.02,0.0,128,6,train
1185,low_noise_011,low_noise,11,96,150011,0.01,0.02,0.0,128,6,train
1186,low_noise_011,low_noise,11,97,150011,0.01,0.02,0.0,128,6,train
1187,low_noise_011,low_noise,11,98,150011,0.01,0.02,0.0,128,6,train
1188,low_noise_012,low_noise,12,0,150012,0.01,0.02,0.0,128,6,train
1189,low_noise_012,low_noise,12,1,150012,0.01,0.02,0.0,128,6,train
1190,low_noise_012,low_noise,12,2,150012,0.01,0.02,0.0,128,6,train
1191,low_noise_012,low_noise,12,3,150012,0.01,0.02,0.0,128,6,train
1192,low_noise_012,low_noise,12,4,150012,0.01,0.02,0.0,128,6,train
1193,low_noise_012,low_noise,12,5,150012,0.01,0.02,0.0,128,6,train
1194,low_noise_012,low_noise,12,6,150012,0.01,0.02,0.0,128,6,train
1195,low_noise_012,low_noise,12,7,150012,0.01,0.02,0.0,128,6,train
1196,low_noise_012,low_noise,12,8,150012,0.01,0.02,0.0,128,6,train
1197,low_noise_012,low_noise,12,9,150012,0.01,0.02,0.0,128,6,train
1198,low_noise_012,low_noise,12,10,150012,0.01,0.02,0.0,128,6,train
1199,low_noise_012,low_noise,12,11,150012,0.01,0.02,0.0,128,6,train
1200,low_noise_012,low_noise,12,12,150012,0.01,0.02,0.0,128,6,train
1201,low_noise_012,low_noise,12,13,150012,0.01,0.02,0.0,128,6,train
1202,low_noise_012,low_noise,12,14,150012,0.01,0.02,0.0,128,6,train
1203,low_noise_012,low_noise,12,15,150012,0.01,0.02,0.0,128,6,train
1204,low_noise_012,low_noise,12,16,150012,0.01,0.02,0.0,128,6,train
1205,low_noise_012,low_noise,12,17,150012,0.01,0.02,0.0,128,6,train
1206,low_noise_012,low_noise,12,18,150012,0.01,0.02,0.0,128,6,train
1207,low_noise_012,low_noise,12,19,150012,0.01,0.02,0.0,128,6,train
1208,low_noise_012,low_noise,12,20,150012,0.01,0.02,0.0,128,6,train
1209,low_noise_012,low_noise,12,21,150012,0.01,0.02,0.0,128,6,train
1210,low_noise_012,low_noise,12,22,150012,0.01,0.02,0.0,128,6,train
1211,low_noise_012,low_noise,12,23,150012,0.01,0.02,0.0,128,6,train
1212,low_noise_012,low_noise,12,24,150012,0.01,0.02,0.0,128,6,train
1213,low_noise_012,low_noise,12,25,150012,0.01,0.02,0.0,128,6,train
1214,low_noise_012,low_noise,12,26,150012,0.01,0.02,0.0,128,6,train
1215,low_noise_012,low_noise,12,27,150012,0.01,0.02,0.0,128,6,train
1216,low_noise_012,low_noise,12,28,150012,0.01,0.02,0.0,128,6,train
1217,low_noise_012,low_noise,12,29,150012,0.01,0.02,0.0,128,6,train
1218,low_noise_012,low_noise,12,30,150012,0.01,0.02,0.0,128,6,train
1219,low_noise_012,low_noise,12,31,150012,0.01,0.02,0.0,128,6,train
1220,low_noise_012,low_noise,12,32,150012,0.01,0.02,0.0,128,6,train
1221,low_noise_012,low_noise,12,33,150012,0.01,0.02,0.0,128,6,train
1222,low_noise_012,low_noise,12,34,150012,0.01,0.02,0.0,128,6,train
1223,low_noise_012,low_noise,12,35,150012,0.01,0.02,0.0,128,6,train
1224,low_noise_012,low_noise,12,36,150012,0.01,0.02,0.0,128,6,train
1225,low_noise_012,low_noise,12,37,150012,0.01,0.02,0.0,128,6,train
1226,low_noise_012,low_noise,12,38,150012,0.01,0.02,0.0,128,6,train
1227,low_noise_012,low_noise,12,39,150012,0.01,0.02,0.0,128,6,train
1228,low_noise_012,low_noise,12,40,150012,0.01,0.02,0.0,128,6,train
1229,low_noise_012,low_noise,12,41,150012,0.01,0.02,0.0,128,6,train
1230,low_noise_012,low_noise,12,42,150012,0.01,0.02,0.0,128,6,train
1231,low_noise_012,low_noise,12,43,150012,0.01,0.02,0.0,128,6,train
1232,low_noise_012,low_noise,12,44,150012,0.01,0.02,0.0,128,6,train
1233,low_noise_012,low_noise,12,45,150012,0.01,0.02,0.0,128,6,train
1234,low_noise_012,low_noise,12,46,150012,0.01,0.02,0.0,128,6,train
1235,low_noise_012,low_noise,12,47,150012,0.01,0.02,0.0,128,6,train
1236,low_noise_012,low_noise,12,48,150012,0.01,0.02,0.0,128,6,train
1237,low_noise_012,low_noise,12,49,150012,0.01,0.02,0.0,128,6,train
1238,low_noise_012,low_noise,12,50,150012,0.01,0.02,0.0,128,6,train
1239,low_noise_012,low_noise,12,51,150012,0.01,0.02,0.0,128,6,train
1240,low_noise_012,low_noise,12,52,150012,0.01,0.02,0.0,128,6,train
1241,low_noise_012,low_noise,12,53,150012,0.01,0.02,0.0,128,6,train
1242,low_noise_012,low_noise,12,54,150012,0.01,0.02,0.0,128,6,train
1243,low_noise_012,low_noise,12,55,150012,0.01,0.02,0.0,128,6,train
1244,low_noise_012,low_noise,12,56,150012,0.01,0.02,0.0,128,6,train
1245,low_noise_012,low_noise,12,57,150012,0.01,0.02,0.0,128,6,train
1246,low_noise_012,low_noise,12,58,150012,0.01,0.02,0.0,128,6,train
1247,low_noise_012,low_noise,12,59,150012,0.01,0.02,0.0,128,6,train
1248,low_noise_012,low_noise,12,60,150012,0.01,0.02,0.0,128,6,train
1249,low_noise_012,low_noise,12,61,150012,0.01,0.02,0.0,128,6,train
1250,low_noise_012,low_noise,12,62,150012,0.01,0.02,0.0,128,6,train
1251,low_noise_012,low_noise,12,63,150012,0.01,0.02,0.0,128,6,train
1252,low_noise_012,low_noise,12,64,150012,0.01,0.02,0.0,128,6,train
1253,low_noise_012,low_noise,12,65,150012,0.01,0.02,0.0,128,6,train
1254,low_noise_012,low_noise,12,66,150012,0.01,0.02,0.0,128,6,train
1255,low_noise_012,low_noise,12,67,150012,0.01,0.02,0.0,128,6,train
1256,low_noise_012,low_noise,12,68,150012,0.01,0.02,0.0,128,6,train
1257,low_noise_012,low_noise,12,69,150012,0.01,0.02,0.0,128,6,train
1258,low_noise_012,low_noise,12,70,150012,0.01,0.02,0.0,128,6,train
1259,low_noise_012,low_noise,12,71,150012,0.01,0.02,0.0,128,6,train
1260,low_noise_012,low_noise,12,72,150012,0.01,0.02,0.0,128,6,train
1261,low_noise_012,low_noise,12,73,150012,0.01,0.02,0.0,128,6,train
1262,low_noise_012,low_noise,12,74,150012,0.01,0.02,0.0,128,6,train
1263,low_noise_012,low_noise,12,75,150012,0.01,0.02,0.0,128,6,train
1264,low_noise_012,low_noise,12,76,150012,0.01,0.02,0.0,128,6,train
1265,low_noise_012,low_noise,12,77,150012,0.01,0.02,0.0,128,6,train
1266,low_noise_012,low_noise,12,78,150012,0.01,0.02,0.0,128,6,train
1267,low_noise_012,low_noise,12,79,150012,0.01,0.02,0.0,128,6,train
1268,low_noise_012,low_noise,12,80,150012,0.01,0.02,0.0,128,6,train
1269,low_noise_012,low_noise,12,81,150012,0.01,0.02,0.0,128,6,train
1270,low_noise_012,low_noise,12,82,150012,0.01,0.02,0.0,128,6,train
1271,low_noise_012,low_noise,12,83,150012,0.01,0.02,0.0,128,6,train
1272,low_noise_012,low_noise,12,84,150012,0.01,0.02,0.0,128,6,train
1273,low_noise_012,low_noise,12,85,150012,0.01,0.02,0.0,128,6,train
1274,low_noise_012,low_noise,12,86,150012,0.01,0.02,0.0,128,6,train
1275,low_noise_012,low_noise,12,87,150012,0.01,0.02,0.0,128,6,train
1276,low_noise_012,low_noise,12,88,150012,0.01,0.02,0.0,128,6,train
1277,low_noise_012,low_noise,12,89,150012,0.01,0.02,0.0,128,6,train
1278,low_noise_012,low_noise,12,90,150012,0.01,0.02,0.0,128,6,train
1279,low_noise_012,low_noise,12,91,150012,0.01,0.02,0.0,128,6,train
1280,low_noise_012,low_noise,12,92,150012,0.01,0.02,0.0,128,6,train
1281,low_noise_012,low_noise,12,93,150012,0.01,0.02,0.0,128,6,train
1282,low_noise_012,low_noise,12,94,150012,0.01,0.02,0.0,128,6,train
1283,low_noise_012,low_noise,12,95,150012,0.01,0.02,0.0,128,6,train
1284,low_noise_012,low_noise,12,96,150012,0.01,0.02,0.0,128,6,train
1285,low_noise_012,low_noise,12,97,150012,0.01,0.02,0.0,128,6,train
1286,low_noise_012,low_noise,12,98,150012,0.01,0.02,0.0,128,6,train
1287,low_noise_013,low_noise,13,0,150013,0.01,0.02,0.0,128,6,train
1288,low_noise_013,low_noise,13,1,150013,0.01,0.02,0.0,128,6,train
1289,low_noise_013,low_noise,13,2,150013,0.01,0.02,0.0,128,6,train
1290,low_noise_013,low_noise,13,3,150013,0.01,0.02,0.0,128,6,train
1291,low_noise_013,low_noise,13,4,150013,0.01,0.02,0.0,128,6,train
1292,low_noise_013,low_noise,13,5,150013,0.01,0.02,0.0,128,6,train
1293,low_noise_013,low_noise,13,6,150013,0.01,0.02,0.0,128,6,train
1294,low_noise_013,low_noise,13,7,150013,0.01,0.02,0.0,128,6,train
1295,low_noise_013,low_noise,13,8,150013,0.01,0.02,0.0,128,6,train
1296,low_noise_013,low_noise,13,9,150013,0.01,0.02,0.0,128,6,train
1297,low_noise_013,low_noise,13,10,150013,0.01,0.02,0.0,128,6,train
1298,low_noise_013,low_noise,13,11,150013,0.01,0.02,0.0,128,6,train
1299,low_noise_013,low_noise,13,12,150013,0.01,0.02,0.0,128,6,train
1300,low_noise_013,low_noise,13,13,150013,0.01,0.02,0.0,128,6,train
1301,low_noise_013,low_noise,13,14,150013,0.01,0.02,0.0,128,6,train
1302,low_noise_013,low_noise,13,15,150013,0.01,0.02,0.0,128,6,train
1303,low_noise_013,low_noise,13,16,150013,0.01,0.02,0.0,128,6,train
1304,low_noise_013,low_noise,13,17,150013,0.01,0.02,0.0,128,6,train
1305,low_noise_013,low_noise,13,18,150013,0.01,0.02,0.0,128,6,train
1306,low_noise_013,low_noise,13,19,150013,0.01,0.02,0.0,128,6,train
1307,low_noise_013,low_noise,13,20,150013,0.01,0.02,0.0,128,6,train
1308,low_noise_013,low_noise,13,21,150013,0.01,0.02,0.0,128,6,train
1309,low_noise_013,low_noise,13,22,150013,0.01,0.02,0.0,128,6,train
1310,low_noise_013,low_noise,13,23,150013,0.01,0.02,0.0,128,6,train
1311,low_noise_013,low_noise,13,24,150013,0.01,0.02,0.0,128,6,train
1312,low_noise_013,low_noise,13,25,150013,0.01,0.02,0.0,128,6,train
1313,low_noise_013,low_noise,13,26,150013,0.01,0.02,0.0,128,6,train
1314,low_noise_013,low_noise,13,27,150013,0.01,0.02,0.0,128,6,train
1315,low_noise_013,low_noise,13,28,150013,0.01,0.02,0.0,128,6,train
1316,low_noise_013,low_noise,13,29,150013,0.01,0.02,0.0,128,6,train
1317,low_noise_013,low_noise,13,30,150013,0.01,0.02,0.0,128,6,train
1318,low_noise_013,low_noise,13,31,150013,0.01,0.02,0.0,128,6,train
1319,low_noise_013,low_noise,13,32,150013,0.01,0.02,0.0,128,6,train
1320,low_noise_013,low_noise,13,33,150013,0.01,0.02,0.0,128,6,train
1321,low_noise_013,low_noise,13,34,150013,0.01,0.02,0.0,128,6,train
1322,low_noise_013,low_noise,13,35,150013,0.01,0.02,0.0,128,6,train
1323,low_noise_013,low_noise,13,36,150013,0.01,0.02,0.0,128,6,train
1324,low_noise_013,low_noise,13,37,150013,0.01,0.02,0.0,128,6,train
1325,low_noise_013,low_noise,13,38,150013,0.01,0.02,0.0,128,6,train
1326,low_noise_013,low_noise,13,39,150013,0.01,0.02,0.0,128,6,train
1327,low_noise_013,low_noise,13,40,150013,0.01,0.02,0.0,128,6,train
1328,low_noise_013,low_noise,13,41,150013,0.01,0.02,0.0,128,6,train
1329,low_noise_013,low_noise,13,42,150013,0.01,0.02,0.0,128,6,train
1330,low_noise_013,low_noise,13,43,150013,0.01,0.02,0.0,128,6,train
1331,low_noise_013,low_noise,13,44,150013,0.01,0.02,0.0,128,6,train
1332,low_noise_013,low_noise,13,45,150013,0.01,0.02,0.0,128,6,train
1333,low_noise_013,low_noise,13,46,150013,0.01,0.02,0.0,128,6,train
1334,low_noise_013,low_noise,13,47,150013,0.01,0.02,0.0,128,6,train
1335,low_noise_013,low_noise,13,48,150013,0.01,0.02,0.0,128,6,train
1336,low_noise_013,low_noise,13,49,150013,0.01,0.02,0.0,128,6,train
1337,low_noise_013,low_noise,13,50,150013,0.01,0.02,0.0,128,6,train
1338,low_noise_013,low_noise,13,51,150013,0.01,0.02,0.0,128,6,train
1339,low_noise_013,low_noise,13,52,150013,0.01,0.02,0.0,128,6,train
1340,low_noise_013,low_noise,13,53,150013,0.01,0.02,0.0,128,6,train
1341,low_noise_013,low_noise,13,54,150013,0.01,0.02,0.0,128,6,train
1342,low_noise_013,low_noise,13,55,150013,0.01,0.02,0.0,128,6,train
1343,low_noise_013,low_noise,13,56,150013,0.01,0.02,0.0,128,6,train
1344,low_noise_013,low_noise,13,57,150013,0.01,0.02,0.0,128,6,train
1345,low_noise_013,low_noise,13,58,150013,0.01,0.02,0.0,128,6,train
1346,low_noise_013,low_noise,13,59,150013,0.01,0.02,0.0,128,6,train
1347,low_noise_013,low_noise,13,60,150013,0.01,0.02,0.0,128,6,train
1348,low_noise_013,low_noise,13,61,150013,0.01,0.02,0.0,128,6,train
1349,low_noise_013,low_noise,13,62,150013,0.01,0.02,0.0,128,6,train
1350,low_noise_013,low_noise,13,63,150013,0.01,0.02,0.0,128,6,train
1351,low_noise_013,low_noise,13,64,150013,0.01,0.02,0.0,128,6,train
1352,low_noise_013,low_noise,13,65,150013,0.01,0.02,0.0,128,6,train
1353,low_noise_013,low_noise,13,66,150013,0.01,0.02,0.0,128,6,train
1354,low_noise_013,low_noise,13,67,150013,0.01,0.02,0.0,128,6,train
1355,low_noise_013,low_noise,13,68,150013,0.01,0.02,0.0,128,6,train
1356,low_noise_013,low_noise,13,69,150013,0.01,0.02,0.0,128,6,train
1357,low_noise_013,low_noise,13,70,150013,0.01,0.02,0.0,128,6,train
1358,low_noise_013,low_noise,13,71,150013,0.01,0.02,0.0,128,6,train
1359,low_noise_013,low_noise,13,72,150013,0.01,0.02,0.0,128,6,train
1360,low_noise_013,low_noise,13,73,150013,0.01,0.02,0.0,128,6,train
1361,low_noise_013,low_noise,13,74,150013,0.01,0.02,0.0,128,6,train
1362,low_noise_013,low_noise,13,75,150013,0.01,0.02,0.0,128,6,train
1363,low_noise_013,low_noise,13,76,150013,0.01,0.02,0.0,128,6,train
1364,low_noise_013,low_noise,13,77,150013,0.01,0.02,0.0,128,6,train
1365,low_noise_013,low_noise,13,78,150013,0.01,0.02,0.0,128,6,train
1366,low_noise_013,low_noise,13,79,150013,0.01,0.02,0.0,128,6,train
1367,low_noise_013,low_noise,13,80,150013,0.01,0.02,0.0,128,6,train
1368,low_noise_013,low_noise,13,81,150013,0.01,0.02,0.0,128,6,train
1369,low_noise_013,low_noise,13,82,150013,0.01,0.02,0.0,128,6,train
1370,low_noise_013,low_noise,13,83,150013,0.01,0.02,0.0,128,6,train
1371,low_noise_013,low_noise,13,84,150013,0.01,0.02,0.0,128,6,train
1372,low_noise_013,low_noise,13,85,150013,0.01,0.02,0.0,128,6,train
1373,low_noise_013,low_noise,13,86,150013,0.01,0.02,0.0,128,6,train
1374,low_noise_013,low_noise,13,87,150013,0.01,0.02,0.0,128,6,train
1375,low_noise_013,low_noise,13,88,150013,0.01,0.02,0.0,128,6,train
1376,low_noise_013,low_noise,13,89,150013,0.01,0.02,0.0,128,6,train
1377,low_noise_013,low_noise,13,90,150013,0.01,0.02,0.0,128,6,train
1378,low_noise_013,low_noise,13,91,150013,0.01,0.02,0.0,128,6,train
1379,low_noise_013,low_noise,13,92,150013,0.01,0.02,0.0,128,6,train
1380,low_noise_013,low_noise,13,93,150013,0.01,0.02,0.0,128,6,train
1381,low_noise_013,low_noise,13,94,150013,0.01,0.02,0.0,128,6,train
1382,low_noise_013,low_noise,13,95,150013,0.01,0.02,0.0,128,6,train
1383,low_noise_013,low_noise,13,96,150013,0.01,0.02,0.0,128,6,train
1384,low_noise_013,low_noise,13,97,150013,0.01,0.02,0.0,128,6,train
1385,low_noise_013,low_noise,13,98,150013,0.01,0.02,0.0,128,6,train
1386,low_noise_014,low_noise,14,0,150014,0.01,0.02,0.0,128,6,train
1387,low_noise_014,low_noise,14,1,150014,0.01,0.02,0.0,128,6,train
1388,low_noise_014,low_noise,14,2,150014,0.01,0.02,0.0,128,6,train
1389,low_noise_014,low_noise,14,3,150014,0.01,0.02,0.0,128,6,train
1390,low_noise_014,low_noise,14,4,150014,0.01,0.02,0.0,128,6,train
1391,low_noise_014,low_noise,14,5,150014,0.01,0.02,0.0,128,6,train
1392,low_noise_014,low_noise,14,6,150014,0.01,0.02,0.0,128,6,train
1393,low_noise_014,low_noise,14,7,150014,0.01,0.02,0.0,128,6,train
1394,low_noise_014,low_noise,14,8,150014,0.01,0.02,0.0,128,6,train
1395,low_noise_014,low_noise,14,9,150014,0.01,0.02,0.0,128,6,train
1396,low_noise_014,low_noise,14,10,150014,0.01,0.02,0.0,128,6,train
1397,low_noise_014,low_noise,14,11,150014,0.01,0.02,0.0,128,6,train
1398,low_noise_014,low_noise,14,12,150014,0.01,0.02,0.0,128,6,train
1399,low_noise_014,low_noise,14,13,150014,0.01,0.02,0.0,128,6,train
1400,low_noise_014,low_noise,14,14,150014,0.01,0.02,0.0,128,6,train
1401,low_noise_014,low_noise,14,15,150014,0.01,0.02,0.0,128,6,train
1402,low_noise_014,low_noise,14,16,150014,0.01,0.02,0.0,128,6,train
1403,low_noise_014,low_noise,14,17,150014,0.01,0.02,0.0,128,6,train
1404,low_noise_014,low_noise,14,18,150014,0.01,0.02,0.0,128,6,train
1405,low_noise_014,low_noise,14,19,150014,0.01,0.02,0.0,128,6,train
1406,low_noise_014,low_noise,14,20,150014,0.01,0.02,0.0,128,6,train
1407,low_noise_014,low_noise,14,21,150014,0.01,0.02,0.0,128,6,train
1408,low_noise_014,low_noise,14,22,150014,0.01,0.02,0.0,128,6,train
1409,low_noise_014,low_noise,14,23,150014,0.01,0.02,0.0,128,6,train
1410,low_noise_014,low_noise,14,24,150014,0.01,0.02,0.0,128,6,train
1411,low_noise_014,low_noise,14,25,150014,0.01,0.02,0.0,128,6,train
1412,low_noise_014,low_noise,14,26,150014,0.01,0.02,0.0,128,6,train
1413,low_noise_014,low_noise,14,27,150014,0.01,0.02,0.0,128,6,train
1414,low_noise_014,low_noise,14,28,150014,0.01,0.02,0.0,128,6,train
1415,low_noise_014,low_noise,14,29,150014,0.01,0.02,0.0,128,6,train
1416,low_noise_014,low_noise,14,30,150014,0.01,0.02,0.0,128,6,train
1417,low_noise_014,low_noise,14,31,150014,0.01,0.02,0.0,128,6,train
1418,low_noise_014,low_noise,14,32,150014,0.01,0.02,0.0,128,6,train
1419,low_noise_014,low_noise,14,33,150014,0.01,0.02,0.0,128,6,train
1420,low_noise_014,low_noise,14,34,150014,0.01,0.02,0.0,128,6,train
1421,low_noise_014,low_noise,14,35,150014,0.01,0.02,0.0,128,6,train
1422,low_noise_014,low_noise,14,36,150014,0.01,0.02,0.0,128,6,train
1423,low_noise_014,low_noise,14,37,150014,0.01,0.02,0.0,128,6,train
1424,low_noise_014,low_noise,14,38,150014,0.01,0.02,0.0,128,6,train
1425,low_noise_014,low_noise,14,39,150014,0.01,0.02,0.0,128,6,train
1426,low_noise_014,low_noise,14,40,150014,0.01,0.02,0.0,128,6,train
1427,low_noise_014,low_noise,14,41,150014,0.01,0.02,0.0,128,6,train
1428,low_noise_014,low_noise,14,42,150014,0.01,0.02,0.0,128,6,train
1429,low_noise_014,low_noise,14,43,150014,0.01,0.02,0.0,128,6,train
1430,low_noise_014,low_noise,14,44,150014,0.01,0.02,0.0,128,6,train
1431,low_noise_014,low_noise,14,45,150014,0.01,0.02,0.0,128,6,train
1432,low_noise_014,low_noise,14,46,150014,0.01,0.02,0.0,128,6,train
1433,low_noise_014,low_noise,14,47,150014,0.01,0.02,0.0,128,6,train
1434,low_noise_014,low_noise,14,48,150014,0.01,0.02,0.0,128,6,train
1435,low_noise_014,low_noise,14,49,150014,0.01,0.02,0.0,128,6,train
1436,low_noise_014,low_noise,14,50,150014,0.01,0.02,0.0,128,6,train
1437,low_noise_014,low_noise,14,51,150014,0.01,0.02,0.0,128,6,train
1438,low_noise_014,low_noise,14,52,150014,0.01,0.02,0.0,128,6,train
1439,low_noise_014,low_noise,14,53,150014,0.01,0.02,0.0,128,6,train
1440,low_noise_014,low_noise,14,54,150014,0.01,0.02,0.0,128,6,train
1441,low_noise_014,low_noise,14,55,150014,0.01,0.02,0.0,128,6,train
1442,low_noise_014,low_noise,14,56,150014,0.01,0.02,0.0,128,6,train
1443,low_noise_014,low_noise,14,57,150014,0.01,0.02,0.0,128,6,train
1444,low_noise_014,low_noise,14,58,150014,0.01,0.02,0.0,128,6,train
1445,low_noise_014,low_noise,14,59,150014,0.01,0.02,0.0,128,6,train
1446,low_noise_014,low_noise,14,60,150014,0.01,0.02,0.0,128,6,train
1447,low_noise_014,low_noise,14,61,150014,0.01,0.02,0.0,128,6,train
1448,low_noise_014,low_noise,14,62,150014,0.01,0.02,0.0,128,6,train
1449,low_noise_014,low_noise,14,63,150014,0.01,0.02,0.0,128,6,train
1450,low_noise_014,low_noise,14,64,150014,0.01,0.02,0.0,128,6,train
1451,low_noise_014,low_noise,14,65,150014,0.01,0.02,0.0,128,6,train
1452,low_noise_014,low_noise,14,66,150014,0.01,0.02,0.0,128,6,train
1453,low_noise_014,low_noise,14,67,150014,0.01,0.02,0.0,128,6,train
1454,low_noise_014,low_noise,14,68,150014,0.01,0.02,0.0,128,6,train
1455,low_noise_014,low_noise,14,69,150014,0.01,0.02,0.0,128,6,train
1456,low_noise_014,low_noise,14,70,150014,0.01,0.02,0.0,128,6,train
1457,low_noise_014,low_noise,14,71,150014,0.01,0.02,0.0,128,6,train
1458,low_noise_014,low_noise,14,72,150014,0.01,0.02,0.0,128,6,train
1459,low_noise_014,low_noise,14,73,150014,0.01,0.02,0.0,128,6,train
1460,low_noise_014,low_noise,14,74,150014,0.01,0.02,0.0,128,6,train
1461,low_noise_014,low_noise,14,75,150014,0.01,0.02,0.0,128,6,train
1462,low_noise_014,low_noise,14,76,150014,0.01,0.02,0.0,128,6,train
1463,low_noise_014,low_noise,14,77,150014,0.01,0.02,0.0,128,6,train
1464,low_noise_014,low_noise,14,78,150014,0.01,0.02,0.0,128,6,train
1465,low_noise_014,low_noise,14,79,150014,0.01,0.02,0.0,128,6,train
1466,low_noise_014,low_noise,14,80,150014,0.01,0.02,0.0,128,6,train
1467,low_noise_014,low_noise,14,81,150014,0.01,0.02,0.0,128,6,train
1468,low_noise_014,low_noise,14,82,150014,0.01,0.02,0.0,128,6,train
1469,low_noise_014,low_noise,14,83,150014,0.01,0.02,0.0,128,6,train
1470,low_noise_014,low_noise,14,84,150014,0.01,0.02,0.0,128,6,train
1471,low_noise_014,low_noise,14,85,150014,0.01,0.02,0.0,128,6,train
1472,low_noise_014,low_noise,14,86,150014,0.01,0.02,0.0,128,6,train
1473,low_noise_014,low_noise,14,87,150014,0.01,0.02,0.0,128,6,train
1474,low_noise_014,low_noise,14,88,150014,0.01,0.02,0.0,128,6,train
1475,low_noise_014,low_noise,14,89,150014,0.01,0.02,0.0,128,6,train
1476,low_noise_014,low_noise,14,90,150014,0.01,0.02,0.0,128,6,train
1477,low_noise_014,low_noise,14,91,150014,0.01,0.02,0.0,128,6,train
1478,low_noise_014,low_noise,14,92,150014,0.01,0.02,0.0,128,6,train
1479,low_noise_014,low_noise,14,93,150014,0.01,0.02,0.0,128,6,train
1480,low_noise_014,low_noise,14,94,150014,0.01,0.02,0.0,128,6,train
1481,low_noise_014,low_noise,14,95,150014,0.01,0.02,0.0,128,6,train
1482,low_noise_014,low_noise,14,96,150014,0.01,0.02,0.0,128,6,train
1483,low_noise_014,low_noise,14,97,150014,0.01,0.02,0.0,128,6,train
1484,low_noise_014,low_noise,14,98,150014,0.01,0.02,0.0,128,6,train
1485,low_noise_015,low_noise,15,0,150015,0.01,0.02,0.0,128,6,validation
1486,low_noise_015,low_noise,15,1,150015,0.01,0.02,0.0,128,6,validation
1487,low_noise_015,low_noise,15,2,150015,0.01,0.02,0.0,128,6,validation
1488,low_noise_015,low_noise,15,3,150015,0.01,0.02,0.0,128,6,validation
1489,low_noise_015,low_noise,15,4,150015,0.01,0.02,0.0,128,6,validation
1490,low_noise_015,low_noise,15,5,150015,0.01,0.02,0.0,128,6,validation
1491,low_noise_015,low_noise,15,6,150015,0.01,0.02,0.0,128,6,validation
1492,low_noise_015,low_noise,15,7,150015,0.01,0.02,0.0,128,6,validation
1493,low_noise_015,low_noise,15,8,150015,0.01,0.02,0.0,128,6,validation
1494,low_noise_015,low_noise,15,9,150015,0.01,0.02,0.0,128,6,validation
1495,low_noise_015,low_noise,15,10,150015,0.01,0.02,0.0,128,6,validation
1496,low_noise_015,low_noise,15,11,150015,0.01,0.02,0.0,128,6,validation
1497,low_noise_015,low_noise,15,12,150015,0.01,0.02,0.0,128,6,validation
1498,low_noise_015,low_noise,15,13,150015,0.01,0.02,0.0,128,6,validation
1499,low_noise_015,low_noise,15,14,150015,0.01,0.02,0.0,128,6,validation
1500,low_noise_015,low_noise,15,15,150015,0.01,0.02,0.0,128,6,validation
1501,low_noise_015,low_noise,15,16,150015,0.01,0.02,0.0,128,6,validation
1502,low_noise_015,low_noise,15,17,150015,0.01,0.02,0.0,128,6,validation
1503,low_noise_015,low_noise,15,18,150015,0.01,0.02,0.0,128,6,validation
1504,low_noise_015,low_noise,15,19,150015,0.01,0.02,0.0,128,6,validation
1505,low_noise_015,low_noise,15,20,150015,0.01,0.02,0.0,128,6,validation
1506,low_noise_015,low_noise,15,21,150015,0.01,0.02,0.0,128,6,validation
1507,low_noise_015,low_noise,15,22,150015,0.01,0.02,0.0,128,6,validation
1508,low_noise_015,low_noise,15,23,150015,0.01,0.02,0.0,128,6,validation
1509,low_noise_015,low_noise,15,24,150015,0.01,0.02,0.0,128,6,validation
1510,low_noise_015,low_noise,15,25,150015,0.01,0.02,0.0,128,6,validation
1511,low_noise_015,low_noise,15,26,150015,0.01,0.02,0.0,128,6,validation
1512,low_noise_015,low_noise,15,27,150015,0.01,0.02,0.0,128,6,validation
1513,low_noise_015,low_noise,15,28,150015,0.01,0.02,0.0,128,6,validation
1514,low_noise_015,low_noise,15,29,150015,0.01,0.02,0.0,128,6,validation
1515,low_noise_015,low_noise,15,30,150015,0.01,0.02,0.0,128,6,validation
1516,low_noise_015,low_noise,15,31,150015,0.01,0.02,0.0,128,6,validation
1517,low_noise_015,low_noise,15,32,150015,0.01,0.02,0.0,128,6,validation
1518,low_noise_015,low_noise,15,33,150015,0.01,0.02,0.0,128,6,validation
1519,low_noise_015,low_noise,15,34,150015,0.01,0.02,0.0,128,6,validation
1520,low_noise_015,low_noise,15,35,150015,0.01,0.02,0.0,128,6,validation
1521,low_noise_015,low_noise,15,36,150015,0.01,0.02,0.0,128,6,validation
1522,low_noise_015,low_noise,15,37,150015,0.01,0.02,0.0,128,6,validation
1523,low_noise_015,low_noise,15,38,150015,0.01,0.02,0.0,128,6,validation
1524,low_noise_015,low_noise,15,39,150015,0.01,0.02,0.0,128,6,validation
1525,low_noise_015,low_noise,15,40,150015,0.01,0.02,0.0,128,6,validation
1526,low_noise_015,low_noise,15,41,150015,0.01,0.02,0.0,128,6,validation
1527,low_noise_015,low_noise,15,42,150015,0.01,0.02,0.0,128,6,validation
1528,low_noise_015,low_noise,15,43,150015,0.01,0.02,0.0,128,6,validation
1529,low_noise_015,low_noise,15,44,150015,0.01,0.02,0.0,128,6,validation
1530,low_noise_015,low_noise,15,45,150015,0.01,0.02,0.0,128,6,validation
1531,low_noise_015,low_noise,15,46,150015,0.01,0.02,0.0,128,6,validation
1532,low_noise_015,low_noise,15,47,150015,0.01,0.02,0.0,128,6,validation
1533,low_noise_015,low_noise,15,48,150015,0.01,0.02,0.0,128,6,validation
1534,low_noise_015,low_noise,15,49,150015,0.01,0.02,0.0,128,6,validation
1535,low_noise_015,low_noise,15,50,150015,0.01,0.02,0.0,128,6,validation
1536,low_noise_015,low_noise,15,51,150015,0.01,0.02,0.0,128,6,validation
1537,low_noise_015,low_noise,15,52,150015,0.01,0.02,0.0,128,6,validation
1538,low_noise_015,low_noise,15,53,150015,0.01,0.02,0.0,128,6,validation
1539,low_noise_015,low_noise,15,54,150015,0.01,0.02,0.0,128,6,validation
1540,low_noise_015,low_noise,15,55,150015,0.01,0.02,0.0,128,6,validation
1541,low_noise_015,low_noise,15,56,150015,0.01,0.02,0.0,128,6,validation
1542,low_noise_015,low_noise,15,57,150015,0.01,0.02,0.0,128,6,validation
1543,low_noise_015,low_noise,15,58,150015,0.01,0.02,0.0,128,6,validation
1544,low_noise_015,low_noise,15,59,150015,0.01,0.02,0.0,128,6,validation
1545,low_noise_015,low_noise,15,60,150015,0.01,0.02,0.0,128,6,validation
1546,low_noise_015,low_noise,15,61,150015,0.01,0.02,0.0,128,6,validation
1547,low_noise_015,low_noise,15,62,150015,0.01,0.02,0.0,128,6,validation
1548,low_noise_015,low_noise,15,63,150015,0.01,0.02,0.0,128,6,validation
1549,low_noise_015,low_noise,15,64,150015,0.01,0.02,0.0,128,6,validation
1550,low_noise_015,low_noise,15,65,150015,0.01,0.02,0.0,128,6,validation
1551,low_noise_015,low_noise,15,66,150015,0.01,0.02,0.0,128,6,validation
1552,low_noise_015,low_noise,15,67,150015,0.01,0.02,0.0,128,6,validation
1553,low_noise_015,low_noise,15,68,150015,0.01,0.02,0.0,128,6,validation
1554,low_noise_015,low_noise,15,69,150015,0.01,0.02,0.0,128,6,validation
1555,low_noise_015,low_noise,15,70,150015,0.01,0.02,0.0,128,6,validation
1556,low_noise_015,low_noise,15,71,150015,0.01,0.02,0.0,128,6,validation
1557,low_noise_015,low_noise,15,72,150015,0.01,0.02,0.0,128,6,validation
1558,low_noise_015,low_noise,15,73,150015,0.01,0.02,0.0,128,6,validation
1559,low_noise_015,low_noise,15,74,150015,0.01,0.02,0.0,128,6,validation
1560,low_noise_015,low_noise,15,75,150015,0.01,0.02,0.0,128,6,validation
1561,low_noise_015,low_noise,15,76,150015,0.01,0.02,0.0,128,6,validation
1562,low_noise_015,low_noise,15,77,150015,0.01,0.02,0.0,128,6,validation
1563,low_noise_015,low_noise,15,78,150015,0.01,0.02,0.0,128,6,validation
1564,low_noise_015,low_noise,15,79,150015,0.01,0.02,0.0,128,6,validation
1565,low_noise_015,low_noise,15,80,150015,0.01,0.02,0.0,128,6,validation
1566,low_noise_015,low_noise,15,81,150015,0.01,0.02,0.0,128,6,validation
1567,low_noise_015,low_noise,15,82,150015,0.01,0.02,0.0,128,6,validation
1568,low_noise_015,low_noise,15,83,150015,0.01,0.02,0.0,128,6,validation
1569,low_noise_015,low_noise,15,84,150015,0.01,0.02,0.0,128,6,validation
1570,low_noise_015,low_noise,15,85,150015,0.01,0.02,0.0,128,6,validation
1571,low_noise_015,low_noise,15,86,150015,0.01,0.02,0.0,128,6,validation
1572,low_noise_015,low_noise,15,87,150015,0.01,0.02,0.0,128,6,validation
1573,low_noise_015,low_noise,15,88,150015,0.01,0.02,0.0,128,6,validation
1574,low_noise_015,low_noise,15,89,150015,0.01,0.02,0.0,128,6,validation
1575,low_noise_015,low_noise,15,90,150015,0.01,0.02,0.0,128,6,validation
1576,low_noise_015,low_noise,15,91,150015,0.01,0.02,0.0,128,6,validation
1577,low_noise_015,low_noise,15,92,150015,0.01,0.02,0.0,128,6,validation
1578,low_noise_015,low_noise,15,93,150015,0.01,0.02,0.0,128,6,validation
1579,low_noise_015,low_noise,15,94,150015,0.01,0.02,0.0,128,6,validation
1580,low_noise_015,low_noise,15,95,150015,0.01,0.02,0.0,128,6,validation
1581,low_noise_015,low_noise,15,96,150015,0.01,0.02,0.0,128,6,validation
1582,low_noise_015,low_noise,15,97,150015,0.01,0.02,0.0,128,6,validation
1583,low_noise_015,low_noise,15,98,150015,0.01,0.02,0.0,128,6,validation
1584,low_noise_016,low_noise,16,0,150016,0.01,0.02,0.0,128,6,train
1585,low_noise_016,low_noise,16,1,150016,0.01,0.02,0.0,128,6,train
1586,low_noise_016,low_noise,16,2,150016,0.01,0.02,0.0,128,6,train
1587,low_noise_016,low_noise,16,3,150016,0.01,0.02,0.0,128,6,train
1588,low_noise_016,low_noise,16,4,150016,0.01,0.02,0.0,128,6,train
1589,low_noise_016,low_noise,16,5,150016,0.01,0.02,0.0,128,6,train
1590,low_noise_016,low_noise,16,6,150016,0.01,0.02,0.0,128,6,train
1591,low_noise_016,low_noise,16,7,150016,0.01,0.02,0.0,128,6,train
1592,low_noise_016,low_noise,16,8,150016,0.01,0.02,0.0,128,6,train
1593,low_noise_016,low_noise,16,9,150016,0.01,0.02,0.0,128,6,train
1594,low_noise_016,low_noise,16,10,150016,0.01,0.02,0.0,128,6,train
1595,low_noise_016,low_noise,16,11,150016,0.01,0.02,0.0,128,6,train
1596,low_noise_016,low_noise,16,12,150016,0.01,0.02,0.0,128,6,train
1597,low_noise_016,low_noise,16,13,150016,0.01,0.02,0.0,128,6,train
1598,low_noise_016,low_noise,16,14,150016,0.01,0.02,0.0,128,6,train
1599,low_noise_016,low_noise,16,15,150016,0.01,0.02,0.0,128,6,train
1600,low_noise_016,low_noise,16,16,150016,0.01,0.02,0.0,128,6,train
1601,low_noise_016,low_noise,16,17,150016,0.01,0.02,0.0,128,6,train
1602,low_noise_016,low_noise,16,18,150016,0.01,0.02,0.0,128,6,train
1603,low_noise_016,low_noise,16,19,150016,0.01,0.02,0.0,128,6,train
1604,low_noise_016,low_noise,16,20,150016,0.01,0.02,0.0,128,6,train
1605,low_noise_016,low_noise,16,21,150016,0.01,0.02,0.0,128,6,train
1606,low_noise_016,low_noise,16,22,150016,0.01,0.02,0.0,128,6,train
1607,low_noise_016,low_noise,16,23,150016,0.01,0.02,0.0,128,6,train
1608,low_noise_016,low_noise,16,24,150016,0.01,0.02,0.0,128,6,train
1609,low_noise_016,low_noise,16,25,150016,0.01,0.02,0.0,128,6,train
1610,low_noise_016,low_noise,16,26,150016,0.01,0.02,0.0,128,6,train
1611,low_noise_016,low_noise,16,27,150016,0.01,0.02,0.0,128,6,train
1612,low_noise_016,low_noise,16,28,150016,0.01,0.02,0.0,128,6,train
1613,low_noise_016,low_noise,16,29,150016,0.01,0.02,0.0,128,6,train
1614,low_noise_016,low_noise,16,30,150016,0.01,0.02,0.0,128,6,train
1615,low_noise_016,low_noise,16,31,150016,0.01,0.02,0.0,128,6,train
1616,low_noise_016,low_noise,16,32,150016,0.01,0.02,0.0,128,6,train
1617,low_noise_016,low_noise,16,33,150016,0.01,0.02,0.0,128,6,train
1618,low_noise_016,low_noise,16,34,150016,0.01,0.02,0.0,128,6,train
1619,low_noise_016,low_noise,16,35,150016,0.01,0.02,0.0,128,6,train
1620,low_noise_016,low_noise,16,36,150016,0.01,0.02,0.0,128,6,train
1621,low_noise_016,low_noise,16,37,150016,0.01,0.02,0.0,128,6,train
1622,low_noise_016,low_noise,16,38,150016,0.01,0.02,0.0,128,6,train
1623,low_noise_016,low_noise,16,39,150016,0.01,0.02,0.0,128,6,train
1624,low_noise_016,low_noise,16,40,150016,0.01,0.02,0.0,128,6,train
1625,low_noise_016,low_noise,16,41,150016,0.01,0.02,0.0,128,6,train
1626,low_noise_016,low_noise,16,42,150016,0.01,0.02,0.0,128,6,train
1627,low_noise_016,low_noise,16,43,150016,0.01,0.02,0.0,128,6,train
1628,low_noise_016,low_noise,16,44,150016,0.01,0.02,0.0,128,6,train
1629,low_noise_016,low_noise,16,45,150016,0.01,0.02,0.0,128,6,train
1630,low_noise_016,low_noise,16,46,150016,0.01,0.02,0.0,128,6,train
1631,low_noise_016,low_noise,16,47,150016,0.01,0.02,0.0,128,6,train
1632,low_noise_016,low_noise,16,48,150016,0.01,0.02,0.0,128,6,train
1633,low_noise_016,low_noise,16,49,150016,0.01,0.02,0.0,128,6,train
1634,low_noise_016,low_noise,16,50,150016,0.01,0.02,0.0,128,6,train
1635,low_noise_016,low_noise,16,51,150016,0.01,0.02,0.0,128,6,train
1636,low_noise_016,low_noise,16,52,150016,0.01,0.02,0.0,128,6,train
1637,low_noise_016,low_noise,16,53,150016,0.01,0.02,0.0,128,6,train
1638,low_noise_016,low_noise,16,54,150016,0.01,0.02,0.0,128,6,train
1639,low_noise_016,low_noise,16,55,150016,0.01,0.02,0.0,128,6,train
1640,low_noise_016,low_noise,16,56,150016,0.01,0.02,0.0,128,6,train
1641,low_noise_016,low_noise,16,57,150016,0.01,0.02,0.0,128,6,train
1642,low_noise_016,low_noise,16,58,150016,0.01,0.02,0.0,128,6,train
1643,low_noise_016,low_noise,16,59,150016,0.01,0.02,0.0,128,6,train
1644,low_noise_016,low_noise,16,60,150016,0.01,0.02,0.0,128,6,train
1645,low_noise_016,low_noise,16,61,150016,0.01,0.02,0.0,128,6,train
1646,low_noise_016,low_noise,16,62,150016,0.01,0.02,0.0,128,6,train
1647,low_noise_016,low_noise,16,63,150016,0.01,0.02,0.0,128,6,train
1648,low_noise_016,low_noise,16,64,150016,0.01,0.02,0.0,128,6,train
1649,low_noise_016,low_noise,16,65,150016,0.01,0.02,0.0,128,6,train
1650,low_noise_016,low_noise,16,66,150016,0.01,0.02,0.0,128,6,train
1651,low_noise_016,low_noise,16,67,150016,0.01,0.02,0.0,128,6,train
1652,low_noise_016,low_noise,16,68,150016,0.01,0.02,0.0,128,6,train
1653,low_noise_016,low_noise,16,69,150016,0.01,0.02,0.0,128,6,train
1654,low_noise_016,low_noise,16,70,150016,0.01,0.02,0.0,128,6,train
1655,low_noise_016,low_noise,16,71,150016,0.01,0.02,0.0,128,6,train
1656,low_noise_016,low_noise,16,72,150016,0.01,0.02,0.0,128,6,train
1657,low_noise_016,low_noise,16,73,150016,0.01,0.02,0.0,128,6,train
1658,low_noise_016,low_noise,16,74,150016,0.01,0.02,0.0,128,6,train
1659,low_noise_016,low_noise,16,75,150016,0.01,0.02,0.0,128,6,train
1660,low_noise_016,low_noise,16,76,150016,0.01,0.02,0.0,128,6,train
1661,low_noise_016,low_noise,16,77,150016,0.01,0.02,0.0,128,6,train
1662,low_noise_016,low_noise,16,78,150016,0.01,0.02,0.0,128,6,train
1663,low_noise_016,low_noise,16,79,150016,0.01,0.02,0.0,128,6,train
1664,low_noise_016,low_noise,16,80,150016,0.01,0.02,0.0,128,6,train
1665,low_noise_016,low_noise,16,81,150016,0.01,0.02,0.0,128,6,train
1666,low_noise_016,low_noise,16,82,150016,0.01,0.02,0.0,128,6,train
1667,low_noise_016,low_noise,16,83,150016,0.01,0.02,0.0,128,6,train
1668,low_noise_016,low_noise,16,84,150016,0.01,0.02,0.0,128,6,train
1669,low_noise_016,low_noise,16,85,150016,0.01,0.02,0.0,128,6,train
1670,low_noise_016,low_noise,16,86,150016,0.01,0.02,0.0,128,6,train
1671,low_noise_016,low_noise,16,87,150016,0.01,0.02,0.0,128,6,train
1672,low_noise_016,low_noise,16,88,150016,0.01,0.02,0.0,128,6,train
1673,low_noise_016,low_noise,16,89,150016,0.01,0.02,0.0,128,6,train
1674,low_noise_016,low_noise,16,90,150016,0.01,0.02,0.0,128,6,train
1675,low_noise_016,low_noise,16,91,150016,0.01,0.02,0.0,128,6,train
1676,low_noise_016,low_noise,16,92,150016,0.01,0.02,0.0,128,6,train
1677,low_noise_016,low_noise,16,93,150016,0.01,0.02,0.0,128,6,train
1678,low_noise_016,low_noise,16,94,150016,0.01,0.02,0.0,128,6,train
1679,low_noise_016,low_noise,16,95,150016,0.01,0.02,0.0,128,6,train
1680,low_noise_016,low_noise,16,96,150016,0.01,0.02,0.0,128,6,train
1681,low_noise_016,low_noise,16,97,150016,0.01,0.02,0.0,128,6,train
1682,low_noise_016,low_noise,16,98,150016,0.01,0.02,0.0,128,6,train
1683,low_noise_017,low_noise,17,0,150017,0.01,0.02,0.0,128,6,train
1684,low_noise_017,low_noise,17,1,150017,0.01,0.02,0.0,128,6,train
1685,low_noise_017,low_noise,17,2,150017,0.01,0.02,0.0,128,6,train
1686,low_noise_017,low_noise,17,3,150017,0.01,0.02,0.0,128,6,train
1687,low_noise_017,low_noise,17,4,150017,0.01,0.02,0.0,128,6,train
1688,low_noise_017,low_noise,17,5,150017,0.01,0.02,0.0,128,6,train
1689,low_noise_017,low_noise,17,6,150017,0.01,0.02,0.0,128,6,train
1690,low_noise_017,low_noise,17,7,150017,0.01,0.02,0.0,128,6,train
1691,low_noise_017,low_noise,17,8,150017,0.01,0.02,0.0,128,6,train
1692,low_noise_017,low_noise,17,9,150017,0.01,0.02,0.0,128,6,train
1693,low_noise_017,low_noise,17,10,150017,0.01,0.02,0.0,128,6,train
1694,low_noise_017,low_noise,17,11,150017,0.01,0.02,0.0,128,6,train
1695,low_noise_017,low_noise,17,12,150017,0.01,0.02,0.0,128,6,train
1696,low_noise_017,low_noise,17,13,150017,0.01,0.02,0.0,128,6,train
1697,low_noise_017,low_noise,17,14,150017,0.01,0.02,0.0,128,6,train
1698,low_noise_017,low_noise,17,15,150017,0.01,0.02,0.0,128,6,train
1699,low_noise_017,low_noise,17,16,150017,0.01,0.02,0.0,128,6,train
1700,low_noise_017,low_noise,17,17,150017,0.01,0.02,0.0,128,6,train
1701,low_noise_017,low_noise,17,18,150017,0.01,0.02,0.0,128,6,train
1702,low_noise_017,low_noise,17,19,150017,0.01,0.02,0.0,128,6,train
1703,low_noise_017,low_noise,17,20,150017,0.01,0.02,0.0,128,6,train
1704,low_noise_017,low_noise,17,21,150017,0.01,0.02,0.0,128,6,train
1705,low_noise_017,low_noise,17,22,150017,0.01,0.02,0.0,128,6,train
1706,low_noise_017,low_noise,17,23,150017,0.01,0.02,0.0,128,6,train
1707,low_noise_017,low_noise,17,24,150017,0.01,0.02,0.0,128,6,train
1708,low_noise_017,low_noise,17,25,150017,0.01,0.02,0.0,128,6,train
1709,low_noise_017,low_noise,17,26,150017,0.01,0.02,0.0,128,6,train
1710,low_noise_017,low_noise,17,27,150017,0.01,0.02,0.0,128,6,train
1711,low_noise_017,low_noise,17,28,150017,0.01,0.02,0.0,128,6,train
1712,low_noise_017,low_noise,17,29,150017,0.01,0.02,0.0,128,6,train
1713,low_noise_017,low_noise,17,30,150017,0.01,0.02,0.0,128,6,train
1714,low_noise_017,low_noise,17,31,150017,0.01,0.02,0.0,128,6,train
1715,low_noise_017,low_noise,17,32,150017,0.01,0.02,0.0,128,6,train
1716,low_noise_017,low_noise,17,33,150017,0.01,0.02,0.0,128,6,train
1717,low_noise_017,low_noise,17,34,150017,0.01,0.02,0.0,128,6,train
1718,low_noise_017,low_noise,17,35,150017,0.01,0.02,0.0,128,6,train
1719,low_noise_017,low_noise,17,36,150017,0.01,0.02,0.0,128,6,train
1720,low_noise_017,low_noise,17,37,150017,0.01,0.02,0.0,128,6,train
1721,low_noise_017,low_noise,17,38,150017,0.01,0.02,0.0,128,6,train
1722,low_noise_017,low_noise,17,39,150017,0.01,0.02,0.0,128,6,train
1723,low_noise_017,low_noise,17,40,150017,0.01,0.02,0.0,128,6,train
1724,low_noise_017,low_noise,17,41,150017,0.01,0.02,0.0,128,6,train
1725,low_noise_017,low_noise,17,42,150017,0.01,0.02,0.0,128,6,train
1726,low_noise_017,low_noise,17,43,150017,0.01,0.02,0.0,128,6,train
1727,low_noise_017,low_noise,17,44,150017,0.01,0.02,0.0,128,6,train
1728,low_noise_017,low_noise,17,45,150017,0.01,0.02,0.0,128,6,train
1729,low_noise_017,low_noise,17,46,150017,0.01,0.02,0.0,128,6,train
1730,low_noise_017,low_noise,17,47,150017,0.01,0.02,0.0,128,6,train
1731,low_noise_017,low_noise,17,48,150017,0.01,0.02,0.0,128,6,train
1732,low_noise_017,low_noise,17,49,150017,0.01,0.02,0.0,128,6,train
1733,low_noise_017,low_noise,17,50,150017,0.01,0.02,0.0,128,6,train
1734,low_noise_017,low_noise,17,51,150017,0.01,0.02,0.0,128,6,train
1735,low_noise_017,low_noise,17,52,150017,0.01,0.02,0.0,128,6,train
1736,low_noise_017,low_noise,17,53,150017,0.01,0.02,0.0,128,6,train
1737,low_noise_017,low_noise,17,54,150017,0.01,0.02,0.0,128,6,train
1738,low_noise_017,low_noise,17,55,150017,0.01,0.02,0.0,128,6,train
1739,low_noise_017,low_noise,17,56,150017,0.01,0.02,0.0,128,6,train
1740,low_noise_017,low_noise,17,57,150017,0.01,0.02,0.0,128,6,train
1741,low_noise_017,low_noise,17,58,150017,0.01,0.02,0.0,128,6,train
1742,low_noise_017,low_noise,17,59,150017,0.01,0.02,0.0,128,6,train
1743,low_noise_017,low_noise,17,60,150017,0.01,0.02,0.0,128,6,train
1744,low_noise_017,low_noise,17,61,150017,0.01,0.02,0.0,128,6,train
1745,low_noise_017,low_noise,17,62,150017,0.01,0.02,0.0,128,6,train
1746,low_noise_017,low_noise,17,63,150017,0.01,0.02,0.0,128,6,train
1747,low_noise_017,low_noise,17,64,150017,0.01,0.02,0.0,128,6,train
1748,low_noise_017,low_noise,17,65,150017,0.01,0.02,0.0,128,6,train
1749,low_noise_017,low_noise,17,66,150017,0.01,0.02,0.0,128,6,train
1750,low_noise_017,low_noise,17,67,150017,0.01,0.02,0.0,128,6,train
1751,low_noise_017,low_noise,17,68,150017,0.01,0.02,0.0,128,6,train
1752,low_noise_017,low_noise,17,69,150017,0.01,0.02,0.0,128,6,train
1753,low_noise_017,low_noise,17,70,150017,0.01,0.02,0.0,128,6,train
1754,low_noise_017,low_noise,17,71,150017,0.01,0.02,0.0,128,6,train
1755,low_noise_017,low_noise,17,72,150017,0.01,0.02,0.0,128,6,train
1756,low_noise_017,low_noise,17,73,150017,0.01,0.02,0.0,128,6,train
1757,low_noise_017,low_noise,17,74,150017,0.01,0.02,0.0,128,6,train
1758,low_noise_017,low_noise,17,75,150017,0.01,0.02,0.0,128,6,train
1759,low_noise_017,low_noise,17,76,150017,0.01,0.02,0.0,128,6,train
1760,low_noise_017,low_noise,17,77,150017,0.01,0.02,0.0,128,6,train
1761,low_noise_017,low_noise,17,78,150017,0.01,0.02,0.0,128,6,train
1762,low_noise_017,low_noise,17,79,150017,0.01,0.02,0.0,128,6,train
1763,low_noise_017,low_noise,17,80,150017,0.01,0.02,0.0,128,6,train
1764,low_noise_017,low_noise,17,81,150017,0.01,0.02,0.0,128,6,train
1765,low_noise_017,low_noise,17,82,150017,0.01,0.02,0.0,128,6,train
1766,low_noise_017,low_noise,17,83,150017,0.01,0.02,0.0,128,6,train
1767,low_noise_017,low_noise,17,84,150017,0.01,0.02,0.0,128,6,train
1768,low_noise_017,low_noise,17,85,150017,0.01,0.02,0.0,128,6,train
1769,low_noise_017,low_noise,17,86,150017,0.01,0.02,0.0,128,6,train
1770,low_noise_017,low_noise,17,87,150017,0.01,0.02,0.0,128,6,train
1771,low_noise_017,low_noise,17,88,150017,0.01,0.02,0.0,128,6,train
1772,low_noise_017,low_noise,17,89,150017,0.01,0.02,0.0,128,6,train
1773,low_noise_017,low_noise,17,90,150017,0.01,0.02,0.0,128,6,train
1774,low_noise_017,low_noise,17,91,150017,0.01,0.02,0.0,128,6,train
1775,low_noise_017,low_noise,17,92,150017,0.01,0.02,0.0,128,6,train
1776,low_noise_017,low_noise,17,93,150017,0.01,0.02,0.0,128,6,train
1777,low_noise_017,low_noise,17,94,150017,0.01,0.02,0.0,128,6,train
1778,low_noise_017,low_noise,17,95,150017,0.01,0.02,0.0,128,6,train
1779,low_noise_017,low_noise,17,96,150017,0.01,0.02,0.0,128,6,train
1780,low_noise_017,low_noise,17,97,150017,0.01,0.02,0.0,128,6,train
1781,low_noise_017,low_noise,17,98,150017,0.01,0.02,0.0,128,6,train
1782,low_noise_018,low_noise,18,0,150018,0.01,0.02,0.0,128,6,validation
1783,low_noise_018,low_noise,18,1,150018,0.01,0.02,0.0,128,6,validation
1784,low_noise_018,low_noise,18,2,150018,0.01,0.02,0.0,128,6,validation
1785,low_noise_018,low_noise,18,3,150018,0.01,0.02,0.0,128,6,validation
1786,low_noise_018,low_noise,18,4,150018,0.01,0.02,0.0,128,6,validation
1787,low_noise_018,low_noise,18,5,150018,0.01,0.02,0.0,128,6,validation
1788,low_noise_018,low_noise,18,6,150018,0.01,0.02,0.0,128,6,validation
1789,low_noise_018,low_noise,18,7,150018,0.01,0.02,0.0,128,6,validation
1790,low_noise_018,low_noise,18,8,150018,0.01,0.02,0.0,128,6,validation
1791,low_noise_018,low_noise,18,9,150018,0.01,0.02,0.0,128,6,validation
1792,low_noise_018,low_noise,18,10,150018,0.01,0.02,0.0,128,6,validation
1793,low_noise_018,low_noise,18,11,150018,0.01,0.02,0.0,128,6,validation
1794,low_noise_018,low_noise,18,12,150018,0.01,0.02,0.0,128,6,validation
1795,low_noise_018,low_noise,18,13,150018,0.01,0.02,0.0,128,6,validation
1796,low_noise_018,low_noise,18,14,150018,0.01,0.02,0.0,128,6,validation
1797,low_noise_018,low_noise,18,15,150018,0.01,0.02,0.0,128,6,validation
1798,low_noise_018,low_noise,18,16,150018,0.01,0.02,0.0,128,6,validation
1799,low_noise_018,low_noise,18,17,150018,0.01,0.02,0.0,128,6,validation
1800,low_noise_018,low_noise,18,18,150018,0.01,0.02,0.0,128,6,validation
1801,low_noise_018,low_noise,18,19,150018,0.01,0.02,0.0,128,6,validation
1802,low_noise_018,low_noise,18,20,150018,0.01,0.02,0.0,128,6,validation
1803,low_noise_018,low_noise,18,21,150018,0.01,0.02,0.0,128,6,validation
1804,low_noise_018,low_noise,18,22,150018,0.01,0.02,0.0,128,6,validation
1805,low_noise_018,low_noise,18,23,150018,0.01,0.02,0.0,128,6,validation
1806,low_noise_018,low_noise,18,24,150018,0.01,0.02,0.0,128,6,validation
1807,low_noise_018,low_noise,18,25,150018,0.01,0.02,0.0,128,6,validation
1808,low_noise_018,low_noise,18,26,150018,0.01,0.02,0.0,128,6,validation
1809,low_noise_018,low_noise,18,27,150018,0.01,0.02,0.0,128,6,validation
1810,low_noise_018,low_noise,18,28,150018,0.01,0.02,0.0,128,6,validation
1811,low_noise_018,low_noise,18,29,150018,0.01,0.02,0.0,128,6,validation
1812,low_noise_018,low_noise,18,30,150018,0.01,0.02,0.0,128,6,validation
1813,low_noise_018,low_noise,18,31,150018,0.01,0.02,0.0,128,6,validation
1814,low_noise_018,low_noise,18,32,150018,0.01,0.02,0.0,128,6,validation
1815,low_noise_018,low_noise,18,33,150018,0.01,0.02,0.0,128,6,validation
1816,low_noise_018,low_noise,18,34,150018,0.01,0.02,0.0,128,6,validation
1817,low_noise_018,low_noise,18,35,150018,0.01,0.02,0.0,128,6,validation
1818,low_noise_018,low_noise,18,36,150018,0.01,0.02,0.0,128,6,validation
1819,low_noise_018,low_noise,18,37,150018,0.01,0.02,0.0,128,6,validation
1820,low_noise_018,low_noise,18,38,150018,0.01,0.02,0.0,128,6,validation
1821,low_noise_018,low_noise,18,39,150018,0.01,0.02,0.0,128,6,validation
1822,low_noise_018,low_noise,18,40,150018,0.01,0.02,0.0,128,6,validation
1823,low_noise_018,low_noise,18,41,150018,0.01,0.02,0.0,128,6,validation
1824,low_noise_018,low_noise,18,42,150018,0.01,0.02,0.0,128,6,validation
1825,low_noise_018,low_noise,18,43,150018,0.01,0.02,0.0,128,6,validation
1826,low_noise_018,low_noise,18,44,150018,0.01,0.02,0.0,128,6,validation
1827,low_noise_018,low_noise,18,45,150018,0.01,0.02,0.0,128,6,validation
1828,low_noise_018,low_noise,18,46,150018,0.01,0.02,0.0,128,6,validation
1829,low_noise_018,low_noise,18,47,150018,0.01,0.02,0.0,128,6,validation
1830,low_noise_018,low_noise,18,48,150018,0.01,0.02,0.0,128,6,validation
1831,low_noise_018,low_noise,18,49,150018,0.01,0.02,0.0,128,6,validation
1832,low_noise_018,low_noise,18,50,150018,0.01,0.02,0.0,128,6,validation
1833,low_noise_018,low_noise,18,51,150018,0.01,0.02,0.0,128,6,validation
1834,low_noise_018,low_noise,18,52,150018,0.01,0.02,0.0,128,6,validation
1835,low_noise_018,low_noise,18,53,150018,0.01,0.02,0.0,128,6,validation
1836,low_noise_018,low_noise,18,54,150018,0.01,0.02,0.0,128,6,validation
1837,low_noise_018,low_noise,18,55,150018,0.01,0.02,0.0,128,6,validation
1838,low_noise_018,low_noise,18,56,150018,0.01,0.02,0.0,128,6,validation
1839,low_noise_018,low_noise,18,57,150018,0.01,0.02,0.0,128,6,validation
1840,low_noise_018,low_noise,18,58,150018,0.01,0.02,0.0,128,6,validation
1841,low_noise_018,low_noise,18,59,150018,0.01,0.02,0.0,128,6,validation
1842,low_noise_018,low_noise,18,60,150018,0.01,0.02,0.0,128,6,validation
1843,low_noise_018,low_noise,18,61,150018,0.01,0.02,0.0,128,6,validation
1844,low_noise_018,low_noise,18,62,150018,0.01,0.02,0.0,128,6,validation
1845,low_noise_018,low_noise,18,63,150018,0.01,0.02,0.0,128,6,validation
1846,low_noise_018,low_noise,18,64,150018,0.01,0.02,0.0,128,6,validation
1847,low_noise_018,low_noise,18,65,150018,0.01,0.02,0.0,128,6,validation
1848,low_noise_018,low_noise,18,66,150018,0.01,0.02,0.0,128,6,validation
1849,low_noise_018,low_noise,18,67,150018,0.01,0.02,0.0,128,6,validation
1850,low_noise_018,low_noise,18,68,150018,0.01,0.02,0.0,128,6,validation
1851,low_noise_018,low_noise,18,69,150018,0.01,0.02,0.0,128,6,validation
1852,low_noise_018,low_noise,18,70,150018,0.01,0.02,0.0,128,6,validation
1853,low_noise_018,low_noise,18,71,150018,0.01,0.02,0.0,128,6,validation
1854,low_noise_018,low_noise,18,72,150018,0.01,0.02,0.0,128,6,validation
1855,low_noise_018,low_noise,18,73,150018,0.01,0.02,0.0,128,6,validation
1856,low_noise_018,low_noise,18,74,150018,0.01,0.02,0.0,128,6,validation
1857,low_noise_018,low_noise,18,75,150018,0.01,0.02,0.0,128,6,validation
1858,low_noise_018,low_noise,18,76,150018,0.01,0.02,0.0,128,6,validation
1859,low_noise_018,low_noise,18,77,150018,0.01,0.02,0.0,128,6,validation
1860,low_noise_018,low_noise,18,78,150018,0.01,0.02,0.0,128,6,validation
1861,low_noise_018,low_noise,18,79,150018,0.01,0.02,0.0,128,6,validation
1862,low_noise_018,low_noise,18,80,150018,0.01,0.02,0.0,128,6,validation
1863,low_noise_018,low_noise,18,81,150018,0.01,0.02,0.0,128,6,validation
1864,low_noise_018,low_noise,18,82,150018,0.01,0.02,0.0,128,6,validation
1865,low_noise_018,low_noise,18,83,150018,0.01,0.02,0.0,128,6,validation
1866,low_noise_018,low_noise,18,84,150018,0.01,0.02,0.0,128,6,validation
1867,low_noise_018,low_noise,18,85,150018,0.01,0.02,0.0,128,6,validation
1868,low_noise_018,low_noise,18,86,150018,0.01,0.02,0.0,128,6,validation
1869,low_noise_018,low_noise,18,87,150018,0.01,0.02,0.0,128,6,validation
1870,low_noise_018,low_noise,18,88,150018,0.01,0.02,0.0,128,6,validation
1871,low_noise_018,low_noise,18,89,150018,0.01,0.02,0.0,128,6,validation
1872,low_noise_018,low_noise,18,90,150018,0.01,0.02,0.0,128,6,validation
1873,low_noise_018,low_noise,18,91,150018,0.01,0.02,0.0,128,6,validation
1874,low_noise_018,low_noise,18,92,150018,0.01,0.02,0.0,128,6,validation
1875,low_noise_018,low_noise,18,93,150018,0.01,0.02,0.0,128,6,validation
1876,low_noise_018,low_noise,18,94,150018,0.01,0.02,0.0,128,6,validation
1877,low_noise_018,low_noise,18,95,150018,0.01,0.02,0.0,128,6,validation
1878,low_noise_018,low_noise,18,96,150018,0.01,0.02,0.0,128,6,validation
1879,low_noise_018,low_noise,18,97,150018,0.01,0.02,0.0,128,6,validation
1880,low_noise_018,low_noise,18,98,150018,0.01,0.02,0.0,128,6,validation
1881,low_noise_019,low_noise,19,0,150019,0.01,0.02,0.0,128,6,train
1882,low_noise_019,low_noise,19,1,150019,0.01,0.02,0.0,128,6,train
1883,low_noise_019,low_noise,19,2,150019,0.01,0.02,0.0,128,6,train
1884,low_noise_019,low_noise,19,3,150019,0.01,0.02,0.0,128,6,train
1885,low_noise_019,low_noise,19,4,150019,0.01,0.02,0.0,128,6,train
1886,low_noise_019,low_noise,19,5,150019,0.01,0.02,0.0,128,6,train
1887,low_noise_019,low_noise,19,6,150019,0.01,0.02,0.0,128,6,train
1888,low_noise_019,low_noise,19,7,150019,0.01,0.02,0.0,128,6,train
1889,low_noise_019,low_noise,19,8,150019,0.01,0.02,0.0,128,6,train
1890,low_noise_019,low_noise,19,9,150019,0.01,0.02,0.0,128,6,train
1891,low_noise_019,low_noise,19,10,150019,0.01,0.02,0.0,128,6,train
1892,low_noise_019,low_noise,19,11,150019,0.01,0.02,0.0,128,6,train
1893,low_noise_019,low_noise,19,12,150019,0.01,0.02,0.0,128,6,train
1894,low_noise_019,low_noise,19,13,150019,0.01,0.02,0.0,128,6,train
1895,low_noise_019,low_noise,19,14,150019,0.01,0.02,0.0,128,6,train
1896,low_noise_019,low_noise,19,15,150019,0.01,0.02,0.0,128,6,train
1897,low_noise_019,low_noise,19,16,150019,0.01,0.02,0.0,128,6,train
1898,low_noise_019,low_noise,19,17,150019,0.01,0.02,0.0,128,6,train
1899,low_noise_019,low_noise,19,18,150019,0.01,0.02,0.0,128,6,train
1900,low_noise_019,low_noise,19,19,150019,0.01,0.02,0.0,128,6,train
1901,low_noise_019,low_noise,19,20,150019,0.01,0.02,0.0,128,6,train
1902,low_noise_019,low_noise,19,21,150019,0.01,0.02,0.0,128,6,train
1903,low_noise_019,low_noise,19,22,150019,0.01,0.02,0.0,128,6,train
1904,low_noise_019,low_noise,19,23,150019,0.01,0.02,0.0,128,6,train
1905,low_noise_019,low_noise,19,24,150019,0.01,0.02,0.0,128,6,train
1906,low_noise_019,low_noise,19,25,150019,0.01,0.02,0.0,128,6,train
1907,low_noise_019,low_noise,19,26,150019,0.01,0.02,0.0,128,6,train
1908,low_noise_019,low_noise,19,27,150019,0.01,0.02,0.0,128,6,train
1909,low_noise_019,low_noise,19,28,150019,0.01,0.02,0.0,128,6,train
1910,low_noise_019,low_noise,19,29,150019,0.01,0.02,0.0,128,6,train
1911,low_noise_019,low_noise,19,30,150019,0.01,0.02,0.0,128,6,train
1912,low_noise_019,low_noise,19,31,150019,0.01,0.02,0.0,128,6,train
1913,low_noise_019,low_noise,19,32,150019,0.01,0.02,0.0,128,6,train
1914,low_noise_019,low_noise,19,33,150019,0.01,0.02,0.0,128,6,train
1915,low_noise_019,low_noise,19,34,150019,0.01,0.02,0.0,128,6,train
1916,low_noise_019,low_noise,19,35,150019,0.01,0.02,0.0,128,6,train
1917,low_noise_019,low_noise,19,36,150019,0.01,0.02,0.0,128,6,train
1918,low_noise_019,low_noise,19,37,150019,0.01,0.02,0.0,128,6,train
1919,low_noise_019,low_noise,19,38,150019,0.01,0.02,0.0,128,6,train
1920,low_noise_019,low_noise,19,39,150019,0.01,0.02,0.0,128,6,train
1921,low_noise_019,low_noise,19,40,150019,0.01,0.02,0.0,128,6,train
1922,low_noise_019,low_noise,19,41,150019,0.01,0.02,0.0,128,6,train
1923,low_noise_019,low_noise,19,42,150019,0.01,0.02,0.0,128,6,train
1924,low_noise_019,low_noise,19,43,150019,0.01,0.02,0.0,128,6,train
1925,low_noise_019,low_noise,19,44,150019,0.01,0.02,0.0,128,6,train
1926,low_noise_019,low_noise,19,45,150019,0.01,0.02,0.0,128,6,train
1927,low_noise_019,low_noise,19,46,150019,0.01,0.02,0.0,128,6,train
1928,low_noise_019,low_noise,19,47,150019,0.01,0.02,0.0,128,6,train
1929,low_noise_019,low_noise,19,48,150019,0.01,0.02,0.0,128,6,train
1930,low_noise_019,low_noise,19,49,150019,0.01,0.02,0.0,128,6,train
1931,low_noise_019,low_noise,19,50,150019,0.01,0.02,0.0,128,6,train
1932,low_noise_019,low_noise,19,51,150019,0.01,0.02,0.0,128,6,train
1933,low_noise_019,low_noise,19,52,150019,0.01,0.02,0.0,128,6,train
1934,low_noise_019,low_noise,19,53,150019,0.01,0.02,0.0,128,6,train
1935,low_noise_019,low_noise,19,54,150019,0.01,0.02,0.0,128,6,train
1936,low_noise_019,low_noise,19,55,150019,0.01,0.02,0.0,128,6,train
1937,low_noise_019,low_noise,19,56,150019,0.01,0.02,0.0,128,6,train
1938,low_noise_019,low_noise,19,57,150019,0.01,0.02,0.0,128,6,train
1939,low_noise_019,low_noise,19,58,150019,0.01,0.02,0.0,128,6,train
1940,low_noise_019,low_noise,19,59,150019,0.01,0.02,0.0,128,6,train
1941,low_noise_019,low_noise,19,60,150019,0.01,0.02,0.0,128,6,train
1942,low_noise_019,low_noise,19,61,150019,0.01,0.02,0.0,128,6,train
1943,low_noise_019,low_noise,19,62,150019,0.01,0.02,0.0,128,6,train
1944,low_noise_019,low_noise,19,63,150019,0.01,0.02,0.0,128,6,train
1945,low_noise_019,low_noise,19,64,150019,0.01,0.02,0.0,128,6,train
1946,low_noise_019,low_noise,19,65,150019,0.01,0.02,0.0,128,6,train
1947,low_noise_019,low_noise,19,66,150019,0.01,0.02,0.0,128,6,train
1948,low_noise_019,low_noise,19,67,150019,0.01,0.02,0.0,128,6,train
1949,low_noise_019,low_noise,19,68,150019,0.01,0.02,0.0,128,6,train
1950,low_noise_019,low_noise,19,69,150019,0.01,0.02,0.0,128,6,train
1951,low_noise_019,low_noise,19,70,150019,0.01,0.02,0.0,128,6,train
1952,low_noise_019,low_noise,19,71,150019,0.01,0.02,0.0,128,6,train
1953,low_noise_019,low_noise,19,72,150019,0.01,0.02,0.0,128,6,train
1954,low_noise_019,low_noise,19,73,150019,0.01,0.02,0.0,128,6,train
1955,low_noise_019,low_noise,19,74,150019,0.01,0.02,0.0,128,6,train
1956,low_noise_019,low_noise,19,75,150019,0.01,0.02,0.0,128,6,train
1957,low_noise_019,low_noise,19,76,150019,0.01,0.02,0.0,128,6,train
1958,low_noise_019,low_noise,19,77,150019,0.01,0.02,0.0,128,6,train
1959,low_noise_019,low_noise,19,78,150019,0.01,0.02,0.0,128,6,train
1960,low_noise_019,low_noise,19,79,150019,0.01,0.02,0.0,128,6,train
1961,low_noise_019,low_noise,19,80,150019,0.01,0.02,0.0,128,6,train
1962,low_noise_019,low_noise,19,81,150019,0.01,0.02,0.0,128,6,train
1963,low_noise_019,low_noise,19,82,150019,0.01,0.02,0.0,128,6,train
1964,low_noise_019,low_noise,19,83,150019,0.01,0.02,0.0,128,6,train
1965,low_noise_019,low_noise,19,84,150019,0.01,0.02,0.0,128,6,train
1966,low_noise_019,low_noise,19,85,150019,0.01,0.02,0.0,128,6,train
1967,low_noise_019,low_noise,19,86,150019,0.01,0.02,0.0,128,6,train
1968,low_noise_019,low_noise,19,87,150019,0.01,0.02,0.0,128,6,train
1969,low_noise_019,low_noise,19,88,150019,0.01,0.02,0.0,128,6,train
1970,low_noise_019,low_noise,19,89,150019,0.01,0.02,0.0,128,6,train
1971,low_noise_019,low_noise,19,90,150019,0.01,0.02,0.0,128,6,train
1972,low_noise_019,low_noise,19,91,150019,0.01,0.02,0.0,128,6,train
1973,low_noise_019,low_noise,19,92,150019,0.01,0.02,0.0,128,6,train
1974,low_noise_019,low_noise,19,93,150019,0.01,0.02,0.0,128,6,train
1975,low_noise_019,low_noise,19,94,150019,0.01,0.02,0.0,128,6,train
1976,low_noise_019,low_noise,19,95,150019,0.01,0.02,0.0,128,6,train
1977,low_noise_019,low_noise,19,96,150019,0.01,0.02,0.0,128,6,train
1978,low_noise_019,low_noise,19,97,150019,0.01,0.02,0.0,128,6,train
1979,low_noise_019,low_noise,19,98,150019,0.01,0.02,0.0,128,6,train
1980,stochastic_000,stochastic,0,0,150020,0.05,0.45,0.0,128,6,train
1981,stochastic_000,stochastic,0,1,150020,0.05,0.45,0.0,128,6,train
1982,stochastic_000,stochastic,0,2,150020,0.05,0.45,0.0,128,6,train
1983,stochastic_000,stochastic,0,3,150020,0.05,0.45,0.0,128,6,train
1984,stochastic_000,stochastic,0,4,150020,0.05,0.45,0.0,128,6,train
1985,stochastic_000,stochastic,0,5,150020,0.05,0.45,0.0,128,6,train
1986,stochastic_000,stochastic,0,6,150020,0.05,0.45,0.0,128,6,train
1987,stochastic_000,stochastic,0,7,150020,0.05,0.45,0.0,128,6,train
1988,stochastic_000,stochastic,0,8,150020,0.05,0.45,0.0,128,6,train
1989,stochastic_000,stochastic,0,9,150020,0.05,0.45,0.0,128,6,train
1990,stochastic_000,stochastic,0,10,150020,0.05,0.45,0.0,128,6,train
1991,stochastic_000,stochastic,0,11,150020,0.05,0.45,0.0,128,6,train
1992,stochastic_000,stochastic,0,12,150020,0.05,0.45,0.0,128,6,train
1993,stochastic_000,stochastic,0,13,150020,0.05,0.45,0.0,128,6,train
1994,stochastic_000,stochastic,0,14,150020,0.05,0.45,0.0,128,6,train
1995,stochastic_000,stochastic,0,15,150020,0.05,0.45,0.0,128,6,train
1996,stochastic_000,stochastic,0,16,150020,0.05,0.45,0.0,128,6,train
1997,stochastic_000,stochastic,0,17,150020,0.05,0.45,0.0,128,6,train
1998,stochastic_000,stochastic,0,18,150020,0.05,0.45,0.0,128,6,train
1999,stochastic_000,stochastic,0,19,150020,0.05,0.45,0.0,128,6,train
2000,stochastic_000,stochastic,0,20,150020,0.05,0.45,0.0,128,6,train
2001,stochastic_000,stochastic,0,21,150020,0.05,0.45,0.0,128,6,train
2002,stochastic_000,stochastic,0,22,150020,0.05,0.45,0.0,128,6,train
2003,stochastic_000,stochastic,0,23,150020,0.05,0.45,0.0,128,6,train
2004,stochastic_000,stochastic,0,24,150020,0.05,0.45,0.0,128,6,train
2005,stochastic_000,stochastic,0,25,150020,0.05,0.45,0.0,128,6,train
2006,stochastic_000,stochastic,0,26,150020,0.05,0.45,0.0,128,6,train
2007,stochastic_000,stochastic,0,27,150020,0.05,0.45,0.0,128,6,train
2008,stochastic_000,stochastic,0,28,150020,0.05,0.45,0.0,128,6,train
2009,stochastic_000,stochastic,0,29,150020,0.05,0.45,0.0,128,6,train
2010,stochastic_000,stochastic,0,30,150020,0.05,0.45,0.0,128,6,train
2011,stochastic_000,stochastic,0,31,150020,0.05,0.45,0.0,128,6,train
2012,stochastic_000,stochastic,0,32,150020,0.05,0.45,0.0,128,6,train
2013,stochastic_000,stochastic,0,33,150020,0.05,0.45,0.0,128,6,train
2014,stochastic_000,stochastic,0,34,150020,0.05,0.45,0.0,128,6,train
2015,stochastic_000,stochastic,0,35,150020,0.05,0.45,0.0,128,6,train
2016,stochastic_000,stochastic,0,36,150020,0.05,0.45,0.0,128,6,train
2017,stochastic_000,stochastic,0,37,150020,0.05,0.45,0.0,128,6,train
2018,stochastic_000,stochastic,0,38,150020,0.05,0.45,0.0,128,6,train
2019,stochastic_000,stochastic,0,39,150020,0.05,0.45,0.0,128,6,train
2020,stochastic_000,stochastic,0,40,150020,0.05,0.45,0.0,128,6,train
2021,stochastic_000,stochastic,0,41,150020,0.05,0.45,0.0,128,6,train
2022,stochastic_000,stochastic,0,42,150020,0.05,0.45,0.0,128,6,train
2023,stochastic_000,stochastic,0,43,150020,0.05,0.45,0.0,128,6,train
2024,stochastic_000,stochastic,0,44,150020,0.05,0.45,0.0,128,6,train
2025,stochastic_000,stochastic,0,45,150020,0.05,0.45,0.0,128,6,train
2026,stochastic_000,stochastic,0,46,150020,0.05,0.45,0.0,128,6,train
2027,stochastic_000,stochastic,0,47,150020,0.05,0.45,0.0,128,6,train
2028,stochastic_000,stochastic,0,48,150020,0.05,0.45,0.0,128,6,train
2029,stochastic_000,stochastic,0,49,150020,0.05,0.45,0.0,128,6,train
2030,stochastic_000,stochastic,0,50,150020,0.05,0.45,0.0,128,6,train
2031,stochastic_000,stochastic,0,51,150020,0.05,0.45,0.0,128,6,train
2032,stochastic_000,stochastic,0,52,150020,0.05,0.45,0.0,128,6,train
2033,stochastic_000,stochastic,0,53,150020,0.05,0.45,0.0,128,6,train
2034,stochastic_000,stochastic,0,54,150020,0.05,0.45,0.0,128,6,train
2035,stochastic_000,stochastic,0,55,150020,0.05,0.45,0.0,128,6,train
2036,stochastic_000,stochastic,0,56,150020,0.05,0.45,0.0,128,6,train
2037,stochastic_000,stochastic,0,57,150020,0.05,0.45,0.0,128,6,train
2038,stochastic_000,stochastic,0,58,150020,0.05,0.45,0.0,128,6,train
2039,stochastic_000,stochastic,0,59,150020,0.05,0.45,0.0,128,6,train
2040,stochastic_000,stochastic,0,60,150020,0.05,0.45,0.0,128,6,train
2041,stochastic_000,stochastic,0,61,150020,0.05,0.45,0.0,128,6,train
2042,stochastic_000,stochastic,0,62,150020,0.05,0.45,0.0,128,6,train
2043,stochastic_000,stochastic,0,63,150020,0.05,0.45,0.0,128,6,train
2044,stochastic_000,stochastic,0,64,150020,0.05,0.45,0.0,128,6,train
2045,stochastic_000,stochastic,0,65,150020,0.05,0.45,0.0,128,6,train
2046,stochastic_000,stochastic,0,66,150020,0.05,0.45,0.0,128,6,train
2047,stochastic_000,stochastic,0,67,150020,0.05,0.45,0.0,128,6,train
2048,stochastic_000,stochastic,0,68,150020,0.05,0.45,0.0,128,6,train
2049,stochastic_000,stochastic,0,69,150020,0.05,0.45,0.0,128,6,train
2050,stochastic_000,stochastic,0,70,150020,0.05,0.45,0.0,128,6,train
2051,stochastic_000,stochastic,0,71,150020,0.05,0.45,0.0,128,6,train
2052,stochastic_000,stochastic,0,72,150020,0.05,0.45,0.0,128,6,train
2053,stochastic_000,stochastic,0,73,150020,0.05,0.45,0.0,128,6,train
2054,stochastic_000,stochastic,0,74,150020,0.05,0.45,0.0,128,6,train
2055,stochastic_000,stochastic,0,75,150020,0.05,0.45,0.0,128,6,train
2056,stochastic_000,stochastic,0,76,150020,0.05,0.45,0.0,128,6,train
2057,stochastic_000,stochastic,0,77,150020,0.05,0.45,0.0,128,6,train
2058,stochastic_000,stochastic,0,78,150020,0.05,0.45,0.0,128,6,train
2059,stochastic_000,stochastic,0,79,150020,0.05,0.45,0.0,128,6,train
2060,stochastic_000,stochastic,0,80,150020,0.05,0.45,0.0,128,6,train
2061,stochastic_000,stochastic,0,81,150020,0.05,0.45,0.0,128,6,train
2062,stochastic_000,stochastic,0,82,150020,0.05,0.45,0.0,128,6,train
2063,stochastic_000,stochastic,0,83,150020,0.05,0.45,0.0,128,6,train
2064,stochastic_000,stochastic,0,84,150020,0.05,0.45,0.0,128,6,train
2065,stochastic_000,stochastic,0,85,150020,0.05,0.45,0.0,128,6,train
2066,stochastic_000,stochastic,0,86,150020,0.05,0.45,0.0,128,6,train
2067,stochastic_000,stochastic,0,87,150020,0.05,0.45,0.0,128,6,train
2068,stochastic_000,stochastic,0,88,150020,0.05,0.45,0.0,128,6,train
2069,stochastic_000,stochastic,0,89,150020,0.05,0.45,0.0,128,6,train
2070,stochastic_000,stochastic,0,90,150020,0.05,0.45,0.0,128,6,train
2071,stochastic_000,stochastic,0,91,150020,0.05,0.45,0.0,128,6,train
2072,stochastic_000,stochastic,0,92,150020,0.05,0.45,0.0,128,6,train
2073,stochastic_000,stochastic,0,93,150020,0.05,0.45,0.0,128,6,train
2074,stochastic_000,stochastic,0,94,150020,0.05,0.45,0.0,128,6,train
2075,stochastic_000,stochastic,0,95,150020,0.05,0.45,0.0,128,6,train
2076,stochastic_000,stochastic,0,96,150020,0.05,0.45,0.0,128,6,train
2077,stochastic_000,stochastic,0,97,150020,0.05,0.45,0.0,128,6,train
2078,stochastic_000,stochastic,0,98,150020,0.05,0.45,0.0,128,6,train
2079,stochastic_001,stochastic,1,0,150021,0.05,0.45,0.0,128,6,train
2080,stochastic_001,stochastic,1,1,150021,0.05,0.45,0.0,128,6,train
2081,stochastic_001,stochastic,1,2,150021,0.05,0.45,0.0,128,6,train
2082,stochastic_001,stochastic,1,3,150021,0.05,0.45,0.0,128,6,train
2083,stochastic_001,stochastic,1,4,150021,0.05,0.45,0.0,128,6,train
2084,stochastic_001,stochastic,1,5,150021,0.05,0.45,0.0,128,6,train
2085,stochastic_001,stochastic,1,6,150021,0.05,0.45,0.0,128,6,train
2086,stochastic_001,stochastic,1,7,150021,0.05,0.45,0.0,128,6,train
2087,stochastic_001,stochastic,1,8,150021,0.05,0.45,0.0,128,6,train
2088,stochastic_001,stochastic,1,9,150021,0.05,0.45,0.0,128,6,train
2089,stochastic_001,stochastic,1,10,150021,0.05,0.45,0.0,128,6,train
2090,stochastic_001,stochastic,1,11,150021,0.05,0.45,0.0,128,6,train
2091,stochastic_001,stochastic,1,12,150021,0.05,0.45,0.0,128,6,train
2092,stochastic_001,stochastic,1,13,150021,0.05,0.45,0.0,128,6,train
2093,stochastic_001,stochastic,1,14,150021,0.05,0.45,0.0,128,6,train
2094,stochastic_001,stochastic,1,15,150021,0.05,0.45,0.0,128,6,train
2095,stochastic_001,stochastic,1,16,150021,0.05,0.45,0.0,128,6,train
2096,stochastic_001,stochastic,1,17,150021,0.05,0.45,0.0,128,6,train
2097,stochastic_001,stochastic,1,18,150021,0.05,0.45,0.0,128,6,train
2098,stochastic_001,stochastic,1,19,150021,0.05,0.45,0.0,128,6,train
2099,stochastic_001,stochastic,1,20,150021,0.05,0.45,0.0,128,6,train
2100,stochastic_001,stochastic,1,21,150021,0.05,0.45,0.0,128,6,train
2101,stochastic_001,stochastic,1,22,150021,0.05,0.45,0.0,128,6,train
2102,stochastic_001,stochastic,1,23,150021,0.05,0.45,0.0,128,6,train
2103,stochastic_001,stochastic,1,24,150021,0.05,0.45,0.0,128,6,train
2104,stochastic_001,stochastic,1,25,150021,0.05,0.45,0.0,128,6,train
2105,stochastic_001,stochastic,1,26,150021,0.05,0.45,0.0,128,6,train
2106,stochastic_001,stochastic,1,27,150021,0.05,0.45,0.0,128,6,train
2107,stochastic_001,stochastic,1,28,150021,0.05,0.45,0.0,128,6,train
2108,stochastic_001,stochastic,1,29,150021,0.05,0.45,0.0,128,6,train
2109,stochastic_001,stochastic,1,30,150021,0.05,0.45,0.0,128,6,train
2110,stochastic_001,stochastic,1,31,150021,0.05,0.45,0.0,128,6,train
2111,stochastic_001,stochastic,1,32,150021,0.05,0.45,0.0,128,6,train
2112,stochastic_001,stochastic,1,33,150021,0.05,0.45,0.0,128,6,train
2113,stochastic_001,stochastic,1,34,150021,0.05,0.45,0.0,128,6,train
2114,stochastic_001,stochastic,1,35,150021,0.05,0.45,0.0,128,6,train
2115,stochastic_001,stochastic,1,36,150021,0.05,0.45,0.0,128,6,train
2116,stochastic_001,stochastic,1,37,150021,0.05,0.45,0.0,128,6,train
2117,stochastic_001,stochastic,1,38,150021,0.05,0.45,0.0,128,6,train
2118,stochastic_001,stochastic,1,39,150021,0.05,0.45,0.0,128,6,train
2119,stochastic_001,stochastic,1,40,150021,0.05,0.45,0.0,128,6,train
2120,stochastic_001,stochastic,1,41,150021,0.05,0.45,0.0,128,6,train
2121,stochastic_001,stochastic,1,42,150021,0.05,0.45,0.0,128,6,train
2122,stochastic_001,stochastic,1,43,150021,0.05,0.45,0.0,128,6,train
2123,stochastic_001,stochastic,1,44,150021,0.05,0.45,0.0,128,6,train
2124,stochastic_001,stochastic,1,45,150021,0.05,0.45,0.0,128,6,train
2125,stochastic_001,stochastic,1,46,150021,0.05,0.45,0.0,128,6,train
2126,stochastic_001,stochastic,1,47,150021,0.05,0.45,0.0,128,6,train
2127,stochastic_001,stochastic,1,48,150021,0.05,0.45,0.0,128,6,train
2128,stochastic_001,stochastic,1,49,150021,0.05,0.45,0.0,128,6,train
2129,stochastic_001,stochastic,1,50,150021,0.05,0.45,0.0,128,6,train
2130,stochastic_001,stochastic,1,51,150021,0.05,0.45,0.0,128,6,train
2131,stochastic_001,stochastic,1,52,150021,0.05,0.45,0.0,128,6,train
2132,stochastic_001,stochastic,1,53,150021,0.05,0.45,0.0,128,6,train
2133,stochastic_001,stochastic,1,54,150021,0.05,0.45,0.0,128,6,train
2134,stochastic_001,stochastic,1,55,150021,0.05,0.45,0.0,128,6,train
2135,stochastic_001,stochastic,1,56,150021,0.05,0.45,0.0,128,6,train
2136,stochastic_001,stochastic,1,57,150021,0.05,0.45,0.0,128,6,train
2137,stochastic_001,stochastic,1,58,150021,0.05,0.45,0.0,128,6,train
2138,stochastic_001,stochastic,1,59,150021,0.05,0.45,0.0,128,6,train
2139,stochastic_001,stochastic,1,60,150021,0.05,0.45,0.0,128,6,train
2140,stochastic_001,stochastic,1,61,150021,0.05,0.45,0.0,128,6,train
2141,stochastic_001,stochastic,1,62,150021,0.05,0.45,0.0,128,6,train
2142,stochastic_001,stochastic,1,63,150021,0.05,0.45,0.0,128,6,train
2143,stochastic_001,stochastic,1,64,150021,0.05,0.45,0.0,128,6,train
2144,stochastic_001,stochastic,1,65,150021,0.05,0.45,0.0,128,6,train
2145,stochastic_001,stochastic,1,66,150021,0.05,0.45,0.0,128,6,train
2146,stochastic_001,stochastic,1,67,150021,0.05,0.45,0.0,128,6,train
2147,stochastic_001,stochastic,1,68,150021,0.05,0.45,0.0,128,6,train
2148,stochastic_001,stochastic,1,69,150021,0.05,0.45,0.0,128,6,train
2149,stochastic_001,stochastic,1,70,150021,0.05,0.45,0.0,128,6,train
2150,stochastic_001,stochastic,1,71,150021,0.05,0.45,0.0,128,6,train
2151,stochastic_001,stochastic,1,72,150021,0.05,0.45,0.0,128,6,train
2152,stochastic_001,stochastic,1,73,150021,0.05,0.45,0.0,128,6,train
2153,stochastic_001,stochastic,1,74,150021,0.05,0.45,0.0,128,6,train
2154,stochastic_001,stochastic,1,75,150021,0.05,0.45,0.0,128,6,train
2155,stochastic_001,stochastic,1,76,150021,0.05,0.45,0.0,128,6,train
2156,stochastic_001,stochastic,1,77,150021,0.05,0.45,0.0,128,6,train
2157,stochastic_001,stochastic,1,78,150021,0.05,0.45,0.0,128,6,train
2158,stochastic_001,stochastic,1,79,150021,0.05,0.45,0.0,128,6,train
2159,stochastic_001,stochastic,1,80,150021,0.05,0.45,0.0,128,6,train
2160,stochastic_001,stochastic,1,81,150021,0.05,0.45,0.0,128,6,train
2161,stochastic_001,stochastic,1,82,150021,0.05,0.45,0.0,128,6,train
2162,stochastic_001,stochastic,1,83,150021,0.05,0.45,0.0,128,6,train
2163,stochastic_001,stochastic,1,84,150021,0.05,0.45,0.0,128,6,train
2164,stochastic_001,stochastic,1,85,150021,0.05,0.45,0.0,128,6,train
2165,stochastic_001,stochastic,1,86,150021,0.05,0.45,0.0,128,6,train
2166,stochastic_001,stochastic,1,87,150021,0.05,0.45,0.0,128,6,train
2167,stochastic_001,stochastic,1,88,150021,0.05,0.45,0.0,128,6,train
2168,stochastic_001,stochastic,1,89,150021,0.05,0.45,0.0,128,6,train
2169,stochastic_001,stochastic,1,90,150021,0.05,0.45,0.0,128,6,train
2170,stochastic_001,stochastic,1,91,150021,0.05,0.45,0.0,128,6,train
2171,stochastic_001,stochastic,1,92,150021,0.05,0.45,0.0,128,6,train
2172,stochastic_001,stochastic,1,93,150021,0.05,0.45,0.0,128,6,train
2173,stochastic_001,stochastic,1,94,150021,0.05,0.45,0.0,128,6,train
2174,stochastic_001,stochastic,1,95,150021,0.05,0.45,0.0,128,6,train
2175,stochastic_001,stochastic,1,96,150021,0.05,0.45,0.0,128,6,train
2176,stochastic_001,stochastic,1,97,150021,0.05,0.45,0.0,128,6,train
2177,stochastic_001,stochastic,1,98,150021,0.05,0.45,0.0,128,6,train
2178,stochastic_002,stochastic,2,0,150022,0.05,0.45,0.0,128,6,train
2179,stochastic_002,stochastic,2,1,150022,0.05,0.45,0.0,128,6,train
2180,stochastic_002,stochastic,2,2,150022,0.05,0.45,0.0,128,6,train
2181,stochastic_002,stochastic,2,3,150022,0.05,0.45,0.0,128,6,train
2182,stochastic_002,stochastic,2,4,150022,0.05,0.45,0.0,128,6,train
2183,stochastic_002,stochastic,2,5,150022,0.05,0.45,0.0,128,6,train
2184,stochastic_002,stochastic,2,6,150022,0.05,0.45,0.0,128,6,train
2185,stochastic_002,stochastic,2,7,150022,0.05,0.45,0.0,128,6,train
2186,stochastic_002,stochastic,2,8,150022,0.05,0.45,0.0,128,6,train
2187,stochastic_002,stochastic,2,9,150022,0.05,0.45,0.0,128,6,train
2188,stochastic_002,stochastic,2,10,150022,0.05,0.45,0.0,128,6,train
2189,stochastic_002,stochastic,2,11,150022,0.05,0.45,0.0,128,6,train
2190,stochastic_002,stochastic,2,12,150022,0.05,0.45,0.0,128,6,train
2191,stochastic_002,stochastic,2,13,150022,0.05,0.45,0.0,128,6,train
2192,stochastic_002,stochastic,2,14,150022,0.05,0.45,0.0,128,6,train
2193,stochastic_002,stochastic,2,15,150022,0.05,0.45,0.0,128,6,train
2194,stochastic_002,stochastic,2,16,150022,0.05,0.45,0.0,128,6,train
2195,stochastic_002,stochastic,2,17,150022,0.05,0.45,0.0,128,6,train
2196,stochastic_002,stochastic,2,18,150022,0.05,0.45,0.0,128,6,train
2197,stochastic_002,stochastic,2,19,150022,0.05,0.45,0.0,128,6,train
2198,stochastic_002,stochastic,2,20,150022,0.05,0.45,0.0,128,6,train
2199,stochastic_002,stochastic,2,21,150022,0.05,0.45,0.0,128,6,train
2200,stochastic_002,stochastic,2,22,150022,0.05,0.45,0.0,128,6,train
2201,stochastic_002,stochastic,2,23,150022,0.05,0.45,0.0,128,6,train
2202,stochastic_002,stochastic,2,24,150022,0.05,0.45,0.0,128,6,train
2203,stochastic_002,stochastic,2,25,150022,0.05,0.45,0.0,128,6,train
2204,stochastic_002,stochastic,2,26,150022,0.05,0.45,0.0,128,6,train
2205,stochastic_002,stochastic,2,27,150022,0.05,0.45,0.0,128,6,train
2206,stochastic_002,stochastic,2,28,150022,0.05,0.45,0.0,128,6,train
2207,stochastic_002,stochastic,2,29,150022,0.05,0.45,0.0,128,6,train
2208,stochastic_002,stochastic,2,30,150022,0.05,0.45,0.0,128,6,train
2209,stochastic_002,stochastic,2,31,150022,0.05,0.45,0.0,128,6,train
2210,stochastic_002,stochastic,2,32,150022,0.05,0.45,0.0,128,6,train
2211,stochastic_002,stochastic,2,33,150022,0.05,0.45,0.0,128,6,train
2212,stochastic_002,stochastic,2,34,150022,0.05,0.45,0.0,128,6,train
2213,stochastic_002,stochastic,2,35,150022,0.05,0.45,0.0,128,6,train
2214,stochastic_002,stochastic,2,36,150022,0.05,0.45,0.0,128,6,train
2215,stochastic_002,stochastic,2,37,150022,0.05,0.45,0.0,128,6,train
2216,stochastic_002,stochastic,2,38,150022,0.05,0.45,0.0,128,6,train
2217,stochastic_002,stochastic,2,39,150022,0.05,0.45,0.0,128,6,train
2218,stochastic_002,stochastic,2,40,150022,0.05,0.45,0.0,128,6,train
2219,stochastic_002,stochastic,2,41,150022,0.05,0.45,0.0,128,6,train
2220,stochastic_002,stochastic,2,42,150022,0.05,0.45,0.0,128,6,train
2221,stochastic_002,stochastic,2,43,150022,0.05,0.45,0.0,128,6,train
2222,stochastic_002,stochastic,2,44,150022,0.05,0.45,0.0,128,6,train
2223,stochastic_002,stochastic,2,45,150022,0.05,0.45,0.0,128,6,train
2224,stochastic_002,stochastic,2,46,150022,0.05,0.45,0.0,128,6,train
2225,stochastic_002,stochastic,2,47,150022,0.05,0.45,0.0,128,6,train
2226,stochastic_002,stochastic,2,48,150022,0.05,0.45,0.0,128,6,train
2227,stochastic_002,stochastic,2,49,150022,0.05,0.45,0.0,128,6,train
2228,stochastic_002,stochastic,2,50,150022,0.05,0.45,0.0,128,6,train
2229,stochastic_002,stochastic,2,51,150022,0.05,0.45,0.0,128,6,train
2230,stochastic_002,stochastic,2,52,150022,0.05,0.45,0.0,128,6,train
2231,stochastic_002,stochastic,2,53,150022,0.05,0.45,0.0,128,6,train
2232,stochastic_002,stochastic,2,54,150022,0.05,0.45,0.0,128,6,train
2233,stochastic_002,stochastic,2,55,150022,0.05,0.45,0.0,128,6,train
2234,stochastic_002,stochastic,2,56,150022,0.05,0.45,0.0,128,6,train
2235,stochastic_002,stochastic,2,57,150022,0.05,0.45,0.0,128,6,train
2236,stochastic_002,stochastic,2,58,150022,0.05,0.45,0.0,128,6,train
2237,stochastic_002,stochastic,2,59,150022,0.05,0.45,0.0,128,6,train
2238,stochastic_002,stochastic,2,60,150022,0.05,0.45,0.0,128,6,train
2239,stochastic_002,stochastic,2,61,150022,0.05,0.45,0.0,128,6,train
2240,stochastic_002,stochastic,2,62,150022,0.05,0.45,0.0,128,6,train
2241,stochastic_002,stochastic,2,63,150022,0.05,0.45,0.0,128,6,train
2242,stochastic_002,stochastic,2,64,150022,0.05,0.45,0.0,128,6,train
2243,stochastic_002,stochastic,2,65,150022,0.05,0.45,0.0,128,6,train
2244,stochastic_002,stochastic,2,66,150022,0.05,0.45,0.0,128,6,train
2245,stochastic_002,stochastic,2,67,150022,0.05,0.45,0.0,128,6,train
2246,stochastic_002,stochastic,2,68,150022,0.05,0.45,0.0,128,6,train
2247,stochastic_002,stochastic,2,69,150022,0.05,0.45,0.0,128,6,train
2248,stochastic_002,stochastic,2,70,150022,0.05,0.45,0.0,128,6,train
2249,stochastic_002,stochastic,2,71,150022,0.05,0.45,0.0,128,6,train
2250,stochastic_002,stochastic,2,72,150022,0.05,0.45,0.0,128,6,train
2251,stochastic_002,stochastic,2,73,150022,0.05,0.45,0.0,128,6,train
2252,stochastic_002,stochastic,2,74,150022,0.05,0.45,0.0,128,6,train
2253,stochastic_002,stochastic,2,75,150022,0.05,0.45,0.0,128,6,train
2254,stochastic_002,stochastic,2,76,150022,0.05,0.45,0.0,128,6,train
2255,stochastic_002,stochastic,2,77,150022,0.05,0.45,0.0,128,6,train
2256,stochastic_002,stochastic,2,78,150022,0.05,0.45,0.0,128,6,train
2257,stochastic_002,stochastic,2,79,150022,0.05,0.45,0.0,128,6,train
2258,stochastic_002,stochastic,2,80,150022,0.05,0.45,0.0,128,6,train
2259,stochastic_002,stochastic,2,81,150022,0.05,0.45,0.0,128,6,train
2260,stochastic_002,stochastic,2,82,150022,0.05,0.45,0.0,128,6,train
2261,stochastic_002,stochastic,2,83,150022,0.05,0.45,0.0,128,6,train
2262,stochastic_002,stochastic,2,84,150022,0.05,0.45,0.0,128,6,train
2263,stochastic_002,stochastic,2,85,150022,0.05,0.45,0.0,128,6,train
2264,stochastic_002,stochastic,2,86,150022,0.05,0.45,0.0,128,6,train
2265,stochastic_002,stochastic,2,87,150022,0.05,0.45,0.0,128,6,train
2266,stochastic_002,stochastic,2,88,150022,0.05,0.45,0.0,128,6,train
2267,stochastic_002,stochastic,2,89,150022,0.05,0.45,0.0,128,6,train
2268,stochastic_002,stochastic,2,90,150022,0.05,0.45,0.0,128,6,train
2269,stochastic_002,stochastic,2,91,150022,0.05,0.45,0.0,128,6,train
2270,stochastic_002,stochastic,2,92,150022,0.05,0.45,0.0,128,6,train
2271,stochastic_002,stochastic,2,93,150022,0.05,0.45,0.0,128,6,train
2272,stochastic_002,stochastic,2,94,150022,0.05,0.45,0.0,128,6,train
2273,stochastic_002,stochastic,2,95,150022,0.05,0.45,0.0,128,6,train
2274,stochastic_002,stochastic,2,96,150022,0.05,0.45,0.0,128,6,train
2275,stochastic_002,stochastic,2,97,150022,0.05,0.45,0.0,128,6,train
2276,stochastic_002,stochastic,2,98,150022,0.05,0.45,0.0,128,6,train
2277,stochastic_003,stochastic,3,0,150023,0.05,0.45,0.0,128,6,train
2278,stochastic_003,stochastic,3,1,150023,0.05,0.45,0.0,128,6,train
2279,stochastic_003,stochastic,3,2,150023,0.05,0.45,0.0,128,6,train
2280,stochastic_003,stochastic,3,3,150023,0.05,0.45,0.0,128,6,train
2281,stochastic_003,stochastic,3,4,150023,0.05,0.45,0.0,128,6,train
2282,stochastic_003,stochastic,3,5,150023,0.05,0.45,0.0,128,6,train
2283,stochastic_003,stochastic,3,6,150023,0.05,0.45,0.0,128,6,train
2284,stochastic_003,stochastic,3,7,150023,0.05,0.45,0.0,128,6,train
2285,stochastic_003,stochastic,3,8,150023,0.05,0.45,0.0,128,6,train
2286,stochastic_003,stochastic,3,9,150023,0.05,0.45,0.0,128,6,train
2287,stochastic_003,stochastic,3,10,150023,0.05,0.45,0.0,128,6,train
2288,stochastic_003,stochastic,3,11,150023,0.05,0.45,0.0,128,6,train
2289,stochastic_003,stochastic,3,12,150023,0.05,0.45,0.0,128,6,train
2290,stochastic_003,stochastic,3,13,150023,0.05,0.45,0.0,128,6,train
2291,stochastic_003,stochastic,3,14,150023,0.05,0.45,0.0,128,6,train
2292,stochastic_003,stochastic,3,15,150023,0.05,0.45,0.0,128,6,train
2293,stochastic_003,stochastic,3,16,150023,0.05,0.45,0.0,128,6,train
2294,stochastic_003,stochastic,3,17,150023,0.05,0.45,0.0,128,6,train
2295,stochastic_003,stochastic,3,18,150023,0.05,0.45,0.0,128,6,train
2296,stochastic_003,stochastic,3,19,150023,0.05,0.45,0.0,128,6,train
2297,stochastic_003,stochastic,3,20,150023,0.05,0.45,0.0,128,6,train
2298,stochastic_003,stochastic,3,21,150023,0.05,0.45,0.0,128,6,train
2299,stochastic_003,stochastic,3,22,150023,0.05,0.45,0.0,128,6,train
2300,stochastic_003,stochastic,3,23,150023,0.05,0.45,0.0,128,6,train
2301,stochastic_003,stochastic,3,24,150023,0.05,0.45,0.0,128,6,train
2302,stochastic_003,stochastic,3,25,150023,0.05,0.45,0.0,128,6,train
2303,stochastic_003,stochastic,3,26,150023,0.05,0.45,0.0,128,6,train
2304,stochastic_003,stochastic,3,27,150023,0.05,0.45,0.0,128,6,train
2305,stochastic_003,stochastic,3,28,150023,0.05,0.45,0.0,128,6,train
2306,stochastic_003,stochastic,3,29,150023,0.05,0.45,0.0,128,6,train
2307,stochastic_003,stochastic,3,30,150023,0.05,0.45,0.0,128,6,train
2308,stochastic_003,stochastic,3,31,150023,0.05,0.45,0.0,128,6,train
2309,stochastic_003,stochastic,3,32,150023,0.05,0.45,0.0,128,6,train
2310,stochastic_003,stochastic,3,33,150023,0.05,0.45,0.0,128,6,train
2311,stochastic_003,stochastic,3,34,150023,0.05,0.45,0.0,128,6,train
2312,stochastic_003,stochastic,3,35,150023,0.05,0.45,0.0,128,6,train
2313,stochastic_003,stochastic,3,36,150023,0.05,0.45,0.0,128,6,train
2314,stochastic_003,stochastic,3,37,150023,0.05,0.45,0.0,128,6,train
2315,stochastic_003,stochastic,3,38,150023,0.05,0.45,0.0,128,6,train
2316,stochastic_003,stochastic,3,39,150023,0.05,0.45,0.0,128,6,train
2317,stochastic_003,stochastic,3,40,150023,0.05,0.45,0.0,128,6,train
2318,stochastic_003,stochastic,3,41,150023,0.05,0.45,0.0,128,6,train
2319,stochastic_003,stochastic,3,42,150023,0.05,0.45,0.0,128,6,train
2320,stochastic_003,stochastic,3,43,150023,0.05,0.45,0.0,128,6,train
2321,stochastic_003,stochastic,3,44,150023,0.05,0.45,0.0,128,6,train
2322,stochastic_003,stochastic,3,45,150023,0.05,0.45,0.0,128,6,train
2323,stochastic_003,stochastic,3,46,150023,0.05,0.45,0.0,128,6,train
2324,stochastic_003,stochastic,3,47,150023,0.05,0.45,0.0,128,6,train
2325,stochastic_003,stochastic,3,48,150023,0.05,0.45,0.0,128,6,train
2326,stochastic_003,stochastic,3,49,150023,0.05,0.45,0.0,128,6,train
2327,stochastic_003,stochastic,3,50,150023,0.05,0.45,0.0,128,6,train
2328,stochastic_003,stochastic,3,51,150023,0.05,0.45,0.0,128,6,train
2329,stochastic_003,stochastic,3,52,150023,0.05,0.45,0.0,128,6,train
2330,stochastic_003,stochastic,3,53,150023,0.05,0.45,0.0,128,6,train
2331,stochastic_003,stochastic,3,54,150023,0.05,0.45,0.0,128,6,train
2332,stochastic_003,stochastic,3,55,150023,0.05,0.45,0.0,128,6,train
2333,stochastic_003,stochastic,3,56,150023,0.05,0.45,0.0,128,6,train
2334,stochastic_003,stochastic,3,57,150023,0.05,0.45,0.0,128,6,train
2335,stochastic_003,stochastic,3,58,150023,0.05,0.45,0.0,128,6,train
2336,stochastic_003,stochastic,3,59,150023,0.05,0.45,0.0,128,6,train
2337,stochastic_003,stochastic,3,60,150023,0.05,0.45,0.0,128,6,train
2338,stochastic_003,stochastic,3,61,150023,0.05,0.45,0.0,128,6,train
2339,stochastic_003,stochastic,3,62,150023,0.05,0.45,0.0,128,6,train
2340,stochastic_003,stochastic,3,63,150023,0.05,0.45,0.0,128,6,train
2341,stochastic_003,stochastic,3,64,150023,0.05,0.45,0.0,128,6,train
2342,stochastic_003,stochastic,3,65,150023,0.05,0.45,0.0,128,6,train
2343,stochastic_003,stochastic,3,66,150023,0.05,0.45,0.0,128,6,train
2344,stochastic_003,stochastic,3,67,150023,0.05,0.45,0.0,128,6,train
2345,stochastic_003,stochastic,3,68,150023,0.05,0.45,0.0,128,6,train
2346,stochastic_003,stochastic,3,69,150023,0.05,0.45,0.0,128,6,train
2347,stochastic_003,stochastic,3,70,150023,0.05,0.45,0.0,128,6,train
2348,stochastic_003,stochastic,3,71,150023,0.05,0.45,0.0,128,6,train
2349,stochastic_003,stochastic,3,72,150023,0.05,0.45,0.0,128,6,train
2350,stochastic_003,stochastic,3,73,150023,0.05,0.45,0.0,128,6,train
2351,stochastic_003,stochastic,3,74,150023,0.05,0.45,0.0,128,6,train
2352,stochastic_003,stochastic,3,75,150023,0.05,0.45,0.0,128,6,train
2353,stochastic_003,stochastic,3,76,150023,0.05,0.45,0.0,128,6,train
2354,stochastic_003,stochastic,3,77,150023,0.05,0.45,0.0,128,6,train
2355,stochastic_003,stochastic,3,78,150023,0.05,0.45,0.0,128,6,train
2356,stochastic_003,stochastic,3,79,150023,0.05,0.45,0.0,128,6,train
2357,stochastic_003,stochastic,3,80,150023,0.05,0.45,0.0,128,6,train
2358,stochastic_003,stochastic,3,81,150023,0.05,0.45,0.0,128,6,train
2359,stochastic_003,stochastic,3,82,150023,0.05,0.45,0.0,128,6,train
2360,stochastic_003,stochastic,3,83,150023,0.05,0.45,0.0,128,6,train
2361,stochastic_003,stochastic,3,84,150023,0.05,0.45,0.0,128,6,train
2362,stochastic_003,stochastic,3,85,150023,0.05,0.45,0.0,128,6,train
2363,stochastic_003,stochastic,3,86,150023,0.05,0.45,0.0,128,6,train
2364,stochastic_003,stochastic,3,87,150023,0.05,0.45,0.0,128,6,train
2365,stochastic_003,stochastic,3,88,150023,0.05,0.45,0.0,128,6,train
2366,stochastic_003,stochastic,3,89,150023,0.05,0.45,0.0,128,6,train
2367,stochastic_003,stochastic,3,90,150023,0.05,0.45,0.0,128,6,train
2368,stochastic_003,stochastic,3,91,150023,0.05,0.45,0.0,128,6,train
2369,stochastic_003,stochastic,3,92,150023,0.05,0.45,0.0,128,6,train
2370,stochastic_003,stochastic,3,93,150023,0.05,0.45,0.0,128,6,train
2371,stochastic_003,stochastic,3,94,150023,0.05,0.45,0.0,128,6,train
2372,stochastic_003,stochastic,3,95,150023,0.05,0.45,0.0,128,6,train
2373,stochastic_003,stochastic,3,96,150023,0.05,0.45,0.0,128,6,train
2374,stochastic_003,stochastic,3,97,150023,0.05,0.45,0.0,128,6,train
2375,stochastic_003,stochastic,3,98,150023,0.05,0.45,0.0,128,6,train
2376,stochastic_004,stochastic,4,0,150024,0.05,0.45,0.0,128,6,train
2377,stochastic_004,stochastic,4,1,150024,0.05,0.45,0.0,128,6,train
2378,stochastic_004,stochastic,4,2,150024,0.05,0.45,0.0,128,6,train
2379,stochastic_004,stochastic,4,3,150024,0.05,0.45,0.0,128,6,train
2380,stochastic_004,stochastic,4,4,150024,0.05,0.45,0.0,128,6,train
2381,stochastic_004,stochastic,4,5,150024,0.05,0.45,0.0,128,6,train
2382,stochastic_004,stochastic,4,6,150024,0.05,0.45,0.0,128,6,train
2383,stochastic_004,stochastic,4,7,150024,0.05,0.45,0.0,128,6,train
2384,stochastic_004,stochastic,4,8,150024,0.05,0.45,0.0,128,6,train
2385,stochastic_004,stochastic,4,9,150024,0.05,0.45,0.0,128,6,train
2386,stochastic_004,stochastic,4,10,150024,0.05,0.45,0.0,128,6,train
2387,stochastic_004,stochastic,4,11,150024,0.05,0.45,0.0,128,6,train
2388,stochastic_004,stochastic,4,12,150024,0.05,0.45,0.0,128,6,train
2389,stochastic_004,stochastic,4,13,150024,0.05,0.45,0.0,128,6,train
2390,stochastic_004,stochastic,4,14,150024,0.05,0.45,0.0,128,6,train
2391,stochastic_004,stochastic,4,15,150024,0.05,0.45,0.0,128,6,train
2392,stochastic_004,stochastic,4,16,150024,0.05,0.45,0.0,128,6,train
2393,stochastic_004,stochastic,4,17,150024,0.05,0.45,0.0,128,6,train
2394,stochastic_004,stochastic,4,18,150024,0.05,0.45,0.0,128,6,train
2395,stochastic_004,stochastic,4,19,150024,0.05,0.45,0.0,128,6,train
2396,stochastic_004,stochastic,4,20,150024,0.05,0.45,0.0,128,6,train
2397,stochastic_004,stochastic,4,21,150024,0.05,0.45,0.0,128,6,train
2398,stochastic_004,stochastic,4,22,150024,0.05,0.45,0.0,128,6,train
2399,stochastic_004,stochastic,4,23,150024,0.05,0.45,0.0,128,6,train
2400,stochastic_004,stochastic,4,24,150024,0.05,0.45,0.0,128,6,train
2401,stochastic_004,stochastic,4,25,150024,0.05,0.45,0.0,128,6,train
2402,stochastic_004,stochastic,4,26,150024,0.05,0.45,0.0,128,6,train
2403,stochastic_004,stochastic,4,27,150024,0.05,0.45,0.0,128,6,train
2404,stochastic_004,stochastic,4,28,150024,0.05,0.45,0.0,128,6,train
2405,stochastic_004,stochastic,4,29,150024,0.05,0.45,0.0,128,6,train
2406,stochastic_004,stochastic,4,30,150024,0.05,0.45,0.0,128,6,train
2407,stochastic_004,stochastic,4,31,150024,0.05,0.45,0.0,128,6,train
2408,stochastic_004,stochastic,4,32,150024,0.05,0.45,0.0,128,6,train
2409,stochastic_004,stochastic,4,33,150024,0.05,0.45,0.0,128,6,train
2410,stochastic_004,stochastic,4,34,150024,0.05,0.45,0.0,128,6,train
2411,stochastic_004,stochastic,4,35,150024,0.05,0.45,0.0,128,6,train
2412,stochastic_004,stochastic,4,36,150024,0.05,0.45,0.0,128,6,train
2413,stochastic_004,stochastic,4,37,150024,0.05,0.45,0.0,128,6,train
2414,stochastic_004,stochastic,4,38,150024,0.05,0.45,0.0,128,6,train
2415,stochastic_004,stochastic,4,39,150024,0.05,0.45,0.0,128,6,train
2416,stochastic_004,stochastic,4,40,150024,0.05,0.45,0.0,128,6,train
2417,stochastic_004,stochastic,4,41,150024,0.05,0.45,0.0,128,6,train
2418,stochastic_004,stochastic,4,42,150024,0.05,0.45,0.0,128,6,train
2419,stochastic_004,stochastic,4,43,150024,0.05,0.45,0.0,128,6,train
2420,stochastic_004,stochastic,4,44,150024,0.05,0.45,0.0,128,6,train
2421,stochastic_004,stochastic,4,45,150024,0.05,0.45,0.0,128,6,train
2422,stochastic_004,stochastic,4,46,150024,0.05,0.45,0.0,128,6,train
2423,stochastic_004,stochastic,4,47,150024,0.05,0.45,0.0,128,6,train
2424,stochastic_004,stochastic,4,48,150024,0.05,0.45,0.0,128,6,train
2425,stochastic_004,stochastic,4,49,150024,0.05,0.45,0.0,128,6,train
2426,stochastic_004,stochastic,4,50,150024,0.05,0.45,0.0,128,6,train
2427,stochastic_004,stochastic,4,51,150024,0.05,0.45,0.0,128,6,train
2428,stochastic_004,stochastic,4,52,150024,0.05,0.45,0.0,128,6,train
2429,stochastic_004,stochastic,4,53,150024,0.05,0.45,0.0,128,6,train
2430,stochastic_004,stochastic,4,54,150024,0.05,0.45,0.0,128,6,train
2431,stochastic_004,stochastic,4,55,150024,0.05,0.45,0.0,128,6,train
2432,stochastic_004,stochastic,4,56,150024,0.05,0.45,0.0,128,6,train
2433,stochastic_004,stochastic,4,57,150024,0.05,0.45,0.0,128,6,train
2434,stochastic_004,stochastic,4,58,150024,0.05,0.45,0.0,128,6,train
2435,stochastic_004,stochastic,4,59,150024,0.05,0.45,0.0,128,6,train
2436,stochastic_004,stochastic,4,60,150024,0.05,0.45,0.0,128,6,train
2437,stochastic_004,stochastic,4,61,150024,0.05,0.45,0.0,128,6,train
2438,stochastic_004,stochastic,4,62,150024,0.05,0.45,0.0,128,6,train
2439,stochastic_004,stochastic,4,63,150024,0.05,0.45,0.0,128,6,train
2440,stochastic_004,stochastic,4,64,150024,0.05,0.45,0.0,128,6,train
2441,stochastic_004,stochastic,4,65,150024,0.05,0.45,0.0,128,6,train
2442,stochastic_004,stochastic,4,66,150024,0.05,0.45,0.0,128,6,train
2443,stochastic_004,stochastic,4,67,150024,0.05,0.45,0.0,128,6,train
2444,stochastic_004,stochastic,4,68,150024,0.05,0.45,0.0,128,6,train
2445,stochastic_004,stochastic,4,69,150024,0.05,0.45,0.0,128,6,train
2446,stochastic_004,stochastic,4,70,150024,0.05,0.45,0.0,128,6,train
2447,stochastic_004,stochastic,4,71,150024,0.05,0.45,0.0,128,6,train
2448,stochastic_004,stochastic,4,72,150024,0.05,0.45,0.0,128,6,train
2449,stochastic_004,stochastic,4,73,150024,0.05,0.45,0.0,128,6,train
2450,stochastic_004,stochastic,4,74,150024,0.05,0.45,0.0,128,6,train
2451,stochastic_004,stochastic,4,75,150024,0.05,0.45,0.0,128,6,train
2452,stochastic_004,stochastic,4,76,150024,0.05,0.45,0.0,128,6,train
2453,stochastic_004,stochastic,4,77,150024,0.05,0.45,0.0,128,6,train
2454,stochastic_004,stochastic,4,78,150024,0.05,0.45,0.0,128,6,train
2455,stochastic_004,stochastic,4,79,150024,0.05,0.45,0.0,128,6,train
2456,stochastic_004,stochastic,4,80,150024,0.05,0.45,0.0,128,6,train
2457,stochastic_004,stochastic,4,81,150024,0.05,0.45,0.0,128,6,train
2458,stochastic_004,stochastic,4,82,150024,0.05,0.45,0.0,128,6,train
2459,stochastic_004,stochastic,4,83,150024,0.05,0.45,0.0,128,6,train
2460,stochastic_004,stochastic,4,84,150024,0.05,0.45,0.0,128,6,train
2461,stochastic_004,stochastic,4,85,150024,0.05,0.45,0.0,128,6,train
2462,stochastic_004,stochastic,4,86,150024,0.05,0.45,0.0,128,6,train
2463,stochastic_004,stochastic,4,87,150024,0.05,0.45,0.0,128,6,train
2464,stochastic_004,stochastic,4,88,150024,0.05,0.45,0.0,128,6,train
2465,stochastic_004,stochastic,4,89,150024,0.05,0.45,0.0,128,6,train
2466,stochastic_004,stochastic,4,90,150024,0.05,0.45,0.0,128,6,train
2467,stochastic_004,stochastic,4,91,150024,0.05,0.45,0.0,128,6,train
2468,stochastic_004,stochastic,4,92,150024,0.05,0.45,0.0,128,6,train
2469,stochastic_004,stochastic,4,93,150024,0.05,0.45,0.0,128,6,train
2470,stochastic_004,stochastic,4,94,150024,0.05,0.45,0.0,128,6,train
2471,stochastic_004,stochastic,4,95,150024,0.05,0.45,0.0,128,6,train
2472,stochastic_004,stochastic,4,96,150024,0.05,0.45,0.0,128,6,train
2473,stochastic_004,stochastic,4,97,150024,0.05,0.45,0.0,128,6,train
2474,stochastic_004,stochastic,4,98,150024,0.05,0.45,0.0,128,6,train
2475,stochastic_005,stochastic,5,0,150025,0.05,0.45,0.0,128,6,train
2476,stochastic_005,stochastic,5,1,150025,0.05,0.45,0.0,128,6,train
2477,stochastic_005,stochastic,5,2,150025,0.05,0.45,0.0,128,6,train
2478,stochastic_005,stochastic,5,3,150025,0.05,0.45,0.0,128,6,train
2479,stochastic_005,stochastic,5,4,150025,0.05,0.45,0.0,128,6,train
2480,stochastic_005,stochastic,5,5,150025,0.05,0.45,0.0,128,6,train
2481,stochastic_005,stochastic,5,6,150025,0.05,0.45,0.0,128,6,train
2482,stochastic_005,stochastic,5,7,150025,0.05,0.45,0.0,128,6,train
2483,stochastic_005,stochastic,5,8,150025,0.05,0.45,0.0,128,6,train
2484,stochastic_005,stochastic,5,9,150025,0.05,0.45,0.0,128,6,train
2485,stochastic_005,stochastic,5,10,150025,0.05,0.45,0.0,128,6,train
2486,stochastic_005,stochastic,5,11,150025,0.05,0.45,0.0,128,6,train
2487,stochastic_005,stochastic,5,12,150025,0.05,0.45,0.0,128,6,train
2488,stochastic_005,stochastic,5,13,150025,0.05,0.45,0.0,128,6,train
2489,stochastic_005,stochastic,5,14,150025,0.05,0.45,0.0,128,6,train
2490,stochastic_005,stochastic,5,15,150025,0.05,0.45,0.0,128,6,train
2491,stochastic_005,stochastic,5,16,150025,0.05,0.45,0.0,128,6,train
2492,stochastic_005,stochastic,5,17,150025,0.05,0.45,0.0,128,6,train
2493,stochastic_005,stochastic,5,18,150025,0.05,0.45,0.0,128,6,train
2494,stochastic_005,stochastic,5,19,150025,0.05,0.45,0.0,128,6,train
2495,stochastic_005,stochastic,5,20,150025,0.05,0.45,0.0,128,6,train
2496,stochastic_005,stochastic,5,21,150025,0.05,0.45,0.0,128,6,train
2497,stochastic_005,stochastic,5,22,150025,0.05,0.45,0.0,128,6,train
2498,stochastic_005,stochastic,5,23,150025,0.05,0.45,0.0,128,6,train
2499,stochastic_005,stochastic,5,24,150025,0.05,0.45,0.0,128,6,train
2500,stochastic_005,stochastic,5,25,150025,0.05,0.45,0.0,128,6,train
2501,stochastic_005,stochastic,5,26,150025,0.05,0.45,0.0,128,6,train
2502,stochastic_005,stochastic,5,27,150025,0.05,0.45,0.0,128,6,train
2503,stochastic_005,stochastic,5,28,150025,0.05,0.45,0.0,128,6,train
2504,stochastic_005,stochastic,5,29,150025,0.05,0.45,0.0,128,6,train
2505,stochastic_005,stochastic,5,30,150025,0.05,0.45,0.0,128,6,train
2506,stochastic_005,stochastic,5,31,150025,0.05,0.45,0.0,128,6,train
2507,stochastic_005,stochastic,5,32,150025,0.05,0.45,0.0,128,6,train
2508,stochastic_005,stochastic,5,33,150025,0.05,0.45,0.0,128,6,train
2509,stochastic_005,stochastic,5,34,150025,0.05,0.45,0.0,128,6,train
2510,stochastic_005,stochastic,5,35,150025,0.05,0.45,0.0,128,6,train
2511,stochastic_005,stochastic,5,36,150025,0.05,0.45,0.0,128,6,train
2512,stochastic_005,stochastic,5,37,150025,0.05,0.45,0.0,128,6,train
2513,stochastic_005,stochastic,5,38,150025,0.05,0.45,0.0,128,6,train
2514,stochastic_005,stochastic,5,39,150025,0.05,0.45,0.0,128,6,train
2515,stochastic_005,stochastic,5,40,150025,0.05,0.45,0.0,128,6,train
2516,stochastic_005,stochastic,5,41,150025,0.05,0.45,0.0,128,6,train
2517,stochastic_005,stochastic,5,42,150025,0.05,0.45,0.0,128,6,train
2518,stochastic_005,stochastic,5,43,150025,0.05,0.45,0.0,128,6,train
2519,stochastic_005,stochastic,5,44,150025,0.05,0.45,0.0,128,6,train
2520,stochastic_005,stochastic,5,45,150025,0.05,0.45,0.0,128,6,train
2521,stochastic_005,stochastic,5,46,150025,0.05,0.45,0.0,128,6,train
2522,stochastic_005,stochastic,5,47,150025,0.05,0.45,0.0,128,6,train
2523,stochastic_005,stochastic,5,48,150025,0.05,0.45,0.0,128,6,train
2524,stochastic_005,stochastic,5,49,150025,0.05,0.45,0.0,128,6,train
2525,stochastic_005,stochastic,5,50,150025,0.05,0.45,0.0,128,6,train
2526,stochastic_005,stochastic,5,51,150025,0.05,0.45,0.0,128,6,train
2527,stochastic_005,stochastic,5,52,150025,0.05,0.45,0.0,128,6,train
2528,stochastic_005,stochastic,5,53,150025,0.05,0.45,0.0,128,6,train
2529,stochastic_005,stochastic,5,54,150025,0.05,0.45,0.0,128,6,train
2530,stochastic_005,stochastic,5,55,150025,0.05,0.45,0.0,128,6,train
2531,stochastic_005,stochastic,5,56,150025,0.05,0.45,0.0,128,6,train
2532,stochastic_005,stochastic,5,57,150025,0.05,0.45,0.0,128,6,train
2533,stochastic_005,stochastic,5,58,150025,0.05,0.45,0.0,128,6,train
2534,stochastic_005,stochastic,5,59,150025,0.05,0.45,0.0,128,6,train
2535,stochastic_005,stochastic,5,60,150025,0.05,0.45,0.0,128,6,train
2536,stochastic_005,stochastic,5,61,150025,0.05,0.45,0.0,128,6,train
2537,stochastic_005,stochastic,5,62,150025,0.05,0.45,0.0,128,6,train
2538,stochastic_005,stochastic,5,63,150025,0.05,0.45,0.0,128,6,train
2539,stochastic_005,stochastic,5,64,150025,0.05,0.45,0.0,128,6,train
2540,stochastic_005,stochastic,5,65,150025,0.05,0.45,0.0,128,6,train
2541,stochastic_005,stochastic,5,66,150025,0.05,0.45,0.0,128,6,train
2542,stochastic_005,stochastic,5,67,150025,0.05,0.45,0.0,128,6,train
2543,stochastic_005,stochastic,5,68,150025,0.05,0.45,0.0,128,6,train
2544,stochastic_005,stochastic,5,69,150025,0.05,0.45,0.0,128,6,train
2545,stochastic_005,stochastic,5,70,150025,0.05,0.45,0.0,128,6,train
2546,stochastic_005,stochastic,5,71,150025,0.05,0.45,0.0,128,6,train
2547,stochastic_005,stochastic,5,72,150025,0.05,0.45,0.0,128,6,train
2548,stochastic_005,stochastic,5,73,150025,0.05,0.45,0.0,128,6,train
2549,stochastic_005,stochastic,5,74,150025,0.05,0.45,0.0,128,6,train
2550,stochastic_005,stochastic,5,75,150025,0.05,0.45,0.0,128,6,train
2551,stochastic_005,stochastic,5,76,150025,0.05,0.45,0.0,128,6,train
2552,stochastic_005,stochastic,5,77,150025,0.05,0.45,0.0,128,6,train
2553,stochastic_005,stochastic,5,78,150025,0.05,0.45,0.0,128,6,train
2554,stochastic_005,stochastic,5,79,150025,0.05,0.45,0.0,128,6,train
2555,stochastic_005,stochastic,5,80,150025,0.05,0.45,0.0,128,6,train
2556,stochastic_005,stochastic,5,81,150025,0.05,0.45,0.0,128,6,train
2557,stochastic_005,stochastic,5,82,150025,0.05,0.45,0.0,128,6,train
2558,stochastic_005,stochastic,5,83,150025,0.05,0.45,0.0,128,6,train
2559,stochastic_005,stochastic,5,84,150025,0.05,0.45,0.0,128,6,train
2560,stochastic_005,stochastic,5,85,150025,0.05,0.45,0.0,128,6,train
2561,stochastic_005,stochastic,5,86,150025,0.05,0.45,0.0,128,6,train
2562,stochastic_005,stochastic,5,87,150025,0.05,0.45,0.0,128,6,train
2563,stochastic_005,stochastic,5,88,150025,0.05,0.45,0.0,128,6,train
2564,stochastic_005,stochastic,5,89,150025,0.05,0.45,0.0,128,6,train
2565,stochastic_005,stochastic,5,90,150025,0.05,0.45,0.0,128,6,train
2566,stochastic_005,stochastic,5,91,150025,0.05,0.45,0.0,128,6,train
2567,stochastic_005,stochastic,5,92,150025,0.05,0.45,0.0,128,6,train
2568,stochastic_005,stochastic,5,93,150025,0.05,0.45,0.0,128,6,train
2569,stochastic_005,stochastic,5,94,150025,0.05,0.45,0.0,128,6,train
2570,stochastic_005,stochastic,5,95,150025,0.05,0.45,0.0,128,6,train
2571,stochastic_005,stochastic,5,96,150025,0.05,0.45,0.0,128,6,train
2572,stochastic_005,stochastic,5,97,150025,0.05,0.45,0.0,128,6,train
2573,stochastic_005,stochastic,5,98,150025,0.05,0.45,0.0,128,6,train
2574,stochastic_006,stochastic,6,0,150026,0.05,0.45,0.0,128,6,train
2575,stochastic_006,stochastic,6,1,150026,0.05,0.45,0.0,128,6,train
2576,stochastic_006,stochastic,6,2,150026,0.05,0.45,0.0,128,6,train
2577,stochastic_006,stochastic,6,3,150026,0.05,0.45,0.0,128,6,train
2578,stochastic_006,stochastic,6,4,150026,0.05,0.45,0.0,128,6,train
2579,stochastic_006,stochastic,6,5,150026,0.05,0.45,0.0,128,6,train
2580,stochastic_006,stochastic,6,6,150026,0.05,0.45,0.0,128,6,train
2581,stochastic_006,stochastic,6,7,150026,0.05,0.45,0.0,128,6,train
2582,stochastic_006,stochastic,6,8,150026,0.05,0.45,0.0,128,6,train
2583,stochastic_006,stochastic,6,9,150026,0.05,0.45,0.0,128,6,train
2584,stochastic_006,stochastic,6,10,150026,0.05,0.45,0.0,128,6,train
2585,stochastic_006,stochastic,6,11,150026,0.05,0.45,0.0,128,6,train
2586,stochastic_006,stochastic,6,12,150026,0.05,0.45,0.0,128,6,train
2587,stochastic_006,stochastic,6,13,150026,0.05,0.45,0.0,128,6,train
2588,stochastic_006,stochastic,6,14,150026,0.05,0.45,0.0,128,6,train
2589,stochastic_006,stochastic,6,15,150026,0.05,0.45,0.0,128,6,train
2590,stochastic_006,stochastic,6,16,150026,0.05,0.45,0.0,128,6,train
2591,stochastic_006,stochastic,6,17,150026,0.05,0.45,0.0,128,6,train
2592,stochastic_006,stochastic,6,18,150026,0.05,0.45,0.0,128,6,train
2593,stochastic_006,stochastic,6,19,150026,0.05,0.45,0.0,128,6,train
2594,stochastic_006,stochastic,6,20,150026,0.05,0.45,0.0,128,6,train
2595,stochastic_006,stochastic,6,21,150026,0.05,0.45,0.0,128,6,train
2596,stochastic_006,stochastic,6,22,150026,0.05,0.45,0.0,128,6,train
2597,stochastic_006,stochastic,6,23,150026,0.05,0.45,0.0,128,6,train
2598,stochastic_006,stochastic,6,24,150026,0.05,0.45,0.0,128,6,train
2599,stochastic_006,stochastic,6,25,150026,0.05,0.45,0.0,128,6,train
2600,stochastic_006,stochastic,6,26,150026,0.05,0.45,0.0,128,6,train
2601,stochastic_006,stochastic,6,27,150026,0.05,0.45,0.0,128,6,train
2602,stochastic_006,stochastic,6,28,150026,0.05,0.45,0.0,128,6,train
2603,stochastic_006,stochastic,6,29,150026,0.05,0.45,0.0,128,6,train
2604,stochastic_006,stochastic,6,30,150026,0.05,0.45,0.0,128,6,train
2605,stochastic_006,stochastic,6,31,150026,0.05,0.45,0.0,128,6,train
2606,stochastic_006,stochastic,6,32,150026,0.05,0.45,0.0,128,6,train
2607,stochastic_006,stochastic,6,33,150026,0.05,0.45,0.0,128,6,train
2608,stochastic_006,stochastic,6,34,150026,0.05,0.45,0.0,128,6,train
2609,stochastic_006,stochastic,6,35,150026,0.05,0.45,0.0,128,6,train
2610,stochastic_006,stochastic,6,36,150026,0.05,0.45,0.0,128,6,train
2611,stochastic_006,stochastic,6,37,150026,0.05,0.45,0.0,128,6,train
2612,stochastic_006,stochastic,6,38,150026,0.05,0.45,0.0,128,6,train
2613,stochastic_006,stochastic,6,39,150026,0.05,0.45,0.0,128,6,train
2614,stochastic_006,stochastic,6,40,150026,0.05,0.45,0.0,128,6,train
2615,stochastic_006,stochastic,6,41,150026,0.05,0.45,0.0,128,6,train
2616,stochastic_006,stochastic,6,42,150026,0.05,0.45,0.0,128,6,train
2617,stochastic_006,stochastic,6,43,150026,0.05,0.45,0.0,128,6,train
2618,stochastic_006,stochastic,6,44,150026,0.05,0.45,0.0,128,6,train
2619,stochastic_006,stochastic,6,45,150026,0.05,0.45,0.0,128,6,train
2620,stochastic_006,stochastic,6,46,150026,0.05,0.45,0.0,128,6,train
2621,stochastic_006,stochastic,6,47,150026,0.05,0.45,0.0,128,6,train
2622,stochastic_006,stochastic,6,48,150026,0.05,0.45,0.0,128,6,train
2623,stochastic_006,stochastic,6,49,150026,0.05,0.45,0.0,128,6,train
2624,stochastic_006,stochastic,6,50,150026,0.05,0.45,0.0,128,6,train
2625,stochastic_006,stochastic,6,51,150026,0.05,0.45,0.0,128,6,train
2626,stochastic_006,stochastic,6,52,150026,0.05,0.45,0.0,128,6,train
2627,stochastic_006,stochastic,6,53,150026,0.05,0.45,0.0,128,6,train
2628,stochastic_006,stochastic,6,54,150026,0.05,0.45,0.0,128,6,train
2629,stochastic_006,stochastic,6,55,150026,0.05,0.45,0.0,128,6,train
2630,stochastic_006,stochastic,6,56,150026,0.05,0.45,0.0,128,6,train
2631,stochastic_006,stochastic,6,57,150026,0.05,0.45,0.0,128,6,train
2632,stochastic_006,stochastic,6,58,150026,0.05,0.45,0.0,128,6,train
2633,stochastic_006,stochastic,6,59,150026,0.05,0.45,0.0,128,6,train
2634,stochastic_006,stochastic,6,60,150026,0.05,0.45,0.0,128,6,train
2635,stochastic_006,stochastic,6,61,150026,0.05,0.45,0.0,128,6,train
2636,stochastic_006,stochastic,6,62,150026,0.05,0.45,0.0,128,6,train
2637,stochastic_006,stochastic,6,63,150026,0.05,0.45,0.0,128,6,train
2638,stochastic_006,stochastic,6,64,150026,0.05,0.45,0.0,128,6,train
2639,stochastic_006,stochastic,6,65,150026,0.05,0.45,0.0,128,6,train
2640,stochastic_006,stochastic,6,66,150026,0.05,0.45,0.0,128,6,train
2641,stochastic_006,stochastic,6,67,150026,0.05,0.45,0.0,128,6,train
2642,stochastic_006,stochastic,6,68,150026,0.05,0.45,0.0,128,6,train
2643,stochastic_006,stochastic,6,69,150026,0.05,0.45,0.0,128,6,train
2644,stochastic_006,stochastic,6,70,150026,0.05,0.45,0.0,128,6,train
2645,stochastic_006,stochastic,6,71,150026,0.05,0.45,0.0,128,6,train
2646,stochastic_006,stochastic,6,72,150026,0.05,0.45,0.0,128,6,train
2647,stochastic_006,stochastic,6,73,150026,0.05,0.45,0.0,128,6,train
2648,stochastic_006,stochastic,6,74,150026,0.05,0.45,0.0,128,6,train
2649,stochastic_006,stochastic,6,75,150026,0.05,0.45,0.0,128,6,train
2650,stochastic_006,stochastic,6,76,150026,0.05,0.45,0.0,128,6,train
2651,stochastic_006,stochastic,6,77,150026,0.05,0.45,0.0,128,6,train
2652,stochastic_006,stochastic,6,78,150026,0.05,0.45,0.0,128,6,train
2653,stochastic_006,stochastic,6,79,150026,0.05,0.45,0.0,128,6,train
2654,stochastic_006,stochastic,6,80,150026,0.05,0.45,0.0,128,6,train
2655,stochastic_006,stochastic,6,81,150026,0.05,0.45,0.0,128,6,train
2656,stochastic_006,stochastic,6,82,150026,0.05,0.45,0.0,128,6,train
2657,stochastic_006,stochastic,6,83,150026,0.05,0.45,0.0,128,6,train
2658,stochastic_006,stochastic,6,84,150026,0.05,0.45,0.0,128,6,train
2659,stochastic_006,stochastic,6,85,150026,0.05,0.45,0.0,128,6,train
2660,stochastic_006,stochastic,6,86,150026,0.05,0.45,0.0,128,6,train
2661,stochastic_006,stochastic,6,87,150026,0.05,0.45,0.0,128,6,train
2662,stochastic_006,stochastic,6,88,150026,0.05,0.45,0.0,128,6,train
2663,stochastic_006,stochastic,6,89,150026,0.05,0.45,0.0,128,6,train
2664,stochastic_006,stochastic,6,90,150026,0.05,0.45,0.0,128,6,train
2665,stochastic_006,stochastic,6,91,150026,0.05,0.45,0.0,128,6,train
2666,stochastic_006,stochastic,6,92,150026,0.05,0.45,0.0,128,6,train
2667,stochastic_006,stochastic,6,93,150026,0.05,0.45,0.0,128,6,train
2668,stochastic_006,stochastic,6,94,150026,0.05,0.45,0.0,128,6,train
2669,stochastic_006,stochastic,6,95,150026,0.05,0.45,0.0,128,6,train
2670,stochastic_006,stochastic,6,96,150026,0.05,0.45,0.0,128,6,train
2671,stochastic_006,stochastic,6,97,150026,0.05,0.45,0.0,128,6,train
2672,stochastic_006,stochastic,6,98,150026,0.05,0.45,0.0,128,6,train
2673,stochastic_007,stochastic,7,0,150027,0.05,0.45,0.0,128,6,train
2674,stochastic_007,stochastic,7,1,150027,0.05,0.45,0.0,128,6,train
2675,stochastic_007,stochastic,7,2,150027,0.05,0.45,0.0,128,6,train
2676,stochastic_007,stochastic,7,3,150027,0.05,0.45,0.0,128,6,train
2677,stochastic_007,stochastic,7,4,150027,0.05,0.45,0.0,128,6,train
2678,stochastic_007,stochastic,7,5,150027,0.05,0.45,0.0,128,6,train
2679,stochastic_007,stochastic,7,6,150027,0.05,0.45,0.0,128,6,train
2680,stochastic_007,stochastic,7,7,150027,0.05,0.45,0.0,128,6,train
2681,stochastic_007,stochastic,7,8,150027,0.05,0.45,0.0,128,6,train
2682,stochastic_007,stochastic,7,9,150027,0.05,0.45,0.0,128,6,train
2683,stochastic_007,stochastic,7,10,150027,0.05,0.45,0.0,128,6,train
2684,stochastic_007,stochastic,7,11,150027,0.05,0.45,0.0,128,6,train
2685,stochastic_007,stochastic,7,12,150027,0.05,0.45,0.0,128,6,train
2686,stochastic_007,stochastic,7,13,150027,0.05,0.45,0.0,128,6,train
2687,stochastic_007,stochastic,7,14,150027,0.05,0.45,0.0,128,6,train
2688,stochastic_007,stochastic,7,15,150027,0.05,0.45,0.0,128,6,train
2689,stochastic_007,stochastic,7,16,150027,0.05,0.45,0.0,128,6,train
2690,stochastic_007,stochastic,7,17,150027,0.05,0.45,0.0,128,6,train
2691,stochastic_007,stochastic,7,18,150027,0.05,0.45,0.0,128,6,train
2692,stochastic_007,stochastic,7,19,150027,0.05,0.45,0.0,128,6,train
2693,stochastic_007,stochastic,7,20,150027,0.05,0.45,0.0,128,6,train
2694,stochastic_007,stochastic,7,21,150027,0.05,0.45,0.0,128,6,train
2695,stochastic_007,stochastic,7,22,150027,0.05,0.45,0.0,128,6,train
2696,stochastic_007,stochastic,7,23,150027,0.05,0.45,0.0,128,6,train
2697,stochastic_007,stochastic,7,24,150027,0.05,0.45,0.0,128,6,train
2698,stochastic_007,stochastic,7,25,150027,0.05,0.45,0.0,128,6,train
2699,stochastic_007,stochastic,7,26,150027,0.05,0.45,0.0,128,6,train
2700,stochastic_007,stochastic,7,27,150027,0.05,0.45,0.0,128,6,train
2701,stochastic_007,stochastic,7,28,150027,0.05,0.45,0.0,128,6,train
2702,stochastic_007,stochastic,7,29,150027,0.05,0.45,0.0,128,6,train
2703,stochastic_007,stochastic,7,30,150027,0.05,0.45,0.0,128,6,train
2704,stochastic_007,stochastic,7,31,150027,0.05,0.45,0.0,128,6,train
2705,stochastic_007,stochastic,7,32,150027,0.05,0.45,0.0,128,6,train
2706,stochastic_007,stochastic,7,33,150027,0.05,0.45,0.0,128,6,train
2707,stochastic_007,stochastic,7,34,150027,0.05,0.45,0.0,128,6,train
2708,stochastic_007,stochastic,7,35,150027,0.05,0.45,0.0,128,6,train
2709,stochastic_007,stochastic,7,36,150027,0.05,0.45,0.0,128,6,train
2710,stochastic_007,stochastic,7,37,150027,0.05,0.45,0.0,128,6,train
2711,stochastic_007,stochastic,7,38,150027,0.05,0.45,0.0,128,6,train
2712,stochastic_007,stochastic,7,39,150027,0.05,0.45,0.0,128,6,train
2713,stochastic_007,stochastic,7,40,150027,0.05,0.45,0.0,128,6,train
2714,stochastic_007,stochastic,7,41,150027,0.05,0.45,0.0,128,6,train
2715,stochastic_007,stochastic,7,42,150027,0.05,0.45,0.0,128,6,train
2716,stochastic_007,stochastic,7,43,150027,0.05,0.45,0.0,128,6,train
2717,stochastic_007,stochastic,7,44,150027,0.05,0.45,0.0,128,6,train
2718,stochastic_007,stochastic,7,45,150027,0.05,0.45,0.0,128,6,train
2719,stochastic_007,stochastic,7,46,150027,0.05,0.45,0.0,128,6,train
2720,stochastic_007,stochastic,7,47,150027,0.05,0.45,0.0,128,6,train
2721,stochastic_007,stochastic,7,48,150027,0.05,0.45,0.0,128,6,train
2722,stochastic_007,stochastic,7,49,150027,0.05,0.45,0.0,128,6,train
2723,stochastic_007,stochastic,7,50,150027,0.05,0.45,0.0,128,6,train
2724,stochastic_007,stochastic,7,51,150027,0.05,0.45,0.0,128,6,train
2725,stochastic_007,stochastic,7,52,150027,0.05,0.45,0.0,128,6,train
2726,stochastic_007,stochastic,7,53,150027,0.05,0.45,0.0,128,6,train
2727,stochastic_007,stochastic,7,54,150027,0.05,0.45,0.0,128,6,train
2728,stochastic_007,stochastic,7,55,150027,0.05,0.45,0.0,128,6,train
2729,stochastic_007,stochastic,7,56,150027,0.05,0.45,0.0,128,6,train
2730,stochastic_007,stochastic,7,57,150027,0.05,0.45,0.0,128,6,train
2731,stochastic_007,stochastic,7,58,150027,0.05,0.45,0.0,128,6,train
2732,stochastic_007,stochastic,7,59,150027,0.05,0.45,0.0,128,6,train
2733,stochastic_007,stochastic,7,60,150027,0.05,0.45,0.0,128,6,train
2734,stochastic_007,stochastic,7,61,150027,0.05,0.45,0.0,128,6,train
2735,stochastic_007,stochastic,7,62,150027,0.05,0.45,0.0,128,6,train
2736,stochastic_007,stochastic,7,63,150027,0.05,0.45,0.0,128,6,train
2737,stochastic_007,stochastic,7,64,150027,0.05,0.45,0.0,128,6,train
2738,stochastic_007,stochastic,7,65,150027,0.05,0.45,0.0,128,6,train
2739,stochastic_007,stochastic,7,66,150027,0.05,0.45,0.0,128,6,train
2740,stochastic_007,stochastic,7,67,150027,0.05,0.45,0.0,128,6,train
2741,stochastic_007,stochastic,7,68,150027,0.05,0.45,0.0,128,6,train
2742,stochastic_007,stochastic,7,69,150027,0.05,0.45,0.0,128,6,train
2743,stochastic_007,stochastic,7,70,150027,0.05,0.45,0.0,128,6,train
2744,stochastic_007,stochastic,7,71,150027,0.05,0.45,0.0,128,6,train
2745,stochastic_007,stochastic,7,72,150027,0.05,0.45,0.0,128,6,train
2746,stochastic_007,stochastic,7,73,150027,0.05,0.45,0.0,128,6,train
2747,stochastic_007,stochastic,7,74,150027,0.05,0.45,0.0,128,6,train
2748,stochastic_007,stochastic,7,75,150027,0.05,0.45,0.0,128,6,train
2749,stochastic_007,stochastic,7,76,150027,0.05,0.45,0.0,128,6,train
2750,stochastic_007,stochastic,7,77,150027,0.05,0.45,0.0,128,6,train
2751,stochastic_007,stochastic,7,78,150027,0.05,0.45,0.0,128,6,train
2752,stochastic_007,stochastic,7,79,150027,0.05,0.45,0.0,128,6,train
2753,stochastic_007,stochastic,7,80,150027,0.05,0.45,0.0,128,6,train
2754,stochastic_007,stochastic,7,81,150027,0.05,0.45,0.0,128,6,train
2755,stochastic_007,stochastic,7,82,150027,0.05,0.45,0.0,128,6,train
2756,stochastic_007,stochastic,7,83,150027,0.05,0.45,0.0,128,6,train
2757,stochastic_007,stochastic,7,84,150027,0.05,0.45,0.0,128,6,train
2758,stochastic_007,stochastic,7,85,150027,0.05,0.45,0.0,128,6,train
2759,stochastic_007,stochastic,7,86,150027,0.05,0.45,0.0,128,6,train
2760,stochastic_007,stochastic,7,87,150027,0.05,0.45,0.0,128,6,train
2761,stochastic_007,stochastic,7,88,150027,0.05,0.45,0.0,128,6,train
2762,stochastic_007,stochastic,7,89,150027,0.05,0.45,0.0,128,6,train
2763,stochastic_007,stochastic,7,90,150027,0.05,0.45,0.0,128,6,train
2764,stochastic_007,stochastic,7,91,150027,0.05,0.45,0.0,128,6,train
2765,stochastic_007,stochastic,7,92,150027,0.05,0.45,0.0,128,6,train
2766,stochastic_007,stochastic,7,93,150027,0.05,0.45,0.0,128,6,train
2767,stochastic_007,stochastic,7,94,150027,0.05,0.45,0.0,128,6,train
2768,stochastic_007,stochastic,7,95,150027,0.05,0.45,0.0,128,6,train
2769,stochastic_007,stochastic,7,96,150027,0.05,0.45,0.0,128,6,train
2770,stochastic_007,stochastic,7,97,150027,0.05,0.45,0.0,128,6,train
2771,stochastic_007,stochastic,7,98,150027,0.05,0.45,0.0,128,6,train
2772,stochastic_008,stochastic,8,0,150028,0.05,0.45,0.0,128,6,train
2773,stochastic_008,stochastic,8,1,150028,0.05,0.45,0.0,128,6,train
2774,stochastic_008,stochastic,8,2,150028,0.05,0.45,0.0,128,6,train
2775,stochastic_008,stochastic,8,3,150028,0.05,0.45,0.0,128,6,train
2776,stochastic_008,stochastic,8,4,150028,0.05,0.45,0.0,128,6,train
2777,stochastic_008,stochastic,8,5,150028,0.05,0.45,0.0,128,6,train
2778,stochastic_008,stochastic,8,6,150028,0.05,0.45,0.0,128,6,train
2779,stochastic_008,stochastic,8,7,150028,0.05,0.45,0.0,128,6,train
2780,stochastic_008,stochastic,8,8,150028,0.05,0.45,0.0,128,6,train
2781,stochastic_008,stochastic,8,9,150028,0.05,0.45,0.0,128,6,train
2782,stochastic_008,stochastic,8,10,150028,0.05,0.45,0.0,128,6,train
2783,stochastic_008,stochastic,8,11,150028,0.05,0.45,0.0,128,6,train
2784,stochastic_008,stochastic,8,12,150028,0.05,0.45,0.0,128,6,train
2785,stochastic_008,stochastic,8,13,150028,0.05,0.45,0.0,128,6,train
2786,stochastic_008,stochastic,8,14,150028,0.05,0.45,0.0,128,6,train
2787,stochastic_008,stochastic,8,15,150028,0.05,0.45,0.0,128,6,train
2788,stochastic_008,stochastic,8,16,150028,0.05,0.45,0.0,128,6,train
2789,stochastic_008,stochastic,8,17,150028,0.05,0.45,0.0,128,6,train
2790,stochastic_008,stochastic,8,18,150028,0.05,0.45,0.0,128,6,train
2791,stochastic_008,stochastic,8,19,150028,0.05,0.45,0.0,128,6,train
2792,stochastic_008,stochastic,8,20,150028,0.05,0.45,0.0,128,6,train
2793,stochastic_008,stochastic,8,21,150028,0.05,0.45,0.0,128,6,train
2794,stochastic_008,stochastic,8,22,150028,0.05,0.45,0.0,128,6,train
2795,stochastic_008,stochastic,8,23,150028,0.05,0.45,0.0,128,6,train
2796,stochastic_008,stochastic,8,24,150028,0.05,0.45,0.0,128,6,train
2797,stochastic_008,stochastic,8,25,150028,0.05,0.45,0.0,128,6,train
2798,stochastic_008,stochastic,8,26,150028,0.05,0.45,0.0,128,6,train
2799,stochastic_008,stochastic,8,27,150028,0.05,0.45,0.0,128,6,train
2800,stochastic_008,stochastic,8,28,150028,0.05,0.45,0.0,128,6,train
2801,stochastic_008,stochastic,8,29,150028,0.05,0.45,0.0,128,6,train
2802,stochastic_008,stochastic,8,30,150028,0.05,0.45,0.0,128,6,train
2803,stochastic_008,stochastic,8,31,150028,0.05,0.45,0.0,128,6,train
2804,stochastic_008,stochastic,8,32,150028,0.05,0.45,0.0,128,6,train
2805,stochastic_008,stochastic,8,33,150028,0.05,0.45,0.0,128,6,train
2806,stochastic_008,stochastic,8,34,150028,0.05,0.45,0.0,128,6,train
2807,stochastic_008,stochastic,8,35,150028,0.05,0.45,0.0,128,6,train
2808,stochastic_008,stochastic,8,36,150028,0.05,0.45,0.0,128,6,train
2809,stochastic_008,stochastic,8,37,150028,0.05,0.45,0.0,128,6,train
2810,stochastic_008,stochastic,8,38,150028,0.05,0.45,0.0,128,6,train
2811,stochastic_008,stochastic,8,39,150028,0.05,0.45,0.0,128,6,train
2812,stochastic_008,stochastic,8,40,150028,0.05,0.45,0.0,128,6,train
2813,stochastic_008,stochastic,8,41,150028,0.05,0.45,0.0,128,6,train
2814,stochastic_008,stochastic,8,42,150028,0.05,0.45,0.0,128,6,train
2815,stochastic_008,stochastic,8,43,150028,0.05,0.45,0.0,128,6,train
2816,stochastic_008,stochastic,8,44,150028,0.05,0.45,0.0,128,6,train
2817,stochastic_008,stochastic,8,45,150028,0.05,0.45,0.0,128,6,train
2818,stochastic_008,stochastic,8,46,150028,0.05,0.45,0.0,128,6,train
2819,stochastic_008,stochastic,8,47,150028,0.05,0.45,0.0,128,6,train
2820,stochastic_008,stochastic,8,48,150028,0.05,0.45,0.0,128,6,train
2821,stochastic_008,stochastic,8,49,150028,0.05,0.45,0.0,128,6,train
2822,stochastic_008,stochastic,8,50,150028,0.05,0.45,0.0,128,6,train
2823,stochastic_008,stochastic,8,51,150028,0.05,0.45,0.0,128,6,train
2824,stochastic_008,stochastic,8,52,150028,0.05,0.45,0.0,128,6,train
2825,stochastic_008,stochastic,8,53,150028,0.05,0.45,0.0,128,6,train
2826,stochastic_008,stochastic,8,54,150028,0.05,0.45,0.0,128,6,train
2827,stochastic_008,stochastic,8,55,150028,0.05,0.45,0.0,128,6,train
2828,stochastic_008,stochastic,8,56,150028,0.05,0.45,0.0,128,6,train
2829,stochastic_008,stochastic,8,57,150028,0.05,0.45,0.0,128,6,train
2830,stochastic_008,stochastic,8,58,150028,0.05,0.45,0.0,128,6,train
2831,stochastic_008,stochastic,8,59,150028,0.05,0.45,0.0,128,6,train
2832,stochastic_008,stochastic,8,60,150028,0.05,0.45,0.0,128,6,train
2833,stochastic_008,stochastic,8,61,150028,0.05,0.45,0.0,128,6,train
2834,stochastic_008,stochastic,8,62,150028,0.05,0.45,0.0,128,6,train
2835,stochastic_008,stochastic,8,63,150028,0.05,0.45,0.0,128,6,train
2836,stochastic_008,stochastic,8,64,150028,0.05,0.45,0.0,128,6,train
2837,stochastic_008,stochastic,8,65,150028,0.05,0.45,0.0,128,6,train
2838,stochastic_008,stochastic,8,66,150028,0.05,0.45,0.0,128,6,train
2839,stochastic_008,stochastic,8,67,150028,0.05,0.45,0.0,128,6,train
2840,stochastic_008,stochastic,8,68,150028,0.05,0.45,0.0,128,6,train
2841,stochastic_008,stochastic,8,69,150028,0.05,0.45,0.0,128,6,train
2842,stochastic_008,stochastic,8,70,150028,0.05,0.45,0.0,128,6,train
2843,stochastic_008,stochastic,8,71,150028,0.05,0.45,0.0,128,6,train
2844,stochastic_008,stochastic,8,72,150028,0.05,0.45,0.0,128,6,train
2845,stochastic_008,stochastic,8,73,150028,0.05,0.45,0.0,128,6,train
2846,stochastic_008,stochastic,8,74,150028,0.05,0.45,0.0,128,6,train
2847,stochastic_008,stochastic,8,75,150028,0.05,0.45,0.0,128,6,train
2848,stochastic_008,stochastic,8,76,150028,0.05,0.45,0.0,128,6,train
2849,stochastic_008,stochastic,8,77,150028,0.05,0.45,0.0,128,6,train
2850,stochastic_008,stochastic,8,78,150028,0.05,0.45,0.0,128,6,train
2851,stochastic_008,stochastic,8,79,150028,0.05,0.45,0.0,128,6,train
2852,stochastic_008,stochastic,8,80,150028,0.05,0.45,0.0,128,6,train
2853,stochastic_008,stochastic,8,81,150028,0.05,0.45,0.0,128,6,train
2854,stochastic_008,stochastic,8,82,150028,0.05,0.45,0.0,128,6,train
2855,stochastic_008,stochastic,8,83,150028,0.05,0.45,0.0,128,6,train
2856,stochastic_008,stochastic,8,84,150028,0.05,0.45,0.0,128,6,train
2857,stochastic_008,stochastic,8,85,150028,0.05,0.45,0.0,128,6,train
2858,stochastic_008,stochastic,8,86,150028,0.05,0.45,0.0,128,6,train
2859,stochastic_008,stochastic,8,87,150028,0.05,0.45,0.0,128,6,train
2860,stochastic_008,stochastic,8,88,150028,0.05,0.45,0.0,128,6,train
2861,stochastic_008,stochastic,8,89,150028,0.05,0.45,0.0,128,6,train
2862,stochastic_008,stochastic,8,90,150028,0.05,0.45,0.0,128,6,train
2863,stochastic_008,stochastic,8,91,150028,0.05,0.45,0.0,128,6,train
2864,stochastic_008,stochastic,8,92,150028,0.05,0.45,0.0,128,6,train
2865,stochastic_008,stochastic,8,93,150028,0.05,0.45,0.0,128,6,train
2866,stochastic_008,stochastic,8,94,150028,0.05,0.45,0.0,128,6,train
2867,stochastic_008,stochastic,8,95,150028,0.05,0.45,0.0,128,6,train
2868,stochastic_008,stochastic,8,96,150028,0.05,0.45,0.0,128,6,train
2869,stochastic_008,stochastic,8,97,150028,0.05,0.45,0.0,128,6,train
2870,stochastic_008,stochastic,8,98,150028,0.05,0.45,0.0,128,6,train
2871,stochastic_009,stochastic,9,0,150029,0.05,0.45,0.0,128,6,train
2872,stochastic_009,stochastic,9,1,150029,0.05,0.45,0.0,128,6,train
2873,stochastic_009,stochastic,9,2,150029,0.05,0.45,0.0,128,6,train
2874,stochastic_009,stochastic,9,3,150029,0.05,0.45,0.0,128,6,train
2875,stochastic_009,stochastic,9,4,150029,0.05,0.45,0.0,128,6,train
2876,stochastic_009,stochastic,9,5,150029,0.05,0.45,0.0,128,6,train
2877,stochastic_009,stochastic,9,6,150029,0.05,0.45,0.0,128,6,train
2878,stochastic_009,stochastic,9,7,150029,0.05,0.45,0.0,128,6,train
2879,stochastic_009,stochastic,9,8,150029,0.05,0.45,0.0,128,6,train
2880,stochastic_009,stochastic,9,9,150029,0.05,0.45,0.0,128,6,train
2881,stochastic_009,stochastic,9,10,150029,0.05,0.45,0.0,128,6,train
2882,stochastic_009,stochastic,9,11,150029,0.05,0.45,0.0,128,6,train
2883,stochastic_009,stochastic,9,12,150029,0.05,0.45,0.0,128,6,train
2884,stochastic_009,stochastic,9,13,150029,0.05,0.45,0.0,128,6,train
2885,stochastic_009,stochastic,9,14,150029,0.05,0.45,0.0,128,6,train
2886,stochastic_009,stochastic,9,15,150029,0.05,0.45,0.0,128,6,train
2887,stochastic_009,stochastic,9,16,150029,0.05,0.45,0.0,128,6,train
2888,stochastic_009,stochastic,9,17,150029,0.05,0.45,0.0,128,6,train
2889,stochastic_009,stochastic,9,18,150029,0.05,0.45,0.0,128,6,train
2890,stochastic_009,stochastic,9,19,150029,0.05,0.45,0.0,128,6,train
2891,stochastic_009,stochastic,9,20,150029,0.05,0.45,0.0,128,6,train
2892,stochastic_009,stochastic,9,21,150029,0.05,0.45,0.0,128,6,train
2893,stochastic_009,stochastic,9,22,150029,0.05,0.45,0.0,128,6,train
2894,stochastic_009,stochastic,9,23,150029,0.05,0.45,0.0,128,6,train
2895,stochastic_009,stochastic,9,24,150029,0.05,0.45,0.0,128,6,train
2896,stochastic_009,stochastic,9,25,150029,0.05,0.45,0.0,128,6,train
2897,stochastic_009,stochastic,9,26,150029,0.05,0.45,0.0,128,6,train
2898,stochastic_009,stochastic,9,27,150029,0.05,0.45,0.0,128,6,train
2899,stochastic_009,stochastic,9,28,150029,0.05,0.45,0.0,128,6,train
2900,stochastic_009,stochastic,9,29,150029,0.05,0.45,0.0,128,6,train
2901,stochastic_009,stochastic,9,30,150029,0.05,0.45,0.0,128,6,train
2902,stochastic_009,stochastic,9,31,150029,0.05,0.45,0.0,128,6,train
2903,stochastic_009,stochastic,9,32,150029,0.05,0.45,0.0,128,6,train
2904,stochastic_009,stochastic,9,33,150029,0.05,0.45,0.0,128,6,train
2905,stochastic_009,stochastic,9,34,150029,0.05,0.45,0.0,128,6,train
2906,stochastic_009,stochastic,9,35,150029,0.05,0.45,0.0,128,6,train
2907,stochastic_009,stochastic,9,36,150029,0.05,0.45,0.0,128,6,train
2908,stochastic_009,stochastic,9,37,150029,0.05,0.45,0.0,128,6,train
2909,stochastic_009,stochastic,9,38,150029,0.05,0.45,0.0,128,6,train
2910,stochastic_009,stochastic,9,39,150029,0.05,0.45,0.0,128,6,train
2911,stochastic_009,stochastic,9,40,150029,0.05,0.45,0.0,128,6,train
2912,stochastic_009,stochastic,9,41,150029,0.05,0.45,0.0,128,6,train
2913,stochastic_009,stochastic,9,42,150029,0.05,0.45,0.0,128,6,train
2914,stochastic_009,stochastic,9,43,150029,0.05,0.45,0.0,128,6,train
2915,stochastic_009,stochastic,9,44,150029,0.05,0.45,0.0,128,6,train
2916,stochastic_009,stochastic,9,45,150029,0.05,0.45,0.0,128,6,train
2917,stochastic_009,stochastic,9,46,150029,0.05,0.45,0.0,128,6,train
2918,stochastic_009,stochastic,9,47,150029,0.05,0.45,0.0,128,6,train
2919,stochastic_009,stochastic,9,48,150029,0.05,0.45,0.0,128,6,train
2920,stochastic_009,stochastic,9,49,150029,0.05,0.45,0.0,128,6,train
2921,stochastic_009,stochastic,9,50,150029,0.05,0.45,0.0,128,6,train
2922,stochastic_009,stochastic,9,51,150029,0.05,0.45,0.0,128,6,train
2923,stochastic_009,stochastic,9,52,150029,0.05,0.45,0.0,128,6,train
2924,stochastic_009,stochastic,9,53,150029,0.05,0.45,0.0,128,6,train
2925,stochastic_009,stochastic,9,54,150029,0.05,0.45,0.0,128,6,train
2926,stochastic_009,stochastic,9,55,150029,0.05,0.45,0.0,128,6,train
2927,stochastic_009,stochastic,9,56,150029,0.05,0.45,0.0,128,6,train
2928,stochastic_009,stochastic,9,57,150029,0.05,0.45,0.0,128,6,train
2929,stochastic_009,stochastic,9,58,150029,0.05,0.45,0.0,128,6,train
2930,stochastic_009,stochastic,9,59,150029,0.05,0.45,0.0,128,6,train
2931,stochastic_009,stochastic,9,60,150029,0.05,0.45,0.0,128,6,train
2932,stochastic_009,stochastic,9,61,150029,0.05,0.45,0.0,128,6,train
2933,stochastic_009,stochastic,9,62,150029,0.05,0.45,0.0,128,6,train
2934,stochastic_009,stochastic,9,63,150029,0.05,0.45,0.0,128,6,train
2935,stochastic_009,stochastic,9,64,150029,0.05,0.45,0.0,128,6,train
2936,stochastic_009,stochastic,9,65,150029,0.05,0.45,0.0,128,6,train
2937,stochastic_009,stochastic,9,66,150029,0.05,0.45,0.0,128,6,train
2938,stochastic_009,stochastic,9,67,150029,0.05,0.45,0.0,128,6,train
2939,stochastic_009,stochastic,9,68,150029,0.05,0.45,0.0,128,6,train
2940,stochastic_009,stochastic,9,69,150029,0.05,0.45,0.0,128,6,train
2941,stochastic_009,stochastic,9,70,150029,0.05,0.45,0.0,128,6,train
2942,stochastic_009,stochastic,9,71,150029,0.05,0.45,0.0,128,6,train
2943,stochastic_009,stochastic,9,72,150029,0.05,0.45,0.0,128,6,train
2944,stochastic_009,stochastic,9,73,150029,0.05,0.45,0.0,128,6,train
2945,stochastic_009,stochastic,9,74,150029,0.05,0.45,0.0,128,6,train
2946,stochastic_009,stochastic,9,75,150029,0.05,0.45,0.0,128,6,train
2947,stochastic_009,stochastic,9,76,150029,0.05,0.45,0.0,128,6,train
2948,stochastic_009,stochastic,9,77,150029,0.05,0.45,0.0,128,6,train
2949,stochastic_009,stochastic,9,78,150029,0.05,0.45,0.0,128,6,train
2950,stochastic_009,stochastic,9,79,150029,0.05,0.45,0.0,128,6,train
2951,stochastic_009,stochastic,9,80,150029,0.05,0.45,0.0,128,6,train
2952,stochastic_009,stochastic,9,81,150029,0.05,0.45,0.0,128,6,train
2953,stochastic_009,stochastic,9,82,150029,0.05,0.45,0.0,128,6,train
2954,stochastic_009,stochastic,9,83,150029,0.05,0.45,0.0,128,6,train
2955,stochastic_009,stochastic,9,84,150029,0.05,0.45,0.0,128,6,train
2956,stochastic_009,stochastic,9,85,150029,0.05,0.45,0.0,128,6,train
2957,stochastic_009,stochastic,9,86,150029,0.05,0.45,0.0,128,6,train
2958,stochastic_009,stochastic,9,87,150029,0.05,0.45,0.0,128,6,train
2959,stochastic_009,stochastic,9,88,150029,0.05,0.45,0.0,128,6,train
2960,stochastic_009,stochastic,9,89,150029,0.05,0.45,0.0,128,6,train
2961,stochastic_009,stochastic,9,90,150029,0.05,0.45,0.0,128,6,train
2962,stochastic_009,stochastic,9,91,150029,0.05,0.45,0.0,128,6,train
2963,stochastic_009,stochastic,9,92,150029,0.05,0.45,0.0,128,6,train
2964,stochastic_009,stochastic,9,93,150029,0.05,0.45,0.0,128,6,train
2965,stochastic_009,stochastic,9,94,150029,0.05,0.45,0.0,128,6,train
2966,stochastic_009,stochastic,9,95,150029,0.05,0.45,0.0,128,6,train
2967,stochastic_009,stochastic,9,96,150029,0.05,0.45,0.0,128,6,train
2968,stochastic_009,stochastic,9,97,150029,0.05,0.45,0.0,128,6,train
2969,stochastic_009,stochastic,9,98,150029,0.05,0.45,0.0,128,6,train
2970,stochastic_010,stochastic,10,0,150030,0.05,0.45,0.0,128,6,train
2971,stochastic_010,stochastic,10,1,150030,0.05,0.45,0.0,128,6,train
2972,stochastic_010,stochastic,10,2,150030,0.05,0.45,0.0,128,6,train
2973,stochastic_010,stochastic,10,3,150030,0.05,0.45,0.0,128,6,train
2974,stochastic_010,stochastic,10,4,150030,0.05,0.45,0.0,128,6,train
2975,stochastic_010,stochastic,10,5,150030,0.05,0.45,0.0,128,6,train
2976,stochastic_010,stochastic,10,6,150030,0.05,0.45,0.0,128,6,train
2977,stochastic_010,stochastic,10,7,150030,0.05,0.45,0.0,128,6,train
2978,stochastic_010,stochastic,10,8,150030,0.05,0.45,0.0,128,6,train
2979,stochastic_010,stochastic,10,9,150030,0.05,0.45,0.0,128,6,train
2980,stochastic_010,stochastic,10,10,150030,0.05,0.45,0.0,128,6,train
2981,stochastic_010,stochastic,10,11,150030,0.05,0.45,0.0,128,6,train
2982,stochastic_010,stochastic,10,12,150030,0.05,0.45,0.0,128,6,train
2983,stochastic_010,stochastic,10,13,150030,0.05,0.45,0.0,128,6,train
2984,stochastic_010,stochastic,10,14,150030,0.05,0.45,0.0,128,6,train
2985,stochastic_010,stochastic,10,15,150030,0.05,0.45,0.0,128,6,train
2986,stochastic_010,stochastic,10,16,150030,0.05,0.45,0.0,128,6,train
2987,stochastic_010,stochastic,10,17,150030,0.05,0.45,0.0,128,6,train
2988,stochastic_010,stochastic,10,18,150030,0.05,0.45,0.0,128,6,train
2989,stochastic_010,stochastic,10,19,150030,0.05,0.45,0.0,128,6,train
2990,stochastic_010,stochastic,10,20,150030,0.05,0.45,0.0,128,6,train
2991,stochastic_010,stochastic,10,21,150030,0.05,0.45,0.0,128,6,train
2992,stochastic_010,stochastic,10,22,150030,0.05,0.45,0.0,128,6,train
2993,stochastic_010,stochastic,10,23,150030,0.05,0.45,0.0,128,6,train
2994,stochastic_010,stochastic,10,24,150030,0.05,0.45,0.0,128,6,train
2995,stochastic_010,stochastic,10,25,150030,0.05,0.45,0.0,128,6,train
2996,stochastic_010,stochastic,10,26,150030,0.05,0.45,0.0,128,6,train
2997,stochastic_010,stochastic,10,27,150030,0.05,0.45,0.0,128,6,train
2998,stochastic_010,stochastic,10,28,150030,0.05,0.45,0.0,128,6,train
2999,stochastic_010,stochastic,10,29,150030,0.05,0.45,0.0,128,6,train
3000,stochastic_010,stochastic,10,30,150030,0.05,0.45,0.0,128,6,train
3001,stochastic_010,stochastic,10,31,150030,0.05,0.45,0.0,128,6,train
3002,stochastic_010,stochastic,10,32,150030,0.05,0.45,0.0,128,6,train
3003,stochastic_010,stochastic,10,33,150030,0.05,0.45,0.0,128,6,train
3004,stochastic_010,stochastic,10,34,150030,0.05,0.45,0.0,128,6,train
3005,stochastic_010,stochastic,10,35,150030,0.05,0.45,0.0,128,6,train
3006,stochastic_010,stochastic,10,36,150030,0.05,0.45,0.0,128,6,train
3007,stochastic_010,stochastic,10,37,150030,0.05,0.45,0.0,128,6,train
3008,stochastic_010,stochastic,10,38,150030,0.05,0.45,0.0,128,6,train
3009,stochastic_010,stochastic,10,39,150030,0.05,0.45,0.0,128,6,train
3010,stochastic_010,stochastic,10,40,150030,0.05,0.45,0.0,128,6,train
3011,stochastic_010,stochastic,10,41,150030,0.05,0.45,0.0,128,6,train
3012,stochastic_010,stochastic,10,42,150030,0.05,0.45,0.0,128,6,train
3013,stochastic_010,stochastic,10,43,150030,0.05,0.45,0.0,128,6,train
3014,stochastic_010,stochastic,10,44,150030,0.05,0.45,0.0,128,6,train
3015,stochastic_010,stochastic,10,45,150030,0.05,0.45,0.0,128,6,train
3016,stochastic_010,stochastic,10,46,150030,0.05,0.45,0.0,128,6,train
3017,stochastic_010,stochastic,10,47,150030,0.05,0.45,0.0,128,6,train
3018,stochastic_010,stochastic,10,48,150030,0.05,0.45,0.0,128,6,train
3019,stochastic_010,stochastic,10,49,150030,0.05,0.45,0.0,128,6,train
3020,stochastic_010,stochastic,10,50,150030,0.05,0.45,0.0,128,6,train
3021,stochastic_010,stochastic,10,51,150030,0.05,0.45,0.0,128,6,train
3022,stochastic_010,stochastic,10,52,150030,0.05,0.45,0.0,128,6,train
3023,stochastic_010,stochastic,10,53,150030,0.05,0.45,0.0,128,6,train
3024,stochastic_010,stochastic,10,54,150030,0.05,0.45,0.0,128,6,train
3025,stochastic_010,stochastic,10,55,150030,0.05,0.45,0.0,128,6,train
3026,stochastic_010,stochastic,10,56,150030,0.05,0.45,0.0,128,6,train
3027,stochastic_010,stochastic,10,57,150030,0.05,0.45,0.0,128,6,train
3028,stochastic_010,stochastic,10,58,150030,0.05,0.45,0.0,128,6,train
3029,stochastic_010,stochastic,10,59,150030,0.05,0.45,0.0,128,6,train
3030,stochastic_010,stochastic,10,60,150030,0.05,0.45,0.0,128,6,train
3031,stochastic_010,stochastic,10,61,150030,0.05,0.45,0.0,128,6,train
3032,stochastic_010,stochastic,10,62,150030,0.05,0.45,0.0,128,6,train
3033,stochastic_010,stochastic,10,63,150030,0.05,0.45,0.0,128,6,train
3034,stochastic_010,stochastic,10,64,150030,0.05,0.45,0.0,128,6,train
3035,stochastic_010,stochastic,10,65,150030,0.05,0.45,0.0,128,6,train
3036,stochastic_010,stochastic,10,66,150030,0.05,0.45,0.0,128,6,train
3037,stochastic_010,stochastic,10,67,150030,0.05,0.45,0.0,128,6,train
3038,stochastic_010,stochastic,10,68,150030,0.05,0.45,0.0,128,6,train
3039,stochastic_010,stochastic,10,69,150030,0.05,0.45,0.0,128,6,train
3040,stochastic_010,stochastic,10,70,150030,0.05,0.45,0.0,128,6,train
3041,stochastic_010,stochastic,10,71,150030,0.05,0.45,0.0,128,6,train
3042,stochastic_010,stochastic,10,72,150030,0.05,0.45,0.0,128,6,train
3043,stochastic_010,stochastic,10,73,150030,0.05,0.45,0.0,128,6,train
3044,stochastic_010,stochastic,10,74,150030,0.05,0.45,0.0,128,6,train
3045,stochastic_010,stochastic,10,75,150030,0.05,0.45,0.0,128,6,train
3046,stochastic_010,stochastic,10,76,150030,0.05,0.45,0.0,128,6,train
3047,stochastic_010,stochastic,10,77,150030,0.05,0.45,0.0,128,6,train
3048,stochastic_010,stochastic,10,78,150030,0.05,0.45,0.0,128,6,train
3049,stochastic_010,stochastic,10,79,150030,0.05,0.45,0.0,128,6,train
3050,stochastic_010,stochastic,10,80,150030,0.05,0.45,0.0,128,6,train
3051,stochastic_010,stochastic,10,81,150030,0.05,0.45,0.0,128,6,train
3052,stochastic_010,stochastic,10,82,150030,0.05,0.45,0.0,128,6,train
3053,stochastic_010,stochastic,10,83,150030,0.05,0.45,0.0,128,6,train
3054,stochastic_010,stochastic,10,84,150030,0.05,0.45,0.0,128,6,train
3055,stochastic_010,stochastic,10,85,150030,0.05,0.45,0.0,128,6,train
3056,stochastic_010,stochastic,10,86,150030,0.05,0.45,0.0,128,6,train
3057,stochastic_010,stochastic,10,87,150030,0.05,0.45,0.0,128,6,train
3058,stochastic_010,stochastic,10,88,150030,0.05,0.45,0.0,128,6,train
3059,stochastic_010,stochastic,10,89,150030,0.05,0.45,0.0,128,6,train
3060,stochastic_010,stochastic,10,90,150030,0.05,0.45,0.0,128,6,train
3061,stochastic_010,stochastic,10,91,150030,0.05,0.45,0.0,128,6,train
3062,stochastic_010,stochastic,10,92,150030,0.05,0.45,0.0,128,6,train
3063,stochastic_010,stochastic,10,93,150030,0.05,0.45,0.0,128,6,train
3064,stochastic_010,stochastic,10,94,150030,0.05,0.45,0.0,128,6,train
3065,stochastic_010,stochastic,10,95,150030,0.05,0.45,0.0,128,6,train
3066,stochastic_010,stochastic,10,96,150030,0.05,0.45,0.0,128,6,train
3067,stochastic_010,stochastic,10,97,150030,0.05,0.45,0.0,128,6,train
3068,stochastic_010,stochastic,10,98,150030,0.05,0.45,0.0,128,6,train
3069,stochastic_011,stochastic,11,0,150031,0.05,0.45,0.0,128,6,validation
3070,stochastic_011,stochastic,11,1,150031,0.05,0.45,0.0,128,6,validation
3071,stochastic_011,stochastic,11,2,150031,0.05,0.45,0.0,128,6,validation
3072,stochastic_011,stochastic,11,3,150031,0.05,0.45,0.0,128,6,validation
3073,stochastic_011,stochastic,11,4,150031,0.05,0.45,0.0,128,6,validation
3074,stochastic_011,stochastic,11,5,150031,0.05,0.45,0.0,128,6,validation
3075,stochastic_011,stochastic,11,6,150031,0.05,0.45,0.0,128,6,validation
3076,stochastic_011,stochastic,11,7,150031,0.05,0.45,0.0,128,6,validation
3077,stochastic_011,stochastic,11,8,150031,0.05,0.45,0.0,128,6,validation
3078,stochastic_011,stochastic,11,9,150031,0.05,0.45,0.0,128,6,validation
3079,stochastic_011,stochastic,11,10,150031,0.05,0.45,0.0,128,6,validation
3080,stochastic_011,stochastic,11,11,150031,0.05,0.45,0.0,128,6,validation
3081,stochastic_011,stochastic,11,12,150031,0.05,0.45,0.0,128,6,validation
3082,stochastic_011,stochastic,11,13,150031,0.05,0.45,0.0,128,6,validation
3083,stochastic_011,stochastic,11,14,150031,0.05,0.45,0.0,128,6,validation
3084,stochastic_011,stochastic,11,15,150031,0.05,0.45,0.0,128,6,validation
3085,stochastic_011,stochastic,11,16,150031,0.05,0.45,0.0,128,6,validation
3086,stochastic_011,stochastic,11,17,150031,0.05,0.45,0.0,128,6,validation
3087,stochastic_011,stochastic,11,18,150031,0.05,0.45,0.0,128,6,validation
3088,stochastic_011,stochastic,11,19,150031,0.05,0.45,0.0,128,6,validation
3089,stochastic_011,stochastic,11,20,150031,0.05,0.45,0.0,128,6,validation
3090,stochastic_011,stochastic,11,21,150031,0.05,0.45,0.0,128,6,validation
3091,stochastic_011,stochastic,11,22,150031,0.05,0.45,0.0,128,6,validation
3092,stochastic_011,stochastic,11,23,150031,0.05,0.45,0.0,128,6,validation
3093,stochastic_011,stochastic,11,24,150031,0.05,0.45,0.0,128,6,validation
3094,stochastic_011,stochastic,11,25,150031,0.05,0.45,0.0,128,6,validation
3095,stochastic_011,stochastic,11,26,150031,0.05,0.45,0.0,128,6,validation
3096,stochastic_011,stochastic,11,27,150031,0.05,0.45,0.0,128,6,validation
3097,stochastic_011,stochastic,11,28,150031,0.05,0.45,0.0,128,6,validation
3098,stochastic_011,stochastic,11,29,150031,0.05,0.45,0.0,128,6,validation
3099,stochastic_011,stochastic,11,30,150031,0.05,0.45,0.0,128,6,validation
3100,stochastic_011,stochastic,11,31,150031,0.05,0.45,0.0,128,6,validation
3101,stochastic_011,stochastic,11,32,150031,0.05,0.45,0.0,128,6,validation
3102,stochastic_011,stochastic,11,33,150031,0.05,0.45,0.0,128,6,validation
3103,stochastic_011,stochastic,11,34,150031,0.05,0.45,0.0,128,6,validation
3104,stochastic_011,stochastic,11,35,150031,0.05,0.45,0.0,128,6,validation
3105,stochastic_011,stochastic,11,36,150031,0.05,0.45,0.0,128,6,validation
3106,stochastic_011,stochastic,11,37,150031,0.05,0.45,0.0,128,6,validation
3107,stochastic_011,stochastic,11,38,150031,0.05,0.45,0.0,128,6,validation
3108,stochastic_011,stochastic,11,39,150031,0.05,0.45,0.0,128,6,validation
3109,stochastic_011,stochastic,11,40,150031,0.05,0.45,0.0,128,6,validation
3110,stochastic_011,stochastic,11,41,150031,0.05,0.45,0.0,128,6,validation
3111,stochastic_011,stochastic,11,42,150031,0.05,0.45,0.0,128,6,validation
3112,stochastic_011,stochastic,11,43,150031,0.05,0.45,0.0,128,6,validation
3113,stochastic_011,stochastic,11,44,150031,0.05,0.45,0.0,128,6,validation
3114,stochastic_011,stochastic,11,45,150031,0.05,0.45,0.0,128,6,validation
3115,stochastic_011,stochastic,11,46,150031,0.05,0.45,0.0,128,6,validation
3116,stochastic_011,stochastic,11,47,150031,0.05,0.45,0.0,128,6,validation
3117,stochastic_011,stochastic,11,48,150031,0.05,0.45,0.0,128,6,validation
3118,stochastic_011,stochastic,11,49,150031,0.05,0.45,0.0,128,6,validation
3119,stochastic_011,stochastic,11,50,150031,0.05,0.45,0.0,128,6,validation
3120,stochastic_011,stochastic,11,51,150031,0.05,0.45,0.0,128,6,validation
3121,stochastic_011,stochastic,11,52,150031,0.05,0.45,0.0,128,6,validation
3122,stochastic_011,stochastic,11,53,150031,0.05,0.45,0.0,128,6,validation
3123,stochastic_011,stochastic,11,54,150031,0.05,0.45,0.0,128,6,validation
3124,stochastic_011,stochastic,11,55,150031,0.05,0.45,0.0,128,6,validation
3125,stochastic_011,stochastic,11,56,150031,0.05,0.45,0.0,128,6,validation
3126,stochastic_011,stochastic,11,57,150031,0.05,0.45,0.0,128,6,validation
3127,stochastic_011,stochastic,11,58,150031,0.05,0.45,0.0,128,6,validation
3128,stochastic_011,stochastic,11,59,150031,0.05,0.45,0.0,128,6,validation
3129,stochastic_011,stochastic,11,60,150031,0.05,0.45,0.0,128,6,validation
3130,stochastic_011,stochastic,11,61,150031,0.05,0.45,0.0,128,6,validation
3131,stochastic_011,stochastic,11,62,150031,0.05,0.45,0.0,128,6,validation
3132,stochastic_011,stochastic,11,63,150031,0.05,0.45,0.0,128,6,validation
3133,stochastic_011,stochastic,11,64,150031,0.05,0.45,0.0,128,6,validation
3134,stochastic_011,stochastic,11,65,150031,0.05,0.45,0.0,128,6,validation
3135,stochastic_011,stochastic,11,66,150031,0.05,0.45,0.0,128,6,validation
3136,stochastic_011,stochastic,11,67,150031,0.05,0.45,0.0,128,6,validation
3137,stochastic_011,stochastic,11,68,150031,0.05,0.45,0.0,128,6,validation
3138,stochastic_011,stochastic,11,69,150031,0.05,0.45,0.0,128,6,validation
3139,stochastic_011,stochastic,11,70,150031,0.05,0.45,0.0,128,6,validation
3140,stochastic_011,stochastic,11,71,150031,0.05,0.45,0.0,128,6,validation
3141,stochastic_011,stochastic,11,72,150031,0.05,0.45,0.0,128,6,validation
3142,stochastic_011,stochastic,11,73,150031,0.05,0.45,0.0,128,6,validation
3143,stochastic_011,stochastic,11,74,150031,0.05,0.45,0.0,128,6,validation
3144,stochastic_011,stochastic,11,75,150031,0.05,0.45,0.0,128,6,validation
3145,stochastic_011,stochastic,11,76,150031,0.05,0.45,0.0,128,6,validation
3146,stochastic_011,stochastic,11,77,150031,0.05,0.45,0.0,128,6,validation
3147,stochastic_011,stochastic,11,78,150031,0.05,0.45,0.0,128,6,validation
3148,stochastic_011,stochastic,11,79,150031,0.05,0.45,0.0,128,6,validation
3149,stochastic_011,stochastic,11,80,150031,0.05,0.45,0.0,128,6,validation
3150,stochastic_011,stochastic,11,81,150031,0.05,0.45,0.0,128,6,validation
3151,stochastic_011,stochastic,11,82,150031,0.05,0.45,0.0,128,6,validation
3152,stochastic_011,stochastic,11,83,150031,0.05,0.45,0.0,128,6,validation
3153,stochastic_011,stochastic,11,84,150031,0.05,0.45,0.0,128,6,validation
3154,stochastic_011,stochastic,11,85,150031,0.05,0.45,0.0,128,6,validation
3155,stochastic_011,stochastic,11,86,150031,0.05,0.45,0.0,128,6,validation
3156,stochastic_011,stochastic,11,87,150031,0.05,0.45,0.0,128,6,validation
3157,stochastic_011,stochastic,11,88,150031,0.05,0.45,0.0,128,6,validation
3158,stochastic_011,stochastic,11,89,150031,0.05,0.45,0.0,128,6,validation
3159,stochastic_011,stochastic,11,90,150031,0.05,0.45,0.0,128,6,validation
3160,stochastic_011,stochastic,11,91,150031,0.05,0.45,0.0,128,6,validation
3161,stochastic_011,stochastic,11,92,150031,0.05,0.45,0.0,128,6,validation
3162,stochastic_011,stochastic,11,93,150031,0.05,0.45,0.0,128,6,validation
3163,stochastic_011,stochastic,11,94,150031,0.05,0.45,0.0,128,6,validation
3164,stochastic_011,stochastic,11,95,150031,0.05,0.45,0.0,128,6,validation
3165,stochastic_011,stochastic,11,96,150031,0.05,0.45,0.0,128,6,validation
3166,stochastic_011,stochastic,11,97,150031,0.05,0.45,0.0,128,6,validation
3167,stochastic_011,stochastic,11,98,150031,0.05,0.45,0.0,128,6,validation
3168,stochastic_012,stochastic,12,0,150032,0.05,0.45,0.0,128,6,validation
3169,stochastic_012,stochastic,12,1,150032,0.05,0.45,0.0,128,6,validation
3170,stochastic_012,stochastic,12,2,150032,0.05,0.45,0.0,128,6,validation
3171,stochastic_012,stochastic,12,3,150032,0.05,0.45,0.0,128,6,validation
3172,stochastic_012,stochastic,12,4,150032,0.05,0.45,0.0,128,6,validation
3173,stochastic_012,stochastic,12,5,150032,0.05,0.45,0.0,128,6,validation
3174,stochastic_012,stochastic,12,6,150032,0.05,0.45,0.0,128,6,validation
3175,stochastic_012,stochastic,12,7,150032,0.05,0.45,0.0,128,6,validation
3176,stochastic_012,stochastic,12,8,150032,0.05,0.45,0.0,128,6,validation
3177,stochastic_012,stochastic,12,9,150032,0.05,0.45,0.0,128,6,validation
3178,stochastic_012,stochastic,12,10,150032,0.05,0.45,0.0,128,6,validation
3179,stochastic_012,stochastic,12,11,150032,0.05,0.45,0.0,128,6,validation
3180,stochastic_012,stochastic,12,12,150032,0.05,0.45,0.0,128,6,validation
3181,stochastic_012,stochastic,12,13,150032,0.05,0.45,0.0,128,6,validation
3182,stochastic_012,stochastic,12,14,150032,0.05,0.45,0.0,128,6,validation
3183,stochastic_012,stochastic,12,15,150032,0.05,0.45,0.0,128,6,validation
3184,stochastic_012,stochastic,12,16,150032,0.05,0.45,0.0,128,6,validation
3185,stochastic_012,stochastic,12,17,150032,0.05,0.45,0.0,128,6,validation
3186,stochastic_012,stochastic,12,18,150032,0.05,0.45,0.0,128,6,validation
3187,stochastic_012,stochastic,12,19,150032,0.05,0.45,0.0,128,6,validation
3188,stochastic_012,stochastic,12,20,150032,0.05,0.45,0.0,128,6,validation
3189,stochastic_012,stochastic,12,21,150032,0.05,0.45,0.0,128,6,validation
3190,stochastic_012,stochastic,12,22,150032,0.05,0.45,0.0,128,6,validation
3191,stochastic_012,stochastic,12,23,150032,0.05,0.45,0.0,128,6,validation
3192,stochastic_012,stochastic,12,24,150032,0.05,0.45,0.0,128,6,validation
3193,stochastic_012,stochastic,12,25,150032,0.05,0.45,0.0,128,6,validation
3194,stochastic_012,stochastic,12,26,150032,0.05,0.45,0.0,128,6,validation
3195,stochastic_012,stochastic,12,27,150032,0.05,0.45,0.0,128,6,validation
3196,stochastic_012,stochastic,12,28,150032,0.05,0.45,0.0,128,6,validation
3197,stochastic_012,stochastic,12,29,150032,0.05,0.45,0.0,128,6,validation
3198,stochastic_012,stochastic,12,30,150032,0.05,0.45,0.0,128,6,validation
3199,stochastic_012,stochastic,12,31,150032,0.05,0.45,0.0,128,6,validation
3200,stochastic_012,stochastic,12,32,150032,0.05,0.45,0.0,128,6,validation
3201,stochastic_012,stochastic,12,33,150032,0.05,0.45,0.0,128,6,validation
3202,stochastic_012,stochastic,12,34,150032,0.05,0.45,0.0,128,6,validation
3203,stochastic_012,stochastic,12,35,150032,0.05,0.45,0.0,128,6,validation
3204,stochastic_012,stochastic,12,36,150032,0.05,0.45,0.0,128,6,validation
3205,stochastic_012,stochastic,12,37,150032,0.05,0.45,0.0,128,6,validation
3206,stochastic_012,stochastic,12,38,150032,0.05,0.45,0.0,128,6,validation
3207,stochastic_012,stochastic,12,39,150032,0.05,0.45,0.0,128,6,validation
3208,stochastic_012,stochastic,12,40,150032,0.05,0.45,0.0,128,6,validation
3209,stochastic_012,stochastic,12,41,150032,0.05,0.45,0.0,128,6,validation
3210,stochastic_012,stochastic,12,42,150032,0.05,0.45,0.0,128,6,validation
3211,stochastic_012,stochastic,12,43,150032,0.05,0.45,0.0,128,6,validation
3212,stochastic_012,stochastic,12,44,150032,0.05,0.45,0.0,128,6,validation
3213,stochastic_012,stochastic,12,45,150032,0.05,0.45,0.0,128,6,validation
3214,stochastic_012,stochastic,12,46,150032,0.05,0.45,0.0,128,6,validation
3215,stochastic_012,stochastic,12,47,150032,0.05,0.45,0.0,128,6,validation
3216,stochastic_012,stochastic,12,48,150032,0.05,0.45,0.0,128,6,validation
3217,stochastic_012,stochastic,12,49,150032,0.05,0.45,0.0,128,6,validation
3218,stochastic_012,stochastic,12,50,150032,0.05,0.45,0.0,128,6,validation
3219,stochastic_012,stochastic,12,51,150032,0.05,0.45,0.0,128,6,validation
3220,stochastic_012,stochastic,12,52,150032,0.05,0.45,0.0,128,6,validation
3221,stochastic_012,stochastic,12,53,150032,0.05,0.45,0.0,128,6,validation
3222,stochastic_012,stochastic,12,54,150032,0.05,0.45,0.0,128,6,validation
3223,stochastic_012,stochastic,12,55,150032,0.05,0.45,0.0,128,6,validation
3224,stochastic_012,stochastic,12,56,150032,0.05,0.45,0.0,128,6,validation
3225,stochastic_012,stochastic,12,57,150032,0.05,0.45,0.0,128,6,validation
3226,stochastic_012,stochastic,12,58,150032,0.05,0.45,0.0,128,6,validation
3227,stochastic_012,stochastic,12,59,150032,0.05,0.45,0.0,128,6,validation
3228,stochastic_012,stochastic,12,60,150032,0.05,0.45,0.0,128,6,validation
3229,stochastic_012,stochastic,12,61,150032,0.05,0.45,0.0,128,6,validation
3230,stochastic_012,stochastic,12,62,150032,0.05,0.45,0.0,128,6,validation
3231,stochastic_012,stochastic,12,63,150032,0.05,0.45,0.0,128,6,validation
3232,stochastic_012,stochastic,12,64,150032,0.05,0.45,0.0,128,6,validation
3233,stochastic_012,stochastic,12,65,150032,0.05,0.45,0.0,128,6,validation
3234,stochastic_012,stochastic,12,66,150032,0.05,0.45,0.0,128,6,validation
3235,stochastic_012,stochastic,12,67,150032,0.05,0.45,0.0,128,6,validation
3236,stochastic_012,stochastic,12,68,150032,0.05,0.45,0.0,128,6,validation
3237,stochastic_012,stochastic,12,69,150032,0.05,0.45,0.0,128,6,validation
3238,stochastic_012,stochastic,12,70,150032,0.05,0.45,0.0,128,6,validation
3239,stochastic_012,stochastic,12,71,150032,0.05,0.45,0.0,128,6,validation
3240,stochastic_012,stochastic,12,72,150032,0.05,0.45,0.0,128,6,validation
3241,stochastic_012,stochastic,12,73,150032,0.05,0.45,0.0,128,6,validation
3242,stochastic_012,stochastic,12,74,150032,0.05,0.45,0.0,128,6,validation
3243,stochastic_012,stochastic,12,75,150032,0.05,0.45,0.0,128,6,validation
3244,stochastic_012,stochastic,12,76,150032,0.05,0.45,0.0,128,6,validation
3245,stochastic_012,stochastic,12,77,150032,0.05,0.45,0.0,128,6,validation
3246,stochastic_012,stochastic,12,78,150032,0.05,0.45,0.0,128,6,validation
3247,stochastic_012,stochastic,12,79,150032,0.05,0.45,0.0,128,6,validation
3248,stochastic_012,stochastic,12,80,150032,0.05,0.45,0.0,128,6,validation
3249,stochastic_012,stochastic,12,81,150032,0.05,0.45,0.0,128,6,validation
3250,stochastic_012,stochastic,12,82,150032,0.05,0.45,0.0,128,6,validation
3251,stochastic_012,stochastic,12,83,150032,0.05,0.45,0.0,128,6,validation
3252,stochastic_012,stochastic,12,84,150032,0.05,0.45,0.0,128,6,validation
3253,stochastic_012,stochastic,12,85,150032,0.05,0.45,0.0,128,6,validation
3254,stochastic_012,stochastic,12,86,150032,0.05,0.45,0.0,128,6,validation
3255,stochastic_012,stochastic,12,87,150032,0.05,0.45,0.0,128,6,validation
3256,stochastic_012,stochastic,12,88,150032,0.05,0.45,0.0,128,6,validation
3257,stochastic_012,stochastic,12,89,150032,0.05,0.45,0.0,128,6,validation
3258,stochastic_012,stochastic,12,90,150032,0.05,0.45,0.0,128,6,validation
3259,stochastic_012,stochastic,12,91,150032,0.05,0.45,0.0,128,6,validation
3260,stochastic_012,stochastic,12,92,150032,0.05,0.45,0.0,128,6,validation
3261,stochastic_012,stochastic,12,93,150032,0.05,0.45,0.0,128,6,validation
3262,stochastic_012,stochastic,12,94,150032,0.05,0.45,0.0,128,6,validation
3263,stochastic_012,stochastic,12,95,150032,0.05,0.45,0.0,128,6,validation
3264,stochastic_012,stochastic,12,96,150032,0.05,0.45,0.0,128,6,validation
3265,stochastic_012,stochastic,12,97,150032,0.05,0.45,0.0,128,6,validation
3266,stochastic_012,stochastic,12,98,150032,0.05,0.45,0.0,128,6,validation
3267,stochastic_013,stochastic,13,0,150033,0.05,0.45,0.0,128,6,test
3268,stochastic_013,stochastic,13,1,150033,0.05,0.45,0.0,128,6,test
3269,stochastic_013,stochastic,13,2,150033,0.05,0.45,0.0,128,6,test
3270,stochastic_013,stochastic,13,3,150033,0.05,0.45,0.0,128,6,test
3271,stochastic_013,stochastic,13,4,150033,0.05,0.45,0.0,128,6,test
3272,stochastic_013,stochastic,13,5,150033,0.05,0.45,0.0,128,6,test
3273,stochastic_013,stochastic,13,6,150033,0.05,0.45,0.0,128,6,test
3274,stochastic_013,stochastic,13,7,150033,0.05,0.45,0.0,128,6,test
3275,stochastic_013,stochastic,13,8,150033,0.05,0.45,0.0,128,6,test
3276,stochastic_013,stochastic,13,9,150033,0.05,0.45,0.0,128,6,test
3277,stochastic_013,stochastic,13,10,150033,0.05,0.45,0.0,128,6,test
3278,stochastic_013,stochastic,13,11,150033,0.05,0.45,0.0,128,6,test
3279,stochastic_013,stochastic,13,12,150033,0.05,0.45,0.0,128,6,test
3280,stochastic_013,stochastic,13,13,150033,0.05,0.45,0.0,128,6,test
3281,stochastic_013,stochastic,13,14,150033,0.05,0.45,0.0,128,6,test
3282,stochastic_013,stochastic,13,15,150033,0.05,0.45,0.0,128,6,test
3283,stochastic_013,stochastic,13,16,150033,0.05,0.45,0.0,128,6,test
3284,stochastic_013,stochastic,13,17,150033,0.05,0.45,0.0,128,6,test
3285,stochastic_013,stochastic,13,18,150033,0.05,0.45,0.0,128,6,test
3286,stochastic_013,stochastic,13,19,150033,0.05,0.45,0.0,128,6,test
3287,stochastic_013,stochastic,13,20,150033,0.05,0.45,0.0,128,6,test
3288,stochastic_013,stochastic,13,21,150033,0.05,0.45,0.0,128,6,test
3289,stochastic_013,stochastic,13,22,150033,0.05,0.45,0.0,128,6,test
3290,stochastic_013,stochastic,13,23,150033,0.05,0.45,0.0,128,6,test
3291,stochastic_013,stochastic,13,24,150033,0.05,0.45,0.0,128,6,test
3292,stochastic_013,stochastic,13,25,150033,0.05,0.45,0.0,128,6,test
3293,stochastic_013,stochastic,13,26,150033,0.05,0.45,0.0,128,6,test
3294,stochastic_013,stochastic,13,27,150033,0.05,0.45,0.0,128,6,test
3295,stochastic_013,stochastic,13,28,150033,0.05,0.45,0.0,128,6,test
3296,stochastic_013,stochastic,13,29,150033,0.05,0.45,0.0,128,6,test
3297,stochastic_013,stochastic,13,30,150033,0.05,0.45,0.0,128,6,test
3298,stochastic_013,stochastic,13,31,150033,0.05,0.45,0.0,128,6,test
3299,stochastic_013,stochastic,13,32,150033,0.05,0.45,0.0,128,6,test
3300,stochastic_013,stochastic,13,33,150033,0.05,0.45,0.0,128,6,test
3301,stochastic_013,stochastic,13,34,150033,0.05,0.45,0.0,128,6,test
3302,stochastic_013,stochastic,13,35,150033,0.05,0.45,0.0,128,6,test
3303,stochastic_013,stochastic,13,36,150033,0.05,0.45,0.0,128,6,test
3304,stochastic_013,stochastic,13,37,150033,0.05,0.45,0.0,128,6,test
3305,stochastic_013,stochastic,13,38,150033,0.05,0.45,0.0,128,6,test
3306,stochastic_013,stochastic,13,39,150033,0.05,0.45,0.0,128,6,test
3307,stochastic_013,stochastic,13,40,150033,0.05,0.45,0.0,128,6,test
3308,stochastic_013,stochastic,13,41,150033,0.05,0.45,0.0,128,6,test
3309,stochastic_013,stochastic,13,42,150033,0.05,0.45,0.0,128,6,test
3310,stochastic_013,stochastic,13,43,150033,0.05,0.45,0.0,128,6,test
3311,stochastic_013,stochastic,13,44,150033,0.05,0.45,0.0,128,6,test
3312,stochastic_013,stochastic,13,45,150033,0.05,0.45,0.0,128,6,test
3313,stochastic_013,stochastic,13,46,150033,0.05,0.45,0.0,128,6,test
3314,stochastic_013,stochastic,13,47,150033,0.05,0.45,0.0,128,6,test
3315,stochastic_013,stochastic,13,48,150033,0.05,0.45,0.0,128,6,test
3316,stochastic_013,stochastic,13,49,150033,0.05,0.45,0.0,128,6,test
3317,stochastic_013,stochastic,13,50,150033,0.05,0.45,0.0,128,6,test
3318,stochastic_013,stochastic,13,51,150033,0.05,0.45,0.0,128,6,test
3319,stochastic_013,stochastic,13,52,150033,0.05,0.45,0.0,128,6,test
3320,stochastic_013,stochastic,13,53,150033,0.05,0.45,0.0,128,6,test
3321,stochastic_013,stochastic,13,54,150033,0.05,0.45,0.0,128,6,test
3322,stochastic_013,stochastic,13,55,150033,0.05,0.45,0.0,128,6,test
3323,stochastic_013,stochastic,13,56,150033,0.05,0.45,0.0,128,6,test
3324,stochastic_013,stochastic,13,57,150033,0.05,0.45,0.0,128,6,test
3325,stochastic_013,stochastic,13,58,150033,0.05,0.45,0.0,128,6,test
3326,stochastic_013,stochastic,13,59,150033,0.05,0.45,0.0,128,6,test
3327,stochastic_013,stochastic,13,60,150033,0.05,0.45,0.0,128,6,test
3328,stochastic_013,stochastic,13,61,150033,0.05,0.45,0.0,128,6,test
3329,stochastic_013,stochastic,13,62,150033,0.05,0.45,0.0,128,6,test
3330,stochastic_013,stochastic,13,63,150033,0.05,0.45,0.0,128,6,test
3331,stochastic_013,stochastic,13,64,150033,0.05,0.45,0.0,128,6,test
3332,stochastic_013,stochastic,13,65,150033,0.05,0.45,0.0,128,6,test
3333,stochastic_013,stochastic,13,66,150033,0.05,0.45,0.0,128,6,test
3334,stochastic_013,stochastic,13,67,150033,0.05,0.45,0.0,128,6,test
3335,stochastic_013,stochastic,13,68,150033,0.05,0.45,0.0,128,6,test
3336,stochastic_013,stochastic,13,69,150033,0.05,0.45,0.0,128,6,test
3337,stochastic_013,stochastic,13,70,150033,0.05,0.45,0.0,128,6,test
3338,stochastic_013,stochastic,13,71,150033,0.05,0.45,0.0,128,6,test
3339,stochastic_013,stochastic,13,72,150033,0.05,0.45,0.0,128,6,test
3340,stochastic_013,stochastic,13,73,150033,0.05,0.45,0.0,128,6,test
3341,stochastic_013,stochastic,13,74,150033,0.05,0.45,0.0,128,6,test
3342,stochastic_013,stochastic,13,75,150033,0.05,0.45,0.0,128,6,test
3343,stochastic_013,stochastic,13,76,150033,0.05,0.45,0.0,128,6,test
3344,stochastic_013,stochastic,13,77,150033,0.05,0.45,0.0,128,6,test
3345,stochastic_013,stochastic,13,78,150033,0.05,0.45,0.0,128,6,test
3346,stochastic_013,stochastic,13,79,150033,0.05,0.45,0.0,128,6,test
3347,stochastic_013,stochastic,13,80,150033,0.05,0.45,0.0,128,6,test
3348,stochastic_013,stochastic,13,81,150033,0.05,0.45,0.0,128,6,test
3349,stochastic_013,stochastic,13,82,150033,0.05,0.45,0.0,128,6,test
3350,stochastic_013,stochastic,13,83,150033,0.05,0.45,0.0,128,6,test
3351,stochastic_013,stochastic,13,84,150033,0.05,0.45,0.0,128,6,test
3352,stochastic_013,stochastic,13,85,150033,0.05,0.45,0.0,128,6,test
3353,stochastic_013,stochastic,13,86,150033,0.05,0.45,0.0,128,6,test
3354,stochastic_013,stochastic,13,87,150033,0.05,0.45,0.0,128,6,test
3355,stochastic_013,stochastic,13,88,150033,0.05,0.45,0.0,128,6,test
3356,stochastic_013,stochastic,13,89,150033,0.05,0.45,0.0,128,6,test
3357,stochastic_013,stochastic,13,90,150033,0.05,0.45,0.0,128,6,test
3358,stochastic_013,stochastic,13,91,150033,0.05,0.45,0.0,128,6,test
3359,stochastic_013,stochastic,13,92,150033,0.05,0.45,0.0,128,6,test
3360,stochastic_013,stochastic,13,93,150033,0.05,0.45,0.0,128,6,test
3361,stochastic_013,stochastic,13,94,150033,0.05,0.45,0.0,128,6,test
3362,stochastic_013,stochastic,13,95,150033,0.05,0.45,0.0,128,6,test
3363,stochastic_013,stochastic,13,96,150033,0.05,0.45,0.0,128,6,test
3364,stochastic_013,stochastic,13,97,150033,0.05,0.45,0.0,128,6,test
3365,stochastic_013,stochastic,13,98,150033,0.05,0.45,0.0,128,6,test
3366,stochastic_014,stochastic,14,0,150034,0.05,0.45,0.0,128,6,train
3367,stochastic_014,stochastic,14,1,150034,0.05,0.45,0.0,128,6,train
3368,stochastic_014,stochastic,14,2,150034,0.05,0.45,0.0,128,6,train
3369,stochastic_014,stochastic,14,3,150034,0.05,0.45,0.0,128,6,train
3370,stochastic_014,stochastic,14,4,150034,0.05,0.45,0.0,128,6,train
3371,stochastic_014,stochastic,14,5,150034,0.05,0.45,0.0,128,6,train
3372,stochastic_014,stochastic,14,6,150034,0.05,0.45,0.0,128,6,train
3373,stochastic_014,stochastic,14,7,150034,0.05,0.45,0.0,128,6,train
3374,stochastic_014,stochastic,14,8,150034,0.05,0.45,0.0,128,6,train
3375,stochastic_014,stochastic,14,9,150034,0.05,0.45,0.0,128,6,train
3376,stochastic_014,stochastic,14,10,150034,0.05,0.45,0.0,128,6,train
3377,stochastic_014,stochastic,14,11,150034,0.05,0.45,0.0,128,6,train
3378,stochastic_014,stochastic,14,12,150034,0.05,0.45,0.0,128,6,train
3379,stochastic_014,stochastic,14,13,150034,0.05,0.45,0.0,128,6,train
3380,stochastic_014,stochastic,14,14,150034,0.05,0.45,0.0,128,6,train
3381,stochastic_014,stochastic,14,15,150034,0.05,0.45,0.0,128,6,train
3382,stochastic_014,stochastic,14,16,150034,0.05,0.45,0.0,128,6,train
3383,stochastic_014,stochastic,14,17,150034,0.05,0.45,0.0,128,6,train
3384,stochastic_014,stochastic,14,18,150034,0.05,0.45,0.0,128,6,train
3385,stochastic_014,stochastic,14,19,150034,0.05,0.45,0.0,128,6,train
3386,stochastic_014,stochastic,14,20,150034,0.05,0.45,0.0,128,6,train
3387,stochastic_014,stochastic,14,21,150034,0.05,0.45,0.0,128,6,train
3388,stochastic_014,stochastic,14,22,150034,0.05,0.45,0.0,128,6,train
3389,stochastic_014,stochastic,14,23,150034,0.05,0.45,0.0,128,6,train
3390,stochastic_014,stochastic,14,24,150034,0.05,0.45,0.0,128,6,train
3391,stochastic_014,stochastic,14,25,150034,0.05,0.45,0.0,128,6,train
3392,stochastic_014,stochastic,14,26,150034,0.05,0.45,0.0,128,6,train
3393,stochastic_014,stochastic,14,27,150034,0.05,0.45,0.0,128,6,train
3394,stochastic_014,stochastic,14,28,150034,0.05,0.45,0.0,128,6,train
3395,stochastic_014,stochastic,14,29,150034,0.05,0.45,0.0,128,6,train
3396,stochastic_014,stochastic,14,30,150034,0.05,0.45,0.0,128,6,train
3397,stochastic_014,stochastic,14,31,150034,0.05,0.45,0.0,128,6,train
3398,stochastic_014,stochastic,14,32,150034,0.05,0.45,0.0,128,6,train
3399,stochastic_014,stochastic,14,33,150034,0.05,0.45,0.0,128,6,train
3400,stochastic_014,stochastic,14,34,150034,0.05,0.45,0.0,128,6,train
3401,stochastic_014,stochastic,14,35,150034,0.05,0.45,0.0,128,6,train
3402,stochastic_014,stochastic,14,36,150034,0.05,0.45,0.0,128,6,train
3403,stochastic_014,stochastic,14,37,150034,0.05,0.45,0.0,128,6,train
3404,stochastic_014,stochastic,14,38,150034,0.05,0.45,0.0,128,6,train
3405,stochastic_014,stochastic,14,39,150034,0.05,0.45,0.0,128,6,train
3406,stochastic_014,stochastic,14,40,150034,0.05,0.45,0.0,128,6,train
3407,stochastic_014,stochastic,14,41,150034,0.05,0.45,0.0,128,6,train
3408,stochastic_014,stochastic,14,42,150034,0.05,0.45,0.0,128,6,train
3409,stochastic_014,stochastic,14,43,150034,0.05,0.45,0.0,128,6,train
3410,stochastic_014,stochastic,14,44,150034,0.05,0.45,0.0,128,6,train
3411,stochastic_014,stochastic,14,45,150034,0.05,0.45,0.0,128,6,train
3412,stochastic_014,stochastic,14,46,150034,0.05,0.45,0.0,128,6,train
3413,stochastic_014,stochastic,14,47,150034,0.05,0.45,0.0,128,6,train
3414,stochastic_014,stochastic,14,48,150034,0.05,0.45,0.0,128,6,train
3415,stochastic_014,stochastic,14,49,150034,0.05,0.45,0.0,128,6,train
3416,stochastic_014,stochastic,14,50,150034,0.05,0.45,0.0,128,6,train
3417,stochastic_014,stochastic,14,51,150034,0.05,0.45,0.0,128,6,train
3418,stochastic_014,stochastic,14,52,150034,0.05,0.45,0.0,128,6,train
3419,stochastic_014,stochastic,14,53,150034,0.05,0.45,0.0,128,6,train
3420,stochastic_014,stochastic,14,54,150034,0.05,0.45,0.0,128,6,train
3421,stochastic_014,stochastic,14,55,150034,0.05,0.45,0.0,128,6,train
3422,stochastic_014,stochastic,14,56,150034,0.05,0.45,0.0,128,6,train
3423,stochastic_014,stochastic,14,57,150034,0.05,0.45,0.0,128,6,train
3424,stochastic_014,stochastic,14,58,150034,0.05,0.45,0.0,128,6,train
3425,stochastic_014,stochastic,14,59,150034,0.05,0.45,0.0,128,6,train
3426,stochastic_014,stochastic,14,60,150034,0.05,0.45,0.0,128,6,train
3427,stochastic_014,stochastic,14,61,150034,0.05,0.45,0.0,128,6,train
3428,stochastic_014,stochastic,14,62,150034,0.05,0.45,0.0,128,6,train
3429,stochastic_014,stochastic,14,63,150034,0.05,0.45,0.0,128,6,train
3430,stochastic_014,stochastic,14,64,150034,0.05,0.45,0.0,128,6,train
3431,stochastic_014,stochastic,14,65,150034,0.05,0.45,0.0,128,6,train
3432,stochastic_014,stochastic,14,66,150034,0.05,0.45,0.0,128,6,train
3433,stochastic_014,stochastic,14,67,150034,0.05,0.45,0.0,128,6,train
3434,stochastic_014,stochastic,14,68,150034,0.05,0.45,0.0,128,6,train
3435,stochastic_014,stochastic,14,69,150034,0.05,0.45,0.0,128,6,train
3436,stochastic_014,stochastic,14,70,150034,0.05,0.45,0.0,128,6,train
3437,stochastic_014,stochastic,14,71,150034,0.05,0.45,0.0,128,6,train
3438,stochastic_014,stochastic,14,72,150034,0.05,0.45,0.0,128,6,train
3439,stochastic_014,stochastic,14,73,150034,0.05,0.45,0.0,128,6,train
3440,stochastic_014,stochastic,14,74,150034,0.05,0.45,0.0,128,6,train
3441,stochastic_014,stochastic,14,75,150034,0.05,0.45,0.0,128,6,train
3442,stochastic_014,stochastic,14,76,150034,0.05,0.45,0.0,128,6,train
3443,stochastic_014,stochastic,14,77,150034,0.05,0.45,0.0,128,6,train
3444,stochastic_014,stochastic,14,78,150034,0.05,0.45,0.0,128,6,train
3445,stochastic_014,stochastic,14,79,150034,0.05,0.45,0.0,128,6,train
3446,stochastic_014,stochastic,14,80,150034,0.05,0.45,0.0,128,6,train
3447,stochastic_014,stochastic,14,81,150034,0.05,0.45,0.0,128,6,train
3448,stochastic_014,stochastic,14,82,150034,0.05,0.45,0.0,128,6,train
3449,stochastic_014,stochastic,14,83,150034,0.05,0.45,0.0,128,6,train
3450,stochastic_014,stochastic,14,84,150034,0.05,0.45,0.0,128,6,train
3451,stochastic_014,stochastic,14,85,150034,0.05,0.45,0.0,128,6,train
3452,stochastic_014,stochastic,14,86,150034,0.05,0.45,0.0,128,6,train
3453,stochastic_014,stochastic,14,87,150034,0.05,0.45,0.0,128,6,train
3454,stochastic_014,stochastic,14,88,150034,0.05,0.45,0.0,128,6,train
3455,stochastic_014,stochastic,14,89,150034,0.05,0.45,0.0,128,6,train
3456,stochastic_014,stochastic,14,90,150034,0.05,0.45,0.0,128,6,train
3457,stochastic_014,stochastic,14,91,150034,0.05,0.45,0.0,128,6,train
3458,stochastic_014,stochastic,14,92,150034,0.05,0.45,0.0,128,6,train
3459,stochastic_014,stochastic,14,93,150034,0.05,0.45,0.0,128,6,train
3460,stochastic_014,stochastic,14,94,150034,0.05,0.45,0.0,128,6,train
3461,stochastic_014,stochastic,14,95,150034,0.05,0.45,0.0,128,6,train
3462,stochastic_014,stochastic,14,96,150034,0.05,0.45,0.0,128,6,train
3463,stochastic_014,stochastic,14,97,150034,0.05,0.45,0.0,128,6,train
3464,stochastic_014,stochastic,14,98,150034,0.05,0.45,0.0,128,6,train
3465,stochastic_015,stochastic,15,0,150035,0.05,0.45,0.0,128,6,train
3466,stochastic_015,stochastic,15,1,150035,0.05,0.45,0.0,128,6,train
3467,stochastic_015,stochastic,15,2,150035,0.05,0.45,0.0,128,6,train
3468,stochastic_015,stochastic,15,3,150035,0.05,0.45,0.0,128,6,train
3469,stochastic_015,stochastic,15,4,150035,0.05,0.45,0.0,128,6,train
3470,stochastic_015,stochastic,15,5,150035,0.05,0.45,0.0,128,6,train
3471,stochastic_015,stochastic,15,6,150035,0.05,0.45,0.0,128,6,train
3472,stochastic_015,stochastic,15,7,150035,0.05,0.45,0.0,128,6,train
3473,stochastic_015,stochastic,15,8,150035,0.05,0.45,0.0,128,6,train
3474,stochastic_015,stochastic,15,9,150035,0.05,0.45,0.0,128,6,train
3475,stochastic_015,stochastic,15,10,150035,0.05,0.45,0.0,128,6,train
3476,stochastic_015,stochastic,15,11,150035,0.05,0.45,0.0,128,6,train
3477,stochastic_015,stochastic,15,12,150035,0.05,0.45,0.0,128,6,train
3478,stochastic_015,stochastic,15,13,150035,0.05,0.45,0.0,128,6,train
3479,stochastic_015,stochastic,15,14,150035,0.05,0.45,0.0,128,6,train
3480,stochastic_015,stochastic,15,15,150035,0.05,0.45,0.0,128,6,train
3481,stochastic_015,stochastic,15,16,150035,0.05,0.45,0.0,128,6,train
3482,stochastic_015,stochastic,15,17,150035,0.05,0.45,0.0,128,6,train
3483,stochastic_015,stochastic,15,18,150035,0.05,0.45,0.0,128,6,train
3484,stochastic_015,stochastic,15,19,150035,0.05,0.45,0.0,128,6,train
3485,stochastic_015,stochastic,15,20,150035,0.05,0.45,0.0,128,6,train
3486,stochastic_015,stochastic,15,21,150035,0.05,0.45,0.0,128,6,train
3487,stochastic_015,stochastic,15,22,150035,0.05,0.45,0.0,128,6,train
3488,stochastic_015,stochastic,15,23,150035,0.05,0.45,0.0,128,6,train
3489,stochastic_015,stochastic,15,24,150035,0.05,0.45,0.0,128,6,train
3490,stochastic_015,stochastic,15,25,150035,0.05,0.45,0.0,128,6,train
3491,stochastic_015,stochastic,15,26,150035,0.05,0.45,0.0,128,6,train
3492,stochastic_015,stochastic,15,27,150035,0.05,0.45,0.0,128,6,train
3493,stochastic_015,stochastic,15,28,150035,0.05,0.45,0.0,128,6,train
3494,stochastic_015,stochastic,15,29,150035,0.05,0.45,0.0,128,6,train
3495,stochastic_015,stochastic,15,30,150035,0.05,0.45,0.0,128,6,train
3496,stochastic_015,stochastic,15,31,150035,0.05,0.45,0.0,128,6,train
3497,stochastic_015,stochastic,15,32,150035,0.05,0.45,0.0,128,6,train
3498,stochastic_015,stochastic,15,33,150035,0.05,0.45,0.0,128,6,train
3499,stochastic_015,stochastic,15,34,150035,0.05,0.45,0.0,128,6,train
3500,stochastic_015,stochastic,15,35,150035,0.05,0.45,0.0,128,6,train
3501,stochastic_015,stochastic,15,36,150035,0.05,0.45,0.0,128,6,train
3502,stochastic_015,stochastic,15,37,150035,0.05,0.45,0.0,128,6,train
3503,stochastic_015,stochastic,15,38,150035,0.05,0.45,0.0,128,6,train
3504,stochastic_015,stochastic,15,39,150035,0.05,0.45,0.0,128,6,train
3505,stochastic_015,stochastic,15,40,150035,0.05,0.45,0.0,128,6,train
3506,stochastic_015,stochastic,15,41,150035,0.05,0.45,0.0,128,6,train
3507,stochastic_015,stochastic,15,42,150035,0.05,0.45,0.0,128,6,train
3508,stochastic_015,stochastic,15,43,150035,0.05,0.45,0.0,128,6,train
3509,stochastic_015,stochastic,15,44,150035,0.05,0.45,0.0,128,6,train
3510,stochastic_015,stochastic,15,45,150035,0.05,0.45,0.0,128,6,train
3511,stochastic_015,stochastic,15,46,150035,0.05,0.45,0.0,128,6,train
3512,stochastic_015,stochastic,15,47,150035,0.05,0.45,0.0,128,6,train
3513,stochastic_015,stochastic,15,48,150035,0.05,0.45,0.0,128,6,train
3514,stochastic_015,stochastic,15,49,150035,0.05,0.45,0.0,128,6,train
3515,stochastic_015,stochastic,15,50,150035,0.05,0.45,0.0,128,6,train
3516,stochastic_015,stochastic,15,51,150035,0.05,0.45,0.0,128,6,train
3517,stochastic_015,stochastic,15,52,150035,0.05,0.45,0.0,128,6,train
3518,stochastic_015,stochastic,15,53,150035,0.05,0.45,0.0,128,6,train
3519,stochastic_015,stochastic,15,54,150035,0.05,0.45,0.0,128,6,train
3520,stochastic_015,stochastic,15,55,150035,0.05,0.45,0.0,128,6,train
3521,stochastic_015,stochastic,15,56,150035,0.05,0.45,0.0,128,6,train
3522,stochastic_015,stochastic,15,57,150035,0.05,0.45,0.0,128,6,train
3523,stochastic_015,stochastic,15,58,150035,0.05,0.45,0.0,128,6,train
3524,stochastic_015,stochastic,15,59,150035,0.05,0.45,0.0,128,6,train
3525,stochastic_015,stochastic,15,60,150035,0.05,0.45,0.0,128,6,train
3526,stochastic_015,stochastic,15,61,150035,0.05,0.45,0.0,128,6,train
3527,stochastic_015,stochastic,15,62,150035,0.05,0.45,0.0,128,6,train
3528,stochastic_015,stochastic,15,63,150035,0.05,0.45,0.0,128,6,train
3529,stochastic_015,stochastic,15,64,150035,0.05,0.45,0.0,128,6,train
3530,stochastic_015,stochastic,15,65,150035,0.05,0.45,0.0,128,6,train
3531,stochastic_015,stochastic,15,66,150035,0.05,0.45,0.0,128,6,train
3532,stochastic_015,stochastic,15,67,150035,0.05,0.45,0.0,128,6,train
3533,stochastic_015,stochastic,15,68,150035,0.05,0.45,0.0,128,6,train
3534,stochastic_015,stochastic,15,69,150035,0.05,0.45,0.0,128,6,train
3535,stochastic_015,stochastic,15,70,150035,0.05,0.45,0.0,128,6,train
3536,stochastic_015,stochastic,15,71,150035,0.05,0.45,0.0,128,6,train
3537,stochastic_015,stochastic,15,72,150035,0.05,0.45,0.0,128,6,train
3538,stochastic_015,stochastic,15,73,150035,0.05,0.45,0.0,128,6,train
3539,stochastic_015,stochastic,15,74,150035,0.05,0.45,0.0,128,6,train
3540,stochastic_015,stochastic,15,75,150035,0.05,0.45,0.0,128,6,train
3541,stochastic_015,stochastic,15,76,150035,0.05,0.45,0.0,128,6,train
3542,stochastic_015,stochastic,15,77,150035,0.05,0.45,0.0,128,6,train
3543,stochastic_015,stochastic,15,78,150035,0.05,0.45,0.0,128,6,train
3544,stochastic_015,stochastic,15,79,150035,0.05,0.45,0.0,128,6,train
3545,stochastic_015,stochastic,15,80,150035,0.05,0.45,0.0,128,6,train
3546,stochastic_015,stochastic,15,81,150035,0.05,0.45,0.0,128,6,train
3547,stochastic_015,stochastic,15,82,150035,0.05,0.45,0.0,128,6,train
3548,stochastic_015,stochastic,15,83,150035,0.05,0.45,0.0,128,6,train
3549,stochastic_015,stochastic,15,84,150035,0.05,0.45,0.0,128,6,train
3550,stochastic_015,stochastic,15,85,150035,0.05,0.45,0.0,128,6,train
3551,stochastic_015,stochastic,15,86,150035,0.05,0.45,0.0,128,6,train
3552,stochastic_015,stochastic,15,87,150035,0.05,0.45,0.0,128,6,train
3553,stochastic_015,stochastic,15,88,150035,0.05,0.45,0.0,128,6,train
3554,stochastic_015,stochastic,15,89,150035,0.05,0.45,0.0,128,6,train
3555,stochastic_015,stochastic,15,90,150035,0.05,0.45,0.0,128,6,train
3556,stochastic_015,stochastic,15,91,150035,0.05,0.45,0.0,128,6,train
3557,stochastic_015,stochastic,15,92,150035,0.05,0.45,0.0,128,6,train
3558,stochastic_015,stochastic,15,93,150035,0.05,0.45,0.0,128,6,train
3559,stochastic_015,stochastic,15,94,150035,0.05,0.45,0.0,128,6,train
3560,stochastic_015,stochastic,15,95,150035,0.05,0.45,0.0,128,6,train
3561,stochastic_015,stochastic,15,96,150035,0.05,0.45,0.0,128,6,train
3562,stochastic_015,stochastic,15,97,150035,0.05,0.45,0.0,128,6,train
3563,stochastic_015,stochastic,15,98,150035,0.05,0.45,0.0,128,6,train
3564,stochastic_016,stochastic,16,0,150036,0.05,0.45,0.0,128,6,test
3565,stochastic_016,stochastic,16,1,150036,0.05,0.45,0.0,128,6,test
3566,stochastic_016,stochastic,16,2,150036,0.05,0.45,0.0,128,6,test
3567,stochastic_016,stochastic,16,3,150036,0.05,0.45,0.0,128,6,test
3568,stochastic_016,stochastic,16,4,150036,0.05,0.45,0.0,128,6,test
3569,stochastic_016,stochastic,16,5,150036,0.05,0.45,0.0,128,6,test
3570,stochastic_016,stochastic,16,6,150036,0.05,0.45,0.0,128,6,test
3571,stochastic_016,stochastic,16,7,150036,0.05,0.45,0.0,128,6,test
3572,stochastic_016,stochastic,16,8,150036,0.05,0.45,0.0,128,6,test
3573,stochastic_016,stochastic,16,9,150036,0.05,0.45,0.0,128,6,test
3574,stochastic_016,stochastic,16,10,150036,0.05,0.45,0.0,128,6,test
3575,stochastic_016,stochastic,16,11,150036,0.05,0.45,0.0,128,6,test
3576,stochastic_016,stochastic,16,12,150036,0.05,0.45,0.0,128,6,test
3577,stochastic_016,stochastic,16,13,150036,0.05,0.45,0.0,128,6,test
3578,stochastic_016,stochastic,16,14,150036,0.05,0.45,0.0,128,6,test
3579,stochastic_016,stochastic,16,15,150036,0.05,0.45,0.0,128,6,test
3580,stochastic_016,stochastic,16,16,150036,0.05,0.45,0.0,128,6,test
3581,stochastic_016,stochastic,16,17,150036,0.05,0.45,0.0,128,6,test
3582,stochastic_016,stochastic,16,18,150036,0.05,0.45,0.0,128,6,test
3583,stochastic_016,stochastic,16,19,150036,0.05,0.45,0.0,128,6,test
3584,stochastic_016,stochastic,16,20,150036,0.05,0.45,0.0,128,6,test
3585,stochastic_016,stochastic,16,21,150036,0.05,0.45,0.0,128,6,test
3586,stochastic_016,stochastic,16,22,150036,0.05,0.45,0.0,128,6,test
3587,stochastic_016,stochastic,16,23,150036,0.05,0.45,0.0,128,6,test
3588,stochastic_016,stochastic,16,24,150036,0.05,0.45,0.0,128,6,test
3589,stochastic_016,stochastic,16,25,150036,0.05,0.45,0.0,128,6,test
3590,stochastic_016,stochastic,16,26,150036,0.05,0.45,0.0,128,6,test
3591,stochastic_016,stochastic,16,27,150036,0.05,0.45,0.0,128,6,test
3592,stochastic_016,stochastic,16,28,150036,0.05,0.45,0.0,128,6,test
3593,stochastic_016,stochastic,16,29,150036,0.05,0.45,0.0,128,6,test
3594,stochastic_016,stochastic,16,30,150036,0.05,0.45,0.0,128,6,test
3595,stochastic_016,stochastic,16,31,150036,0.05,0.45,0.0,128,6,test
3596,stochastic_016,stochastic,16,32,150036,0.05,0.45,0.0,128,6,test
3597,stochastic_016,stochastic,16,33,150036,0.05,0.45,0.0,128,6,test
3598,stochastic_016,stochastic,16,34,150036,0.05,0.45,0.0,128,6,test
3599,stochastic_016,stochastic,16,35,150036,0.05,0.45,0.0,128,6,test
3600,stochastic_016,stochastic,16,36,150036,0.05,0.45,0.0,128,6,test
3601,stochastic_016,stochastic,16,37,150036,0.05,0.45,0.0,128,6,test
3602,stochastic_016,stochastic,16,38,150036,0.05,0.45,0.0,128,6,test
3603,stochastic_016,stochastic,16,39,150036,0.05,0.45,0.0,128,6,test
3604,stochastic_016,stochastic,16,40,150036,0.05,0.45,0.0,128,6,test
3605,stochastic_016,stochastic,16,41,150036,0.05,0.45,0.0,128,6,test
3606,stochastic_016,stochastic,16,42,150036,0.05,0.45,0.0,128,6,test
3607,stochastic_016,stochastic,16,43,150036,0.05,0.45,0.0,128,6,test
3608,stochastic_016,stochastic,16,44,150036,0.05,0.45,0.0,128,6,test
3609,stochastic_016,stochastic,16,45,150036,0.05,0.45,0.0,128,6,test
3610,stochastic_016,stochastic,16,46,150036,0.05,0.45,0.0,128,6,test
3611,stochastic_016,stochastic,16,47,150036,0.05,0.45,0.0,128,6,test
3612,stochastic_016,stochastic,16,48,150036,0.05,0.45,0.0,128,6,test
3613,stochastic_016,stochastic,16,49,150036,0.05,0.45,0.0,128,6,test
3614,stochastic_016,stochastic,16,50,150036,0.05,0.45,0.0,128,6,test
3615,stochastic_016,stochastic,16,51,150036,0.05,0.45,0.0,128,6,test
3616,stochastic_016,stochastic,16,52,150036,0.05,0.45,0.0,128,6,test
3617,stochastic_016,stochastic,16,53,150036,0.05,0.45,0.0,128,6,test
3618,stochastic_016,stochastic,16,54,150036,0.05,0.45,0.0,128,6,test
3619,stochastic_016,stochastic,16,55,150036,0.05,0.45,0.0,128,6,test
3620,stochastic_016,stochastic,16,56,150036,0.05,0.45,0.0,128,6,test
3621,stochastic_016,stochastic,16,57,150036,0.05,0.45,0.0,128,6,test
3622,stochastic_016,stochastic,16,58,150036,0.05,0.45,0.0,128,6,test
3623,stochastic_016,stochastic,16,59,150036,0.05,0.45,0.0,128,6,test
3624,stochastic_016,stochastic,16,60,150036,0.05,0.45,0.0,128,6,test
3625,stochastic_016,stochastic,16,61,150036,0.05,0.45,0.0,128,6,test
3626,stochastic_016,stochastic,16,62,150036,0.05,0.45,0.0,128,6,test
3627,stochastic_016,stochastic,16,63,150036,0.05,0.45,0.0,128,6,test
3628,stochastic_016,stochastic,16,64,150036,0.05,0.45,0.0,128,6,test
3629,stochastic_016,stochastic,16,65,150036,0.05,0.45,0.0,128,6,test
3630,stochastic_016,stochastic,16,66,150036,0.05,0.45,0.0,128,6,test
3631,stochastic_016,stochastic,16,67,150036,0.05,0.45,0.0,128,6,test
3632,stochastic_016,stochastic,16,68,150036,0.05,0.45,0.0,128,6,test
3633,stochastic_016,stochastic,16,69,150036,0.05,0.45,0.0,128,6,test
3634,stochastic_016,stochastic,16,70,150036,0.05,0.45,0.0,128,6,test
3635,stochastic_016,stochastic,16,71,150036,0.05,0.45,0.0,128,6,test
3636,stochastic_016,stochastic,16,72,150036,0.05,0.45,0.0,128,6,test
3637,stochastic_016,stochastic,16,73,150036,0.05,0.45,0.0,128,6,test
3638,stochastic_016,stochastic,16,74,150036,0.05,0.45,0.0,128,6,test
3639,stochastic_016,stochastic,16,75,150036,0.05,0.45,0.0,128,6,test
3640,stochastic_016,stochastic,16,76,150036,0.05,0.45,0.0,128,6,test
3641,stochastic_016,stochastic,16,77,150036,0.05,0.45,0.0,128,6,test
3642,stochastic_016,stochastic,16,78,150036,0.05,0.45,0.0,128,6,test
3643,stochastic_016,stochastic,16,79,150036,0.05,0.45,0.0,128,6,test
3644,stochastic_016,stochastic,16,80,150036,0.05,0.45,0.0,128,6,test
3645,stochastic_016,stochastic,16,81,150036,0.05,0.45,0.0,128,6,test
3646,stochastic_016,stochastic,16,82,150036,0.05,0.45,0.0,128,6,test
3647,stochastic_016,stochastic,16,83,150036,0.05,0.45,0.0,128,6,test
3648,stochastic_016,stochastic,16,84,150036,0.05,0.45,0.0,128,6,test
3649,stochastic_016,stochastic,16,85,150036,0.05,0.45,0.0,128,6,test
3650,stochastic_016,stochastic,16,86,150036,0.05,0.45,0.0,128,6,test
3651,stochastic_016,stochastic,16,87,150036,0.05,0.45,0.0,128,6,test
3652,stochastic_016,stochastic,16,88,150036,0.05,0.45,0.0,128,6,test
3653,stochastic_016,stochastic,16,89,150036,0.05,0.45,0.0,128,6,test
3654,stochastic_016,stochastic,16,90,150036,0.05,0.45,0.0,128,6,test
3655,stochastic_016,stochastic,16,91,150036,0.05,0.45,0.0,128,6,test
3656,stochastic_016,stochastic,16,92,150036,0.05,0.45,0.0,128,6,test
3657,stochastic_016,stochastic,16,93,150036,0.05,0.45,0.0,128,6,test
3658,stochastic_016,stochastic,16,94,150036,0.05,0.45,0.0,128,6,test
3659,stochastic_016,stochastic,16,95,150036,0.05,0.45,0.0,128,6,test
3660,stochastic_016,stochastic,16,96,150036,0.05,0.45,0.0,128,6,test
3661,stochastic_016,stochastic,16,97,150036,0.05,0.45,0.0,128,6,test
3662,stochastic_016,stochastic,16,98,150036,0.05,0.45,0.0,128,6,test
3663,stochastic_017,stochastic,17,0,150037,0.05,0.45,0.0,128,6,test
3664,stochastic_017,stochastic,17,1,150037,0.05,0.45,0.0,128,6,test
3665,stochastic_017,stochastic,17,2,150037,0.05,0.45,0.0,128,6,test
3666,stochastic_017,stochastic,17,3,150037,0.05,0.45,0.0,128,6,test
3667,stochastic_017,stochastic,17,4,150037,0.05,0.45,0.0,128,6,test
3668,stochastic_017,stochastic,17,5,150037,0.05,0.45,0.0,128,6,test
3669,stochastic_017,stochastic,17,6,150037,0.05,0.45,0.0,128,6,test
3670,stochastic_017,stochastic,17,7,150037,0.05,0.45,0.0,128,6,test
3671,stochastic_017,stochastic,17,8,150037,0.05,0.45,0.0,128,6,test
3672,stochastic_017,stochastic,17,9,150037,0.05,0.45,0.0,128,6,test
3673,stochastic_017,stochastic,17,10,150037,0.05,0.45,0.0,128,6,test
3674,stochastic_017,stochastic,17,11,150037,0.05,0.45,0.0,128,6,test
3675,stochastic_017,stochastic,17,12,150037,0.05,0.45,0.0,128,6,test
3676,stochastic_017,stochastic,17,13,150037,0.05,0.45,0.0,128,6,test
3677,stochastic_017,stochastic,17,14,150037,0.05,0.45,0.0,128,6,test
3678,stochastic_017,stochastic,17,15,150037,0.05,0.45,0.0,128,6,test
3679,stochastic_017,stochastic,17,16,150037,0.05,0.45,0.0,128,6,test
3680,stochastic_017,stochastic,17,17,150037,0.05,0.45,0.0,128,6,test
3681,stochastic_017,stochastic,17,18,150037,0.05,0.45,0.0,128,6,test
3682,stochastic_017,stochastic,17,19,150037,0.05,0.45,0.0,128,6,test
3683,stochastic_017,stochastic,17,20,150037,0.05,0.45,0.0,128,6,test
3684,stochastic_017,stochastic,17,21,150037,0.05,0.45,0.0,128,6,test
3685,stochastic_017,stochastic,17,22,150037,0.05,0.45,0.0,128,6,test
3686,stochastic_017,stochastic,17,23,150037,0.05,0.45,0.0,128,6,test
3687,stochastic_017,stochastic,17,24,150037,0.05,0.45,0.0,128,6,test
3688,stochastic_017,stochastic,17,25,150037,0.05,0.45,0.0,128,6,test
3689,stochastic_017,stochastic,17,26,150037,0.05,0.45,0.0,128,6,test
3690,stochastic_017,stochastic,17,27,150037,0.05,0.45,0.0,128,6,test
3691,stochastic_017,stochastic,17,28,150037,0.05,0.45,0.0,128,6,test
3692,stochastic_017,stochastic,17,29,150037,0.05,0.45,0.0,128,6,test
3693,stochastic_017,stochastic,17,30,150037,0.05,0.45,0.0,128,6,test
3694,stochastic_017,stochastic,17,31,150037,0.05,0.45,0.0,128,6,test
3695,stochastic_017,stochastic,17,32,150037,0.05,0.45,0.0,128,6,test
3696,stochastic_017,stochastic,17,33,150037,0.05,0.45,0.0,128,6,test
3697,stochastic_017,stochastic,17,34,150037,0.05,0.45,0.0,128,6,test
3698,stochastic_017,stochastic,17,35,150037,0.05,0.45,0.0,128,6,test
3699,stochastic_017,stochastic,17,36,150037,0.05,0.45,0.0,128,6,test
3700,stochastic_017,stochastic,17,37,150037,0.05,0.45,0.0,128,6,test
3701,stochastic_017,stochastic,17,38,150037,0.05,0.45,0.0,128,6,test
3702,stochastic_017,stochastic,17,39,150037,0.05,0.45,0.0,128,6,test
3703,stochastic_017,stochastic,17,40,150037,0.05,0.45,0.0,128,6,test
3704,stochastic_017,stochastic,17,41,150037,0.05,0.45,0.0,128,6,test
3705,stochastic_017,stochastic,17,42,150037,0.05,0.45,0.0,128,6,test
3706,stochastic_017,stochastic,17,43,150037,0.05,0.45,0.0,128,6,test
3707,stochastic_017,stochastic,17,44,150037,0.05,0.45,0.0,128,6,test
3708,stochastic_017,stochastic,17,45,150037,0.05,0.45,0.0,128,6,test
3709,stochastic_017,stochastic,17,46,150037,0.05,0.45,0.0,128,6,test
3710,stochastic_017,stochastic,17,47,150037,0.05,0.45,0.0,128,6,test
3711,stochastic_017,stochastic,17,48,150037,0.05,0.45,0.0,128,6,test
3712,stochastic_017,stochastic,17,49,150037,0.05,0.45,0.0,128,6,test
3713,stochastic_017,stochastic,17,50,150037,0.05,0.45,0.0,128,6,test
3714,stochastic_017,stochastic,17,51,150037,0.05,0.45,0.0,128,6,test
3715,stochastic_017,stochastic,17,52,150037,0.05,0.45,0.0,128,6,test
3716,stochastic_017,stochastic,17,53,150037,0.05,0.45,0.0,128,6,test
3717,stochastic_017,stochastic,17,54,150037,0.05,0.45,0.0,128,6,test
3718,stochastic_017,stochastic,17,55,150037,0.05,0.45,0.0,128,6,test
3719,stochastic_017,stochastic,17,56,150037,0.05,0.45,0.0,128,6,test
3720,stochastic_017,stochastic,17,57,150037,0.05,0.45,0.0,128,6,test
3721,stochastic_017,stochastic,17,58,150037,0.05,0.45,0.0,128,6,test
3722,stochastic_017,stochastic,17,59,150037,0.05,0.45,0.0,128,6,test
3723,stochastic_017,stochastic,17,60,150037,0.05,0.45,0.0,128,6,test
3724,stochastic_017,stochastic,17,61,150037,0.05,0.45,0.0,128,6,test
3725,stochastic_017,stochastic,17,62,150037,0.05,0.45,0.0,128,6,test
3726,stochastic_017,stochastic,17,63,150037,0.05,0.45,0.0,128,6,test
3727,stochastic_017,stochastic,17,64,150037,0.05,0.45,0.0,128,6,test
3728,stochastic_017,stochastic,17,65,150037,0.05,0.45,0.0,128,6,test
3729,stochastic_017,stochastic,17,66,150037,0.05,0.45,0.0,128,6,test
3730,stochastic_017,stochastic,17,67,150037,0.05,0.45,0.0,128,6,test
3731,stochastic_017,stochastic,17,68,150037,0.05,0.45,0.0,128,6,test
3732,stochastic_017,stochastic,17,69,150037,0.05,0.45,0.0,128,6,test
3733,stochastic_017,stochastic,17,70,150037,0.05,0.45,0.0,128,6,test
3734,stochastic_017,stochastic,17,71,150037,0.05,0.45,0.0,128,6,test
3735,stochastic_017,stochastic,17,72,150037,0.05,0.45,0.0,128,6,test
3736,stochastic_017,stochastic,17,73,150037,0.05,0.45,0.0,128,6,test
3737,stochastic_017,stochastic,17,74,150037,0.05,0.45,0.0,128,6,test
3738,stochastic_017,stochastic,17,75,150037,0.05,0.45,0.0,128,6,test
3739,stochastic_017,stochastic,17,76,150037,0.05,0.45,0.0,128,6,test
3740,stochastic_017,stochastic,17,77,150037,0.05,0.45,0.0,128,6,test
3741,stochastic_017,stochastic,17,78,150037,0.05,0.45,0.0,128,6,test
3742,stochastic_017,stochastic,17,79,150037,0.05,0.45,0.0,128,6,test
3743,stochastic_017,stochastic,17,80,150037,0.05,0.45,0.0,128,6,test
3744,stochastic_017,stochastic,17,81,150037,0.05,0.45,0.0,128,6,test
3745,stochastic_017,stochastic,17,82,150037,0.05,0.45,0.0,128,6,test
3746,stochastic_017,stochastic,17,83,150037,0.05,0.45,0.0,128,6,test
3747,stochastic_017,stochastic,17,84,150037,0.05,0.45,0.0,128,6,test
3748,stochastic_017,stochastic,17,85,150037,0.05,0.45,0.0,128,6,test
3749,stochastic_017,stochastic,17,86,150037,0.05,0.45,0.0,128,6,test
3750,stochastic_017,stochastic,17,87,150037,0.05,0.45,0.0,128,6,test
3751,stochastic_017,stochastic,17,88,150037,0.05,0.45,0.0,128,6,test
3752,stochastic_017,stochastic,17,89,150037,0.05,0.45,0.0,128,6,test
3753,stochastic_017,stochastic,17,90,150037,0.05,0.45,0.0,128,6,test
3754,stochastic_017,stochastic,17,91,150037,0.05,0.45,0.0,128,6,test
3755,stochastic_017,stochastic,17,92,150037,0.05,0.45,0.0,128,6,test
3756,stochastic_017,stochastic,17,93,150037,0.05,0.45,0.0,128,6,test
3757,stochastic_017,stochastic,17,94,150037,0.05,0.45,0.0,128,6,test
3758,stochastic_017,stochastic,17,95,150037,0.05,0.45,0.0,128,6,test
3759,stochastic_017,stochastic,17,96,150037,0.05,0.45,0.0,128,6,test
3760,stochastic_017,stochastic,17,97,150037,0.05,0.45,0.0,128,6,test
3761,stochastic_017,stochastic,17,98,150037,0.05,0.45,0.0,128,6,test
3762,stochastic_018,stochastic,18,0,150038,0.05,0.45,0.0,128,6,validation
3763,stochastic_018,stochastic,18,1,150038,0.05,0.45,0.0,128,6,validation
3764,stochastic_018,stochastic,18,2,150038,0.05,0.45,0.0,128,6,validation
3765,stochastic_018,stochastic,18,3,150038,0.05,0.45,0.0,128,6,validation
3766,stochastic_018,stochastic,18,4,150038,0.05,0.45,0.0,128,6,validation
3767,stochastic_018,stochastic,18,5,150038,0.05,0.45,0.0,128,6,validation
3768,stochastic_018,stochastic,18,6,150038,0.05,0.45,0.0,128,6,validation
3769,stochastic_018,stochastic,18,7,150038,0.05,0.45,0.0,128,6,validation
3770,stochastic_018,stochastic,18,8,150038,0.05,0.45,0.0,128,6,validation
3771,stochastic_018,stochastic,18,9,150038,0.05,0.45,0.0,128,6,validation
3772,stochastic_018,stochastic,18,10,150038,0.05,0.45,0.0,128,6,validation
3773,stochastic_018,stochastic,18,11,150038,0.05,0.45,0.0,128,6,validation
3774,stochastic_018,stochastic,18,12,150038,0.05,0.45,0.0,128,6,validation
3775,stochastic_018,stochastic,18,13,150038,0.05,0.45,0.0,128,6,validation
3776,stochastic_018,stochastic,18,14,150038,0.05,0.45,0.0,128,6,validation
3777,stochastic_018,stochastic,18,15,150038,0.05,0.45,0.0,128,6,validation
3778,stochastic_018,stochastic,18,16,150038,0.05,0.45,0.0,128,6,validation
3779,stochastic_018,stochastic,18,17,150038,0.05,0.45,0.0,128,6,validation
3780,stochastic_018,stochastic,18,18,150038,0.05,0.45,0.0,128,6,validation
3781,stochastic_018,stochastic,18,19,150038,0.05,0.45,0.0,128,6,validation
3782,stochastic_018,stochastic,18,20,150038,0.05,0.45,0.0,128,6,validation
3783,stochastic_018,stochastic,18,21,150038,0.05,0.45,0.0,128,6,validation
3784,stochastic_018,stochastic,18,22,150038,0.05,0.45,0.0,128,6,validation
3785,stochastic_018,stochastic,18,23,150038,0.05,0.45,0.0,128,6,validation
3786,stochastic_018,stochastic,18,24,150038,0.05,0.45,0.0,128,6,validation
3787,stochastic_018,stochastic,18,25,150038,0.05,0.45,0.0,128,6,validation
3788,stochastic_018,stochastic,18,26,150038,0.05,0.45,0.0,128,6,validation
3789,stochastic_018,stochastic,18,27,150038,0.05,0.45,0.0,128,6,validation
3790,stochastic_018,stochastic,18,28,150038,0.05,0.45,0.0,128,6,validation
3791,stochastic_018,stochastic,18,29,150038,0.05,0.45,0.0,128,6,validation
3792,stochastic_018,stochastic,18,30,150038,0.05,0.45,0.0,128,6,validation
3793,stochastic_018,stochastic,18,31,150038,0.05,0.45,0.0,128,6,validation
3794,stochastic_018,stochastic,18,32,150038,0.05,0.45,0.0,128,6,validation
3795,stochastic_018,stochastic,18,33,150038,0.05,0.45,0.0,128,6,validation
3796,stochastic_018,stochastic,18,34,150038,0.05,0.45,0.0,128,6,validation
3797,stochastic_018,stochastic,18,35,150038,0.05,0.45,0.0,128,6,validation
3798,stochastic_018,stochastic,18,36,150038,0.05,0.45,0.0,128,6,validation
3799,stochastic_018,stochastic,18,37,150038,0.05,0.45,0.0,128,6,validation
3800,stochastic_018,stochastic,18,38,150038,0.05,0.45,0.0,128,6,validation
3801,stochastic_018,stochastic,18,39,150038,0.05,0.45,0.0,128,6,validation
3802,stochastic_018,stochastic,18,40,150038,0.05,0.45,0.0,128,6,validation
3803,stochastic_018,stochastic,18,41,150038,0.05,0.45,0.0,128,6,validation
3804,stochastic_018,stochastic,18,42,150038,0.05,0.45,0.0,128,6,validation
3805,stochastic_018,stochastic,18,43,150038,0.05,0.45,0.0,128,6,validation
3806,stochastic_018,stochastic,18,44,150038,0.05,0.45,0.0,128,6,validation
3807,stochastic_018,stochastic,18,45,150038,0.05,0.45,0.0,128,6,validation
3808,stochastic_018,stochastic,18,46,150038,0.05,0.45,0.0,128,6,validation
3809,stochastic_018,stochastic,18,47,150038,0.05,0.45,0.0,128,6,validation
3810,stochastic_018,stochastic,18,48,150038,0.05,0.45,0.0,128,6,validation
3811,stochastic_018,stochastic,18,49,150038,0.05,0.45,0.0,128,6,validation
3812,stochastic_018,stochastic,18,50,150038,0.05,0.45,0.0,128,6,validation
3813,stochastic_018,stochastic,18,51,150038,0.05,0.45,0.0,128,6,validation
3814,stochastic_018,stochastic,18,52,150038,0.05,0.45,0.0,128,6,validation
3815,stochastic_018,stochastic,18,53,150038,0.05,0.45,0.0,128,6,validation
3816,stochastic_018,stochastic,18,54,150038,0.05,0.45,0.0,128,6,validation
3817,stochastic_018,stochastic,18,55,150038,0.05,0.45,0.0,128,6,validation
3818,stochastic_018,stochastic,18,56,150038,0.05,0.45,0.0,128,6,validation
3819,stochastic_018,stochastic,18,57,150038,0.05,0.45,0.0,128,6,validation
3820,stochastic_018,stochastic,18,58,150038,0.05,0.45,0.0,128,6,validation
3821,stochastic_018,stochastic,18,59,150038,0.05,0.45,0.0,128,6,validation
3822,stochastic_018,stochastic,18,60,150038,0.05,0.45,0.0,128,6,validation
3823,stochastic_018,stochastic,18,61,150038,0.05,0.45,0.0,128,6,validation
3824,stochastic_018,stochastic,18,62,150038,0.05,0.45,0.0,128,6,validation
3825,stochastic_018,stochastic,18,63,150038,0.05,0.45,0.0,128,6,validation
3826,stochastic_018,stochastic,18,64,150038,0.05,0.45,0.0,128,6,validation
3827,stochastic_018,stochastic,18,65,150038,0.05,0.45,0.0,128,6,validation
3828,stochastic_018,stochastic,18,66,150038,0.05,0.45,0.0,128,6,validation
3829,stochastic_018,stochastic,18,67,150038,0.05,0.45,0.0,128,6,validation
3830,stochastic_018,stochastic,18,68,150038,0.05,0.45,0.0,128,6,validation
3831,stochastic_018,stochastic,18,69,150038,0.05,0.45,0.0,128,6,validation
3832,stochastic_018,stochastic,18,70,150038,0.05,0.45,0.0,128,6,validation
3833,stochastic_018,stochastic,18,71,150038,0.05,0.45,0.0,128,6,validation
3834,stochastic_018,stochastic,18,72,150038,0.05,0.45,0.0,128,6,validation
3835,stochastic_018,stochastic,18,73,150038,0.05,0.45,0.0,128,6,validation
3836,stochastic_018,stochastic,18,74,150038,0.05,0.45,0.0,128,6,validation
3837,stochastic_018,stochastic,18,75,150038,0.05,0.45,0.0,128,6,validation
3838,stochastic_018,stochastic,18,76,150038,0.05,0.45,0.0,128,6,validation
3839,stochastic_018,stochastic,18,77,150038,0.05,0.45,0.0,128,6,validation
3840,stochastic_018,stochastic,18,78,150038,0.05,0.45,0.0,128,6,validation
3841,stochastic_018,stochastic,18,79,150038,0.05,0.45,0.0,128,6,validation
3842,stochastic_018,stochastic,18,80,150038,0.05,0.45,0.0,128,6,validation
3843,stochastic_018,stochastic,18,81,150038,0.05,0.45,0.0,128,6,validation
3844,stochastic_018,stochastic,18,82,150038,0.05,0.45,0.0,128,6,validation
3845,stochastic_018,stochastic,18,83,150038,0.05,0.45,0.0,128,6,validation
3846,stochastic_018,stochastic,18,84,150038,0.05,0.45,0.0,128,6,validation
3847,stochastic_018,stochastic,18,85,150038,0.05,0.45,0.0,128,6,validation
3848,stochastic_018,stochastic,18,86,150038,0.05,0.45,0.0,128,6,validation
3849,stochastic_018,stochastic,18,87,150038,0.05,0.45,0.0,128,6,validation
3850,stochastic_018,stochastic,18,88,150038,0.05,0.45,0.0,128,6,validation
3851,stochastic_018,stochastic,18,89,150038,0.05,0.45,0.0,128,6,validation
3852,stochastic_018,stochastic,18,90,150038,0.05,0.45,0.0,128,6,validation
3853,stochastic_018,stochastic,18,91,150038,0.05,0.45,0.0,128,6,validation
3854,stochastic_018,stochastic,18,92,150038,0.05,0.45,0.0,128,6,validation
3855,stochastic_018,stochastic,18,93,150038,0.05,0.45,0.0,128,6,validation
3856,stochastic_018,stochastic,18,94,150038,0.05,0.45,0.0,128,6,validation
3857,stochastic_018,stochastic,18,95,150038,0.05,0.45,0.0,128,6,validation
3858,stochastic_018,stochastic,18,96,150038,0.05,0.45,0.0,128,6,validation
3859,stochastic_018,stochastic,18,97,150038,0.05,0.45,0.0,128,6,validation
3860,stochastic_018,stochastic,18,98,150038,0.05,0.45,0.0,128,6,validation
3861,stochastic_019,stochastic,19,0,150039,0.05,0.45,0.0,128,6,train
3862,stochastic_019,stochastic,19,1,150039,0.05,0.45,0.0,128,6,train
3863,stochastic_019,stochastic,19,2,150039,0.05,0.45,0.0,128,6,train
3864,stochastic_019,stochastic,19,3,150039,0.05,0.45,0.0,128,6,train
3865,stochastic_019,stochastic,19,4,150039,0.05,0.45,0.0,128,6,train
3866,stochastic_019,stochastic,19,5,150039,0.05,0.45,0.0,128,6,train
3867,stochastic_019,stochastic,19,6,150039,0.05,0.45,0.0,128,6,train
3868,stochastic_019,stochastic,19,7,150039,0.05,0.45,0.0,128,6,train
3869,stochastic_019,stochastic,19,8,150039,0.05,0.45,0.0,128,6,train
3870,stochastic_019,stochastic,19,9,150039,0.05,0.45,0.0,128,6,train
3871,stochastic_019,stochastic,19,10,150039,0.05,0.45,0.0,128,6,train
3872,stochastic_019,stochastic,19,11,150039,0.05,0.45,0.0,128,6,train
3873,stochastic_019,stochastic,19,12,150039,0.05,0.45,0.0,128,6,train
3874,stochastic_019,stochastic,19,13,150039,0.05,0.45,0.0,128,6,train
3875,stochastic_019,stochastic,19,14,150039,0.05,0.45,0.0,128,6,train
3876,stochastic_019,stochastic,19,15,150039,0.05,0.45,0.0,128,6,train
3877,stochastic_019,stochastic,19,16,150039,0.05,0.45,0.0,128,6,train
3878,stochastic_019,stochastic,19,17,150039,0.05,0.45,0.0,128,6,train
3879,stochastic_019,stochastic,19,18,150039,0.05,0.45,0.0,128,6,train
3880,stochastic_019,stochastic,19,19,150039,0.05,0.45,0.0,128,6,train
3881,stochastic_019,stochastic,19,20,150039,0.05,0.45,0.0,128,6,train
3882,stochastic_019,stochastic,19,21,150039,0.05,0.45,0.0,128,6,train
3883,stochastic_019,stochastic,19,22,150039,0.05,0.45,0.0,128,6,train
3884,stochastic_019,stochastic,19,23,150039,0.05,0.45,0.0,128,6,train
3885,stochastic_019,stochastic,19,24,150039,0.05,0.45,0.0,128,6,train
3886,stochastic_019,stochastic,19,25,150039,0.05,0.45,0.0,128,6,train
3887,stochastic_019,stochastic,19,26,150039,0.05,0.45,0.0,128,6,train
3888,stochastic_019,stochastic,19,27,150039,0.05,0.45,0.0,128,6,train
3889,stochastic_019,stochastic,19,28,150039,0.05,0.45,0.0,128,6,train
3890,stochastic_019,stochastic,19,29,150039,0.05,0.45,0.0,128,6,train
3891,stochastic_019,stochastic,19,30,150039,0.05,0.45,0.0,128,6,train
3892,stochastic_019,stochastic,19,31,150039,0.05,0.45,0.0,128,6,train
3893,stochastic_019,stochastic,19,32,150039,0.05,0.45,0.0,128,6,train
3894,stochastic_019,stochastic,19,33,150039,0.05,0.45,0.0,128,6,train
3895,stochastic_019,stochastic,19,34,150039,0.05,0.45,0.0,128,6,train
3896,stochastic_019,stochastic,19,35,150039,0.05,0.45,0.0,128,6,train
3897,stochastic_019,stochastic,19,36,150039,0.05,0.45,0.0,128,6,train
3898,stochastic_019,stochastic,19,37,150039,0.05,0.45,0.0,128,6,train
3899,stochastic_019,stochastic,19,38,150039,0.05,0.45,0.0,128,6,train
3900,stochastic_019,stochastic,19,39,150039,0.05,0.45,0.0,128,6,train
3901,stochastic_019,stochastic,19,40,150039,0.05,0.45,0.0,128,6,train
3902,stochastic_019,stochastic,19,41,150039,0.05,0.45,0.0,128,6,train
3903,stochastic_019,stochastic,19,42,150039,0.05,0.45,0.0,128,6,train
3904,stochastic_019,stochastic,19,43,150039,0.05,0.45,0.0,128,6,train
3905,stochastic_019,stochastic,19,44,150039,0.05,0.45,0.0,128,6,train
3906,stochastic_019,stochastic,19,45,150039,0.05,0.45,0.0,128,6,train
3907,stochastic_019,stochastic,19,46,150039,0.05,0.45,0.0,128,6,train
3908,stochastic_019,stochastic,19,47,150039,0.05,0.45,0.0,128,6,train
3909,stochastic_019,stochastic,19,48,150039,0.05,0.45,0.0,128,6,train
3910,stochastic_019,stochastic,19,49,150039,0.05,0.45,0.0,128,6,train
3911,stochastic_019,stochastic,19,50,150039,0.05,0.45,0.0,128,6,train
3912,stochastic_019,stochastic,19,51,150039,0.05,0.45,0.0,128,6,train
3913,stochastic_019,stochastic,19,52,150039,0.05,0.45,0.0,128,6,train
3914,stochastic_019,stochastic,19,53,150039,0.05,0.45,0.0,128,6,train
3915,stochastic_019,stochastic,19,54,150039,0.05,0.45,0.0,128,6,train
3916,stochastic_019,stochastic,19,55,150039,0.05,0.45,0.0,128,6,train
3917,stochastic_019,stochastic,19,56,150039,0.05,0.45,0.0,128,6,train
3918,stochastic_019,stochastic,19,57,150039,0.05,0.45,0.0,128,6,train
3919,stochastic_019,stochastic,19,58,150039,0.05,0.45,0.0,128,6,train
3920,stochastic_019,stochastic,19,59,150039,0.05,0.45,0.0,128,6,train
3921,stochastic_019,stochastic,19,60,150039,0.05,0.45,0.0,128,6,train
3922,stochastic_019,stochastic,19,61,150039,0.05,0.45,0.0,128,6,train
3923,stochastic_019,stochastic,19,62,150039,0.05,0.45,0.0,128,6,train
3924,stochastic_019,stochastic,19,63,150039,0.05,0.45,0.0,128,6,train
3925,stochastic_019,stochastic,19,64,150039,0.05,0.45,0.0,128,6,train
3926,stochastic_019,stochastic,19,65,150039,0.05,0.45,0.0,128,6,train
3927,stochastic_019,stochastic,19,66,150039,0.05,0.45,0.0,128,6,train
3928,stochastic_019,stochastic,19,67,150039,0.05,0.45,0.0,128,6,train
3929,stochastic_019,stochastic,19,68,150039,0.05,0.45,0.0,128,6,train
3930,stochastic_019,stochastic,19,69,150039,0.05,0.45,0.0,128,6,train
3931,stochastic_019,stochastic,19,70,150039,0.05,0.45,0.0,128,6,train
3932,stochastic_019,stochastic,19,71,150039,0.05,0.45,0.0,128,6,train
3933,stochastic_019,stochastic,19,72,150039,0.05,0.45,0.0,128,6,train
3934,stochastic_019,stochastic,19,73,150039,0.05,0.45,0.0,128,6,train
3935,stochastic_019,stochastic,19,74,150039,0.05,0.45,0.0,128,6,train
3936,stochastic_019,stochastic,19,75,150039,0.05,0.45,0.0,128,6,train
3937,stochastic_019,stochastic,19,76,150039,0.05,0.45,0.0,128,6,train
3938,stochastic_019,stochastic,19,77,150039,0.05,0.45,0.0,128,6,train
3939,stochastic_019,stochastic,19,78,150039,0.05,0.45,0.0,128,6,train
3940,stochastic_019,stochastic,19,79,150039,0.05,0.45,0.0,128,6,train
3941,stochastic_019,stochastic,19,80,150039,0.05,0.45,0.0,128,6,train
3942,stochastic_019,stochastic,19,81,150039,0.05,0.45,0.0,128,6,train
3943,stochastic_019,stochastic,19,82,150039,0.05,0.45,0.0,128,6,train
3944,stochastic_019,stochastic,19,83,150039,0.05,0.45,0.0,128,6,train
3945,stochastic_019,stochastic,19,84,150039,0.05,0.45,0.0,128,6,train
3946,stochastic_019,stochastic,19,85,150039,0.05,0.45,0.0,128,6,train
3947,stochastic_019,stochastic,19,86,150039,0.05,0.45,0.0,128,6,train
3948,stochastic_019,stochastic,19,87,150039,0.05,0.45,0.0,128,6,train
3949,stochastic_019,stochastic,19,88,150039,0.05,0.45,0.0,128,6,train
3950,stochastic_019,stochastic,19,89,150039,0.05,0.45,0.0,128,6,train
3951,stochastic_019,stochastic,19,90,150039,0.05,0.45,0.0,128,6,train
3952,stochastic_019,stochastic,19,91,150039,0.05,0.45,0.0,128,6,train
3953,stochastic_019,stochastic,19,92,150039,0.05,0.45,0.0,128,6,train
3954,stochastic_019,stochastic,19,93,150039,0.05,0.45,0.0,128,6,train
3955,stochastic_019,stochastic,19,94,150039,0.05,0.45,0.0,128,6,train
3956,stochastic_019,stochastic,19,95,150039,0.05,0.45,0.0,128,6,train
3957,stochastic_019,stochastic,19,96,150039,0.05,0.45,0.0,128,6,train
3958,stochastic_019,stochastic,19,97,150039,0.05,0.45,0.0,128,6,train
3959,stochastic_019,stochastic,19,98,150039,0.05,0.45,0.0,128,6,train
3960,heavy_dissipation_000,heavy_dissipation,0,0,150040,0.35,0.15,0.0,128,6,train
3961,heavy_dissipation_000,heavy_dissipation,0,1,150040,0.35,0.15,0.0,128,6,train
3962,heavy_dissipation_000,heavy_dissipation,0,2,150040,0.35,0.15,0.0,128,6,train
3963,heavy_dissipation_000,heavy_dissipation,0,3,150040,0.35,0.15,0.0,128,6,train
3964,heavy_dissipation_000,heavy_dissipation,0,4,150040,0.35,0.15,0.0,128,6,train
3965,heavy_dissipation_000,heavy_dissipation,0,5,150040,0.35,0.15,0.0,128,6,train
3966,heavy_dissipation_000,heavy_dissipation,0,6,150040,0.35,0.15,0.0,128,6,train
3967,heavy_dissipation_000,heavy_dissipation,0,7,150040,0.35,0.15,0.0,128,6,train
3968,heavy_dissipation_000,heavy_dissipation,0,8,150040,0.35,0.15,0.0,128,6,train
3969,heavy_dissipation_000,heavy_dissipation,0,9,150040,0.35,0.15,0.0,128,6,train
3970,heavy_dissipation_000,heavy_dissipation,0,10,150040,0.35,0.15,0.0,128,6,train
3971,heavy_dissipation_000,heavy_dissipation,0,11,150040,0.35,0.15,0.0,128,6,train
3972,heavy_dissipation_000,heavy_dissipation,0,12,150040,0.35,0.15,0.0,128,6,train
3973,heavy_dissipation_000,heavy_dissipation,0,13,150040,0.35,0.15,0.0,128,6,train
3974,heavy_dissipation_000,heavy_dissipation,0,14,150040,0.35,0.15,0.0,128,6,train
3975,heavy_dissipation_000,heavy_dissipation,0,15,150040,0.35,0.15,0.0,128,6,train
3976,heavy_dissipation_000,heavy_dissipation,0,16,150040,0.35,0.15,0.0,128,6,train
3977,heavy_dissipation_000,heavy_dissipation,0,17,150040,0.35,0.15,0.0,128,6,train
3978,heavy_dissipation_000,heavy_dissipation,0,18,150040,0.35,0.15,0.0,128,6,train
3979,heavy_dissipation_000,heavy_dissipation,0,19,150040,0.35,0.15,0.0,128,6,train
3980,heavy_dissipation_000,heavy_dissipation,0,20,150040,0.35,0.15,0.0,128,6,train
3981,heavy_dissipation_000,heavy_dissipation,0,21,150040,0.35,0.15,0.0,128,6,train
3982,heavy_dissipation_000,heavy_dissipation,0,22,150040,0.35,0.15,0.0,128,6,train
3983,heavy_dissipation_000,heavy_dissipation,0,23,150040,0.35,0.15,0.0,128,6,train
3984,heavy_dissipation_000,heavy_dissipation,0,24,150040,0.35,0.15,0.0,128,6,train
3985,heavy_dissipation_000,heavy_dissipation,0,25,150040,0.35,0.15,0.0,128,6,train
3986,heavy_dissipation_000,heavy_dissipation,0,26,150040,0.35,0.15,0.0,128,6,train
3987,heavy_dissipation_000,heavy_dissipation,0,27,150040,0.35,0.15,0.0,128,6,train
3988,heavy_dissipation_000,heavy_dissipation,0,28,150040,0.35,0.15,0.0,128,6,train
3989,heavy_dissipation_000,heavy_dissipation,0,29,150040,0.35,0.15,0.0,128,6,train
3990,heavy_dissipation_000,heavy_dissipation,0,30,150040,0.35,0.15,0.0,128,6,train
3991,heavy_dissipation_000,heavy_dissipation,0,31,150040,0.35,0.15,0.0,128,6,train
3992,heavy_dissipation_000,heavy_dissipation,0,32,150040,0.35,0.15,0.0,128,6,train
3993,heavy_dissipation_000,heavy_dissipation,0,33,150040,0.35,0.15,0.0,128,6,train
3994,heavy_dissipation_000,heavy_dissipation,0,34,150040,0.35,0.15,0.0,128,6,train
3995,heavy_dissipation_000,heavy_dissipation,0,35,150040,0.35,0.15,0.0,128,6,train
3996,heavy_dissipation_000,heavy_dissipation,0,36,150040,0.35,0.15,0.0,128,6,train
3997,heavy_dissipation_000,heavy_dissipation,0,37,150040,0.35,0.15,0.0,128,6,train
3998,heavy_dissipation_000,heavy_dissipation,0,38,150040,0.35,0.15,0.0,128,6,train
3999,heavy_dissipation_000,heavy_dissipation,0,39,150040,0.35,0.15,0.0,128,6,train
4000,heavy_dissipation_000,heavy_dissipation,0,40,150040,0.35,0.15,0.0,128,6,train
4001,heavy_dissipation_000,heavy_dissipation,0,41,150040,0.35,0.15,0.0,128,6,train
4002,heavy_dissipation_000,heavy_dissipation,0,42,150040,0.35,0.15,0.0,128,6,train
4003,heavy_dissipation_000,heavy_dissipation,0,43,150040,0.35,0.15,0.0,128,6,train
4004,heavy_dissipation_000,heavy_dissipation,0,44,150040,0.35,0.15,0.0,128,6,train
4005,heavy_dissipation_000,heavy_dissipation,0,45,150040,0.35,0.15,0.0,128,6,train
4006,heavy_dissipation_000,heavy_dissipation,0,46,150040,0.35,0.15,0.0,128,6,train
4007,heavy_dissipation_000,heavy_dissipation,0,47,150040,0.35,0.15,0.0,128,6,train
4008,heavy_dissipation_000,heavy_dissipation,0,48,150040,0.35,0.15,0.0,128,6,train
4009,heavy_dissipation_000,heavy_dissipation,0,49,150040,0.35,0.15,0.0,128,6,train
4010,heavy_dissipation_000,heavy_dissipation,0,50,150040,0.35,0.15,0.0,128,6,train
4011,heavy_dissipation_000,heavy_dissipation,0,51,150040,0.35,0.15,0.0,128,6,train
4012,heavy_dissipation_000,heavy_dissipation,0,52,150040,0.35,0.15,0.0,128,6,train
4013,heavy_dissipation_000,heavy_dissipation,0,53,150040,0.35,0.15,0.0,128,6,train
4014,heavy_dissipation_000,heavy_dissipation,0,54,150040,0.35,0.15,0.0,128,6,train
4015,heavy_dissipation_000,heavy_dissipation,0,55,150040,0.35,0.15,0.0,128,6,train
4016,heavy_dissipation_000,heavy_dissipation,0,56,150040,0.35,0.15,0.0,128,6,train
4017,heavy_dissipation_000,heavy_dissipation,0,57,150040,0.35,0.15,0.0,128,6,train
4018,heavy_dissipation_000,heavy_dissipation,0,58,150040,0.35,0.15,0.0,128,6,train
4019,heavy_dissipation_000,heavy_dissipation,0,59,150040,0.35,0.15,0.0,128,6,train
4020,heavy_dissipation_000,heavy_dissipation,0,60,150040,0.35,0.15,0.0,128,6,train
4021,heavy_dissipation_000,heavy_dissipation,0,61,150040,0.35,0.15,0.0,128,6,train
4022,heavy_dissipation_000,heavy_dissipation,0,62,150040,0.35,0.15,0.0,128,6,train
4023,heavy_dissipation_000,heavy_dissipation,0,63,150040,0.35,0.15,0.0,128,6,train
4024,heavy_dissipation_000,heavy_dissipation,0,64,150040,0.35,0.15,0.0,128,6,train
4025,heavy_dissipation_000,heavy_dissipation,0,65,150040,0.35,0.15,0.0,128,6,train
4026,heavy_dissipation_000,heavy_dissipation,0,66,150040,0.35,0.15,0.0,128,6,train
4027,heavy_dissipation_000,heavy_dissipation,0,67,150040,0.35,0.15,0.0,128,6,train
4028,heavy_dissipation_000,heavy_dissipation,0,68,150040,0.35,0.15,0.0,128,6,train
4029,heavy_dissipation_000,heavy_dissipation,0,69,150040,0.35,0.15,0.0,128,6,train
4030,heavy_dissipation_000,heavy_dissipation,0,70,150040,0.35,0.15,0.0,128,6,train
4031,heavy_dissipation_000,heavy_dissipation,0,71,150040,0.35,0.15,0.0,128,6,train
4032,heavy_dissipation_000,heavy_dissipation,0,72,150040,0.35,0.15,0.0,128,6,train
4033,heavy_dissipation_000,heavy_dissipation,0,73,150040,0.35,0.15,0.0,128,6,train
4034,heavy_dissipation_000,heavy_dissipation,0,74,150040,0.35,0.15,0.0,128,6,train
4035,heavy_dissipation_000,heavy_dissipation,0,75,150040,0.35,0.15,0.0,128,6,train
4036,heavy_dissipation_000,heavy_dissipation,0,76,150040,0.35,0.15,0.0,128,6,train
4037,heavy_dissipation_000,heavy_dissipation,0,77,150040,0.35,0.15,0.0,128,6,train
4038,heavy_dissipation_000,heavy_dissipation,0,78,150040,0.35,0.15,0.0,128,6,train
4039,heavy_dissipation_000,heavy_dissipation,0,79,150040,0.35,0.15,0.0,128,6,train
4040,heavy_dissipation_000,heavy_dissipation,0,80,150040,0.35,0.15,0.0,128,6,train
4041,heavy_dissipation_000,heavy_dissipation,0,81,150040,0.35,0.15,0.0,128,6,train
4042,heavy_dissipation_000,heavy_dissipation,0,82,150040,0.35,0.15,0.0,128,6,train
4043,heavy_dissipation_000,heavy_dissipation,0,83,150040,0.35,0.15,0.0,128,6,train
4044,heavy_dissipation_000,heavy_dissipation,0,84,150040,0.35,0.15,0.0,128,6,train
4045,heavy_dissipation_000,heavy_dissipation,0,85,150040,0.35,0.15,0.0,128,6,train
4046,heavy_dissipation_000,heavy_dissipation,0,86,150040,0.35,0.15,0.0,128,6,train
4047,heavy_dissipation_000,heavy_dissipation,0,87,150040,0.35,0.15,0.0,128,6,train
4048,heavy_dissipation_000,heavy_dissipation,0,88,150040,0.35,0.15,0.0,128,6,train
4049,heavy_dissipation_000,heavy_dissipation,0,89,150040,0.35,0.15,0.0,128,6,train
4050,heavy_dissipation_000,heavy_dissipation,0,90,150040,0.35,0.15,0.0,128,6,train
4051,heavy_dissipation_000,heavy_dissipation,0,91,150040,0.35,0.15,0.0,128,6,train
4052,heavy_dissipation_000,heavy_dissipation,0,92,150040,0.35,0.15,0.0,128,6,train
4053,heavy_dissipation_000,heavy_dissipation,0,93,150040,0.35,0.15,0.0,128,6,train
4054,heavy_dissipation_000,heavy_dissipation,0,94,150040,0.35,0.15,0.0,128,6,train
4055,heavy_dissipation_000,heavy_dissipation,0,95,150040,0.35,0.15,0.0,128,6,train
4056,heavy_dissipation_000,heavy_dissipation,0,96,150040,0.35,0.15,0.0,128,6,train
4057,heavy_dissipation_000,heavy_dissipation,0,97,150040,0.35,0.15,0.0,128,6,train
4058,heavy_dissipation_000,heavy_dissipation,0,98,150040,0.35,0.15,0.0,128,6,train
4059,heavy_dissipation_001,heavy_dissipation,1,0,150041,0.35,0.15,0.0,128,6,train
4060,heavy_dissipation_001,heavy_dissipation,1,1,150041,0.35,0.15,0.0,128,6,train
4061,heavy_dissipation_001,heavy_dissipation,1,2,150041,0.35,0.15,0.0,128,6,train
4062,heavy_dissipation_001,heavy_dissipation,1,3,150041,0.35,0.15,0.0,128,6,train
4063,heavy_dissipation_001,heavy_dissipation,1,4,150041,0.35,0.15,0.0,128,6,train
4064,heavy_dissipation_001,heavy_dissipation,1,5,150041,0.35,0.15,0.0,128,6,train
4065,heavy_dissipation_001,heavy_dissipation,1,6,150041,0.35,0.15,0.0,128,6,train
4066,heavy_dissipation_001,heavy_dissipation,1,7,150041,0.35,0.15,0.0,128,6,train
4067,heavy_dissipation_001,heavy_dissipation,1,8,150041,0.35,0.15,0.0,128,6,train
4068,heavy_dissipation_001,heavy_dissipation,1,9,150041,0.35,0.15,0.0,128,6,train
4069,heavy_dissipation_001,heavy_dissipation,1,10,150041,0.35,0.15,0.0,128,6,train
4070,heavy_dissipation_001,heavy_dissipation,1,11,150041,0.35,0.15,0.0,128,6,train
4071,heavy_dissipation_001,heavy_dissipation,1,12,150041,0.35,0.15,0.0,128,6,train
4072,heavy_dissipation_001,heavy_dissipation,1,13,150041,0.35,0.15,0.0,128,6,train
4073,heavy_dissipation_001,heavy_dissipation,1,14,150041,0.35,0.15,0.0,128,6,train
4074,heavy_dissipation_001,heavy_dissipation,1,15,150041,0.35,0.15,0.0,128,6,train
4075,heavy_dissipation_001,heavy_dissipation,1,16,150041,0.35,0.15,0.0,128,6,train
4076,heavy_dissipation_001,heavy_dissipation,1,17,150041,0.35,0.15,0.0,128,6,train
4077,heavy_dissipation_001,heavy_dissipation,1,18,150041,0.35,0.15,0.0,128,6,train
4078,heavy_dissipation_001,heavy_dissipation,1,19,150041,0.35,0.15,0.0,128,6,train
4079,heavy_dissipation_001,heavy_dissipation,1,20,150041,0.35,0.15,0.0,128,6,train
4080,heavy_dissipation_001,heavy_dissipation,1,21,150041,0.35,0.15,0.0,128,6,train
4081,heavy_dissipation_001,heavy_dissipation,1,22,150041,0.35,0.15,0.0,128,6,train
4082,heavy_dissipation_001,heavy_dissipation,1,23,150041,0.35,0.15,0.0,128,6,train
4083,heavy_dissipation_001,heavy_dissipation,1,24,150041,0.35,0.15,0.0,128,6,train
4084,heavy_dissipation_001,heavy_dissipation,1,25,150041,0.35,0.15,0.0,128,6,train
4085,heavy_dissipation_001,heavy_dissipation,1,26,150041,0.35,0.15,0.0,128,6,train
4086,heavy_dissipation_001,heavy_dissipation,1,27,150041,0.35,0.15,0.0,128,6,train
4087,heavy_dissipation_001,heavy_dissipation,1,28,150041,0.35,0.15,0.0,128,6,train
4088,heavy_dissipation_001,heavy_dissipation,1,29,150041,0.35,0.15,0.0,128,6,train
4089,heavy_dissipation_001,heavy_dissipation,1,30,150041,0.35,0.15,0.0,128,6,train
4090,heavy_dissipation_001,heavy_dissipation,1,31,150041,0.35,0.15,0.0,128,6,train
4091,heavy_dissipation_001,heavy_dissipation,1,32,150041,0.35,0.15,0.0,128,6,train
4092,heavy_dissipation_001,heavy_dissipation,1,33,150041,0.35,0.15,0.0,128,6,train
4093,heavy_dissipation_001,heavy_dissipation,1,34,150041,0.35,0.15,0.0,128,6,train
4094,heavy_dissipation_001,heavy_dissipation,1,35,150041,0.35,0.15,0.0,128,6,train
4095,heavy_dissipation_001,heavy_dissipation,1,36,150041,0.35,0.15,0.0,128,6,train
4096,heavy_dissipation_001,heavy_dissipation,1,37,150041,0.35,0.15,0.0,128,6,train
4097,heavy_dissipation_001,heavy_dissipation,1,38,150041,0.35,0.15,0.0,128,6,train
4098,heavy_dissipation_001,heavy_dissipation,1,39,150041,0.35,0.15,0.0,128,6,train
4099,heavy_dissipation_001,heavy_dissipation,1,40,150041,0.35,0.15,0.0,128,6,train
4100,heavy_dissipation_001,heavy_dissipation,1,41,150041,0.35,0.15,0.0,128,6,train
4101,heavy_dissipation_001,heavy_dissipation,1,42,150041,0.35,0.15,0.0,128,6,train
4102,heavy_dissipation_001,heavy_dissipation,1,43,150041,0.35,0.15,0.0,128,6,train
4103,heavy_dissipation_001,heavy_dissipation,1,44,150041,0.35,0.15,0.0,128,6,train
4104,heavy_dissipation_001,heavy_dissipation,1,45,150041,0.35,0.15,0.0,128,6,train
4105,heavy_dissipation_001,heavy_dissipation,1,46,150041,0.35,0.15,0.0,128,6,train
4106,heavy_dissipation_001,heavy_dissipation,1,47,150041,0.35,0.15,0.0,128,6,train
4107,heavy_dissipation_001,heavy_dissipation,1,48,150041,0.35,0.15,0.0,128,6,train
4108,heavy_dissipation_001,heavy_dissipation,1,49,150041,0.35,0.15,0.0,128,6,train
4109,heavy_dissipation_001,heavy_dissipation,1,50,150041,0.35,0.15,0.0,128,6,train
4110,heavy_dissipation_001,heavy_dissipation,1,51,150041,0.35,0.15,0.0,128,6,train
4111,heavy_dissipation_001,heavy_dissipation,1,52,150041,0.35,0.15,0.0,128,6,train
4112,heavy_dissipation_001,heavy_dissipation,1,53,150041,0.35,0.15,0.0,128,6,train
4113,heavy_dissipation_001,heavy_dissipation,1,54,150041,0.35,0.15,0.0,128,6,train
4114,heavy_dissipation_001,heavy_dissipation,1,55,150041,0.35,0.15,0.0,128,6,train
4115,heavy_dissipation_001,heavy_dissipation,1,56,150041,0.35,0.15,0.0,128,6,train
4116,heavy_dissipation_001,heavy_dissipation,1,57,150041,0.35,0.15,0.0,128,6,train
4117,heavy_dissipation_001,heavy_dissipation,1,58,150041,0.35,0.15,0.0,128,6,train
4118,heavy_dissipation_001,heavy_dissipation,1,59,150041,0.35,0.15,0.0,128,6,train
4119,heavy_dissipation_001,heavy_dissipation,1,60,150041,0.35,0.15,0.0,128,6,train
4120,heavy_dissipation_001,heavy_dissipation,1,61,150041,0.35,0.15,0.0,128,6,train
4121,heavy_dissipation_001,heavy_dissipation,1,62,150041,0.35,0.15,0.0,128,6,train
4122,heavy_dissipation_001,heavy_dissipation,1,63,150041,0.35,0.15,0.0,128,6,train
4123,heavy_dissipation_001,heavy_dissipation,1,64,150041,0.35,0.15,0.0,128,6,train
4124,heavy_dissipation_001,heavy_dissipation,1,65,150041,0.35,0.15,0.0,128,6,train
4125,heavy_dissipation_001,heavy_dissipation,1,66,150041,0.35,0.15,0.0,128,6,train
4126,heavy_dissipation_001,heavy_dissipation,1,67,150041,0.35,0.15,0.0,128,6,train
4127,heavy_dissipation_001,heavy_dissipation,1,68,150041,0.35,0.15,0.0,128,6,train
4128,heavy_dissipation_001,heavy_dissipation,1,69,150041,0.35,0.15,0.0,128,6,train
4129,heavy_dissipation_001,heavy_dissipation,1,70,150041,0.35,0.15,0.0,128,6,train
4130,heavy_dissipation_001,heavy_dissipation,1,71,150041,0.35,0.15,0.0,128,6,train
4131,heavy_dissipation_001,heavy_dissipation,1,72,150041,0.35,0.15,0.0,128,6,train
4132,heavy_dissipation_001,heavy_dissipation,1,73,150041,0.35,0.15,0.0,128,6,train
4133,heavy_dissipation_001,heavy_dissipation,1,74,150041,0.35,0.15,0.0,128,6,train
4134,heavy_dissipation_001,heavy_dissipation,1,75,150041,0.35,0.15,0.0,128,6,train
4135,heavy_dissipation_001,heavy_dissipation,1,76,150041,0.35,0.15,0.0,128,6,train
4136,heavy_dissipation_001,heavy_dissipation,1,77,150041,0.35,0.15,0.0,128,6,train
4137,heavy_dissipation_001,heavy_dissipation,1,78,150041,0.35,0.15,0.0,128,6,train
4138,heavy_dissipation_001,heavy_dissipation,1,79,150041,0.35,0.15,0.0,128,6,train
4139,heavy_dissipation_001,heavy_dissipation,1,80,150041,0.35,0.15,0.0,128,6,train
4140,heavy_dissipation_001,heavy_dissipation,1,81,150041,0.35,0.15,0.0,128,6,train
4141,heavy_dissipation_001,heavy_dissipation,1,82,150041,0.35,0.15,0.0,128,6,train
4142,heavy_dissipation_001,heavy_dissipation,1,83,150041,0.35,0.15,0.0,128,6,train
4143,heavy_dissipation_001,heavy_dissipation,1,84,150041,0.35,0.15,0.0,128,6,train
4144,heavy_dissipation_001,heavy_dissipation,1,85,150041,0.35,0.15,0.0,128,6,train
4145,heavy_dissipation_001,heavy_dissipation,1,86,150041,0.35,0.15,0.0,128,6,train
4146,heavy_dissipation_001,heavy_dissipation,1,87,150041,0.35,0.15,0.0,128,6,train
4147,heavy_dissipation_001,heavy_dissipation,1,88,150041,0.35,0.15,0.0,128,6,train
4148,heavy_dissipation_001,heavy_dissipation,1,89,150041,0.35,0.15,0.0,128,6,train
4149,heavy_dissipation_001,heavy_dissipation,1,90,150041,0.35,0.15,0.0,128,6,train
4150,heavy_dissipation_001,heavy_dissipation,1,91,150041,0.35,0.15,0.0,128,6,train
4151,heavy_dissipation_001,heavy_dissipation,1,92,150041,0.35,0.15,0.0,128,6,train
4152,heavy_dissipation_001,heavy_dissipation,1,93,150041,0.35,0.15,0.0,128,6,train
4153,heavy_dissipation_001,heavy_dissipation,1,94,150041,0.35,0.15,0.0,128,6,train
4154,heavy_dissipation_001,heavy_dissipation,1,95,150041,0.35,0.15,0.0,128,6,train
4155,heavy_dissipation_001,heavy_dissipation,1,96,150041,0.35,0.15,0.0,128,6,train
4156,heavy_dissipation_001,heavy_dissipation,1,97,150041,0.35,0.15,0.0,128,6,train
4157,heavy_dissipation_001,heavy_dissipation,1,98,150041,0.35,0.15,0.0,128,6,train
4158,heavy_dissipation_002,heavy_dissipation,2,0,150042,0.35,0.15,0.0,128,6,train
4159,heavy_dissipation_002,heavy_dissipation,2,1,150042,0.35,0.15,0.0,128,6,train
4160,heavy_dissipation_002,heavy_dissipation,2,2,150042,0.35,0.15,0.0,128,6,train
4161,heavy_dissipation_002,heavy_dissipation,2,3,150042,0.35,0.15,0.0,128,6,train
4162,heavy_dissipation_002,heavy_dissipation,2,4,150042,0.35,0.15,0.0,128,6,train
4163,heavy_dissipation_002,heavy_dissipation,2,5,150042,0.35,0.15,0.0,128,6,train
4164,heavy_dissipation_002,heavy_dissipation,2,6,150042,0.35,0.15,0.0,128,6,train
4165,heavy_dissipation_002,heavy_dissipation,2,7,150042,0.35,0.15,0.0,128,6,train
4166,heavy_dissipation_002,heavy_dissipation,2,8,150042,0.35,0.15,0.0,128,6,train
4167,heavy_dissipation_002,heavy_dissipation,2,9,150042,0.35,0.15,0.0,128,6,train
4168,heavy_dissipation_002,heavy_dissipation,2,10,150042,0.35,0.15,0.0,128,6,train
4169,heavy_dissipation_002,heavy_dissipation,2,11,150042,0.35,0.15,0.0,128,6,train
4170,heavy_dissipation_002,heavy_dissipation,2,12,150042,0.35,0.15,0.0,128,6,train
4171,heavy_dissipation_002,heavy_dissipation,2,13,150042,0.35,0.15,0.0,128,6,train
4172,heavy_dissipation_002,heavy_dissipation,2,14,150042,0.35,0.15,0.0,128,6,train
4173,heavy_dissipation_002,heavy_dissipation,2,15,150042,0.35,0.15,0.0,128,6,train
4174,heavy_dissipation_002,heavy_dissipation,2,16,150042,0.35,0.15,0.0,128,6,train
4175,heavy_dissipation_002,heavy_dissipation,2,17,150042,0.35,0.15,0.0,128,6,train
4176,heavy_dissipation_002,heavy_dissipation,2,18,150042,0.35,0.15,0.0,128,6,train
4177,heavy_dissipation_002,heavy_dissipation,2,19,150042,0.35,0.15,0.0,128,6,train
4178,heavy_dissipation_002,heavy_dissipation,2,20,150042,0.35,0.15,0.0,128,6,train
4179,heavy_dissipation_002,heavy_dissipation,2,21,150042,0.35,0.15,0.0,128,6,train
4180,heavy_dissipation_002,heavy_dissipation,2,22,150042,0.35,0.15,0.0,128,6,train
4181,heavy_dissipation_002,heavy_dissipation,2,23,150042,0.35,0.15,0.0,128,6,train
4182,heavy_dissipation_002,heavy_dissipation,2,24,150042,0.35,0.15,0.0,128,6,train
4183,heavy_dissipation_002,heavy_dissipation,2,25,150042,0.35,0.15,0.0,128,6,train
4184,heavy_dissipation_002,heavy_dissipation,2,26,150042,0.35,0.15,0.0,128,6,train
4185,heavy_dissipation_002,heavy_dissipation,2,27,150042,0.35,0.15,0.0,128,6,train
4186,heavy_dissipation_002,heavy_dissipation,2,28,150042,0.35,0.15,0.0,128,6,train
4187,heavy_dissipation_002,heavy_dissipation,2,29,150042,0.35,0.15,0.0,128,6,train
4188,heavy_dissipation_002,heavy_dissipation,2,30,150042,0.35,0.15,0.0,128,6,train
4189,heavy_dissipation_002,heavy_dissipation,2,31,150042,0.35,0.15,0.0,128,6,train
4190,heavy_dissipation_002,heavy_dissipation,2,32,150042,0.35,0.15,0.0,128,6,train
4191,heavy_dissipation_002,heavy_dissipation,2,33,150042,0.35,0.15,0.0,128,6,train
4192,heavy_dissipation_002,heavy_dissipation,2,34,150042,0.35,0.15,0.0,128,6,train
4193,heavy_dissipation_002,heavy_dissipation,2,35,150042,0.35,0.15,0.0,128,6,train
4194,heavy_dissipation_002,heavy_dissipation,2,36,150042,0.35,0.15,0.0,128,6,train
4195,heavy_dissipation_002,heavy_dissipation,2,37,150042,0.35,0.15,0.0,128,6,train
4196,heavy_dissipation_002,heavy_dissipation,2,38,150042,0.35,0.15,0.0,128,6,train
4197,heavy_dissipation_002,heavy_dissipation,2,39,150042,0.35,0.15,0.0,128,6,train
4198,heavy_dissipation_002,heavy_dissipation,2,40,150042,0.35,0.15,0.0,128,6,train
4199,heavy_dissipation_002,heavy_dissipation,2,41,150042,0.35,0.15,0.0,128,6,train
4200,heavy_dissipation_002,heavy_dissipation,2,42,150042,0.35,0.15,0.0,128,6,train
4201,heavy_dissipation_002,heavy_dissipation,2,43,150042,0.35,0.15,0.0,128,6,train
4202,heavy_dissipation_002,heavy_dissipation,2,44,150042,0.35,0.15,0.0,128,6,train
4203,heavy_dissipation_002,heavy_dissipation,2,45,150042,0.35,0.15,0.0,128,6,train
4204,heavy_dissipation_002,heavy_dissipation,2,46,150042,0.35,0.15,0.0,128,6,train
4205,heavy_dissipation_002,heavy_dissipation,2,47,150042,0.35,0.15,0.0,128,6,train
4206,heavy_dissipation_002,heavy_dissipation,2,48,150042,0.35,0.15,0.0,128,6,train
4207,heavy_dissipation_002,heavy_dissipation,2,49,150042,0.35,0.15,0.0,128,6,train
4208,heavy_dissipation_002,heavy_dissipation,2,50,150042,0.35,0.15,0.0,128,6,train
4209,heavy_dissipation_002,heavy_dissipation,2,51,150042,0.35,0.15,0.0,128,6,train
4210,heavy_dissipation_002,heavy_dissipation,2,52,150042,0.35,0.15,0.0,128,6,train
4211,heavy_dissipation_002,heavy_dissipation,2,53,150042,0.35,0.15,0.0,128,6,train
4212,heavy_dissipation_002,heavy_dissipation,2,54,150042,0.35,0.15,0.0,128,6,train
4213,heavy_dissipation_002,heavy_dissipation,2,55,150042,0.35,0.15,0.0,128,6,train
4214,heavy_dissipation_002,heavy_dissipation,2,56,150042,0.35,0.15,0.0,128,6,train
4215,heavy_dissipation_002,heavy_dissipation,2,57,150042,0.35,0.15,0.0,128,6,train
4216,heavy_dissipation_002,heavy_dissipation,2,58,150042,0.35,0.15,0.0,128,6,train
4217,heavy_dissipation_002,heavy_dissipation,2,59,150042,0.35,0.15,0.0,128,6,train
4218,heavy_dissipation_002,heavy_dissipation,2,60,150042,0.35,0.15,0.0,128,6,train
4219,heavy_dissipation_002,heavy_dissipation,2,61,150042,0.35,0.15,0.0,128,6,train
4220,heavy_dissipation_002,heavy_dissipation,2,62,150042,0.35,0.15,0.0,128,6,train
4221,heavy_dissipation_002,heavy_dissipation,2,63,150042,0.35,0.15,0.0,128,6,train
4222,heavy_dissipation_002,heavy_dissipation,2,64,150042,0.35,0.15,0.0,128,6,train
4223,heavy_dissipation_002,heavy_dissipation,2,65,150042,0.35,0.15,0.0,128,6,train
4224,heavy_dissipation_002,heavy_dissipation,2,66,150042,0.35,0.15,0.0,128,6,train
4225,heavy_dissipation_002,heavy_dissipation,2,67,150042,0.35,0.15,0.0,128,6,train
4226,heavy_dissipation_002,heavy_dissipation,2,68,150042,0.35,0.15,0.0,128,6,train
4227,heavy_dissipation_002,heavy_dissipation,2,69,150042,0.35,0.15,0.0,128,6,train
4228,heavy_dissipation_002,heavy_dissipation,2,70,150042,0.35,0.15,0.0,128,6,train
4229,heavy_dissipation_002,heavy_dissipation,2,71,150042,0.35,0.15,0.0,128,6,train
4230,heavy_dissipation_002,heavy_dissipation,2,72,150042,0.35,0.15,0.0,128,6,train
4231,heavy_dissipation_002,heavy_dissipation,2,73,150042,0.35,0.15,0.0,128,6,train
4232,heavy_dissipation_002,heavy_dissipation,2,74,150042,0.35,0.15,0.0,128,6,train
4233,heavy_dissipation_002,heavy_dissipation,2,75,150042,0.35,0.15,0.0,128,6,train
4234,heavy_dissipation_002,heavy_dissipation,2,76,150042,0.35,0.15,0.0,128,6,train
4235,heavy_dissipation_002,heavy_dissipation,2,77,150042,0.35,0.15,0.0,128,6,train
4236,heavy_dissipation_002,heavy_dissipation,2,78,150042,0.35,0.15,0.0,128,6,train
4237,heavy_dissipation_002,heavy_dissipation,2,79,150042,0.35,0.15,0.0,128,6,train
4238,heavy_dissipation_002,heavy_dissipation,2,80,150042,0.35,0.15,0.0,128,6,train
4239,heavy_dissipation_002,heavy_dissipation,2,81,150042,0.35,0.15,0.0,128,6,train
4240,heavy_dissipation_002,heavy_dissipation,2,82,150042,0.35,0.15,0.0,128,6,train
4241,heavy_dissipation_002,heavy_dissipation,2,83,150042,0.35,0.15,0.0,128,6,train
4242,heavy_dissipation_002,heavy_dissipation,2,84,150042,0.35,0.15,0.0,128,6,train
4243,heavy_dissipation_002,heavy_dissipation,2,85,150042,0.35,0.15,0.0,128,6,train
4244,heavy_dissipation_002,heavy_dissipation,2,86,150042,0.35,0.15,0.0,128,6,train
4245,heavy_dissipation_002,heavy_dissipation,2,87,150042,0.35,0.15,0.0,128,6,train
4246,heavy_dissipation_002,heavy_dissipation,2,88,150042,0.35,0.15,0.0,128,6,train
4247,heavy_dissipation_002,heavy_dissipation,2,89,150042,0.35,0.15,0.0,128,6,train
4248,heavy_dissipation_002,heavy_dissipation,2,90,150042,0.35,0.15,0.0,128,6,train
4249,heavy_dissipation_002,heavy_dissipation,2,91,150042,0.35,0.15,0.0,128,6,train
4250,heavy_dissipation_002,heavy_dissipation,2,92,150042,0.35,0.15,0.0,128,6,train
4251,heavy_dissipation_002,heavy_dissipation,2,93,150042,0.35,0.15,0.0,128,6,train
4252,heavy_dissipation_002,heavy_dissipation,2,94,150042,0.35,0.15,0.0,128,6,train
4253,heavy_dissipation_002,heavy_dissipation,2,95,150042,0.35,0.15,0.0,128,6,train
4254,heavy_dissipation_002,heavy_dissipation,2,96,150042,0.35,0.15,0.0,128,6,train
4255,heavy_dissipation_002,heavy_dissipation,2,97,150042,0.35,0.15,0.0,128,6,train
4256,heavy_dissipation_002,heavy_dissipation,2,98,150042,0.35,0.15,0.0,128,6,train
4257,heavy_dissipation_003,heavy_dissipation,3,0,150043,0.35,0.15,0.0,128,6,validation
4258,heavy_dissipation_003,heavy_dissipation,3,1,150043,0.35,0.15,0.0,128,6,validation
4259,heavy_dissipation_003,heavy_dissipation,3,2,150043,0.35,0.15,0.0,128,6,validation
4260,heavy_dissipation_003,heavy_dissipation,3,3,150043,0.35,0.15,0.0,128,6,validation
4261,heavy_dissipation_003,heavy_dissipation,3,4,150043,0.35,0.15,0.0,128,6,validation
4262,heavy_dissipation_003,heavy_dissipation,3,5,150043,0.35,0.15,0.0,128,6,validation
4263,heavy_dissipation_003,heavy_dissipation,3,6,150043,0.35,0.15,0.0,128,6,validation
4264,heavy_dissipation_003,heavy_dissipation,3,7,150043,0.35,0.15,0.0,128,6,validation
4265,heavy_dissipation_003,heavy_dissipation,3,8,150043,0.35,0.15,0.0,128,6,validation
4266,heavy_dissipation_003,heavy_dissipation,3,9,150043,0.35,0.15,0.0,128,6,validation
4267,heavy_dissipation_003,heavy_dissipation,3,10,150043,0.35,0.15,0.0,128,6,validation
4268,heavy_dissipation_003,heavy_dissipation,3,11,150043,0.35,0.15,0.0,128,6,validation
4269,heavy_dissipation_003,heavy_dissipation,3,12,150043,0.35,0.15,0.0,128,6,validation
4270,heavy_dissipation_003,heavy_dissipation,3,13,150043,0.35,0.15,0.0,128,6,validation
4271,heavy_dissipation_003,heavy_dissipation,3,14,150043,0.35,0.15,0.0,128,6,validation
4272,heavy_dissipation_003,heavy_dissipation,3,15,150043,0.35,0.15,0.0,128,6,validation
4273,heavy_dissipation_003,heavy_dissipation,3,16,150043,0.35,0.15,0.0,128,6,validation
4274,heavy_dissipation_003,heavy_dissipation,3,17,150043,0.35,0.15,0.0,128,6,validation
4275,heavy_dissipation_003,heavy_dissipation,3,18,150043,0.35,0.15,0.0,128,6,validation
4276,heavy_dissipation_003,heavy_dissipation,3,19,150043,0.35,0.15,0.0,128,6,validation
4277,heavy_dissipation_003,heavy_dissipation,3,20,150043,0.35,0.15,0.0,128,6,validation
4278,heavy_dissipation_003,heavy_dissipation,3,21,150043,0.35,0.15,0.0,128,6,validation
4279,heavy_dissipation_003,heavy_dissipation,3,22,150043,0.35,0.15,0.0,128,6,validation
4280,heavy_dissipation_003,heavy_dissipation,3,23,150043,0.35,0.15,0.0,128,6,validation
4281,heavy_dissipation_003,heavy_dissipation,3,24,150043,0.35,0.15,0.0,128,6,validation
4282,heavy_dissipation_003,heavy_dissipation,3,25,150043,0.35,0.15,0.0,128,6,validation
4283,heavy_dissipation_003,heavy_dissipation,3,26,150043,0.35,0.15,0.0,128,6,validation
4284,heavy_dissipation_003,heavy_dissipation,3,27,150043,0.35,0.15,0.0,128,6,validation
4285,heavy_dissipation_003,heavy_dissipation,3,28,150043,0.35,0.15,0.0,128,6,validation
4286,heavy_dissipation_003,heavy_dissipation,3,29,150043,0.35,0.15,0.0,128,6,validation
4287,heavy_dissipation_003,heavy_dissipation,3,30,150043,0.35,0.15,0.0,128,6,validation
4288,heavy_dissipation_003,heavy_dissipation,3,31,150043,0.35,0.15,0.0,128,6,validation
4289,heavy_dissipation_003,heavy_dissipation,3,32,150043,0.35,0.15,0.0,128,6,validation
4290,heavy_dissipation_003,heavy_dissipation,3,33,150043,0.35,0.15,0.0,128,6,validation
4291,heavy_dissipation_003,heavy_dissipation,3,34,150043,0.35,0.15,0.0,128,6,validation
4292,heavy_dissipation_003,heavy_dissipation,3,35,150043,0.35,0.15,0.0,128,6,validation
4293,heavy_dissipation_003,heavy_dissipation,3,36,150043,0.35,0.15,0.0,128,6,validation
4294,heavy_dissipation_003,heavy_dissipation,3,37,150043,0.35,0.15,0.0,128,6,validation
4295,heavy_dissipation_003,heavy_dissipation,3,38,150043,0.35,0.15,0.0,128,6,validation
4296,heavy_dissipation_003,heavy_dissipation,3,39,150043,0.35,0.15,0.0,128,6,validation
4297,heavy_dissipation_003,heavy_dissipation,3,40,150043,0.35,0.15,0.0,128,6,validation
4298,heavy_dissipation_003,heavy_dissipation,3,41,150043,0.35,0.15,0.0,128,6,validation
4299,heavy_dissipation_003,heavy_dissipation,3,42,150043,0.35,0.15,0.0,128,6,validation
4300,heavy_dissipation_003,heavy_dissipation,3,43,150043,0.35,0.15,0.0,128,6,validation
4301,heavy_dissipation_003,heavy_dissipation,3,44,150043,0.35,0.15,0.0,128,6,validation
4302,heavy_dissipation_003,heavy_dissipation,3,45,150043,0.35,0.15,0.0,128,6,validation
4303,heavy_dissipation_003,heavy_dissipation,3,46,150043,0.35,0.15,0.0,128,6,validation
4304,heavy_dissipation_003,heavy_dissipation,3,47,150043,0.35,0.15,0.0,128,6,validation
4305,heavy_dissipation_003,heavy_dissipation,3,48,150043,0.35,0.15,0.0,128,6,validation
4306,heavy_dissipation_003,heavy_dissipation,3,49,150043,0.35,0.15,0.0,128,6,validation
4307,heavy_dissipation_003,heavy_dissipation,3,50,150043,0.35,0.15,0.0,128,6,validation
4308,heavy_dissipation_003,heavy_dissipation,3,51,150043,0.35,0.15,0.0,128,6,validation
4309,heavy_dissipation_003,heavy_dissipation,3,52,150043,0.35,0.15,0.0,128,6,validation
4310,heavy_dissipation_003,heavy_dissipation,3,53,150043,0.35,0.15,0.0,128,6,validation
4311,heavy_dissipation_003,heavy_dissipation,3,54,150043,0.35,0.15,0.0,128,6,validation
4312,heavy_dissipation_003,heavy_dissipation,3,55,150043,0.35,0.15,0.0,128,6,validation
4313,heavy_dissipation_003,heavy_dissipation,3,56,150043,0.35,0.15,0.0,128,6,validation
4314,heavy_dissipation_003,heavy_dissipation,3,57,150043,0.35,0.15,0.0,128,6,validation
4315,heavy_dissipation_003,heavy_dissipation,3,58,150043,0.35,0.15,0.0,128,6,validation
4316,heavy_dissipation_003,heavy_dissipation,3,59,150043,0.35,0.15,0.0,128,6,validation
4317,heavy_dissipation_003,heavy_dissipation,3,60,150043,0.35,0.15,0.0,128,6,validation
4318,heavy_dissipation_003,heavy_dissipation,3,61,150043,0.35,0.15,0.0,128,6,validation
4319,heavy_dissipation_003,heavy_dissipation,3,62,150043,0.35,0.15,0.0,128,6,validation
4320,heavy_dissipation_003,heavy_dissipation,3,63,150043,0.35,0.15,0.0,128,6,validation
4321,heavy_dissipation_003,heavy_dissipation,3,64,150043,0.35,0.15,0.0,128,6,validation
4322,heavy_dissipation_003,heavy_dissipation,3,65,150043,0.35,0.15,0.0,128,6,validation
4323,heavy_dissipation_003,heavy_dissipation,3,66,150043,0.35,0.15,0.0,128,6,validation
4324,heavy_dissipation_003,heavy_dissipation,3,67,150043,0.35,0.15,0.0,128,6,validation
4325,heavy_dissipation_003,heavy_dissipation,3,68,150043,0.35,0.15,0.0,128,6,validation
4326,heavy_dissipation_003,heavy_dissipation,3,69,150043,0.35,0.15,0.0,128,6,validation
4327,heavy_dissipation_003,heavy_dissipation,3,70,150043,0.35,0.15,0.0,128,6,validation
4328,heavy_dissipation_003,heavy_dissipation,3,71,150043,0.35,0.15,0.0,128,6,validation
4329,heavy_dissipation_003,heavy_dissipation,3,72,150043,0.35,0.15,0.0,128,6,validation
4330,heavy_dissipation_003,heavy_dissipation,3,73,150043,0.35,0.15,0.0,128,6,validation
4331,heavy_dissipation_003,heavy_dissipation,3,74,150043,0.35,0.15,0.0,128,6,validation
4332,heavy_dissipation_003,heavy_dissipation,3,75,150043,0.35,0.15,0.0,128,6,validation
4333,heavy_dissipation_003,heavy_dissipation,3,76,150043,0.35,0.15,0.0,128,6,validation
4334,heavy_dissipation_003,heavy_dissipation,3,77,150043,0.35,0.15,0.0,128,6,validation
4335,heavy_dissipation_003,heavy_dissipation,3,78,150043,0.35,0.15,0.0,128,6,validation
4336,heavy_dissipation_003,heavy_dissipation,3,79,150043,0.35,0.15,0.0,128,6,validation
4337,heavy_dissipation_003,heavy_dissipation,3,80,150043,0.35,0.15,0.0,128,6,validation
4338,heavy_dissipation_003,heavy_dissipation,3,81,150043,0.35,0.15,0.0,128,6,validation
4339,heavy_dissipation_003,heavy_dissipation,3,82,150043,0.35,0.15,0.0,128,6,validation
4340,heavy_dissipation_003,heavy_dissipation,3,83,150043,0.35,0.15,0.0,128,6,validation
4341,heavy_dissipation_003,heavy_dissipation,3,84,150043,0.35,0.15,0.0,128,6,validation
4342,heavy_dissipation_003,heavy_dissipation,3,85,150043,0.35,0.15,0.0,128,6,validation
4343,heavy_dissipation_003,heavy_dissipation,3,86,150043,0.35,0.15,0.0,128,6,validation
4344,heavy_dissipation_003,heavy_dissipation,3,87,150043,0.35,0.15,0.0,128,6,validation
4345,heavy_dissipation_003,heavy_dissipation,3,88,150043,0.35,0.15,0.0,128,6,validation
4346,heavy_dissipation_003,heavy_dissipation,3,89,150043,0.35,0.15,0.0,128,6,validation
4347,heavy_dissipation_003,heavy_dissipation,3,90,150043,0.35,0.15,0.0,128,6,validation
4348,heavy_dissipation_003,heavy_dissipation,3,91,150043,0.35,0.15,0.0,128,6,validation
4349,heavy_dissipation_003,heavy_dissipation,3,92,150043,0.35,0.15,0.0,128,6,validation
4350,heavy_dissipation_003,heavy_dissipation,3,93,150043,0.35,0.15,0.0,128,6,validation
4351,heavy_dissipation_003,heavy_dissipation,3,94,150043,0.35,0.15,0.0,128,6,validation
4352,heavy_dissipation_003,heavy_dissipation,3,95,150043,0.35,0.15,0.0,128,6,validation
4353,heavy_dissipation_003,heavy_dissipation,3,96,150043,0.35,0.15,0.0,128,6,validation
4354,heavy_dissipation_003,heavy_dissipation,3,97,150043,0.35,0.15,0.0,128,6,validation
4355,heavy_dissipation_003,heavy_dissipation,3,98,150043,0.35,0.15,0.0,128,6,validation
4356,heavy_dissipation_004,heavy_dissipation,4,0,150044,0.35,0.15,0.0,128,6,train
4357,heavy_dissipation_004,heavy_dissipation,4,1,150044,0.35,0.15,0.0,128,6,train
4358,heavy_dissipation_004,heavy_dissipation,4,2,150044,0.35,0.15,0.0,128,6,train
4359,heavy_dissipation_004,heavy_dissipation,4,3,150044,0.35,0.15,0.0,128,6,train
4360,heavy_dissipation_004,heavy_dissipation,4,4,150044,0.35,0.15,0.0,128,6,train
4361,heavy_dissipation_004,heavy_dissipation,4,5,150044,0.35,0.15,0.0,128,6,train
4362,heavy_dissipation_004,heavy_dissipation,4,6,150044,0.35,0.15,0.0,128,6,train
4363,heavy_dissipation_004,heavy_dissipation,4,7,150044,0.35,0.15,0.0,128,6,train
4364,heavy_dissipation_004,heavy_dissipation,4,8,150044,0.35,0.15,0.0,128,6,train
4365,heavy_dissipation_004,heavy_dissipation,4,9,150044,0.35,0.15,0.0,128,6,train
4366,heavy_dissipation_004,heavy_dissipation,4,10,150044,0.35,0.15,0.0,128,6,train
4367,heavy_dissipation_004,heavy_dissipation,4,11,150044,0.35,0.15,0.0,128,6,train
4368,heavy_dissipation_004,heavy_dissipation,4,12,150044,0.35,0.15,0.0,128,6,train
4369,heavy_dissipation_004,heavy_dissipation,4,13,150044,0.35,0.15,0.0,128,6,train
4370,heavy_dissipation_004,heavy_dissipation,4,14,150044,0.35,0.15,0.0,128,6,train
4371,heavy_dissipation_004,heavy_dissipation,4,15,150044,0.35,0.15,0.0,128,6,train
4372,heavy_dissipation_004,heavy_dissipation,4,16,150044,0.35,0.15,0.0,128,6,train
4373,heavy_dissipation_004,heavy_dissipation,4,17,150044,0.35,0.15,0.0,128,6,train
4374,heavy_dissipation_004,heavy_dissipation,4,18,150044,0.35,0.15,0.0,128,6,train
4375,heavy_dissipation_004,heavy_dissipation,4,19,150044,0.35,0.15,0.0,128,6,train
4376,heavy_dissipation_004,heavy_dissipation,4,20,150044,0.35,0.15,0.0,128,6,train
4377,heavy_dissipation_004,heavy_dissipation,4,21,150044,0.35,0.15,0.0,128,6,train
4378,heavy_dissipation_004,heavy_dissipation,4,22,150044,0.35,0.15,0.0,128,6,train
4379,heavy_dissipation_004,heavy_dissipation,4,23,150044,0.35,0.15,0.0,128,6,train
4380,heavy_dissipation_004,heavy_dissipation,4,24,150044,0.35,0.15,0.0,128,6,train
4381,heavy_dissipation_004,heavy_dissipation,4,25,150044,0.35,0.15,0.0,128,6,train
4382,heavy_dissipation_004,heavy_dissipation,4,26,150044,0.35,0.15,0.0,128,6,train
4383,heavy_dissipation_004,heavy_dissipation,4,27,150044,0.35,0.15,0.0,128,6,train
4384,heavy_dissipation_004,heavy_dissipation,4,28,150044,0.35,0.15,0.0,128,6,train
4385,heavy_dissipation_004,heavy_dissipation,4,29,150044,0.35,0.15,0.0,128,6,train
4386,heavy_dissipation_004,heavy_dissipation,4,30,150044,0.35,0.15,0.0,128,6,train
4387,heavy_dissipation_004,heavy_dissipation,4,31,150044,0.35,0.15,0.0,128,6,train
4388,heavy_dissipation_004,heavy_dissipation,4,32,150044,0.35,0.15,0.0,128,6,train
4389,heavy_dissipation_004,heavy_dissipation,4,33,150044,0.35,0.15,0.0,128,6,train
4390,heavy_dissipation_004,heavy_dissipation,4,34,150044,0.35,0.15,0.0,128,6,train
4391,heavy_dissipation_004,heavy_dissipation,4,35,150044,0.35,0.15,0.0,128,6,train
4392,heavy_dissipation_004,heavy_dissipation,4,36,150044,0.35,0.15,0.0,128,6,train
4393,heavy_dissipation_004,heavy_dissipation,4,37,150044,0.35,0.15,0.0,128,6,train
4394,heavy_dissipation_004,heavy_dissipation,4,38,150044,0.35,0.15,0.0,128,6,train
4395,heavy_dissipation_004,heavy_dissipation,4,39,150044,0.35,0.15,0.0,128,6,train
4396,heavy_dissipation_004,heavy_dissipation,4,40,150044,0.35,0.15,0.0,128,6,train
4397,heavy_dissipation_004,heavy_dissipation,4,41,150044,0.35,0.15,0.0,128,6,train
4398,heavy_dissipation_004,heavy_dissipation,4,42,150044,0.35,0.15,0.0,128,6,train
4399,heavy_dissipation_004,heavy_dissipation,4,43,150044,0.35,0.15,0.0,128,6,train
4400,heavy_dissipation_004,heavy_dissipation,4,44,150044,0.35,0.15,0.0,128,6,train
4401,heavy_dissipation_004,heavy_dissipation,4,45,150044,0.35,0.15,0.0,128,6,train
4402,heavy_dissipation_004,heavy_dissipation,4,46,150044,0.35,0.15,0.0,128,6,train
4403,heavy_dissipation_004,heavy_dissipation,4,47,150044,0.35,0.15,0.0,128,6,train
4404,heavy_dissipation_004,heavy_dissipation,4,48,150044,0.35,0.15,0.0,128,6,train
4405,heavy_dissipation_004,heavy_dissipation,4,49,150044,0.35,0.15,0.0,128,6,train
4406,heavy_dissipation_004,heavy_dissipation,4,50,150044,0.35,0.15,0.0,128,6,train
4407,heavy_dissipation_004,heavy_dissipation,4,51,150044,0.35,0.15,0.0,128,6,train
4408,heavy_dissipation_004,heavy_dissipation,4,52,150044,0.35,0.15,0.0,128,6,train
4409,heavy_dissipation_004,heavy_dissipation,4,53,150044,0.35,0.15,0.0,128,6,train
4410,heavy_dissipation_004,heavy_dissipation,4,54,150044,0.35,0.15,0.0,128,6,train
4411,heavy_dissipation_004,heavy_dissipation,4,55,150044,0.35,0.15,0.0,128,6,train
4412,heavy_dissipation_004,heavy_dissipation,4,56,150044,0.35,0.15,0.0,128,6,train
4413,heavy_dissipation_004,heavy_dissipation,4,57,150044,0.35,0.15,0.0,128,6,train
4414,heavy_dissipation_004,heavy_dissipation,4,58,150044,0.35,0.15,0.0,128,6,train
4415,heavy_dissipation_004,heavy_dissipation,4,59,150044,0.35,0.15,0.0,128,6,train
4416,heavy_dissipation_004,heavy_dissipation,4,60,150044,0.35,0.15,0.0,128,6,train
4417,heavy_dissipation_004,heavy_dissipation,4,61,150044,0.35,0.15,0.0,128,6,train
4418,heavy_dissipation_004,heavy_dissipation,4,62,150044,0.35,0.15,0.0,128,6,train
4419,heavy_dissipation_004,heavy_dissipation,4,63,150044,0.35,0.15,0.0,128,6,train
4420,heavy_dissipation_004,heavy_dissipation,4,64,150044,0.35,0.15,0.0,128,6,train
4421,heavy_dissipation_004,heavy_dissipation,4,65,150044,0.35,0.15,0.0,128,6,train
4422,heavy_dissipation_004,heavy_dissipation,4,66,150044,0.35,0.15,0.0,128,6,train
4423,heavy_dissipation_004,heavy_dissipation,4,67,150044,0.35,0.15,0.0,128,6,train
4424,heavy_dissipation_004,heavy_dissipation,4,68,150044,0.35,0.15,0.0,128,6,train
4425,heavy_dissipation_004,heavy_dissipation,4,69,150044,0.35,0.15,0.0,128,6,train
4426,heavy_dissipation_004,heavy_dissipation,4,70,150044,0.35,0.15,0.0,128,6,train
4427,heavy_dissipation_004,heavy_dissipation,4,71,150044,0.35,0.15,0.0,128,6,train
4428,heavy_dissipation_004,heavy_dissipation,4,72,150044,0.35,0.15,0.0,128,6,train
4429,heavy_dissipation_004,heavy_dissipation,4,73,150044,0.35,0.15,0.0,128,6,train
4430,heavy_dissipation_004,heavy_dissipation,4,74,150044,0.35,0.15,0.0,128,6,train
4431,heavy_dissipation_004,heavy_dissipation,4,75,150044,0.35,0.15,0.0,128,6,train
4432,heavy_dissipation_004,heavy_dissipation,4,76,150044,0.35,0.15,0.0,128,6,train
4433,heavy_dissipation_004,heavy_dissipation,4,77,150044,0.35,0.15,0.0,128,6,train
4434,heavy_dissipation_004,heavy_dissipation,4,78,150044,0.35,0.15,0.0,128,6,train
4435,heavy_dissipation_004,heavy_dissipation,4,79,150044,0.35,0.15,0.0,128,6,train
4436,heavy_dissipation_004,heavy_dissipation,4,80,150044,0.35,0.15,0.0,128,6,train
4437,heavy_dissipation_004,heavy_dissipation,4,81,150044,0.35,0.15,0.0,128,6,train
4438,heavy_dissipation_004,heavy_dissipation,4,82,150044,0.35,0.15,0.0,128,6,train
4439,heavy_dissipation_004,heavy_dissipation,4,83,150044,0.35,0.15,0.0,128,6,train
4440,heavy_dissipation_004,heavy_dissipation,4,84,150044,0.35,0.15,0.0,128,6,train
4441,heavy_dissipation_004,heavy_dissipation,4,85,150044,0.35,0.15,0.0,128,6,train
4442,heavy_dissipation_004,heavy_dissipation,4,86,150044,0.35,0.15,0.0,128,6,train
4443,heavy_dissipation_004,heavy_dissipation,4,87,150044,0.35,0.15,0.0,128,6,train
4444,heavy_dissipation_004,heavy_dissipation,4,88,150044,0.35,0.15,0.0,128,6,train
4445,heavy_dissipation_004,heavy_dissipation,4,89,150044,0.35,0.15,0.0,128,6,train
4446,heavy_dissipation_004,heavy_dissipation,4,90,150044,0.35,0.15,0.0,128,6,train
4447,heavy_dissipation_004,heavy_dissipation,4,91,150044,0.35,0.15,0.0,128,6,train
4448,heavy_dissipation_004,heavy_dissipation,4,92,150044,0.35,0.15,0.0,128,6,train
4449,heavy_dissipation_004,heavy_dissipation,4,93,150044,0.35,0.15,0.0,128,6,train
4450,heavy_dissipation_004,heavy_dissipation,4,94,150044,0.35,0.15,0.0,128,6,train
4451,heavy_dissipation_004,heavy_dissipation,4,95,150044,0.35,0.15,0.0,128,6,train
4452,heavy_dissipation_004,heavy_dissipation,4,96,150044,0.35,0.15,0.0,128,6,train
4453,heavy_dissipation_004,heavy_dissipation,4,97,150044,0.35,0.15,0.0,128,6,train
4454,heavy_dissipation_004,heavy_dissipation,4,98,150044,0.35,0.15,0.0,128,6,train
4455,heavy_dissipation_005,heavy_dissipation,5,0,150045,0.35,0.15,0.0,128,6,train
4456,heavy_dissipation_005,heavy_dissipation,5,1,150045,0.35,0.15,0.0,128,6,train
4457,heavy_dissipation_005,heavy_dissipation,5,2,150045,0.35,0.15,0.0,128,6,train
4458,heavy_dissipation_005,heavy_dissipation,5,3,150045,0.35,0.15,0.0,128,6,train
4459,heavy_dissipation_005,heavy_dissipation,5,4,150045,0.35,0.15,0.0,128,6,train
4460,heavy_dissipation_005,heavy_dissipation,5,5,150045,0.35,0.15,0.0,128,6,train
4461,heavy_dissipation_005,heavy_dissipation,5,6,150045,0.35,0.15,0.0,128,6,train
4462,heavy_dissipation_005,heavy_dissipation,5,7,150045,0.35,0.15,0.0,128,6,train
4463,heavy_dissipation_005,heavy_dissipation,5,8,150045,0.35,0.15,0.0,128,6,train
4464,heavy_dissipation_005,heavy_dissipation,5,9,150045,0.35,0.15,0.0,128,6,train
4465,heavy_dissipation_005,heavy_dissipation,5,10,150045,0.35,0.15,0.0,128,6,train
4466,heavy_dissipation_005,heavy_dissipation,5,11,150045,0.35,0.15,0.0,128,6,train
4467,heavy_dissipation_005,heavy_dissipation,5,12,150045,0.35,0.15,0.0,128,6,train
4468,heavy_dissipation_005,heavy_dissipation,5,13,150045,0.35,0.15,0.0,128,6,train
4469,heavy_dissipation_005,heavy_dissipation,5,14,150045,0.35,0.15,0.0,128,6,train
4470,heavy_dissipation_005,heavy_dissipation,5,15,150045,0.35,0.15,0.0,128,6,train
4471,heavy_dissipation_005,heavy_dissipation,5,16,150045,0.35,0.15,0.0,128,6,train
4472,heavy_dissipation_005,heavy_dissipation,5,17,150045,0.35,0.15,0.0,128,6,train
4473,heavy_dissipation_005,heavy_dissipation,5,18,150045,0.35,0.15,0.0,128,6,train
4474,heavy_dissipation_005,heavy_dissipation,5,19,150045,0.35,0.15,0.0,128,6,train
4475,heavy_dissipation_005,heavy_dissipation,5,20,150045,0.35,0.15,0.0,128,6,train
4476,heavy_dissipation_005,heavy_dissipation,5,21,150045,0.35,0.15,0.0,128,6,train
4477,heavy_dissipation_005,heavy_dissipation,5,22,150045,0.35,0.15,0.0,128,6,train
4478,heavy_dissipation_005,heavy_dissipation,5,23,150045,0.35,0.15,0.0,128,6,train
4479,heavy_dissipation_005,heavy_dissipation,5,24,150045,0.35,0.15,0.0,128,6,train
4480,heavy_dissipation_005,heavy_dissipation,5,25,150045,0.35,0.15,0.0,128,6,train
4481,heavy_dissipation_005,heavy_dissipation,5,26,150045,0.35,0.15,0.0,128,6,train
4482,heavy_dissipation_005,heavy_dissipation,5,27,150045,0.35,0.15,0.0,128,6,train
4483,heavy_dissipation_005,heavy_dissipation,5,28,150045,0.35,0.15,0.0,128,6,train
4484,heavy_dissipation_005,heavy_dissipation,5,29,150045,0.35,0.15,0.0,128,6,train
4485,heavy_dissipation_005,heavy_dissipation,5,30,150045,0.35,0.15,0.0,128,6,train
4486,heavy_dissipation_005,heavy_dissipation,5,31,150045,0.35,0.15,0.0,128,6,train
4487,heavy_dissipation_005,heavy_dissipation,5,32,150045,0.35,0.15,0.0,128,6,train
4488,heavy_dissipation_005,heavy_dissipation,5,33,150045,0.35,0.15,0.0,128,6,train
4489,heavy_dissipation_005,heavy_dissipation,5,34,150045,0.35,0.15,0.0,128,6,train
4490,heavy_dissipation_005,heavy_dissipation,5,35,150045,0.35,0.15,0.0,128,6,train
4491,heavy_dissipation_005,heavy_dissipation,5,36,150045,0.35,0.15,0.0,128,6,train
4492,heavy_dissipation_005,heavy_dissipation,5,37,150045,0.35,0.15,0.0,128,6,train
4493,heavy_dissipation_005,heavy_dissipation,5,38,150045,0.35,0.15,0.0,128,6,train
4494,heavy_dissipation_005,heavy_dissipation,5,39,150045,0.35,0.15,0.0,128,6,train
4495,heavy_dissipation_005,heavy_dissipation,5,40,150045,0.35,0.15,0.0,128,6,train
4496,heavy_dissipation_005,heavy_dissipation,5,41,150045,0.35,0.15,0.0,128,6,train
4497,heavy_dissipation_005,heavy_dissipation,5,42,150045,0.35,0.15,0.0,128,6,train
4498,heavy_dissipation_005,heavy_dissipation,5,43,150045,0.35,0.15,0.0,128,6,train
4499,heavy_dissipation_005,heavy_dissipation,5,44,150045,0.35,0.15,0.0,128,6,train
4500,heavy_dissipation_005,heavy_dissipation,5,45,150045,0.35,0.15,0.0,128,6,train
4501,heavy_dissipation_005,heavy_dissipation,5,46,150045,0.35,0.15,0.0,128,6,train
4502,heavy_dissipation_005,heavy_dissipation,5,47,150045,0.35,0.15,0.0,128,6,train
4503,heavy_dissipation_005,heavy_dissipation,5,48,150045,0.35,0.15,0.0,128,6,train
4504,heavy_dissipation_005,heavy_dissipation,5,49,150045,0.35,0.15,0.0,128,6,train
4505,heavy_dissipation_005,heavy_dissipation,5,50,150045,0.35,0.15,0.0,128,6,train
4506,heavy_dissipation_005,heavy_dissipation,5,51,150045,0.35,0.15,0.0,128,6,train
4507,heavy_dissipation_005,heavy_dissipation,5,52,150045,0.35,0.15,0.0,128,6,train
4508,heavy_dissipation_005,heavy_dissipation,5,53,150045,0.35,0.15,0.0,128,6,train
4509,heavy_dissipation_005,heavy_dissipation,5,54,150045,0.35,0.15,0.0,128,6,train
4510,heavy_dissipation_005,heavy_dissipation,5,55,150045,0.35,0.15,0.0,128,6,train
4511,heavy_dissipation_005,heavy_dissipation,5,56,150045,0.35,0.15,0.0,128,6,train
4512,heavy_dissipation_005,heavy_dissipation,5,57,150045,0.35,0.15,0.0,128,6,train
4513,heavy_dissipation_005,heavy_dissipation,5,58,150045,0.35,0.15,0.0,128,6,train
4514,heavy_dissipation_005,heavy_dissipation,5,59,150045,0.35,0.15,0.0,128,6,train
4515,heavy_dissipation_005,heavy_dissipation,5,60,150045,0.35,0.15,0.0,128,6,train
4516,heavy_dissipation_005,heavy_dissipation,5,61,150045,0.35,0.15,0.0,128,6,train
4517,heavy_dissipation_005,heavy_dissipation,5,62,150045,0.35,0.15,0.0,128,6,train
4518,heavy_dissipation_005,heavy_dissipation,5,63,150045,0.35,0.15,0.0,128,6,train
4519,heavy_dissipation_005,heavy_dissipation,5,64,150045,0.35,0.15,0.0,128,6,train
4520,heavy_dissipation_005,heavy_dissipation,5,65,150045,0.35,0.15,0.0,128,6,train
4521,heavy_dissipation_005,heavy_dissipation,5,66,150045,0.35,0.15,0.0,128,6,train
4522,heavy_dissipation_005,heavy_dissipation,5,67,150045,0.35,0.15,0.0,128,6,train
4523,heavy_dissipation_005,heavy_dissipation,5,68,150045,0.35,0.15,0.0,128,6,train
4524,heavy_dissipation_005,heavy_dissipation,5,69,150045,0.35,0.15,0.0,128,6,train
4525,heavy_dissipation_005,heavy_dissipation,5,70,150045,0.35,0.15,0.0,128,6,train
4526,heavy_dissipation_005,heavy_dissipation,5,71,150045,0.35,0.15,0.0,128,6,train
4527,heavy_dissipation_005,heavy_dissipation,5,72,150045,0.35,0.15,0.0,128,6,train
4528,heavy_dissipation_005,heavy_dissipation,5,73,150045,0.35,0.15,0.0,128,6,train
4529,heavy_dissipation_005,heavy_dissipation,5,74,150045,0.35,0.15,0.0,128,6,train
4530,heavy_dissipation_005,heavy_dissipation,5,75,150045,0.35,0.15,0.0,128,6,train
4531,heavy_dissipation_005,heavy_dissipation,5,76,150045,0.35,0.15,0.0,128,6,train
4532,heavy_dissipation_005,heavy_dissipation,5,77,150045,0.35,0.15,0.0,128,6,train
4533,heavy_dissipation_005,heavy_dissipation,5,78,150045,0.35,0.15,0.0,128,6,train
4534,heavy_dissipation_005,heavy_dissipation,5,79,150045,0.35,0.15,0.0,128,6,train
4535,heavy_dissipation_005,heavy_dissipation,5,80,150045,0.35,0.15,0.0,128,6,train
4536,heavy_dissipation_005,heavy_dissipation,5,81,150045,0.35,0.15,0.0,128,6,train
4537,heavy_dissipation_005,heavy_dissipation,5,82,150045,0.35,0.15,0.0,128,6,train
4538,heavy_dissipation_005,heavy_dissipation,5,83,150045,0.35,0.15,0.0,128,6,train
4539,heavy_dissipation_005,heavy_dissipation,5,84,150045,0.35,0.15,0.0,128,6,train
4540,heavy_dissipation_005,heavy_dissipation,5,85,150045,0.35,0.15,0.0,128,6,train
4541,heavy_dissipation_005,heavy_dissipation,5,86,150045,0.35,0.15,0.0,128,6,train
4542,heavy_dissipation_005,heavy_dissipation,5,87,150045,0.35,0.15,0.0,128,6,train
4543,heavy_dissipation_005,heavy_dissipation,5,88,150045,0.35,0.15,0.0,128,6,train
4544,heavy_dissipation_005,heavy_dissipation,5,89,150045,0.35,0.15,0.0,128,6,train
4545,heavy_dissipation_005,heavy_dissipation,5,90,150045,0.35,0.15,0.0,128,6,train
4546,heavy_dissipation_005,heavy_dissipation,5,91,150045,0.35,0.15,0.0,128,6,train
4547,heavy_dissipation_005,heavy_dissipation,5,92,150045,0.35,0.15,0.0,128,6,train
4548,heavy_dissipation_005,heavy_dissipation,5,93,150045,0.35,0.15,0.0,128,6,train
4549,heavy_dissipation_005,heavy_dissipation,5,94,150045,0.35,0.15,0.0,128,6,train
4550,heavy_dissipation_005,heavy_dissipation,5,95,150045,0.35,0.15,0.0,128,6,train
4551,heavy_dissipation_005,heavy_dissipation,5,96,150045,0.35,0.15,0.0,128,6,train
4552,heavy_dissipation_005,heavy_dissipation,5,97,150045,0.35,0.15,0.0,128,6,train
4553,heavy_dissipation_005,heavy_dissipation,5,98,150045,0.35,0.15,0.0,128,6,train
4554,heavy_dissipation_006,heavy_dissipation,6,0,150046,0.35,0.15,0.0,128,6,train
4555,heavy_dissipation_006,heavy_dissipation,6,1,150046,0.35,0.15,0.0,128,6,train
4556,heavy_dissipation_006,heavy_dissipation,6,2,150046,0.35,0.15,0.0,128,6,train
4557,heavy_dissipation_006,heavy_dissipation,6,3,150046,0.35,0.15,0.0,128,6,train
4558,heavy_dissipation_006,heavy_dissipation,6,4,150046,0.35,0.15,0.0,128,6,train
4559,heavy_dissipation_006,heavy_dissipation,6,5,150046,0.35,0.15,0.0,128,6,train
4560,heavy_dissipation_006,heavy_dissipation,6,6,150046,0.35,0.15,0.0,128,6,train
4561,heavy_dissipation_006,heavy_dissipation,6,7,150046,0.35,0.15,0.0,128,6,train
4562,heavy_dissipation_006,heavy_dissipation,6,8,150046,0.35,0.15,0.0,128,6,train
4563,heavy_dissipation_006,heavy_dissipation,6,9,150046,0.35,0.15,0.0,128,6,train
4564,heavy_dissipation_006,heavy_dissipation,6,10,150046,0.35,0.15,0.0,128,6,train
4565,heavy_dissipation_006,heavy_dissipation,6,11,150046,0.35,0.15,0.0,128,6,train
4566,heavy_dissipation_006,heavy_dissipation,6,12,150046,0.35,0.15,0.0,128,6,train
4567,heavy_dissipation_006,heavy_dissipation,6,13,150046,0.35,0.15,0.0,128,6,train
4568,heavy_dissipation_006,heavy_dissipation,6,14,150046,0.35,0.15,0.0,128,6,train
4569,heavy_dissipation_006,heavy_dissipation,6,15,150046,0.35,0.15,0.0,128,6,train
4570,heavy_dissipation_006,heavy_dissipation,6,16,150046,0.35,0.15,0.0,128,6,train
4571,heavy_dissipation_006,heavy_dissipation,6,17,150046,0.35,0.15,0.0,128,6,train
4572,heavy_dissipation_006,heavy_dissipation,6,18,150046,0.35,0.15,0.0,128,6,train
4573,heavy_dissipation_006,heavy_dissipation,6,19,150046,0.35,0.15,0.0,128,6,train
4574,heavy_dissipation_006,heavy_dissipation,6,20,150046,0.35,0.15,0.0,128,6,train
4575,heavy_dissipation_006,heavy_dissipation,6,21,150046,0.35,0.15,0.0,128,6,train
4576,heavy_dissipation_006,heavy_dissipation,6,22,150046,0.35,0.15,0.0,128,6,train
4577,heavy_dissipation_006,heavy_dissipation,6,23,150046,0.35,0.15,0.0,128,6,train
4578,heavy_dissipation_006,heavy_dissipation,6,24,150046,0.35,0.15,0.0,128,6,train
4579,heavy_dissipation_006,heavy_dissipation,6,25,150046,0.35,0.15,0.0,128,6,train
4580,heavy_dissipation_006,heavy_dissipation,6,26,150046,0.35,0.15,0.0,128,6,train
4581,heavy_dissipation_006,heavy_dissipation,6,27,150046,0.35,0.15,0.0,128,6,train
4582,heavy_dissipation_006,heavy_dissipation,6,28,150046,0.35,0.15,0.0,128,6,train
4583,heavy_dissipation_006,heavy_dissipation,6,29,150046,0.35,0.15,0.0,128,6,train
4584,heavy_dissipation_006,heavy_dissipation,6,30,150046,0.35,0.15,0.0,128,6,train
4585,heavy_dissipation_006,heavy_dissipation,6,31,150046,0.35,0.15,0.0,128,6,train
4586,heavy_dissipation_006,heavy_dissipation,6,32,150046,0.35,0.15,0.0,128,6,train
4587,heavy_dissipation_006,heavy_dissipation,6,33,150046,0.35,0.15,0.0,128,6,train
4588,heavy_dissipation_006,heavy_dissipation,6,34,150046,0.35,0.15,0.0,128,6,train
4589,heavy_dissipation_006,heavy_dissipation,6,35,150046,0.35,0.15,0.0,128,6,train
4590,heavy_dissipation_006,heavy_dissipation,6,36,150046,0.35,0.15,0.0,128,6,train
4591,heavy_dissipation_006,heavy_dissipation,6,37,150046,0.35,0.15,0.0,128,6,train
4592,heavy_dissipation_006,heavy_dissipation,6,38,150046,0.35,0.15,0.0,128,6,train
4593,heavy_dissipation_006,heavy_dissipation,6,39,150046,0.35,0.15,0.0,128,6,train
4594,heavy_dissipation_006,heavy_dissipation,6,40,150046,0.35,0.15,0.0,128,6,train
4595,heavy_dissipation_006,heavy_dissipation,6,41,150046,0.35,0.15,0.0,128,6,train
4596,heavy_dissipation_006,heavy_dissipation,6,42,150046,0.35,0.15,0.0,128,6,train
4597,heavy_dissipation_006,heavy_dissipation,6,43,150046,0.35,0.15,0.0,128,6,train
4598,heavy_dissipation_006,heavy_dissipation,6,44,150046,0.35,0.15,0.0,128,6,train
4599,heavy_dissipation_006,heavy_dissipation,6,45,150046,0.35,0.15,0.0,128,6,train
4600,heavy_dissipation_006,heavy_dissipation,6,46,150046,0.35,0.15,0.0,128,6,train
4601,heavy_dissipation_006,heavy_dissipation,6,47,150046,0.35,0.15,0.0,128,6,train
4602,heavy_dissipation_006,heavy_dissipation,6,48,150046,0.35,0.15,0.0,128,6,train
4603,heavy_dissipation_006,heavy_dissipation,6,49,150046,0.35,0.15,0.0,128,6,train
4604,heavy_dissipation_006,heavy_dissipation,6,50,150046,0.35,0.15,0.0,128,6,train
4605,heavy_dissipation_006,heavy_dissipation,6,51,150046,0.35,0.15,0.0,128,6,train
4606,heavy_dissipation_006,heavy_dissipation,6,52,150046,0.35,0.15,0.0,128,6,train
4607,heavy_dissipation_006,heavy_dissipation,6,53,150046,0.35,0.15,0.0,128,6,train
4608,heavy_dissipation_006,heavy_dissipation,6,54,150046,0.35,0.15,0.0,128,6,train
4609,heavy_dissipation_006,heavy_dissipation,6,55,150046,0.35,0.15,0.0,128,6,train
4610,heavy_dissipation_006,heavy_dissipation,6,56,150046,0.35,0.15,0.0,128,6,train
4611,heavy_dissipation_006,heavy_dissipation,6,57,150046,0.35,0.15,0.0,128,6,train
4612,heavy_dissipation_006,heavy_dissipation,6,58,150046,0.35,0.15,0.0,128,6,train
4613,heavy_dissipation_006,heavy_dissipation,6,59,150046,0.35,0.15,0.0,128,6,train
4614,heavy_dissipation_006,heavy_dissipation,6,60,150046,0.35,0.15,0.0,128,6,train
4615,heavy_dissipation_006,heavy_dissipation,6,61,150046,0.35,0.15,0.0,128,6,train
4616,heavy_dissipation_006,heavy_dissipation,6,62,150046,0.35,0.15,0.0,128,6,train
4617,heavy_dissipation_006,heavy_dissipation,6,63,150046,0.35,0.15,0.0,128,6,train
4618,heavy_dissipation_006,heavy_dissipation,6,64,150046,0.35,0.15,0.0,128,6,train
4619,heavy_dissipation_006,heavy_dissipation,6,65,150046,0.35,0.15,0.0,128,6,train
4620,heavy_dissipation_006,heavy_dissipation,6,66,150046,0.35,0.15,0.0,128,6,train
4621,heavy_dissipation_006,heavy_dissipation,6,67,150046,0.35,0.15,0.0,128,6,train
4622,heavy_dissipation_006,heavy_dissipation,6,68,150046,0.35,0.15,0.0,128,6,train
4623,heavy_dissipation_006,heavy_dissipation,6,69,150046,0.35,0.15,0.0,128,6,train
4624,heavy_dissipation_006,heavy_dissipation,6,70,150046,0.35,0.15,0.0,128,6,train
4625,heavy_dissipation_006,heavy_dissipation,6,71,150046,0.35,0.15,0.0,128,6,train
4626,heavy_dissipation_006,heavy_dissipation,6,72,150046,0.35,0.15,0.0,128,6,train
4627,heavy_dissipation_006,heavy_dissipation,6,73,150046,0.35,0.15,0.0,128,6,train
4628,heavy_dissipation_006,heavy_dissipation,6,74,150046,0.35,0.15,0.0,128,6,train
4629,heavy_dissipation_006,heavy_dissipation,6,75,150046,0.35,0.15,0.0,128,6,train
4630,heavy_dissipation_006,heavy_dissipation,6,76,150046,0.35,0.15,0.0,128,6,train
4631,heavy_dissipation_006,heavy_dissipation,6,77,150046,0.35,0.15,0.0,128,6,train
4632,heavy_dissipation_006,heavy_dissipation,6,78,150046,0.35,0.15,0.0,128,6,train
4633,heavy_dissipation_006,heavy_dissipation,6,79,150046,0.35,0.15,0.0,128,6,train
4634,heavy_dissipation_006,heavy_dissipation,6,80,150046,0.35,0.15,0.0,128,6,train
4635,heavy_dissipation_006,heavy_dissipation,6,81,150046,0.35,0.15,0.0,128,6,train
4636,heavy_dissipation_006,heavy_dissipation,6,82,150046,0.35,0.15,0.0,128,6,train
4637,heavy_dissipation_006,heavy_dissipation,6,83,150046,0.35,0.15,0.0,128,6,train
4638,heavy_dissipation_006,heavy_dissipation,6,84,150046,0.35,0.15,0.0,128,6,train
4639,heavy_dissipation_006,heavy_dissipation,6,85,150046,0.35,0.15,0.0,128,6,train
4640,heavy_dissipation_006,heavy_dissipation,6,86,150046,0.35,0.15,0.0,128,6,train
4641,heavy_dissipation_006,heavy_dissipation,6,87,150046,0.35,0.15,0.0,128,6,train
4642,heavy_dissipation_006,heavy_dissipation,6,88,150046,0.35,0.15,0.0,128,6,train
4643,heavy_dissipation_006,heavy_dissipation,6,89,150046,0.35,0.15,0.0,128,6,train
4644,heavy_dissipation_006,heavy_dissipation,6,90,150046,0.35,0.15,0.0,128,6,train
4645,heavy_dissipation_006,heavy_dissipation,6,91,150046,0.35,0.15,0.0,128,6,train
4646,heavy_dissipation_006,heavy_dissipation,6,92,150046,0.35,0.15,0.0,128,6,train
4647,heavy_dissipation_006,heavy_dissipation,6,93,150046,0.35,0.15,0.0,128,6,train
4648,heavy_dissipation_006,heavy_dissipation,6,94,150046,0.35,0.15,0.0,128,6,train
4649,heavy_dissipation_006,heavy_dissipation,6,95,150046,0.35,0.15,0.0,128,6,train
4650,heavy_dissipation_006,heavy_dissipation,6,96,150046,0.35,0.15,0.0,128,6,train
4651,heavy_dissipation_006,heavy_dissipation,6,97,150046,0.35,0.15,0.0,128,6,train
4652,heavy_dissipation_006,heavy_dissipation,6,98,150046,0.35,0.15,0.0,128,6,train
4653,heavy_dissipation_007,heavy_dissipation,7,0,150047,0.35,0.15,0.0,128,6,train
4654,heavy_dissipation_007,heavy_dissipation,7,1,150047,0.35,0.15,0.0,128,6,train
4655,heavy_dissipation_007,heavy_dissipation,7,2,150047,0.35,0.15,0.0,128,6,train
4656,heavy_dissipation_007,heavy_dissipation,7,3,150047,0.35,0.15,0.0,128,6,train
4657,heavy_dissipation_007,heavy_dissipation,7,4,150047,0.35,0.15,0.0,128,6,train
4658,heavy_dissipation_007,heavy_dissipation,7,5,150047,0.35,0.15,0.0,128,6,train
4659,heavy_dissipation_007,heavy_dissipation,7,6,150047,0.35,0.15,0.0,128,6,train
4660,heavy_dissipation_007,heavy_dissipation,7,7,150047,0.35,0.15,0.0,128,6,train
4661,heavy_dissipation_007,heavy_dissipation,7,8,150047,0.35,0.15,0.0,128,6,train
4662,heavy_dissipation_007,heavy_dissipation,7,9,150047,0.35,0.15,0.0,128,6,train
4663,heavy_dissipation_007,heavy_dissipation,7,10,150047,0.35,0.15,0.0,128,6,train
4664,heavy_dissipation_007,heavy_dissipation,7,11,150047,0.35,0.15,0.0,128,6,train
4665,heavy_dissipation_007,heavy_dissipation,7,12,150047,0.35,0.15,0.0,128,6,train
4666,heavy_dissipation_007,heavy_dissipation,7,13,150047,0.35,0.15,0.0,128,6,train
4667,heavy_dissipation_007,heavy_dissipation,7,14,150047,0.35,0.15,0.0,128,6,train
4668,heavy_dissipation_007,heavy_dissipation,7,15,150047,0.35,0.15,0.0,128,6,train
4669,heavy_dissipation_007,heavy_dissipation,7,16,150047,0.35,0.15,0.0,128,6,train
4670,heavy_dissipation_007,heavy_dissipation,7,17,150047,0.35,0.15,0.0,128,6,train
4671,heavy_dissipation_007,heavy_dissipation,7,18,150047,0.35,0.15,0.0,128,6,train
4672,heavy_dissipation_007,heavy_dissipation,7,19,150047,0.35,0.15,0.0,128,6,train
4673,heavy_dissipation_007,heavy_dissipation,7,20,150047,0.35,0.15,0.0,128,6,train
4674,heavy_dissipation_007,heavy_dissipation,7,21,150047,0.35,0.15,0.0,128,6,train
4675,heavy_dissipation_007,heavy_dissipation,7,22,150047,0.35,0.15,0.0,128,6,train
4676,heavy_dissipation_007,heavy_dissipation,7,23,150047,0.35,0.15,0.0,128,6,train
4677,heavy_dissipation_007,heavy_dissipation,7,24,150047,0.35,0.15,0.0,128,6,train
4678,heavy_dissipation_007,heavy_dissipation,7,25,150047,0.35,0.15,0.0,128,6,train
4679,heavy_dissipation_007,heavy_dissipation,7,26,150047,0.35,0.15,0.0,128,6,train
4680,heavy_dissipation_007,heavy_dissipation,7,27,150047,0.35,0.15,0.0,128,6,train
4681,heavy_dissipation_007,heavy_dissipation,7,28,150047,0.35,0.15,0.0,128,6,train
4682,heavy_dissipation_007,heavy_dissipation,7,29,150047,0.35,0.15,0.0,128,6,train
4683,heavy_dissipation_007,heavy_dissipation,7,30,150047,0.35,0.15,0.0,128,6,train
4684,heavy_dissipation_007,heavy_dissipation,7,31,150047,0.35,0.15,0.0,128,6,train
4685,heavy_dissipation_007,heavy_dissipation,7,32,150047,0.35,0.15,0.0,128,6,train
4686,heavy_dissipation_007,heavy_dissipation,7,33,150047,0.35,0.15,0.0,128,6,train
4687,heavy_dissipation_007,heavy_dissipation,7,34,150047,0.35,0.15,0.0,128,6,train
4688,heavy_dissipation_007,heavy_dissipation,7,35,150047,0.35,0.15,0.0,128,6,train
4689,heavy_dissipation_007,heavy_dissipation,7,36,150047,0.35,0.15,0.0,128,6,train
4690,heavy_dissipation_007,heavy_dissipation,7,37,150047,0.35,0.15,0.0,128,6,train
4691,heavy_dissipation_007,heavy_dissipation,7,38,150047,0.35,0.15,0.0,128,6,train
4692,heavy_dissipation_007,heavy_dissipation,7,39,150047,0.35,0.15,0.0,128,6,train
4693,heavy_dissipation_007,heavy_dissipation,7,40,150047,0.35,0.15,0.0,128,6,train
4694,heavy_dissipation_007,heavy_dissipation,7,41,150047,0.35,0.15,0.0,128,6,train
4695,heavy_dissipation_007,heavy_dissipation,7,42,150047,0.35,0.15,0.0,128,6,train
4696,heavy_dissipation_007,heavy_dissipation,7,43,150047,0.35,0.15,0.0,128,6,train
4697,heavy_dissipation_007,heavy_dissipation,7,44,150047,0.35,0.15,0.0,128,6,train
4698,heavy_dissipation_007,heavy_dissipation,7,45,150047,0.35,0.15,0.0,128,6,train
4699,heavy_dissipation_007,heavy_dissipation,7,46,150047,0.35,0.15,0.0,128,6,train
4700,heavy_dissipation_007,heavy_dissipation,7,47,150047,0.35,0.15,0.0,128,6,train
4701,heavy_dissipation_007,heavy_dissipation,7,48,150047,0.35,0.15,0.0,128,6,train
4702,heavy_dissipation_007,heavy_dissipation,7,49,150047,0.35,0.15,0.0,128,6,train
4703,heavy_dissipation_007,heavy_dissipation,7,50,150047,0.35,0.15,0.0,128,6,train
4704,heavy_dissipation_007,heavy_dissipation,7,51,150047,0.35,0.15,0.0,128,6,train
4705,heavy_dissipation_007,heavy_dissipation,7,52,150047,0.35,0.15,0.0,128,6,train
4706,heavy_dissipation_007,heavy_dissipation,7,53,150047,0.35,0.15,0.0,128,6,train
4707,heavy_dissipation_007,heavy_dissipation,7,54,150047,0.35,0.15,0.0,128,6,train
4708,heavy_dissipation_007,heavy_dissipation,7,55,150047,0.35,0.15,0.0,128,6,train
4709,heavy_dissipation_007,heavy_dissipation,7,56,150047,0.35,0.15,0.0,128,6,train
4710,heavy_dissipation_007,heavy_dissipation,7,57,150047,0.35,0.15,0.0,128,6,train
4711,heavy_dissipation_007,heavy_dissipation,7,58,150047,0.35,0.15,0.0,128,6,train
4712,heavy_dissipation_007,heavy_dissipation,7,59,150047,0.35,0.15,0.0,128,6,train
4713,heavy_dissipation_007,heavy_dissipation,7,60,150047,0.35,0.15,0.0,128,6,train
4714,heavy_dissipation_007,heavy_dissipation,7,61,150047,0.35,0.15,0.0,128,6,train
4715,heavy_dissipation_007,heavy_dissipation,7,62,150047,0.35,0.15,0.0,128,6,train
4716,heavy_dissipation_007,heavy_dissipation,7,63,150047,0.35,0.15,0.0,128,6,train
4717,heavy_dissipation_007,heavy_dissipation,7,64,150047,0.35,0.15,0.0,128,6,train
4718,heavy_dissipation_007,heavy_dissipation,7,65,150047,0.35,0.15,0.0,128,6,train
4719,heavy_dissipation_007,heavy_dissipation,7,66,150047,0.35,0.15,0.0,128,6,train
4720,heavy_dissipation_007,heavy_dissipation,7,67,150047,0.35,0.15,0.0,128,6,train
4721,heavy_dissipation_007,heavy_dissipation,7,68,150047,0.35,0.15,0.0,128,6,train
4722,heavy_dissipation_007,heavy_dissipation,7,69,150047,0.35,0.15,0.0,128,6,train
4723,heavy_dissipation_007,heavy_dissipation,7,70,150047,0.35,0.15,0.0,128,6,train
4724,heavy_dissipation_007,heavy_dissipation,7,71,150047,0.35,0.15,0.0,128,6,train
4725,heavy_dissipation_007,heavy_dissipation,7,72,150047,0.35,0.15,0.0,128,6,train
4726,heavy_dissipation_007,heavy_dissipation,7,73,150047,0.35,0.15,0.0,128,6,train
4727,heavy_dissipation_007,heavy_dissipation,7,74,150047,0.35,0.15,0.0,128,6,train
4728,heavy_dissipation_007,heavy_dissipation,7,75,150047,0.35,0.15,0.0,128,6,train
4729,heavy_dissipation_007,heavy_dissipation,7,76,150047,0.35,0.15,0.0,128,6,train
4730,heavy_dissipation_007,heavy_dissipation,7,77,150047,0.35,0.15,0.0,128,6,train
4731,heavy_dissipation_007,heavy_dissipation,7,78,150047,0.35,0.15,0.0,128,6,train
4732,heavy_dissipation_007,heavy_dissipation,7,79,150047,0.35,0.15,0.0,128,6,train
4733,heavy_dissipation_007,heavy_dissipation,7,80,150047,0.35,0.15,0.0,128,6,train
4734,heavy_dissipation_007,heavy_dissipation,7,81,150047,0.35,0.15,0.0,128,6,train
4735,heavy_dissipation_007,heavy_dissipation,7,82,150047,0.35,0.15,0.0,128,6,train
4736,heavy_dissipation_007,heavy_dissipation,7,83,150047,0.35,0.15,0.0,128,6,train
4737,heavy_dissipation_007,heavy_dissipation,7,84,150047,0.35,0.15,0.0,128,6,train
4738,heavy_dissipation_007,heavy_dissipation,7,85,150047,0.35,0.15,0.0,128,6,train
4739,heavy_dissipation_007,heavy_dissipation,7,86,150047,0.35,0.15,0.0,128,6,train
4740,heavy_dissipation_007,heavy_dissipation,7,87,150047,0.35,0.15,0.0,128,6,train
4741,heavy_dissipation_007,heavy_dissipation,7,88,150047,0.35,0.15,0.0,128,6,train
4742,heavy_dissipation_007,heavy_dissipation,7,89,150047,0.35,0.15,0.0,128,6,train
4743,heavy_dissipation_007,heavy_dissipation,7,90,150047,0.35,0.15,0.0,128,6,train
4744,heavy_dissipation_007,heavy_dissipation,7,91,150047,0.35,0.15,0.0,128,6,train
4745,heavy_dissipation_007,heavy_dissipation,7,92,150047,0.35,0.15,0.0,128,6,train
4746,heavy_dissipation_007,heavy_dissipation,7,93,150047,0.35,0.15,0.0,128,6,train
4747,heavy_dissipation_007,heavy_dissipation,7,94,150047,0.35,0.15,0.0,128,6,train
4748,heavy_dissipation_007,heavy_dissipation,7,95,150047,0.35,0.15,0.0,128,6,train
4749,heavy_dissipation_007,heavy_dissipation,7,96,150047,0.35,0.15,0.0,128,6,train
4750,heavy_dissipation_007,heavy_dissipation,7,97,150047,0.35,0.15,0.0,128,6,train
4751,heavy_dissipation_007,heavy_dissipation,7,98,150047,0.35,0.15,0.0,128,6,train
4752,heavy_dissipation_008,heavy_dissipation,8,0,150048,0.35,0.15,0.0,128,6,test
4753,heavy_dissipation_008,heavy_dissipation,8,1,150048,0.35,0.15,0.0,128,6,test
4754,heavy_dissipation_008,heavy_dissipation,8,2,150048,0.35,0.15,0.0,128,6,test
4755,heavy_dissipation_008,heavy_dissipation,8,3,150048,0.35,0.15,0.0,128,6,test
4756,heavy_dissipation_008,heavy_dissipation,8,4,150048,0.35,0.15,0.0,128,6,test
4757,heavy_dissipation_008,heavy_dissipation,8,5,150048,0.35,0.15,0.0,128,6,test
4758,heavy_dissipation_008,heavy_dissipation,8,6,150048,0.35,0.15,0.0,128,6,test
4759,heavy_dissipation_008,heavy_dissipation,8,7,150048,0.35,0.15,0.0,128,6,test
4760,heavy_dissipation_008,heavy_dissipation,8,8,150048,0.35,0.15,0.0,128,6,test
4761,heavy_dissipation_008,heavy_dissipation,8,9,150048,0.35,0.15,0.0,128,6,test
4762,heavy_dissipation_008,heavy_dissipation,8,10,150048,0.35,0.15,0.0,128,6,test
4763,heavy_dissipation_008,heavy_dissipation,8,11,150048,0.35,0.15,0.0,128,6,test
4764,heavy_dissipation_008,heavy_dissipation,8,12,150048,0.35,0.15,0.0,128,6,test
4765,heavy_dissipation_008,heavy_dissipation,8,13,150048,0.35,0.15,0.0,128,6,test
4766,heavy_dissipation_008,heavy_dissipation,8,14,150048,0.35,0.15,0.0,128,6,test
4767,heavy_dissipation_008,heavy_dissipation,8,15,150048,0.35,0.15,0.0,128,6,test
4768,heavy_dissipation_008,heavy_dissipation,8,16,150048,0.35,0.15,0.0,128,6,test
4769,heavy_dissipation_008,heavy_dissipation,8,17,150048,0.35,0.15,0.0,128,6,test
4770,heavy_dissipation_008,heavy_dissipation,8,18,150048,0.35,0.15,0.0,128,6,test
4771,heavy_dissipation_008,heavy_dissipation,8,19,150048,0.35,0.15,0.0,128,6,test
4772,heavy_dissipation_008,heavy_dissipation,8,20,150048,0.35,0.15,0.0,128,6,test
4773,heavy_dissipation_008,heavy_dissipation,8,21,150048,0.35,0.15,0.0,128,6,test
4774,heavy_dissipation_008,heavy_dissipation,8,22,150048,0.35,0.15,0.0,128,6,test
4775,heavy_dissipation_008,heavy_dissipation,8,23,150048,0.35,0.15,0.0,128,6,test
4776,heavy_dissipation_008,heavy_dissipation,8,24,150048,0.35,0.15,0.0,128,6,test
4777,heavy_dissipation_008,heavy_dissipation,8,25,150048,0.35,0.15,0.0,128,6,test
4778,heavy_dissipation_008,heavy_dissipation,8,26,150048,0.35,0.15,0.0,128,6,test
4779,heavy_dissipation_008,heavy_dissipation,8,27,150048,0.35,0.15,0.0,128,6,test
4780,heavy_dissipation_008,heavy_dissipation,8,28,150048,0.35,0.15,0.0,128,6,test
4781,heavy_dissipation_008,heavy_dissipation,8,29,150048,0.35,0.15,0.0,128,6,test
4782,heavy_dissipation_008,heavy_dissipation,8,30,150048,0.35,0.15,0.0,128,6,test
4783,heavy_dissipation_008,heavy_dissipation,8,31,150048,0.35,0.15,0.0,128,6,test
4784,heavy_dissipation_008,heavy_dissipation,8,32,150048,0.35,0.15,0.0,128,6,test
4785,heavy_dissipation_008,heavy_dissipation,8,33,150048,0.35,0.15,0.0,128,6,test
4786,heavy_dissipation_008,heavy_dissipation,8,34,150048,0.35,0.15,0.0,128,6,test
4787,heavy_dissipation_008,heavy_dissipation,8,35,150048,0.35,0.15,0.0,128,6,test
4788,heavy_dissipation_008,heavy_dissipation,8,36,150048,0.35,0.15,0.0,128,6,test
4789,heavy_dissipation_008,heavy_dissipation,8,37,150048,0.35,0.15,0.0,128,6,test
4790,heavy_dissipation_008,heavy_dissipation,8,38,150048,0.35,0.15,0.0,128,6,test
4791,heavy_dissipation_008,heavy_dissipation,8,39,150048,0.35,0.15,0.0,128,6,test
4792,heavy_dissipation_008,heavy_dissipation,8,40,150048,0.35,0.15,0.0,128,6,test
4793,heavy_dissipation_008,heavy_dissipation,8,41,150048,0.35,0.15,0.0,128,6,test
4794,heavy_dissipation_008,heavy_dissipation,8,42,150048,0.35,0.15,0.0,128,6,test
4795,heavy_dissipation_008,heavy_dissipation,8,43,150048,0.35,0.15,0.0,128,6,test
4796,heavy_dissipation_008,heavy_dissipation,8,44,150048,0.35,0.15,0.0,128,6,test
4797,heavy_dissipation_008,heavy_dissipation,8,45,150048,0.35,0.15,0.0,128,6,test
4798,heavy_dissipation_008,heavy_dissipation,8,46,150048,0.35,0.15,0.0,128,6,test
4799,heavy_dissipation_008,heavy_dissipation,8,47,150048,0.35,0.15,0.0,128,6,test
4800,heavy_dissipation_008,heavy_dissipation,8,48,150048,0.35,0.15,0.0,128,6,test
4801,heavy_dissipation_008,heavy_dissipation,8,49,150048,0.35,0.15,0.0,128,6,test
4802,heavy_dissipation_008,heavy_dissipation,8,50,150048,0.35,0.15,0.0,128,6,test
4803,heavy_dissipation_008,heavy_dissipation,8,51,150048,0.35,0.15,0.0,128,6,test
4804,heavy_dissipation_008,heavy_dissipation,8,52,150048,0.35,0.15,0.0,128,6,test
4805,heavy_dissipation_008,heavy_dissipation,8,53,150048,0.35,0.15,0.0,128,6,test
4806,heavy_dissipation_008,heavy_dissipation,8,54,150048,0.35,0.15,0.0,128,6,test
4807,heavy_dissipation_008,heavy_dissipation,8,55,150048,0.35,0.15,0.0,128,6,test
4808,heavy_dissipation_008,heavy_dissipation,8,56,150048,0.35,0.15,0.0,128,6,test
4809,heavy_dissipation_008,heavy_dissipation,8,57,150048,0.35,0.15,0.0,128,6,test
4810,heavy_dissipation_008,heavy_dissipation,8,58,150048,0.35,0.15,0.0,128,6,test
4811,heavy_dissipation_008,heavy_dissipation,8,59,150048,0.35,0.15,0.0,128,6,test
4812,heavy_dissipation_008,heavy_dissipation,8,60,150048,0.35,0.15,0.0,128,6,test
4813,heavy_dissipation_008,heavy_dissipation,8,61,150048,0.35,0.15,0.0,128,6,test
4814,heavy_dissipation_008,heavy_dissipation,8,62,150048,0.35,0.15,0.0,128,6,test
4815,heavy_dissipation_008,heavy_dissipation,8,63,150048,0.35,0.15,0.0,128,6,test
4816,heavy_dissipation_008,heavy_dissipation,8,64,150048,0.35,0.15,0.0,128,6,test
4817,heavy_dissipation_008,heavy_dissipation,8,65,150048,0.35,0.15,0.0,128,6,test
4818,heavy_dissipation_008,heavy_dissipation,8,66,150048,0.35,0.15,0.0,128,6,test
4819,heavy_dissipation_008,heavy_dissipation,8,67,150048,0.35,0.15,0.0,128,6,test
4820,heavy_dissipation_008,heavy_dissipation,8,68,150048,0.35,0.15,0.0,128,6,test
4821,heavy_dissipation_008,heavy_dissipation,8,69,150048,0.35,0.15,0.0,128,6,test
4822,heavy_dissipation_008,heavy_dissipation,8,70,150048,0.35,0.15,0.0,128,6,test
4823,heavy_dissipation_008,heavy_dissipation,8,71,150048,0.35,0.15,0.0,128,6,test
4824,heavy_dissipation_008,heavy_dissipation,8,72,150048,0.35,0.15,0.0,128,6,test
4825,heavy_dissipation_008,heavy_dissipation,8,73,150048,0.35,0.15,0.0,128,6,test
4826,heavy_dissipation_008,heavy_dissipation,8,74,150048,0.35,0.15,0.0,128,6,test
4827,heavy_dissipation_008,heavy_dissipation,8,75,150048,0.35,0.15,0.0,128,6,test
4828,heavy_dissipation_008,heavy_dissipation,8,76,150048,0.35,0.15,0.0,128,6,test
4829,heavy_dissipation_008,heavy_dissipation,8,77,150048,0.35,0.15,0.0,128,6,test
4830,heavy_dissipation_008,heavy_dissipation,8,78,150048,0.35,0.15,0.0,128,6,test
4831,heavy_dissipation_008,heavy_dissipation,8,79,150048,0.35,0.15,0.0,128,6,test
4832,heavy_dissipation_008,heavy_dissipation,8,80,150048,0.35,0.15,0.0,128,6,test
4833,heavy_dissipation_008,heavy_dissipation,8,81,150048,0.35,0.15,0.0,128,6,test
4834,heavy_dissipation_008,heavy_dissipation,8,82,150048,0.35,0.15,0.0,128,6,test
4835,heavy_dissipation_008,heavy_dissipation,8,83,150048,0.35,0.15,0.0,128,6,test
4836,heavy_dissipation_008,heavy_dissipation,8,84,150048,0.35,0.15,0.0,128,6,test
4837,heavy_dissipation_008,heavy_dissipation,8,85,150048,0.35,0.15,0.0,128,6,test
4838,heavy_dissipation_008,heavy_dissipation,8,86,150048,0.35,0.15,0.0,128,6,test
4839,heavy_dissipation_008,heavy_dissipation,8,87,150048,0.35,0.15,0.0,128,6,test
4840,heavy_dissipation_008,heavy_dissipation,8,88,150048,0.35,0.15,0.0,128,6,test
4841,heavy_dissipation_008,heavy_dissipation,8,89,150048,0.35,0.15,0.0,128,6,test
4842,heavy_dissipation_008,heavy_dissipation,8,90,150048,0.35,0.15,0.0,128,6,test
4843,heavy_dissipation_008,heavy_dissipation,8,91,150048,0.35,0.15,0.0,128,6,test
4844,heavy_dissipation_008,heavy_dissipation,8,92,150048,0.35,0.15,0.0,128,6,test
4845,heavy_dissipation_008,heavy_dissipation,8,93,150048,0.35,0.15,0.0,128,6,test
4846,heavy_dissipation_008,heavy_dissipation,8,94,150048,0.35,0.15,0.0,128,6,test
4847,heavy_dissipation_008,heavy_dissipation,8,95,150048,0.35,0.15,0.0,128,6,test
4848,heavy_dissipation_008,heavy_dissipation,8,96,150048,0.35,0.15,0.0,128,6,test
4849,heavy_dissipation_008,heavy_dissipation,8,97,150048,0.35,0.15,0.0,128,6,test
4850,heavy_dissipation_008,heavy_dissipation,8,98,150048,0.35,0.15,0.0,128,6,test
4851,heavy_dissipation_009,heavy_dissipation,9,0,150049,0.35,0.15,0.0,128,6,train
4852,heavy_dissipation_009,heavy_dissipation,9,1,150049,0.35,0.15,0.0,128,6,train
4853,heavy_dissipation_009,heavy_dissipation,9,2,150049,0.35,0.15,0.0,128,6,train
4854,heavy_dissipation_009,heavy_dissipation,9,3,150049,0.35,0.15,0.0,128,6,train
4855,heavy_dissipation_009,heavy_dissipation,9,4,150049,0.35,0.15,0.0,128,6,train
4856,heavy_dissipation_009,heavy_dissipation,9,5,150049,0.35,0.15,0.0,128,6,train
4857,heavy_dissipation_009,heavy_dissipation,9,6,150049,0.35,0.15,0.0,128,6,train
4858,heavy_dissipation_009,heavy_dissipation,9,7,150049,0.35,0.15,0.0,128,6,train
4859,heavy_dissipation_009,heavy_dissipation,9,8,150049,0.35,0.15,0.0,128,6,train
4860,heavy_dissipation_009,heavy_dissipation,9,9,150049,0.35,0.15,0.0,128,6,train
4861,heavy_dissipation_009,heavy_dissipation,9,10,150049,0.35,0.15,0.0,128,6,train
4862,heavy_dissipation_009,heavy_dissipation,9,11,150049,0.35,0.15,0.0,128,6,train
4863,heavy_dissipation_009,heavy_dissipation,9,12,150049,0.35,0.15,0.0,128,6,train
4864,heavy_dissipation_009,heavy_dissipation,9,13,150049,0.35,0.15,0.0,128,6,train
4865,heavy_dissipation_009,heavy_dissipation,9,14,150049,0.35,0.15,0.0,128,6,train
4866,heavy_dissipation_009,heavy_dissipation,9,15,150049,0.35,0.15,0.0,128,6,train
4867,heavy_dissipation_009,heavy_dissipation,9,16,150049,0.35,0.15,0.0,128,6,train
4868,heavy_dissipation_009,heavy_dissipation,9,17,150049,0.35,0.15,0.0,128,6,train
4869,heavy_dissipation_009,heavy_dissipation,9,18,150049,0.35,0.15,0.0,128,6,train
4870,heavy_dissipation_009,heavy_dissipation,9,19,150049,0.35,0.15,0.0,128,6,train
4871,heavy_dissipation_009,heavy_dissipation,9,20,150049,0.35,0.15,0.0,128,6,train
4872,heavy_dissipation_009,heavy_dissipation,9,21,150049,0.35,0.15,0.0,128,6,train
4873,heavy_dissipation_009,heavy_dissipation,9,22,150049,0.35,0.15,0.0,128,6,train
4874,heavy_dissipation_009,heavy_dissipation,9,23,150049,0.35,0.15,0.0,128,6,train
4875,heavy_dissipation_009,heavy_dissipation,9,24,150049,0.35,0.15,0.0,128,6,train
4876,heavy_dissipation_009,heavy_dissipation,9,25,150049,0.35,0.15,0.0,128,6,train
4877,heavy_dissipation_009,heavy_dissipation,9,26,150049,0.35,0.15,0.0,128,6,train
4878,heavy_dissipation_009,heavy_dissipation,9,27,150049,0.35,0.15,0.0,128,6,train
4879,heavy_dissipation_009,heavy_dissipation,9,28,150049,0.35,0.15,0.0,128,6,train
4880,heavy_dissipation_009,heavy_dissipation,9,29,150049,0.35,0.15,0.0,128,6,train
4881,heavy_dissipation_009,heavy_dissipation,9,30,150049,0.35,0.15,0.0,128,6,train
4882,heavy_dissipation_009,heavy_dissipation,9,31,150049,0.35,0.15,0.0,128,6,train
4883,heavy_dissipation_009,heavy_dissipation,9,32,150049,0.35,0.15,0.0,128,6,train
4884,heavy_dissipation_009,heavy_dissipation,9,33,150049,0.35,0.15,0.0,128,6,train
4885,heavy_dissipation_009,heavy_dissipation,9,34,150049,0.35,0.15,0.0,128,6,train
4886,heavy_dissipation_009,heavy_dissipation,9,35,150049,0.35,0.15,0.0,128,6,train
4887,heavy_dissipation_009,heavy_dissipation,9,36,150049,0.35,0.15,0.0,128,6,train
4888,heavy_dissipation_009,heavy_dissipation,9,37,150049,0.35,0.15,0.0,128,6,train
4889,heavy_dissipation_009,heavy_dissipation,9,38,150049,0.35,0.15,0.0,128,6,train
4890,heavy_dissipation_009,heavy_dissipation,9,39,150049,0.35,0.15,0.0,128,6,train
4891,heavy_dissipation_009,heavy_dissipation,9,40,150049,0.35,0.15,0.0,128,6,train
4892,heavy_dissipation_009,heavy_dissipation,9,41,150049,0.35,0.15,0.0,128,6,train
4893,heavy_dissipation_009,heavy_dissipation,9,42,150049,0.35,0.15,0.0,128,6,train
4894,heavy_dissipation_009,heavy_dissipation,9,43,150049,0.35,0.15,0.0,128,6,train
4895,heavy_dissipation_009,heavy_dissipation,9,44,150049,0.35,0.15,0.0,128,6,train
4896,heavy_dissipation_009,heavy_dissipation,9,45,150049,0.35,0.15,0.0,128,6,train
4897,heavy_dissipation_009,heavy_dissipation,9,46,150049,0.35,0.15,0.0,128,6,train
4898,heavy_dissipation_009,heavy_dissipation,9,47,150049,0.35,0.15,0.0,128,6,train
4899,heavy_dissipation_009,heavy_dissipation,9,48,150049,0.35,0.15,0.0,128,6,train
4900,heavy_dissipation_009,heavy_dissipation,9,49,150049,0.35,0.15,0.0,128,6,train
4901,heavy_dissipation_009,heavy_dissipation,9,50,150049,0.35,0.15,0.0,128,6,train
4902,heavy_dissipation_009,heavy_dissipation,9,51,150049,0.35,0.15,0.0,128,6,train
4903,heavy_dissipation_009,heavy_dissipation,9,52,150049,0.35,0.15,0.0,128,6,train
4904,heavy_dissipation_009,heavy_dissipation,9,53,150049,0.35,0.15,0.0,128,6,train
4905,heavy_dissipation_009,heavy_dissipation,9,54,150049,0.35,0.15,0.0,128,6,train
4906,heavy_dissipation_009,heavy_dissipation,9,55,150049,0.35,0.15,0.0,128,6,train
4907,heavy_dissipation_009,heavy_dissipation,9,56,150049,0.35,0.15,0.0,128,6,train
4908,heavy_dissipation_009,heavy_dissipation,9,57,150049,0.35,0.15,0.0,128,6,train
4909,heavy_dissipation_009,heavy_dissipation,9,58,150049,0.35,0.15,0.0,128,6,train
4910,heavy_dissipation_009,heavy_dissipation,9,59,150049,0.35,0.15,0.0,128,6,train
4911,heavy_dissipation_009,heavy_dissipation,9,60,150049,0.35,0.15,0.0,128,6,train
4912,heavy_dissipation_009,heavy_dissipation,9,61,150049,0.35,0.15,0.0,128,6,train
4913,heavy_dissipation_009,heavy_dissipation,9,62,150049,0.35,0.15,0.0,128,6,train
4914,heavy_dissipation_009,heavy_dissipation,9,63,150049,0.35,0.15,0.0,128,6,train
4915,heavy_dissipation_009,heavy_dissipation,9,64,150049,0.35,0.15,0.0,128,6,train
4916,heavy_dissipation_009,heavy_dissipation,9,65,150049,0.35,0.15,0.0,128,6,train
4917,heavy_dissipation_009,heavy_dissipation,9,66,150049,0.35,0.15,0.0,128,6,train
4918,heavy_dissipation_009,heavy_dissipation,9,67,150049,0.35,0.15,0.0,128,6,train
4919,heavy_dissipation_009,heavy_dissipation,9,68,150049,0.35,0.15,0.0,128,6,train
4920,heavy_dissipation_009,heavy_dissipation,9,69,150049,0.35,0.15,0.0,128,6,train
4921,heavy_dissipation_009,heavy_dissipation,9,70,150049,0.35,0.15,0.0,128,6,train
4922,heavy_dissipation_009,heavy_dissipation,9,71,150049,0.35,0.15,0.0,128,6,train
4923,heavy_dissipation_009,heavy_dissipation,9,72,150049,0.35,0.15,0.0,128,6,train
4924,heavy_dissipation_009,heavy_dissipation,9,73,150049,0.35,0.15,0.0,128,6,train
4925,heavy_dissipation_009,heavy_dissipation,9,74,150049,0.35,0.15,0.0,128,6,train
4926,heavy_dissipation_009,heavy_dissipation,9,75,150049,0.35,0.15,0.0,128,6,train
4927,heavy_dissipation_009,heavy_dissipation,9,76,150049,0.35,0.15,0.0,128,6,train
4928,heavy_dissipation_009,heavy_dissipation,9,77,150049,0.35,0.15,0.0,128,6,train
4929,heavy_dissipation_009,heavy_dissipation,9,78,150049,0.35,0.15,0.0,128,6,train
4930,heavy_dissipation_009,heavy_dissipation,9,79,150049,0.35,0.15,0.0,128,6,train
4931,heavy_dissipation_009,heavy_dissipation,9,80,150049,0.35,0.15,0.0,128,6,train
4932,heavy_dissipation_009,heavy_dissipation,9,81,150049,0.35,0.15,0.0,128,6,train
4933,heavy_dissipation_009,heavy_dissipation,9,82,150049,0.35,0.15,0.0,128,6,train
4934,heavy_dissipation_009,heavy_dissipation,9,83,150049,0.35,0.15,0.0,128,6,train
4935,heavy_dissipation_009,heavy_dissipation,9,84,150049,0.35,0.15,0.0,128,6,train
4936,heavy_dissipation_009,heavy_dissipation,9,85,150049,0.35,0.15,0.0,128,6,train
4937,heavy_dissipation_009,heavy_dissipation,9,86,150049,0.35,0.15,0.0,128,6,train
4938,heavy_dissipation_009,heavy_dissipation,9,87,150049,0.35,0.15,0.0,128,6,train
4939,heavy_dissipation_009,heavy_dissipation,9,88,150049,0.35,0.15,0.0,128,6,train
4940,heavy_dissipation_009,heavy_dissipation,9,89,150049,0.35,0.15,0.0,128,6,train
4941,heavy_dissipation_009,heavy_dissipation,9,90,150049,0.35,0.15,0.0,128,6,train
4942,heavy_dissipation_009,heavy_dissipation,9,91,150049,0.35,0.15,0.0,128,6,train
4943,heavy_dissipation_009,heavy_dissipation,9,92,150049,0.35,0.15,0.0,128,6,train
4944,heavy_dissipation_009,heavy_dissipation,9,93,150049,0.35,0.15,0.0,128,6,train
4945,heavy_dissipation_009,heavy_dissipation,9,94,150049,0.35,0.15,0.0,128,6,train
4946,heavy_dissipation_009,heavy_dissipation,9,95,150049,0.35,0.15,0.0,128,6,train
4947,heavy_dissipation_009,heavy_dissipation,9,96,150049,0.35,0.15,0.0,128,6,train
4948,heavy_dissipation_009,heavy_dissipation,9,97,150049,0.35,0.15,0.0,128,6,train
4949,heavy_dissipation_009,heavy_dissipation,9,98,150049,0.35,0.15,0.0,128,6,train
4950,heavy_dissipation_010,heavy_dissipation,10,0,150050,0.35,0.15,0.0,128,6,train
4951,heavy_dissipation_010,heavy_dissipation,10,1,150050,0.35,0.15,0.0,128,6,train
4952,heavy_dissipation_010,heavy_dissipation,10,2,150050,0.35,0.15,0.0,128,6,train
4953,heavy_dissipation_010,heavy_dissipation,10,3,150050,0.35,0.15,0.0,128,6,train
4954,heavy_dissipation_010,heavy_dissipation,10,4,150050,0.35,0.15,0.0,128,6,train
4955,heavy_dissipation_010,heavy_dissipation,10,5,150050,0.35,0.15,0.0,128,6,train
4956,heavy_dissipation_010,heavy_dissipation,10,6,150050,0.35,0.15,0.0,128,6,train
4957,heavy_dissipation_010,heavy_dissipation,10,7,150050,0.35,0.15,0.0,128,6,train
4958,heavy_dissipation_010,heavy_dissipation,10,8,150050,0.35,0.15,0.0,128,6,train
4959,heavy_dissipation_010,heavy_dissipation,10,9,150050,0.35,0.15,0.0,128,6,train
4960,heavy_dissipation_010,heavy_dissipation,10,10,150050,0.35,0.15,0.0,128,6,train
4961,heavy_dissipation_010,heavy_dissipation,10,11,150050,0.35,0.15,0.0,128,6,train
4962,heavy_dissipation_010,heavy_dissipation,10,12,150050,0.35,0.15,0.0,128,6,train
4963,heavy_dissipation_010,heavy_dissipation,10,13,150050,0.35,0.15,0.0,128,6,train
4964,heavy_dissipation_010,heavy_dissipation,10,14,150050,0.35,0.15,0.0,128,6,train
4965,heavy_dissipation_010,heavy_dissipation,10,15,150050,0.35,0.15,0.0,128,6,train
4966,heavy_dissipation_010,heavy_dissipation,10,16,150050,0.35,0.15,0.0,128,6,train
4967,heavy_dissipation_010,heavy_dissipation,10,17,150050,0.35,0.15,0.0,128,6,train
4968,heavy_dissipation_010,heavy_dissipation,10,18,150050,0.35,0.15,0.0,128,6,train
4969,heavy_dissipation_010,heavy_dissipation,10,19,150050,0.35,0.15,0.0,128,6,train
4970,heavy_dissipation_010,heavy_dissipation,10,20,150050,0.35,0.15,0.0,128,6,train
4971,heavy_dissipation_010,heavy_dissipation,10,21,150050,0.35,0.15,0.0,128,6,train
4972,heavy_dissipation_010,heavy_dissipation,10,22,150050,0.35,0.15,0.0,128,6,train
4973,heavy_dissipation_010,heavy_dissipation,10,23,150050,0.35,0.15,0.0,128,6,train
4974,heavy_dissipation_010,heavy_dissipation,10,24,150050,0.35,0.15,0.0,128,6,train
4975,heavy_dissipation_010,heavy_dissipation,10,25,150050,0.35,0.15,0.0,128,6,train
4976,heavy_dissipation_010,heavy_dissipation,10,26,150050,0.35,0.15,0.0,128,6,train
4977,heavy_dissipation_010,heavy_dissipation,10,27,150050,0.35,0.15,0.0,128,6,train
4978,heavy_dissipation_010,heavy_dissipation,10,28,150050,0.35,0.15,0.0,128,6,train
4979,heavy_dissipation_010,heavy_dissipation,10,29,150050,0.35,0.15,0.0,128,6,train
4980,heavy_dissipation_010,heavy_dissipation,10,30,150050,0.35,0.15,0.0,128,6,train
4981,heavy_dissipation_010,heavy_dissipation,10,31,150050,0.35,0.15,0.0,128,6,train
4982,heavy_dissipation_010,heavy_dissipation,10,32,150050,0.35,0.15,0.0,128,6,train
4983,heavy_dissipation_010,heavy_dissipation,10,33,150050,0.35,0.15,0.0,128,6,train
4984,heavy_dissipation_010,heavy_dissipation,10,34,150050,0.35,0.15,0.0,128,6,train
4985,heavy_dissipation_010,heavy_dissipation,10,35,150050,0.35,0.15,0.0,128,6,train
4986,heavy_dissipation_010,heavy_dissipation,10,36,150050,0.35,0.15,0.0,128,6,train
4987,heavy_dissipation_010,heavy_dissipation,10,37,150050,0.35,0.15,0.0,128,6,train
4988,heavy_dissipation_010,heavy_dissipation,10,38,150050,0.35,0.15,0.0,128,6,train
4989,heavy_dissipation_010,heavy_dissipation,10,39,150050,0.35,0.15,0.0,128,6,train
4990,heavy_dissipation_010,heavy_dissipation,10,40,150050,0.35,0.15,0.0,128,6,train
4991,heavy_dissipation_010,heavy_dissipation,10,41,150050,0.35,0.15,0.0,128,6,train
4992,heavy_dissipation_010,heavy_dissipation,10,42,150050,0.35,0.15,0.0,128,6,train
4993,heavy_dissipation_010,heavy_dissipation,10,43,150050,0.35,0.15,0.0,128,6,train
4994,heavy_dissipation_010,heavy_dissipation,10,44,150050,0.35,0.15,0.0,128,6,train
4995,heavy_dissipation_010,heavy_dissipation,10,45,150050,0.35,0.15,0.0,128,6,train
4996,heavy_dissipation_010,heavy_dissipation,10,46,150050,0.35,0.15,0.0,128,6,train
4997,heavy_dissipation_010,heavy_dissipation,10,47,150050,0.35,0.15,0.0,128,6,train
4998,heavy_dissipation_010,heavy_dissipation,10,48,150050,0.35,0.15,0.0,128,6,train
4999,heavy_dissipation_010,heavy_dissipation,10,49,150050,0.35,0.15,0.0,128,6,train
5000,heavy_dissipation_010,heavy_dissipation,10,50,150050,0.35,0.15,0.0,128,6,train
5001,heavy_dissipation_010,heavy_dissipation,10,51,150050,0.35,0.15,0.0,128,6,train
5002,heavy_dissipation_010,heavy_dissipation,10,52,150050,0.35,0.15,0.0,128,6,train
5003,heavy_dissipation_010,heavy_dissipation,10,53,150050,0.35,0.15,0.0,128,6,train
5004,heavy_dissipation_010,heavy_dissipation,10,54,150050,0.35,0.15,0.0,128,6,train
5005,heavy_dissipation_010,heavy_dissipation,10,55,150050,0.35,0.15,0.0,128,6,train
5006,heavy_dissipation_010,heavy_dissipation,10,56,150050,0.35,0.15,0.0,128,6,train
5007,heavy_dissipation_010,heavy_dissipation,10,57,150050,0.35,0.15,0.0,128,6,train
5008,heavy_dissipation_010,heavy_dissipation,10,58,150050,0.35,0.15,0.0,128,6,train
5009,heavy_dissipation_010,heavy_dissipation,10,59,150050,0.35,0.15,0.0,128,6,train
5010,heavy_dissipation_010,heavy_dissipation,10,60,150050,0.35,0.15,0.0,128,6,train
5011,heavy_dissipation_010,heavy_dissipation,10,61,150050,0.35,0.15,0.0,128,6,train
5012,heavy_dissipation_010,heavy_dissipation,10,62,150050,0.35,0.15,0.0,128,6,train
5013,heavy_dissipation_010,heavy_dissipation,10,63,150050,0.35,0.15,0.0,128,6,train
5014,heavy_dissipation_010,heavy_dissipation,10,64,150050,0.35,0.15,0.0,128,6,train
5015,heavy_dissipation_010,heavy_dissipation,10,65,150050,0.35,0.15,0.0,128,6,train
5016,heavy_dissipation_010,heavy_dissipation,10,66,150050,0.35,0.15,0.0,128,6,train
5017,heavy_dissipation_010,heavy_dissipation,10,67,150050,0.35,0.15,0.0,128,6,train
5018,heavy_dissipation_010,heavy_dissipation,10,68,150050,0.35,0.15,0.0,128,6,train
5019,heavy_dissipation_010,heavy_dissipation,10,69,150050,0.35,0.15,0.0,128,6,train
5020,heavy_dissipation_010,heavy_dissipation,10,70,150050,0.35,0.15,0.0,128,6,train
5021,heavy_dissipation_010,heavy_dissipation,10,71,150050,0.35,0.15,0.0,128,6,train
5022,heavy_dissipation_010,heavy_dissipation,10,72,150050,0.35,0.15,0.0,128,6,train
5023,heavy_dissipation_010,heavy_dissipation,10,73,150050,0.35,0.15,0.0,128,6,train
5024,heavy_dissipation_010,heavy_dissipation,10,74,150050,0.35,0.15,0.0,128,6,train
5025,heavy_dissipation_010,heavy_dissipation,10,75,150050,0.35,0.15,0.0,128,6,train
5026,heavy_dissipation_010,heavy_dissipation,10,76,150050,0.35,0.15,0.0,128,6,train
5027,heavy_dissipation_010,heavy_dissipation,10,77,150050,0.35,0.15,0.0,128,6,train
5028,heavy_dissipation_010,heavy_dissipation,10,78,150050,0.35,0.15,0.0,128,6,train
5029,heavy_dissipation_010,heavy_dissipation,10,79,150050,0.35,0.15,0.0,128,6,train
5030,heavy_dissipation_010,heavy_dissipation,10,80,150050,0.35,0.15,0.0,128,6,train
5031,heavy_dissipation_010,heavy_dissipation,10,81,150050,0.35,0.15,0.0,128,6,train
5032,heavy_dissipation_010,heavy_dissipation,10,82,150050,0.35,0.15,0.0,128,6,train
5033,heavy_dissipation_010,heavy_dissipation,10,83,150050,0.35,0.15,0.0,128,6,train
5034,heavy_dissipation_010,heavy_dissipation,10,84,150050,0.35,0.15,0.0,128,6,train
5035,heavy_dissipation_010,heavy_dissipation,10,85,150050,0.35,0.15,0.0,128,6,train
5036,heavy_dissipation_010,heavy_dissipation,10,86,150050,0.35,0.15,0.0,128,6,train
5037,heavy_dissipation_010,heavy_dissipation,10,87,150050,0.35,0.15,0.0,128,6,train
5038,heavy_dissipation_010,heavy_dissipation,10,88,150050,0.35,0.15,0.0,128,6,train
5039,heavy_dissipation_010,heavy_dissipation,10,89,150050,0.35,0.15,0.0,128,6,train
5040,heavy_dissipation_010,heavy_dissipation,10,90,150050,0.35,0.15,0.0,128,6,train
5041,heavy_dissipation_010,heavy_dissipation,10,91,150050,0.35,0.15,0.0,128,6,train
5042,heavy_dissipation_010,heavy_dissipation,10,92,150050,0.35,0.15,0.0,128,6,train
5043,heavy_dissipation_010,heavy_dissipation,10,93,150050,0.35,0.15,0.0,128,6,train
5044,heavy_dissipation_010,heavy_dissipation,10,94,150050,0.35,0.15,0.0,128,6,train
5045,heavy_dissipation_010,heavy_dissipation,10,95,150050,0.35,0.15,0.0,128,6,train
5046,heavy_dissipation_010,heavy_dissipation,10,96,150050,0.35,0.15,0.0,128,6,train
5047,heavy_dissipation_010,heavy_dissipation,10,97,150050,0.35,0.15,0.0,128,6,train
5048,heavy_dissipation_010,heavy_dissipation,10,98,150050,0.35,0.15,0.0,128,6,train
5049,heavy_dissipation_011,heavy_dissipation,11,0,150051,0.35,0.15,0.0,128,6,train
5050,heavy_dissipation_011,heavy_dissipation,11,1,150051,0.35,0.15,0.0,128,6,train
5051,heavy_dissipation_011,heavy_dissipation,11,2,150051,0.35,0.15,0.0,128,6,train
5052,heavy_dissipation_011,heavy_dissipation,11,3,150051,0.35,0.15,0.0,128,6,train
5053,heavy_dissipation_011,heavy_dissipation,11,4,150051,0.35,0.15,0.0,128,6,train
5054,heavy_dissipation_011,heavy_dissipation,11,5,150051,0.35,0.15,0.0,128,6,train
5055,heavy_dissipation_011,heavy_dissipation,11,6,150051,0.35,0.15,0.0,128,6,train
5056,heavy_dissipation_011,heavy_dissipation,11,7,150051,0.35,0.15,0.0,128,6,train
5057,heavy_dissipation_011,heavy_dissipation,11,8,150051,0.35,0.15,0.0,128,6,train
5058,heavy_dissipation_011,heavy_dissipation,11,9,150051,0.35,0.15,0.0,128,6,train
5059,heavy_dissipation_011,heavy_dissipation,11,10,150051,0.35,0.15,0.0,128,6,train
5060,heavy_dissipation_011,heavy_dissipation,11,11,150051,0.35,0.15,0.0,128,6,train
5061,heavy_dissipation_011,heavy_dissipation,11,12,150051,0.35,0.15,0.0,128,6,train
5062,heavy_dissipation_011,heavy_dissipation,11,13,150051,0.35,0.15,0.0,128,6,train
5063,heavy_dissipation_011,heavy_dissipation,11,14,150051,0.35,0.15,0.0,128,6,train
5064,heavy_dissipation_011,heavy_dissipation,11,15,150051,0.35,0.15,0.0,128,6,train
5065,heavy_dissipation_011,heavy_dissipation,11,16,150051,0.35,0.15,0.0,128,6,train
5066,heavy_dissipation_011,heavy_dissipation,11,17,150051,0.35,0.15,0.0,128,6,train
5067,heavy_dissipation_011,heavy_dissipation,11,18,150051,0.35,0.15,0.0,128,6,train
5068,heavy_dissipation_011,heavy_dissipation,11,19,150051,0.35,0.15,0.0,128,6,train
5069,heavy_dissipation_011,heavy_dissipation,11,20,150051,0.35,0.15,0.0,128,6,train
5070,heavy_dissipation_011,heavy_dissipation,11,21,150051,0.35,0.15,0.0,128,6,train
5071,heavy_dissipation_011,heavy_dissipation,11,22,150051,0.35,0.15,0.0,128,6,train
5072,heavy_dissipation_011,heavy_dissipation,11,23,150051,0.35,0.15,0.0,128,6,train
5073,heavy_dissipation_011,heavy_dissipation,11,24,150051,0.35,0.15,0.0,128,6,train
5074,heavy_dissipation_011,heavy_dissipation,11,25,150051,0.35,0.15,0.0,128,6,train
5075,heavy_dissipation_011,heavy_dissipation,11,26,150051,0.35,0.15,0.0,128,6,train
5076,heavy_dissipation_011,heavy_dissipation,11,27,150051,0.35,0.15,0.0,128,6,train
5077,heavy_dissipation_011,heavy_dissipation,11,28,150051,0.35,0.15,0.0,128,6,train
5078,heavy_dissipation_011,heavy_dissipation,11,29,150051,0.35,0.15,0.0,128,6,train
5079,heavy_dissipation_011,heavy_dissipation,11,30,150051,0.35,0.15,0.0,128,6,train
5080,heavy_dissipation_011,heavy_dissipation,11,31,150051,0.35,0.15,0.0,128,6,train
5081,heavy_dissipation_011,heavy_dissipation,11,32,150051,0.35,0.15,0.0,128,6,train
5082,heavy_dissipation_011,heavy_dissipation,11,33,150051,0.35,0.15,0.0,128,6,train
5083,heavy_dissipation_011,heavy_dissipation,11,34,150051,0.35,0.15,0.0,128,6,train
5084,heavy_dissipation_011,heavy_dissipation,11,35,150051,0.35,0.15,0.0,128,6,train
5085,heavy_dissipation_011,heavy_dissipation,11,36,150051,0.35,0.15,0.0,128,6,train
5086,heavy_dissipation_011,heavy_dissipation,11,37,150051,0.35,0.15,0.0,128,6,train
5087,heavy_dissipation_011,heavy_dissipation,11,38,150051,0.35,0.15,0.0,128,6,train
5088,heavy_dissipation_011,heavy_dissipation,11,39,150051,0.35,0.15,0.0,128,6,train
5089,heavy_dissipation_011,heavy_dissipation,11,40,150051,0.35,0.15,0.0,128,6,train
5090,heavy_dissipation_011,heavy_dissipation,11,41,150051,0.35,0.15,0.0,128,6,train
5091,heavy_dissipation_011,heavy_dissipation,11,42,150051,0.35,0.15,0.0,128,6,train
5092,heavy_dissipation_011,heavy_dissipation,11,43,150051,0.35,0.15,0.0,128,6,train
5093,heavy_dissipation_011,heavy_dissipation,11,44,150051,0.35,0.15,0.0,128,6,train
5094,heavy_dissipation_011,heavy_dissipation,11,45,150051,0.35,0.15,0.0,128,6,train
5095,heavy_dissipation_011,heavy_dissipation,11,46,150051,0.35,0.15,0.0,128,6,train
5096,heavy_dissipation_011,heavy_dissipation,11,47,150051,0.35,0.15,0.0,128,6,train
5097,heavy_dissipation_011,heavy_dissipation,11,48,150051,0.35,0.15,0.0,128,6,train
5098,heavy_dissipation_011,heavy_dissipation,11,49,150051,0.35,0.15,0.0,128,6,train
5099,heavy_dissipation_011,heavy_dissipation,11,50,150051,0.35,0.15,0.0,128,6,train
5100,heavy_dissipation_011,heavy_dissipation,11,51,150051,0.35,0.15,0.0,128,6,train
5101,heavy_dissipation_011,heavy_dissipation,11,52,150051,0.35,0.15,0.0,128,6,train
5102,heavy_dissipation_011,heavy_dissipation,11,53,150051,0.35,0.15,0.0,128,6,train
5103,heavy_dissipation_011,heavy_dissipation,11,54,150051,0.35,0.15,0.0,128,6,train
5104,heavy_dissipation_011,heavy_dissipation,11,55,150051,0.35,0.15,0.0,128,6,train
5105,heavy_dissipation_011,heavy_dissipation,11,56,150051,0.35,0.15,0.0,128,6,train
5106,heavy_dissipation_011,heavy_dissipation,11,57,150051,0.35,0.15,0.0,128,6,train
5107,heavy_dissipation_011,heavy_dissipation,11,58,150051,0.35,0.15,0.0,128,6,train
5108,heavy_dissipation_011,heavy_dissipation,11,59,150051,0.35,0.15,0.0,128,6,train
5109,heavy_dissipation_011,heavy_dissipation,11,60,150051,0.35,0.15,0.0,128,6,train
5110,heavy_dissipation_011,heavy_dissipation,11,61,150051,0.35,0.15,0.0,128,6,train
5111,heavy_dissipation_011,heavy_dissipation,11,62,150051,0.35,0.15,0.0,128,6,train
5112,heavy_dissipation_011,heavy_dissipation,11,63,150051,0.35,0.15,0.0,128,6,train
5113,heavy_dissipation_011,heavy_dissipation,11,64,150051,0.35,0.15,0.0,128,6,train
5114,heavy_dissipation_011,heavy_dissipation,11,65,150051,0.35,0.15,0.0,128,6,train
5115,heavy_dissipation_011,heavy_dissipation,11,66,150051,0.35,0.15,0.0,128,6,train
5116,heavy_dissipation_011,heavy_dissipation,11,67,150051,0.35,0.15,0.0,128,6,train
5117,heavy_dissipation_011,heavy_dissipation,11,68,150051,0.35,0.15,0.0,128,6,train
5118,heavy_dissipation_011,heavy_dissipation,11,69,150051,0.35,0.15,0.0,128,6,train
5119,heavy_dissipation_011,heavy_dissipation,11,70,150051,0.35,0.15,0.0,128,6,train
5120,heavy_dissipation_011,heavy_dissipation,11,71,150051,0.35,0.15,0.0,128,6,train
5121,heavy_dissipation_011,heavy_dissipation,11,72,150051,0.35,0.15,0.0,128,6,train
5122,heavy_dissipation_011,heavy_dissipation,11,73,150051,0.35,0.15,0.0,128,6,train
5123,heavy_dissipation_011,heavy_dissipation,11,74,150051,0.35,0.15,0.0,128,6,train
5124,heavy_dissipation_011,heavy_dissipation,11,75,150051,0.35,0.15,0.0,128,6,train
5125,heavy_dissipation_011,heavy_dissipation,11,76,150051,0.35,0.15,0.0,128,6,train
5126,heavy_dissipation_011,heavy_dissipation,11,77,150051,0.35,0.15,0.0,128,6,train
5127,heavy_dissipation_011,heavy_dissipation,11,78,150051,0.35,0.15,0.0,128,6,train
5128,heavy_dissipation_011,heavy_dissipation,11,79,150051,0.35,0.15,0.0,128,6,train
5129,heavy_dissipation_011,heavy_dissipation,11,80,150051,0.35,0.15,0.0,128,6,train
5130,heavy_dissipation_011,heavy_dissipation,11,81,150051,0.35,0.15,0.0,128,6,train
5131,heavy_dissipation_011,heavy_dissipation,11,82,150051,0.35,0.15,0.0,128,6,train
5132,heavy_dissipation_011,heavy_dissipation,11,83,150051,0.35,0.15,0.0,128,6,train
5133,heavy_dissipation_011,heavy_dissipation,11,84,150051,0.35,0.15,0.0,128,6,train
5134,heavy_dissipation_011,heavy_dissipation,11,85,150051,0.35,0.15,0.0,128,6,train
5135,heavy_dissipation_011,heavy_dissipation,11,86,150051,0.35,0.15,0.0,128,6,train
5136,heavy_dissipation_011,heavy_dissipation,11,87,150051,0.35,0.15,0.0,128,6,train
5137,heavy_dissipation_011,heavy_dissipation,11,88,150051,0.35,0.15,0.0,128,6,train
5138,heavy_dissipation_011,heavy_dissipation,11,89,150051,0.35,0.15,0.0,128,6,train
5139,heavy_dissipation_011,heavy_dissipation,11,90,150051,0.35,0.15,0.0,128,6,train
5140,heavy_dissipation_011,heavy_dissipation,11,91,150051,0.35,0.15,0.0,128,6,train
5141,heavy_dissipation_011,heavy_dissipation,11,92,150051,0.35,0.15,0.0,128,6,train
5142,heavy_dissipation_011,heavy_dissipation,11,93,150051,0.35,0.15,0.0,128,6,train
5143,heavy_dissipation_011,heavy_dissipation,11,94,150051,0.35,0.15,0.0,128,6,train
5144,heavy_dissipation_011,heavy_dissipation,11,95,150051,0.35,0.15,0.0,128,6,train
5145,heavy_dissipation_011,heavy_dissipation,11,96,150051,0.35,0.15,0.0,128,6,train
5146,heavy_dissipation_011,heavy_dissipation,11,97,150051,0.35,0.15,0.0,128,6,train
5147,heavy_dissipation_011,heavy_dissipation,11,98,150051,0.35,0.15,0.0,128,6,train
5148,heavy_dissipation_012,heavy_dissipation,12,0,150052,0.35,0.15,0.0,128,6,train
5149,heavy_dissipation_012,heavy_dissipation,12,1,150052,0.35,0.15,0.0,128,6,train
5150,heavy_dissipation_012,heavy_dissipation,12,2,150052,0.35,0.15,0.0,128,6,train
5151,heavy_dissipation_012,heavy_dissipation,12,3,150052,0.35,0.15,0.0,128,6,train
5152,heavy_dissipation_012,heavy_dissipation,12,4,150052,0.35,0.15,0.0,128,6,train
5153,heavy_dissipation_012,heavy_dissipation,12,5,150052,0.35,0.15,0.0,128,6,train
5154,heavy_dissipation_012,heavy_dissipation,12,6,150052,0.35,0.15,0.0,128,6,train
5155,heavy_dissipation_012,heavy_dissipation,12,7,150052,0.35,0.15,0.0,128,6,train
5156,heavy_dissipation_012,heavy_dissipation,12,8,150052,0.35,0.15,0.0,128,6,train
5157,heavy_dissipation_012,heavy_dissipation,12,9,150052,0.35,0.15,0.0,128,6,train
5158,heavy_dissipation_012,heavy_dissipation,12,10,150052,0.35,0.15,0.0,128,6,train
5159,heavy_dissipation_012,heavy_dissipation,12,11,150052,0.35,0.15,0.0,128,6,train
5160,heavy_dissipation_012,heavy_dissipation,12,12,150052,0.35,0.15,0.0,128,6,train
5161,heavy_dissipation_012,heavy_dissipation,12,13,150052,0.35,0.15,0.0,128,6,train
5162,heavy_dissipation_012,heavy_dissipation,12,14,150052,0.35,0.15,0.0,128,6,train
5163,heavy_dissipation_012,heavy_dissipation,12,15,150052,0.35,0.15,0.0,128,6,train
5164,heavy_dissipation_012,heavy_dissipation,12,16,150052,0.35,0.15,0.0,128,6,train
5165,heavy_dissipation_012,heavy_dissipation,12,17,150052,0.35,0.15,0.0,128,6,train
5166,heavy_dissipation_012,heavy_dissipation,12,18,150052,0.35,0.15,0.0,128,6,train
5167,heavy_dissipation_012,heavy_dissipation,12,19,150052,0.35,0.15,0.0,128,6,train
5168,heavy_dissipation_012,heavy_dissipation,12,20,150052,0.35,0.15,0.0,128,6,train
5169,heavy_dissipation_012,heavy_dissipation,12,21,150052,0.35,0.15,0.0,128,6,train
5170,heavy_dissipation_012,heavy_dissipation,12,22,150052,0.35,0.15,0.0,128,6,train
5171,heavy_dissipation_012,heavy_dissipation,12,23,150052,0.35,0.15,0.0,128,6,train
5172,heavy_dissipation_012,heavy_dissipation,12,24,150052,0.35,0.15,0.0,128,6,train
5173,heavy_dissipation_012,heavy_dissipation,12,25,150052,0.35,0.15,0.0,128,6,train
5174,heavy_dissipation_012,heavy_dissipation,12,26,150052,0.35,0.15,0.0,128,6,train
5175,heavy_dissipation_012,heavy_dissipation,12,27,150052,0.35,0.15,0.0,128,6,train
5176,heavy_dissipation_012,heavy_dissipation,12,28,150052,0.35,0.15,0.0,128,6,train
5177,heavy_dissipation_012,heavy_dissipation,12,29,150052,0.35,0.15,0.0,128,6,train
5178,heavy_dissipation_012,heavy_dissipation,12,30,150052,0.35,0.15,0.0,128,6,train
5179,heavy_dissipation_012,heavy_dissipation,12,31,150052,0.35,0.15,0.0,128,6,train
5180,heavy_dissipation_012,heavy_dissipation,12,32,150052,0.35,0.15,0.0,128,6,train
5181,heavy_dissipation_012,heavy_dissipation,12,33,150052,0.35,0.15,0.0,128,6,train
5182,heavy_dissipation_012,heavy_dissipation,12,34,150052,0.35,0.15,0.0,128,6,train
5183,heavy_dissipation_012,heavy_dissipation,12,35,150052,0.35,0.15,0.0,128,6,train
5184,heavy_dissipation_012,heavy_dissipation,12,36,150052,0.35,0.15,0.0,128,6,train
5185,heavy_dissipation_012,heavy_dissipation,12,37,150052,0.35,0.15,0.0,128,6,train
5186,heavy_dissipation_012,heavy_dissipation,12,38,150052,0.35,0.15,0.0,128,6,train
5187,heavy_dissipation_012,heavy_dissipation,12,39,150052,0.35,0.15,0.0,128,6,train
5188,heavy_dissipation_012,heavy_dissipation,12,40,150052,0.35,0.15,0.0,128,6,train
5189,heavy_dissipation_012,heavy_dissipation,12,41,150052,0.35,0.15,0.0,128,6,train
5190,heavy_dissipation_012,heavy_dissipation,12,42,150052,0.35,0.15,0.0,128,6,train
5191,heavy_dissipation_012,heavy_dissipation,12,43,150052,0.35,0.15,0.0,128,6,train
5192,heavy_dissipation_012,heavy_dissipation,12,44,150052,0.35,0.15,0.0,128,6,train
5193,heavy_dissipation_012,heavy_dissipation,12,45,150052,0.35,0.15,0.0,128,6,train
5194,heavy_dissipation_012,heavy_dissipation,12,46,150052,0.35,0.15,0.0,128,6,train
5195,heavy_dissipation_012,heavy_dissipation,12,47,150052,0.35,0.15,0.0,128,6,train
5196,heavy_dissipation_012,heavy_dissipation,12,48,150052,0.35,0.15,0.0,128,6,train
5197,heavy_dissipation_012,heavy_dissipation,12,49,150052,0.35,0.15,0.0,128,6,train
5198,heavy_dissipation_012,heavy_dissipation,12,50,150052,0.35,0.15,0.0,128,6,train
5199,heavy_dissipation_012,heavy_dissipation,12,51,150052,0.35,0.15,0.0,128,6,train
5200,heavy_dissipation_012,heavy_dissipation,12,52,150052,0.35,0.15,0.0,128,6,train
5201,heavy_dissipation_012,heavy_dissipation,12,53,150052,0.35,0.15,0.0,128,6,train
5202,heavy_dissipation_012,heavy_dissipation,12,54,150052,0.35,0.15,0.0,128,6,train
5203,heavy_dissipation_012,heavy_dissipation,12,55,150052,0.35,0.15,0.0,128,6,train
5204,heavy_dissipation_012,heavy_dissipation,12,56,150052,0.35,0.15,0.0,128,6,train
5205,heavy_dissipation_012,heavy_dissipation,12,57,150052,0.35,0.15,0.0,128,6,train
5206,heavy_dissipation_012,heavy_dissipation,12,58,150052,0.35,0.15,0.0,128,6,train
5207,heavy_dissipation_012,heavy_dissipation,12,59,150052,0.35,0.15,0.0,128,6,train
5208,heavy_dissipation_012,heavy_dissipation,12,60,150052,0.35,0.15,0.0,128,6,train
5209,heavy_dissipation_012,heavy_dissipation,12,61,150052,0.35,0.15,0.0,128,6,train
5210,heavy_dissipation_012,heavy_dissipation,12,62,150052,0.35,0.15,0.0,128,6,train
5211,heavy_dissipation_012,heavy_dissipation,12,63,150052,0.35,0.15,0.0,128,6,train
5212,heavy_dissipation_012,heavy_dissipation,12,64,150052,0.35,0.15,0.0,128,6,train
5213,heavy_dissipation_012,heavy_dissipation,12,65,150052,0.35,0.15,0.0,128,6,train
5214,heavy_dissipation_012,heavy_dissipation,12,66,150052,0.35,0.15,0.0,128,6,train
5215,heavy_dissipation_012,heavy_dissipation,12,67,150052,0.35,0.15,0.0,128,6,train
5216,heavy_dissipation_012,heavy_dissipation,12,68,150052,0.35,0.15,0.0,128,6,train
5217,heavy_dissipation_012,heavy_dissipation,12,69,150052,0.35,0.15,0.0,128,6,train
5218,heavy_dissipation_012,heavy_dissipation,12,70,150052,0.35,0.15,0.0,128,6,train
5219,heavy_dissipation_012,heavy_dissipation,12,71,150052,0.35,0.15,0.0,128,6,train
5220,heavy_dissipation_012,heavy_dissipation,12,72,150052,0.35,0.15,0.0,128,6,train
5221,heavy_dissipation_012,heavy_dissipation,12,73,150052,0.35,0.15,0.0,128,6,train
5222,heavy_dissipation_012,heavy_dissipation,12,74,150052,0.35,0.15,0.0,128,6,train
5223,heavy_dissipation_012,heavy_dissipation,12,75,150052,0.35,0.15,0.0,128,6,train
5224,heavy_dissipation_012,heavy_dissipation,12,76,150052,0.35,0.15,0.0,128,6,train
5225,heavy_dissipation_012,heavy_dissipation,12,77,150052,0.35,0.15,0.0,128,6,train
5226,heavy_dissipation_012,heavy_dissipation,12,78,150052,0.35,0.15,0.0,128,6,train
5227,heavy_dissipation_012,heavy_dissipation,12,79,150052,0.35,0.15,0.0,128,6,train
5228,heavy_dissipation_012,heavy_dissipation,12,80,150052,0.35,0.15,0.0,128,6,train
5229,heavy_dissipation_012,heavy_dissipation,12,81,150052,0.35,0.15,0.0,128,6,train
5230,heavy_dissipation_012,heavy_dissipation,12,82,150052,0.35,0.15,0.0,128,6,train
5231,heavy_dissipation_012,heavy_dissipation,12,83,150052,0.35,0.15,0.0,128,6,train
5232,heavy_dissipation_012,heavy_dissipation,12,84,150052,0.35,0.15,0.0,128,6,train
5233,heavy_dissipation_012,heavy_dissipation,12,85,150052,0.35,0.15,0.0,128,6,train
5234,heavy_dissipation_012,heavy_dissipation,12,86,150052,0.35,0.15,0.0,128,6,train
5235,heavy_dissipation_012,heavy_dissipation,12,87,150052,0.35,0.15,0.0,128,6,train
5236,heavy_dissipation_012,heavy_dissipation,12,88,150052,0.35,0.15,0.0,128,6,train
5237,heavy_dissipation_012,heavy_dissipation,12,89,150052,0.35,0.15,0.0,128,6,train
5238,heavy_dissipation_012,heavy_dissipation,12,90,150052,0.35,0.15,0.0,128,6,train
5239,heavy_dissipation_012,heavy_dissipation,12,91,150052,0.35,0.15,0.0,128,6,train
5240,heavy_dissipation_012,heavy_dissipation,12,92,150052,0.35,0.15,0.0,128,6,train
5241,heavy_dissipation_012,heavy_dissipation,12,93,150052,0.35,0.15,0.0,128,6,train
5242,heavy_dissipation_012,heavy_dissipation,12,94,150052,0.35,0.15,0.0,128,6,train
5243,heavy_dissipation_012,heavy_dissipation,12,95,150052,0.35,0.15,0.0,128,6,train
5244,heavy_dissipation_012,heavy_dissipation,12,96,150052,0.35,0.15,0.0,128,6,train
5245,heavy_dissipation_012,heavy_dissipation,12,97,150052,0.35,0.15,0.0,128,6,train
5246,heavy_dissipation_012,heavy_dissipation,12,98,150052,0.35,0.15,0.0,128,6,train
5247,heavy_dissipation_013,heavy_dissipation,13,0,150053,0.35,0.15,0.0,128,6,train
5248,heavy_dissipation_013,heavy_dissipation,13,1,150053,0.35,0.15,0.0,128,6,train
5249,heavy_dissipation_013,heavy_dissipation,13,2,150053,0.35,0.15,0.0,128,6,train
5250,heavy_dissipation_013,heavy_dissipation,13,3,150053,0.35,0.15,0.0,128,6,train
5251,heavy_dissipation_013,heavy_dissipation,13,4,150053,0.35,0.15,0.0,128,6,train
5252,heavy_dissipation_013,heavy_dissipation,13,5,150053,0.35,0.15,0.0,128,6,train
5253,heavy_dissipation_013,heavy_dissipation,13,6,150053,0.35,0.15,0.0,128,6,train
5254,heavy_dissipation_013,heavy_dissipation,13,7,150053,0.35,0.15,0.0,128,6,train
5255,heavy_dissipation_013,heavy_dissipation,13,8,150053,0.35,0.15,0.0,128,6,train
5256,heavy_dissipation_013,heavy_dissipation,13,9,150053,0.35,0.15,0.0,128,6,train
5257,heavy_dissipation_013,heavy_dissipation,13,10,150053,0.35,0.15,0.0,128,6,train
5258,heavy_dissipation_013,heavy_dissipation,13,11,150053,0.35,0.15,0.0,128,6,train
5259,heavy_dissipation_013,heavy_dissipation,13,12,150053,0.35,0.15,0.0,128,6,train
5260,heavy_dissipation_013,heavy_dissipation,13,13,150053,0.35,0.15,0.0,128,6,train
5261,heavy_dissipation_013,heavy_dissipation,13,14,150053,0.35,0.15,0.0,128,6,train
5262,heavy_dissipation_013,heavy_dissipation,13,15,150053,0.35,0.15,0.0,128,6,train
5263,heavy_dissipation_013,heavy_dissipation,13,16,150053,0.35,0.15,0.0,128,6,train
5264,heavy_dissipation_013,heavy_dissipation,13,17,150053,0.35,0.15,0.0,128,6,train
5265,heavy_dissipation_013,heavy_dissipation,13,18,150053,0.35,0.15,0.0,128,6,train
5266,heavy_dissipation_013,heavy_dissipation,13,19,150053,0.35,0.15,0.0,128,6,train
5267,heavy_dissipation_013,heavy_dissipation,13,20,150053,0.35,0.15,0.0,128,6,train
5268,heavy_dissipation_013,heavy_dissipation,13,21,150053,0.35,0.15,0.0,128,6,train
5269,heavy_dissipation_013,heavy_dissipation,13,22,150053,0.35,0.15,0.0,128,6,train
5270,heavy_dissipation_013,heavy_dissipation,13,23,150053,0.35,0.15,0.0,128,6,train
5271,heavy_dissipation_013,heavy_dissipation,13,24,150053,0.35,0.15,0.0,128,6,train
5272,heavy_dissipation_013,heavy_dissipation,13,25,150053,0.35,0.15,0.0,128,6,train
5273,heavy_dissipation_013,heavy_dissipation,13,26,150053,0.35,0.15,0.0,128,6,train
5274,heavy_dissipation_013,heavy_dissipation,13,27,150053,0.35,0.15,0.0,128,6,train
5275,heavy_dissipation_013,heavy_dissipation,13,28,150053,0.35,0.15,0.0,128,6,train
5276,heavy_dissipation_013,heavy_dissipation,13,29,150053,0.35,0.15,0.0,128,6,train
5277,heavy_dissipation_013,heavy_dissipation,13,30,150053,0.35,0.15,0.0,128,6,train
5278,heavy_dissipation_013,heavy_dissipation,13,31,150053,0.35,0.15,0.0,128,6,train
5279,heavy_dissipation_013,heavy_dissipation,13,32,150053,0.35,0.15,0.0,128,6,train
5280,heavy_dissipation_013,heavy_dissipation,13,33,150053,0.35,0.15,0.0,128,6,train
5281,heavy_dissipation_013,heavy_dissipation,13,34,150053,0.35,0.15,0.0,128,6,train
5282,heavy_dissipation_013,heavy_dissipation,13,35,150053,0.35,0.15,0.0,128,6,train
5283,heavy_dissipation_013,heavy_dissipation,13,36,150053,0.35,0.15,0.0,128,6,train
5284,heavy_dissipation_013,heavy_dissipation,13,37,150053,0.35,0.15,0.0,128,6,train
5285,heavy_dissipation_013,heavy_dissipation,13,38,150053,0.35,0.15,0.0,128,6,train
5286,heavy_dissipation_013,heavy_dissipation,13,39,150053,0.35,0.15,0.0,128,6,train
5287,heavy_dissipation_013,heavy_dissipation,13,40,150053,0.35,0.15,0.0,128,6,train
5288,heavy_dissipation_013,heavy_dissipation,13,41,150053,0.35,0.15,0.0,128,6,train
5289,heavy_dissipation_013,heavy_dissipation,13,42,150053,0.35,0.15,0.0,128,6,train
5290,heavy_dissipation_013,heavy_dissipation,13,43,150053,0.35,0.15,0.0,128,6,train
5291,heavy_dissipation_013,heavy_dissipation,13,44,150053,0.35,0.15,0.0,128,6,train
5292,heavy_dissipation_013,heavy_dissipation,13,45,150053,0.35,0.15,0.0,128,6,train
5293,heavy_dissipation_013,heavy_dissipation,13,46,150053,0.35,0.15,0.0,128,6,train
5294,heavy_dissipation_013,heavy_dissipation,13,47,150053,0.35,0.15,0.0,128,6,train
5295,heavy_dissipation_013,heavy_dissipation,13,48,150053,0.35,0.15,0.0,128,6,train
5296,heavy_dissipation_013,heavy_dissipation,13,49,150053,0.35,0.15,0.0,128,6,train
5297,heavy_dissipation_013,heavy_dissipation,13,50,150053,0.35,0.15,0.0,128,6,train
5298,heavy_dissipation_013,heavy_dissipation,13,51,150053,0.35,0.15,0.0,128,6,train
5299,heavy_dissipation_013,heavy_dissipation,13,52,150053,0.35,0.15,0.0,128,6,train
5300,heavy_dissipation_013,heavy_dissipation,13,53,150053,0.35,0.15,0.0,128,6,train
5301,heavy_dissipation_013,heavy_dissipation,13,54,150053,0.35,0.15,0.0,128,6,train
5302,heavy_dissipation_013,heavy_dissipation,13,55,150053,0.35,0.15,0.0,128,6,train
5303,heavy_dissipation_013,heavy_dissipation,13,56,150053,0.35,0.15,0.0,128,6,train
5304,heavy_dissipation_013,heavy_dissipation,13,57,150053,0.35,0.15,0.0,128,6,train
5305,heavy_dissipation_013,heavy_dissipation,13,58,150053,0.35,0.15,0.0,128,6,train
5306,heavy_dissipation_013,heavy_dissipation,13,59,150053,0.35,0.15,0.0,128,6,train
5307,heavy_dissipation_013,heavy_dissipation,13,60,150053,0.35,0.15,0.0,128,6,train
5308,heavy_dissipation_013,heavy_dissipation,13,61,150053,0.35,0.15,0.0,128,6,train
5309,heavy_dissipation_013,heavy_dissipation,13,62,150053,0.35,0.15,0.0,128,6,train
5310,heavy_dissipation_013,heavy_dissipation,13,63,150053,0.35,0.15,0.0,128,6,train
5311,heavy_dissipation_013,heavy_dissipation,13,64,150053,0.35,0.15,0.0,128,6,train
5312,heavy_dissipation_013,heavy_dissipation,13,65,150053,0.35,0.15,0.0,128,6,train
5313,heavy_dissipation_013,heavy_dissipation,13,66,150053,0.35,0.15,0.0,128,6,train
5314,heavy_dissipation_013,heavy_dissipation,13,67,150053,0.35,0.15,0.0,128,6,train
5315,heavy_dissipation_013,heavy_dissipation,13,68,150053,0.35,0.15,0.0,128,6,train
5316,heavy_dissipation_013,heavy_dissipation,13,69,150053,0.35,0.15,0.0,128,6,train
5317,heavy_dissipation_013,heavy_dissipation,13,70,150053,0.35,0.15,0.0,128,6,train
5318,heavy_dissipation_013,heavy_dissipation,13,71,150053,0.35,0.15,0.0,128,6,train
5319,heavy_dissipation_013,heavy_dissipation,13,72,150053,0.35,0.15,0.0,128,6,train
5320,heavy_dissipation_013,heavy_dissipation,13,73,150053,0.35,0.15,0.0,128,6,train
5321,heavy_dissipation_013,heavy_dissipation,13,74,150053,0.35,0.15,0.0,128,6,train
5322,heavy_dissipation_013,heavy_dissipation,13,75,150053,0.35,0.15,0.0,128,6,train
5323,heavy_dissipation_013,heavy_dissipation,13,76,150053,0.35,0.15,0.0,128,6,train
5324,heavy_dissipation_013,heavy_dissipation,13,77,150053,0.35,0.15,0.0,128,6,train
5325,heavy_dissipation_013,heavy_dissipation,13,78,150053,0.35,0.15,0.0,128,6,train
5326,heavy_dissipation_013,heavy_dissipation,13,79,150053,0.35,0.15,0.0,128,6,train
5327,heavy_dissipation_013,heavy_dissipation,13,80,150053,0.35,0.15,0.0,128,6,train
5328,heavy_dissipation_013,heavy_dissipation,13,81,150053,0.35,0.15,0.0,128,6,train
5329,heavy_dissipation_013,heavy_dissipation,13,82,150053,0.35,0.15,0.0,128,6,train
5330,heavy_dissipation_013,heavy_dissipation,13,83,150053,0.35,0.15,0.0,128,6,train
5331,heavy_dissipation_013,heavy_dissipation,13,84,150053,0.35,0.15,0.0,128,6,train
5332,heavy_dissipation_013,heavy_dissipation,13,85,150053,0.35,0.15,0.0,128,6,train
5333,heavy_dissipation_013,heavy_dissipation,13,86,150053,0.35,0.15,0.0,128,6,train
5334,heavy_dissipation_013,heavy_dissipation,13,87,150053,0.35,0.15,0.0,128,6,train
5335,heavy_dissipation_013,heavy_dissipation,13,88,150053,0.35,0.15,0.0,128,6,train
5336,heavy_dissipation_013,heavy_dissipation,13,89,150053,0.35,0.15,0.0,128,6,train
5337,heavy_dissipation_013,heavy_dissipation,13,90,150053,0.35,0.15,0.0,128,6,train
5338,heavy_dissipation_013,heavy_dissipation,13,91,150053,0.35,0.15,0.0,128,6,train
5339,heavy_dissipation_013,heavy_dissipation,13,92,150053,0.35,0.15,0.0,128,6,train
5340,heavy_dissipation_013,heavy_dissipation,13,93,150053,0.35,0.15,0.0,128,6,train
5341,heavy_dissipation_013,heavy_dissipation,13,94,150053,0.35,0.15,0.0,128,6,train
5342,heavy_dissipation_013,heavy_dissipation,13,95,150053,0.35,0.15,0.0,128,6,train
5343,heavy_dissipation_013,heavy_dissipation,13,96,150053,0.35,0.15,0.0,128,6,train
5344,heavy_dissipation_013,heavy_dissipation,13,97,150053,0.35,0.15,0.0,128,6,train
5345,heavy_dissipation_013,heavy_dissipation,13,98,150053,0.35,0.15,0.0,128,6,train
5346,heavy_dissipation_014,heavy_dissipation,14,0,150054,0.35,0.15,0.0,128,6,train
5347,heavy_dissipation_014,heavy_dissipation,14,1,150054,0.35,0.15,0.0,128,6,train
5348,heavy_dissipation_014,heavy_dissipation,14,2,150054,0.35,0.15,0.0,128,6,train
5349,heavy_dissipation_014,heavy_dissipation,14,3,150054,0.35,0.15,0.0,128,6,train
5350,heavy_dissipation_014,heavy_dissipation,14,4,150054,0.35,0.15,0.0,128,6,train
5351,heavy_dissipation_014,heavy_dissipation,14,5,150054,0.35,0.15,0.0,128,6,train
5352,heavy_dissipation_014,heavy_dissipation,14,6,150054,0.35,0.15,0.0,128,6,train
5353,heavy_dissipation_014,heavy_dissipation,14,7,150054,0.35,0.15,0.0,128,6,train
5354,heavy_dissipation_014,heavy_dissipation,14,8,150054,0.35,0.15,0.0,128,6,train
5355,heavy_dissipation_014,heavy_dissipation,14,9,150054,0.35,0.15,0.0,128,6,train
5356,heavy_dissipation_014,heavy_dissipation,14,10,150054,0.35,0.15,0.0,128,6,train
5357,heavy_dissipation_014,heavy_dissipation,14,11,150054,0.35,0.15,0.0,128,6,train
5358,heavy_dissipation_014,heavy_dissipation,14,12,150054,0.35,0.15,0.0,128,6,train
5359,heavy_dissipation_014,heavy_dissipation,14,13,150054,0.35,0.15,0.0,128,6,train
5360,heavy_dissipation_014,heavy_dissipation,14,14,150054,0.35,0.15,0.0,128,6,train
5361,heavy_dissipation_014,heavy_dissipation,14,15,150054,0.35,0.15,0.0,128,6,train
5362,heavy_dissipation_014,heavy_dissipation,14,16,150054,0.35,0.15,0.0,128,6,train
5363,heavy_dissipation_014,heavy_dissipation,14,17,150054,0.35,0.15,0.0,128,6,train
5364,heavy_dissipation_014,heavy_dissipation,14,18,150054,0.35,0.15,0.0,128,6,train
5365,heavy_dissipation_014,heavy_dissipation,14,19,150054,0.35,0.15,0.0,128,6,train
5366,heavy_dissipation_014,heavy_dissipation,14,20,150054,0.35,0.15,0.0,128,6,train
5367,heavy_dissipation_014,heavy_dissipation,14,21,150054,0.35,0.15,0.0,128,6,train
5368,heavy_dissipation_014,heavy_dissipation,14,22,150054,0.35,0.15,0.0,128,6,train
5369,heavy_dissipation_014,heavy_dissipation,14,23,150054,0.35,0.15,0.0,128,6,train
5370,heavy_dissipation_014,heavy_dissipation,14,24,150054,0.35,0.15,0.0,128,6,train
5371,heavy_dissipation_014,heavy_dissipation,14,25,150054,0.35,0.15,0.0,128,6,train
5372,heavy_dissipation_014,heavy_dissipation,14,26,150054,0.35,0.15,0.0,128,6,train
5373,heavy_dissipation_014,heavy_dissipation,14,27,150054,0.35,0.15,0.0,128,6,train
5374,heavy_dissipation_014,heavy_dissipation,14,28,150054,0.35,0.15,0.0,128,6,train
5375,heavy_dissipation_014,heavy_dissipation,14,29,150054,0.35,0.15,0.0,128,6,train
5376,heavy_dissipation_014,heavy_dissipation,14,30,150054,0.35,0.15,0.0,128,6,train
5377,heavy_dissipation_014,heavy_dissipation,14,31,150054,0.35,0.15,0.0,128,6,train
5378,heavy_dissipation_014,heavy_dissipation,14,32,150054,0.35,0.15,0.0,128,6,train
5379,heavy_dissipation_014,heavy_dissipation,14,33,150054,0.35,0.15,0.0,128,6,train
5380,heavy_dissipation_014,heavy_dissipation,14,34,150054,0.35,0.15,0.0,128,6,train
5381,heavy_dissipation_014,heavy_dissipation,14,35,150054,0.35,0.15,0.0,128,6,train
5382,heavy_dissipation_014,heavy_dissipation,14,36,150054,0.35,0.15,0.0,128,6,train
5383,heavy_dissipation_014,heavy_dissipation,14,37,150054,0.35,0.15,0.0,128,6,train
5384,heavy_dissipation_014,heavy_dissipation,14,38,150054,0.35,0.15,0.0,128,6,train
5385,heavy_dissipation_014,heavy_dissipation,14,39,150054,0.35,0.15,0.0,128,6,train
5386,heavy_dissipation_014,heavy_dissipation,14,40,150054,0.35,0.15,0.0,128,6,train
5387,heavy_dissipation_014,heavy_dissipation,14,41,150054,0.35,0.15,0.0,128,6,train
5388,heavy_dissipation_014,heavy_dissipation,14,42,150054,0.35,0.15,0.0,128,6,train
5389,heavy_dissipation_014,heavy_dissipation,14,43,150054,0.35,0.15,0.0,128,6,train
5390,heavy_dissipation_014,heavy_dissipation,14,44,150054,0.35,0.15,0.0,128,6,train
5391,heavy_dissipation_014,heavy_dissipation,14,45,150054,0.35,0.15,0.0,128,6,train
5392,heavy_dissipation_014,heavy_dissipation,14,46,150054,0.35,0.15,0.0,128,6,train
5393,heavy_dissipation_014,heavy_dissipation,14,47,150054,0.35,0.15,0.0,128,6,train
5394,heavy_dissipation_014,heavy_dissipation,14,48,150054,0.35,0.15,0.0,128,6,train
5395,heavy_dissipation_014,heavy_dissipation,14,49,150054,0.35,0.15,0.0,128,6,train
5396,heavy_dissipation_014,heavy_dissipation,14,50,150054,0.35,0.15,0.0,128,6,train
5397,heavy_dissipation_014,heavy_dissipation,14,51,150054,0.35,0.15,0.0,128,6,train
5398,heavy_dissipation_014,heavy_dissipation,14,52,150054,0.35,0.15,0.0,128,6,train
5399,heavy_dissipation_014,heavy_dissipation,14,53,150054,0.35,0.15,0.0,128,6,train
5400,heavy_dissipation_014,heavy_dissipation,14,54,150054,0.35,0.15,0.0,128,6,train
5401,heavy_dissipation_014,heavy_dissipation,14,55,150054,0.35,0.15,0.0,128,6,train
5402,heavy_dissipation_014,heavy_dissipation,14,56,150054,0.35,0.15,0.0,128,6,train
5403,heavy_dissipation_014,heavy_dissipation,14,57,150054,0.35,0.15,0.0,128,6,train
5404,heavy_dissipation_014,heavy_dissipation,14,58,150054,0.35,0.15,0.0,128,6,train
5405,heavy_dissipation_014,heavy_dissipation,14,59,150054,0.35,0.15,0.0,128,6,train
5406,heavy_dissipation_014,heavy_dissipation,14,60,150054,0.35,0.15,0.0,128,6,train
5407,heavy_dissipation_014,heavy_dissipation,14,61,150054,0.35,0.15,0.0,128,6,train
5408,heavy_dissipation_014,heavy_dissipation,14,62,150054,0.35,0.15,0.0,128,6,train
5409,heavy_dissipation_014,heavy_dissipation,14,63,150054,0.35,0.15,0.0,128,6,train
5410,heavy_dissipation_014,heavy_dissipation,14,64,150054,0.35,0.15,0.0,128,6,train
5411,heavy_dissipation_014,heavy_dissipation,14,65,150054,0.35,0.15,0.0,128,6,train
5412,heavy_dissipation_014,heavy_dissipation,14,66,150054,0.35,0.15,0.0,128,6,train
5413,heavy_dissipation_014,heavy_dissipation,14,67,150054,0.35,0.15,0.0,128,6,train
5414,heavy_dissipation_014,heavy_dissipation,14,68,150054,0.35,0.15,0.0,128,6,train
5415,heavy_dissipation_014,heavy_dissipation,14,69,150054,0.35,0.15,0.0,128,6,train
5416,heavy_dissipation_014,heavy_dissipation,14,70,150054,0.35,0.15,0.0,128,6,train
5417,heavy_dissipation_014,heavy_dissipation,14,71,150054,0.35,0.15,0.0,128,6,train
5418,heavy_dissipation_014,heavy_dissipation,14,72,150054,0.35,0.15,0.0,128,6,train
5419,heavy_dissipation_014,heavy_dissipation,14,73,150054,0.35,0.15,0.0,128,6,train
5420,heavy_dissipation_014,heavy_dissipation,14,74,150054,0.35,0.15,0.0,128,6,train
5421,heavy_dissipation_014,heavy_dissipation,14,75,150054,0.35,0.15,0.0,128,6,train
5422,heavy_dissipation_014,heavy_dissipation,14,76,150054,0.35,0.15,0.0,128,6,train
5423,heavy_dissipation_014,heavy_dissipation,14,77,150054,0.35,0.15,0.0,128,6,train
5424,heavy_dissipation_014,heavy_dissipation,14,78,150054,0.35,0.15,0.0,128,6,train
5425,heavy_dissipation_014,heavy_dissipation,14,79,150054,0.35,0.15,0.0,128,6,train
5426,heavy_dissipation_014,heavy_dissipation,14,80,150054,0.35,0.15,0.0,128,6,train
5427,heavy_dissipation_014,heavy_dissipation,14,81,150054,0.35,0.15,0.0,128,6,train
5428,heavy_dissipation_014,heavy_dissipation,14,82,150054,0.35,0.15,0.0,128,6,train
5429,heavy_dissipation_014,heavy_dissipation,14,83,150054,0.35,0.15,0.0,128,6,train
5430,heavy_dissipation_014,heavy_dissipation,14,84,150054,0.35,0.15,0.0,128,6,train
5431,heavy_dissipation_014,heavy_dissipation,14,85,150054,0.35,0.15,0.0,128,6,train
5432,heavy_dissipation_014,heavy_dissipation,14,86,150054,0.35,0.15,0.0,128,6,train
5433,heavy_dissipation_014,heavy_dissipation,14,87,150054,0.35,0.15,0.0,128,6,train
5434,heavy_dissipation_014,heavy_dissipation,14,88,150054,0.35,0.15,0.0,128,6,train
5435,heavy_dissipation_014,heavy_dissipation,14,89,150054,0.35,0.15,0.0,128,6,train
5436,heavy_dissipation_014,heavy_dissipation,14,90,150054,0.35,0.15,0.0,128,6,train
5437,heavy_dissipation_014,heavy_dissipation,14,91,150054,0.35,0.15,0.0,128,6,train
5438,heavy_dissipation_014,heavy_dissipation,14,92,150054,0.35,0.15,0.0,128,6,train
5439,heavy_dissipation_014,heavy_dissipation,14,93,150054,0.35,0.15,0.0,128,6,train
5440,heavy_dissipation_014,heavy_dissipation,14,94,150054,0.35,0.15,0.0,128,6,train
5441,heavy_dissipation_014,heavy_dissipation,14,95,150054,0.35,0.15,0.0,128,6,train
5442,heavy_dissipation_014,heavy_dissipation,14,96,150054,0.35,0.15,0.0,128,6,train
5443,heavy_dissipation_014,heavy_dissipation,14,97,150054,0.35,0.15,0.0,128,6,train
5444,heavy_dissipation_014,heavy_dissipation,14,98,150054,0.35,0.15,0.0,128,6,train
5445,heavy_dissipation_015,heavy_dissipation,15,0,150055,0.35,0.15,0.0,128,6,test
5446,heavy_dissipation_015,heavy_dissipation,15,1,150055,0.35,0.15,0.0,128,6,test
5447,heavy_dissipation_015,heavy_dissipation,15,2,150055,0.35,0.15,0.0,128,6,test
5448,heavy_dissipation_015,heavy_dissipation,15,3,150055,0.35,0.15,0.0,128,6,test
5449,heavy_dissipation_015,heavy_dissipation,15,4,150055,0.35,0.15,0.0,128,6,test
5450,heavy_dissipation_015,heavy_dissipation,15,5,150055,0.35,0.15,0.0,128,6,test
5451,heavy_dissipation_015,heavy_dissipation,15,6,150055,0.35,0.15,0.0,128,6,test
5452,heavy_dissipation_015,heavy_dissipation,15,7,150055,0.35,0.15,0.0,128,6,test
5453,heavy_dissipation_015,heavy_dissipation,15,8,150055,0.35,0.15,0.0,128,6,test
5454,heavy_dissipation_015,heavy_dissipation,15,9,150055,0.35,0.15,0.0,128,6,test
5455,heavy_dissipation_015,heavy_dissipation,15,10,150055,0.35,0.15,0.0,128,6,test
5456,heavy_dissipation_015,heavy_dissipation,15,11,150055,0.35,0.15,0.0,128,6,test
5457,heavy_dissipation_015,heavy_dissipation,15,12,150055,0.35,0.15,0.0,128,6,test
5458,heavy_dissipation_015,heavy_dissipation,15,13,150055,0.35,0.15,0.0,128,6,test
5459,heavy_dissipation_015,heavy_dissipation,15,14,150055,0.35,0.15,0.0,128,6,test
5460,heavy_dissipation_015,heavy_dissipation,15,15,150055,0.35,0.15,0.0,128,6,test
5461,heavy_dissipation_015,heavy_dissipation,15,16,150055,0.35,0.15,0.0,128,6,test
5462,heavy_dissipation_015,heavy_dissipation,15,17,150055,0.35,0.15,0.0,128,6,test
5463,heavy_dissipation_015,heavy_dissipation,15,18,150055,0.35,0.15,0.0,128,6,test
5464,heavy_dissipation_015,heavy_dissipation,15,19,150055,0.35,0.15,0.0,128,6,test
5465,heavy_dissipation_015,heavy_dissipation,15,20,150055,0.35,0.15,0.0,128,6,test
5466,heavy_dissipation_015,heavy_dissipation,15,21,150055,0.35,0.15,0.0,128,6,test
5467,heavy_dissipation_015,heavy_dissipation,15,22,150055,0.35,0.15,0.0,128,6,test
5468,heavy_dissipation_015,heavy_dissipation,15,23,150055,0.35,0.15,0.0,128,6,test
5469,heavy_dissipation_015,heavy_dissipation,15,24,150055,0.35,0.15,0.0,128,6,test
5470,heavy_dissipation_015,heavy_dissipation,15,25,150055,0.35,0.15,0.0,128,6,test
5471,heavy_dissipation_015,heavy_dissipation,15,26,150055,0.35,0.15,0.0,128,6,test
5472,heavy_dissipation_015,heavy_dissipation,15,27,150055,0.35,0.15,0.0,128,6,test
5473,heavy_dissipation_015,heavy_dissipation,15,28,150055,0.35,0.15,0.0,128,6,test
5474,heavy_dissipation_015,heavy_dissipation,15,29,150055,0.35,0.15,0.0,128,6,test
5475,heavy_dissipation_015,heavy_dissipation,15,30,150055,0.35,0.15,0.0,128,6,test
5476,heavy_dissipation_015,heavy_dissipation,15,31,150055,0.35,0.15,0.0,128,6,test
5477,heavy_dissipation_015,heavy_dissipation,15,32,150055,0.35,0.15,0.0,128,6,test
5478,heavy_dissipation_015,heavy_dissipation,15,33,150055,0.35,0.15,0.0,128,6,test
5479,heavy_dissipation_015,heavy_dissipation,15,34,150055,0.35,0.15,0.0,128,6,test
5480,heavy_dissipation_015,heavy_dissipation,15,35,150055,0.35,0.15,0.0,128,6,test
5481,heavy_dissipation_015,heavy_dissipation,15,36,150055,0.35,0.15,0.0,128,6,test
5482,heavy_dissipation_015,heavy_dissipation,15,37,150055,0.35,0.15,0.0,128,6,test
5483,heavy_dissipation_015,heavy_dissipation,15,38,150055,0.35,0.15,0.0,128,6,test
5484,heavy_dissipation_015,heavy_dissipation,15,39,150055,0.35,0.15,0.0,128,6,test
5485,heavy_dissipation_015,heavy_dissipation,15,40,150055,0.35,0.15,0.0,128,6,test
5486,heavy_dissipation_015,heavy_dissipation,15,41,150055,0.35,0.15,0.0,128,6,test
5487,heavy_dissipation_015,heavy_dissipation,15,42,150055,0.35,0.15,0.0,128,6,test
5488,heavy_dissipation_015,heavy_dissipation,15,43,150055,0.35,0.15,0.0,128,6,test
5489,heavy_dissipation_015,heavy_dissipation,15,44,150055,0.35,0.15,0.0,128,6,test
5490,heavy_dissipation_015,heavy_dissipation,15,45,150055,0.35,0.15,0.0,128,6,test
5491,heavy_dissipation_015,heavy_dissipation,15,46,150055,0.35,0.15,0.0,128,6,test
5492,heavy_dissipation_015,heavy_dissipation,15,47,150055,0.35,0.15,0.0,128,6,test
5493,heavy_dissipation_015,heavy_dissipation,15,48,150055,0.35,0.15,0.0,128,6,test
5494,heavy_dissipation_015,heavy_dissipation,15,49,150055,0.35,0.15,0.0,128,6,test
5495,heavy_dissipation_015,heavy_dissipation,15,50,150055,0.35,0.15,0.0,128,6,test
5496,heavy_dissipation_015,heavy_dissipation,15,51,150055,0.35,0.15,0.0,128,6,test
5497,heavy_dissipation_015,heavy_dissipation,15,52,150055,0.35,0.15,0.0,128,6,test
5498,heavy_dissipation_015,heavy_dissipation,15,53,150055,0.35,0.15,0.0,128,6,test
5499,heavy_dissipation_015,heavy_dissipation,15,54,150055,0.35,0.15,0.0,128,6,test
5500,heavy_dissipation_015,heavy_dissipation,15,55,150055,0.35,0.15,0.0,128,6,test
5501,heavy_dissipation_015,heavy_dissipation,15,56,150055,0.35,0.15,0.0,128,6,test
5502,heavy_dissipation_015,heavy_dissipation,15,57,150055,0.35,0.15,0.0,128,6,test
5503,heavy_dissipation_015,heavy_dissipation,15,58,150055,0.35,0.15,0.0,128,6,test
5504,heavy_dissipation_015,heavy_dissipation,15,59,150055,0.35,0.15,0.0,128,6,test
5505,heavy_dissipation_015,heavy_dissipation,15,60,150055,0.35,0.15,0.0,128,6,test
5506,heavy_dissipation_015,heavy_dissipation,15,61,150055,0.35,0.15,0.0,128,6,test
5507,heavy_dissipation_015,heavy_dissipation,15,62,150055,0.35,0.15,0.0,128,6,test
5508,heavy_dissipation_015,heavy_dissipation,15,63,150055,0.35,0.15,0.0,128,6,test
5509,heavy_dissipation_015,heavy_dissipation,15,64,150055,0.35,0.15,0.0,128,6,test
5510,heavy_dissipation_015,heavy_dissipation,15,65,150055,0.35,0.15,0.0,128,6,test
5511,heavy_dissipation_015,heavy_dissipation,15,66,150055,0.35,0.15,0.0,128,6,test
5512,heavy_dissipation_015,heavy_dissipation,15,67,150055,0.35,0.15,0.0,128,6,test
5513,heavy_dissipation_015,heavy_dissipation,15,68,150055,0.35,0.15,0.0,128,6,test
5514,heavy_dissipation_015,heavy_dissipation,15,69,150055,0.35,0.15,0.0,128,6,test
5515,heavy_dissipation_015,heavy_dissipation,15,70,150055,0.35,0.15,0.0,128,6,test
5516,heavy_dissipation_015,heavy_dissipation,15,71,150055,0.35,0.15,0.0,128,6,test
5517,heavy_dissipation_015,heavy_dissipation,15,72,150055,0.35,0.15,0.0,128,6,test
5518,heavy_dissipation_015,heavy_dissipation,15,73,150055,0.35,0.15,0.0,128,6,test
5519,heavy_dissipation_015,heavy_dissipation,15,74,150055,0.35,0.15,0.0,128,6,test
5520,heavy_dissipation_015,heavy_dissipation,15,75,150055,0.35,0.15,0.0,128,6,test
5521,heavy_dissipation_015,heavy_dissipation,15,76,150055,0.35,0.15,0.0,128,6,test
5522,heavy_dissipation_015,heavy_dissipation,15,77,150055,0.35,0.15,0.0,128,6,test
5523,heavy_dissipation_015,heavy_dissipation,15,78,150055,0.35,0.15,0.0,128,6,test
5524,heavy_dissipation_015,heavy_dissipation,15,79,150055,0.35,0.15,0.0,128,6,test
5525,heavy_dissipation_015,heavy_dissipation,15,80,150055,0.35,0.15,0.0,128,6,test
5526,heavy_dissipation_015,heavy_dissipation,15,81,150055,0.35,0.15,0.0,128,6,test
5527,heavy_dissipation_015,heavy_dissipation,15,82,150055,0.35,0.15,0.0,128,6,test
5528,heavy_dissipation_015,heavy_dissipation,15,83,150055,0.35,0.15,0.0,128,6,test
5529,heavy_dissipation_015,heavy_dissipation,15,84,150055,0.35,0.15,0.0,128,6,test
5530,heavy_dissipation_015,heavy_dissipation,15,85,150055,0.35,0.15,0.0,128,6,test
5531,heavy_dissipation_015,heavy_dissipation,15,86,150055,0.35,0.15,0.0,128,6,test
5532,heavy_dissipation_015,heavy_dissipation,15,87,150055,0.35,0.15,0.0,128,6,test
5533,heavy_dissipation_015,heavy_dissipation,15,88,150055,0.35,0.15,0.0,128,6,test
5534,heavy_dissipation_015,heavy_dissipation,15,89,150055,0.35,0.15,0.0,128,6,test
5535,heavy_dissipation_015,heavy_dissipation,15,90,150055,0.35,0.15,0.0,128,6,test
5536,heavy_dissipation_015,heavy_dissipation,15,91,150055,0.35,0.15,0.0,128,6,test
5537,heavy_dissipation_015,heavy_dissipation,15,92,150055,0.35,0.15,0.0,128,6,test
5538,heavy_dissipation_015,heavy_dissipation,15,93,150055,0.35,0.15,0.0,128,6,test
5539,heavy_dissipation_015,heavy_dissipation,15,94,150055,0.35,0.15,0.0,128,6,test
5540,heavy_dissipation_015,heavy_dissipation,15,95,150055,0.35,0.15,0.0,128,6,test
5541,heavy_dissipation_015,heavy_dissipation,15,96,150055,0.35,0.15,0.0,128,6,test
5542,heavy_dissipation_015,heavy_dissipation,15,97,150055,0.35,0.15,0.0,128,6,test
5543,heavy_dissipation_015,heavy_dissipation,15,98,150055,0.35,0.15,0.0,128,6,test
5544,heavy_dissipation_016,heavy_dissipation,16,0,150056,0.35,0.15,0.0,128,6,validation
5545,heavy_dissipation_016,heavy_dissipation,16,1,150056,0.35,0.15,0.0,128,6,validation
5546,heavy_dissipation_016,heavy_dissipation,16,2,150056,0.35,0.15,0.0,128,6,validation
5547,heavy_dissipation_016,heavy_dissipation,16,3,150056,0.35,0.15,0.0,128,6,validation
5548,heavy_dissipation_016,heavy_dissipation,16,4,150056,0.35,0.15,0.0,128,6,validation
5549,heavy_dissipation_016,heavy_dissipation,16,5,150056,0.35,0.15,0.0,128,6,validation
5550,heavy_dissipation_016,heavy_dissipation,16,6,150056,0.35,0.15,0.0,128,6,validation
5551,heavy_dissipation_016,heavy_dissipation,16,7,150056,0.35,0.15,0.0,128,6,validation
5552,heavy_dissipation_016,heavy_dissipation,16,8,150056,0.35,0.15,0.0,128,6,validation
5553,heavy_dissipation_016,heavy_dissipation,16,9,150056,0.35,0.15,0.0,128,6,validation
5554,heavy_dissipation_016,heavy_dissipation,16,10,150056,0.35,0.15,0.0,128,6,validation
5555,heavy_dissipation_016,heavy_dissipation,16,11,150056,0.35,0.15,0.0,128,6,validation
5556,heavy_dissipation_016,heavy_dissipation,16,12,150056,0.35,0.15,0.0,128,6,validation
5557,heavy_dissipation_016,heavy_dissipation,16,13,150056,0.35,0.15,0.0,128,6,validation
5558,heavy_dissipation_016,heavy_dissipation,16,14,150056,0.35,0.15,0.0,128,6,validation
5559,heavy_dissipation_016,heavy_dissipation,16,15,150056,0.35,0.15,0.0,128,6,validation
5560,heavy_dissipation_016,heavy_dissipation,16,16,150056,0.35,0.15,0.0,128,6,validation
5561,heavy_dissipation_016,heavy_dissipation,16,17,150056,0.35,0.15,0.0,128,6,validation
5562,heavy_dissipation_016,heavy_dissipation,16,18,150056,0.35,0.15,0.0,128,6,validation
5563,heavy_dissipation_016,heavy_dissipation,16,19,150056,0.35,0.15,0.0,128,6,validation
5564,heavy_dissipation_016,heavy_dissipation,16,20,150056,0.35,0.15,0.0,128,6,validation
5565,heavy_dissipation_016,heavy_dissipation,16,21,150056,0.35,0.15,0.0,128,6,validation
5566,heavy_dissipation_016,heavy_dissipation,16,22,150056,0.35,0.15,0.0,128,6,validation
5567,heavy_dissipation_016,heavy_dissipation,16,23,150056,0.35,0.15,0.0,128,6,validation
5568,heavy_dissipation_016,heavy_dissipation,16,24,150056,0.35,0.15,0.0,128,6,validation
5569,heavy_dissipation_016,heavy_dissipation,16,25,150056,0.35,0.15,0.0,128,6,validation
5570,heavy_dissipation_016,heavy_dissipation,16,26,150056,0.35,0.15,0.0,128,6,validation
5571,heavy_dissipation_016,heavy_dissipation,16,27,150056,0.35,0.15,0.0,128,6,validation
5572,heavy_dissipation_016,heavy_dissipation,16,28,150056,0.35,0.15,0.0,128,6,validation
5573,heavy_dissipation_016,heavy_dissipation,16,29,150056,0.35,0.15,0.0,128,6,validation
5574,heavy_dissipation_016,heavy_dissipation,16,30,150056,0.35,0.15,0.0,128,6,validation
5575,heavy_dissipation_016,heavy_dissipation,16,31,150056,0.35,0.15,0.0,128,6,validation
5576,heavy_dissipation_016,heavy_dissipation,16,32,150056,0.35,0.15,0.0,128,6,validation
5577,heavy_dissipation_016,heavy_dissipation,16,33,150056,0.35,0.15,0.0,128,6,validation
5578,heavy_dissipation_016,heavy_dissipation,16,34,150056,0.35,0.15,0.0,128,6,validation
5579,heavy_dissipation_016,heavy_dissipation,16,35,150056,0.35,0.15,0.0,128,6,validation
5580,heavy_dissipation_016,heavy_dissipation,16,36,150056,0.35,0.15,0.0,128,6,validation
5581,heavy_dissipation_016,heavy_dissipation,16,37,150056,0.35,0.15,0.0,128,6,validation
5582,heavy_dissipation_016,heavy_dissipation,16,38,150056,0.35,0.15,0.0,128,6,validation
5583,heavy_dissipation_016,heavy_dissipation,16,39,150056,0.35,0.15,0.0,128,6,validation
5584,heavy_dissipation_016,heavy_dissipation,16,40,150056,0.35,0.15,0.0,128,6,validation
5585,heavy_dissipation_016,heavy_dissipation,16,41,150056,0.35,0.15,0.0,128,6,validation
5586,heavy_dissipation_016,heavy_dissipation,16,42,150056,0.35,0.15,0.0,128,6,validation
5587,heavy_dissipation_016,heavy_dissipation,16,43,150056,0.35,0.15,0.0,128,6,validation
5588,heavy_dissipation_016,heavy_dissipation,16,44,150056,0.35,0.15,0.0,128,6,validation
5589,heavy_dissipation_016,heavy_dissipation,16,45,150056,0.35,0.15,0.0,128,6,validation
5590,heavy_dissipation_016,heavy_dissipation,16,46,150056,0.35,0.15,0.0,128,6,validation
5591,heavy_dissipation_016,heavy_dissipation,16,47,150056,0.35,0.15,0.0,128,6,validation
5592,heavy_dissipation_016,heavy_dissipation,16,48,150056,0.35,0.15,0.0,128,6,validation
5593,heavy_dissipation_016,heavy_dissipation,16,49,150056,0.35,0.15,0.0,128,6,validation
5594,heavy_dissipation_016,heavy_dissipation,16,50,150056,0.35,0.15,0.0,128,6,validation
5595,heavy_dissipation_016,heavy_dissipation,16,51,150056,0.35,0.15,0.0,128,6,validation
5596,heavy_dissipation_016,heavy_dissipation,16,52,150056,0.35,0.15,0.0,128,6,validation
5597,heavy_dissipation_016,heavy_dissipation,16,53,150056,0.35,0.15,0.0,128,6,validation
5598,heavy_dissipation_016,heavy_dissipation,16,54,150056,0.35,0.15,0.0,128,6,validation
5599,heavy_dissipation_016,heavy_dissipation,16,55,150056,0.35,0.15,0.0,128,6,validation
5600,heavy_dissipation_016,heavy_dissipation,16,56,150056,0.35,0.15,0.0,128,6,validation
5601,heavy_dissipation_016,heavy_dissipation,16,57,150056,0.35,0.15,0.0,128,6,validation
5602,heavy_dissipation_016,heavy_dissipation,16,58,150056,0.35,0.15,0.0,128,6,validation
5603,heavy_dissipation_016,heavy_dissipation,16,59,150056,0.35,0.15,0.0,128,6,validation
5604,heavy_dissipation_016,heavy_dissipation,16,60,150056,0.35,0.15,0.0,128,6,validation
5605,heavy_dissipation_016,heavy_dissipation,16,61,150056,0.35,0.15,0.0,128,6,validation
5606,heavy_dissipation_016,heavy_dissipation,16,62,150056,0.35,0.15,0.0,128,6,validation
5607,heavy_dissipation_016,heavy_dissipation,16,63,150056,0.35,0.15,0.0,128,6,validation
5608,heavy_dissipation_016,heavy_dissipation,16,64,150056,0.35,0.15,0.0,128,6,validation
5609,heavy_dissipation_016,heavy_dissipation,16,65,150056,0.35,0.15,0.0,128,6,validation
5610,heavy_dissipation_016,heavy_dissipation,16,66,150056,0.35,0.15,0.0,128,6,validation
5611,heavy_dissipation_016,heavy_dissipation,16,67,150056,0.35,0.15,0.0,128,6,validation
5612,heavy_dissipation_016,heavy_dissipation,16,68,150056,0.35,0.15,0.0,128,6,validation
5613,heavy_dissipation_016,heavy_dissipation,16,69,150056,0.35,0.15,0.0,128,6,validation
5614,heavy_dissipation_016,heavy_dissipation,16,70,150056,0.35,0.15,0.0,128,6,validation
5615,heavy_dissipation_016,heavy_dissipation,16,71,150056,0.35,0.15,0.0,128,6,validation
5616,heavy_dissipation_016,heavy_dissipation,16,72,150056,0.35,0.15,0.0,128,6,validation
5617,heavy_dissipation_016,heavy_dissipation,16,73,150056,0.35,0.15,0.0,128,6,validation
5618,heavy_dissipation_016,heavy_dissipation,16,74,150056,0.35,0.15,0.0,128,6,validation
5619,heavy_dissipation_016,heavy_dissipation,16,75,150056,0.35,0.15,0.0,128,6,validation
5620,heavy_dissipation_016,heavy_dissipation,16,76,150056,0.35,0.15,0.0,128,6,validation
5621,heavy_dissipation_016,heavy_dissipation,16,77,150056,0.35,0.15,0.0,128,6,validation
5622,heavy_dissipation_016,heavy_dissipation,16,78,150056,0.35,0.15,0.0,128,6,validation
5623,heavy_dissipation_016,heavy_dissipation,16,79,150056,0.35,0.15,0.0,128,6,validation
5624,heavy_dissipation_016,heavy_dissipation,16,80,150056,0.35,0.15,0.0,128,6,validation
5625,heavy_dissipation_016,heavy_dissipation,16,81,150056,0.35,0.15,0.0,128,6,validation
5626,heavy_dissipation_016,heavy_dissipation,16,82,150056,0.35,0.15,0.0,128,6,validation
5627,heavy_dissipation_016,heavy_dissipation,16,83,150056,0.35,0.15,0.0,128,6,validation
5628,heavy_dissipation_016,heavy_dissipation,16,84,150056,0.35,0.15,0.0,128,6,validation
5629,heavy_dissipation_016,heavy_dissipation,16,85,150056,0.35,0.15,0.0,128,6,validation
5630,heavy_dissipation_016,heavy_dissipation,16,86,150056,0.35,0.15,0.0,128,6,validation
5631,heavy_dissipation_016,heavy_dissipation,16,87,150056,0.35,0.15,0.0,128,6,validation
5632,heavy_dissipation_016,heavy_dissipation,16,88,150056,0.35,0.15,0.0,128,6,validation
5633,heavy_dissipation_016,heavy_dissipation,16,89,150056,0.35,0.15,0.0,128,6,validation
5634,heavy_dissipation_016,heavy_dissipation,16,90,150056,0.35,0.15,0.0,128,6,validation
5635,heavy_dissipation_016,heavy_dissipation,16,91,150056,0.35,0.15,0.0,128,6,validation
5636,heavy_dissipation_016,heavy_dissipation,16,92,150056,0.35,0.15,0.0,128,6,validation
5637,heavy_dissipation_016,heavy_dissipation,16,93,150056,0.35,0.15,0.0,128,6,validation
5638,heavy_dissipation_016,heavy_dissipation,16,94,150056,0.35,0.15,0.0,128,6,validation
5639,heavy_dissipation_016,heavy_dissipation,16,95,150056,0.35,0.15,0.0,128,6,validation
5640,heavy_dissipation_016,heavy_dissipation,16,96,150056,0.35,0.15,0.0,128,6,validation
5641,heavy_dissipation_016,heavy_dissipation,16,97,150056,0.35,0.15,0.0,128,6,validation
5642,heavy_dissipation_016,heavy_dissipation,16,98,150056,0.35,0.15,0.0,128,6,validation
5643,heavy_dissipation_017,heavy_dissipation,17,0,150057,0.35,0.15,0.0,128,6,test
5644,heavy_dissipation_017,heavy_dissipation,17,1,150057,0.35,0.15,0.0,128,6,test
5645,heavy_dissipation_017,heavy_dissipation,17,2,150057,0.35,0.15,0.0,128,6,test
5646,heavy_dissipation_017,heavy_dissipation,17,3,150057,0.35,0.15,0.0,128,6,test
5647,heavy_dissipation_017,heavy_dissipation,17,4,150057,0.35,0.15,0.0,128,6,test
5648,heavy_dissipation_017,heavy_dissipation,17,5,150057,0.35,0.15,0.0,128,6,test
5649,heavy_dissipation_017,heavy_dissipation,17,6,150057,0.35,0.15,0.0,128,6,test
5650,heavy_dissipation_017,heavy_dissipation,17,7,150057,0.35,0.15,0.0,128,6,test
5651,heavy_dissipation_017,heavy_dissipation,17,8,150057,0.35,0.15,0.0,128,6,test
5652,heavy_dissipation_017,heavy_dissipation,17,9,150057,0.35,0.15,0.0,128,6,test
5653,heavy_dissipation_017,heavy_dissipation,17,10,150057,0.35,0.15,0.0,128,6,test
5654,heavy_dissipation_017,heavy_dissipation,17,11,150057,0.35,0.15,0.0,128,6,test
5655,heavy_dissipation_017,heavy_dissipation,17,12,150057,0.35,0.15,0.0,128,6,test
5656,heavy_dissipation_017,heavy_dissipation,17,13,150057,0.35,0.15,0.0,128,6,test
5657,heavy_dissipation_017,heavy_dissipation,17,14,150057,0.35,0.15,0.0,128,6,test
5658,heavy_dissipation_017,heavy_dissipation,17,15,150057,0.35,0.15,0.0,128,6,test
5659,heavy_dissipation_017,heavy_dissipation,17,16,150057,0.35,0.15,0.0,128,6,test
5660,heavy_dissipation_017,heavy_dissipation,17,17,150057,0.35,0.15,0.0,128,6,test
5661,heavy_dissipation_017,heavy_dissipation,17,18,150057,0.35,0.15,0.0,128,6,test
5662,heavy_dissipation_017,heavy_dissipation,17,19,150057,0.35,0.15,0.0,128,6,test
5663,heavy_dissipation_017,heavy_dissipation,17,20,150057,0.35,0.15,0.0,128,6,test
5664,heavy_dissipation_017,heavy_dissipation,17,21,150057,0.35,0.15,0.0,128,6,test
5665,heavy_dissipation_017,heavy_dissipation,17,22,150057,0.35,0.15,0.0,128,6,test
5666,heavy_dissipation_017,heavy_dissipation,17,23,150057,0.35,0.15,0.0,128,6,test
5667,heavy_dissipation_017,heavy_dissipation,17,24,150057,0.35,0.15,0.0,128,6,test
5668,heavy_dissipation_017,heavy_dissipation,17,25,150057,0.35,0.15,0.0,128,6,test
5669,heavy_dissipation_017,heavy_dissipation,17,26,150057,0.35,0.15,0.0,128,6,test
5670,heavy_dissipation_017,heavy_dissipation,17,27,150057,0.35,0.15,0.0,128,6,test
5671,heavy_dissipation_017,heavy_dissipation,17,28,150057,0.35,0.15,0.0,128,6,test
5672,heavy_dissipation_017,heavy_dissipation,17,29,150057,0.35,0.15,0.0,128,6,test
5673,heavy_dissipation_017,heavy_dissipation,17,30,150057,0.35,0.15,0.0,128,6,test
5674,heavy_dissipation_017,heavy_dissipation,17,31,150057,0.35,0.15,0.0,128,6,test
5675,heavy_dissipation_017,heavy_dissipation,17,32,150057,0.35,0.15,0.0,128,6,test
5676,heavy_dissipation_017,heavy_dissipation,17,33,150057,0.35,0.15,0.0,128,6,test
5677,heavy_dissipation_017,heavy_dissipation,17,34,150057,0.35,0.15,0.0,128,6,test
5678,heavy_dissipation_017,heavy_dissipation,17,35,150057,0.35,0.15,0.0,128,6,test
5679,heavy_dissipation_017,heavy_dissipation,17,36,150057,0.35,0.15,0.0,128,6,test
5680,heavy_dissipation_017,heavy_dissipation,17,37,150057,0.35,0.15,0.0,128,6,test
5681,heavy_dissipation_017,heavy_dissipation,17,38,150057,0.35,0.15,0.0,128,6,test
5682,heavy_dissipation_017,heavy_dissipation,17,39,150057,0.35,0.15,0.0,128,6,test
5683,heavy_dissipation_017,heavy_dissipation,17,40,150057,0.35,0.15,0.0,128,6,test
5684,heavy_dissipation_017,heavy_dissipation,17,41,150057,0.35,0.15,0.0,128,6,test
5685,heavy_dissipation_017,heavy_dissipation,17,42,150057,0.35,0.15,0.0,128,6,test
5686,heavy_dissipation_017,heavy_dissipation,17,43,150057,0.35,0.15,0.0,128,6,test
5687,heavy_dissipation_017,heavy_dissipation,17,44,150057,0.35,0.15,0.0,128,6,test
5688,heavy_dissipation_017,heavy_dissipation,17,45,150057,0.35,0.15,0.0,128,6,test
5689,heavy_dissipation_017,heavy_dissipation,17,46,150057,0.35,0.15,0.0,128,6,test
5690,heavy_dissipation_017,heavy_dissipation,17,47,150057,0.35,0.15,0.0,128,6,test
5691,heavy_dissipation_017,heavy_dissipation,17,48,150057,0.35,0.15,0.0,128,6,test
5692,heavy_dissipation_017,heavy_dissipation,17,49,150057,0.35,0.15,0.0,128,6,test
5693,heavy_dissipation_017,heavy_dissipation,17,50,150057,0.35,0.15,0.0,128,6,test
5694,heavy_dissipation_017,heavy_dissipation,17,51,150057,0.35,0.15,0.0,128,6,test
5695,heavy_dissipation_017,heavy_dissipation,17,52,150057,0.35,0.15,0.0,128,6,test
5696,heavy_dissipation_017,heavy_dissipation,17,53,150057,0.35,0.15,0.0,128,6,test
5697,heavy_dissipation_017,heavy_dissipation,17,54,150057,0.35,0.15,0.0,128,6,test
5698,heavy_dissipation_017,heavy_dissipation,17,55,150057,0.35,0.15,0.0,128,6,test
5699,heavy_dissipation_017,heavy_dissipation,17,56,150057,0.35,0.15,0.0,128,6,test
5700,heavy_dissipation_017,heavy_dissipation,17,57,150057,0.35,0.15,0.0,128,6,test
5701,heavy_dissipation_017,heavy_dissipation,17,58,150057,0.35,0.15,0.0,128,6,test
5702,heavy_dissipation_017,heavy_dissipation,17,59,150057,0.35,0.15,0.0,128,6,test
5703,heavy_dissipation_017,heavy_dissipation,17,60,150057,0.35,0.15,0.0,128,6,test
5704,heavy_dissipation_017,heavy_dissipation,17,61,150057,0.35,0.15,0.0,128,6,test
5705,heavy_dissipation_017,heavy_dissipation,17,62,150057,0.35,0.15,0.0,128,6,test
5706,heavy_dissipation_017,heavy_dissipation,17,63,150057,0.35,0.15,0.0,128,6,test
5707,heavy_dissipation_017,heavy_dissipation,17,64,150057,0.35,0.15,0.0,128,6,test
5708,heavy_dissipation_017,heavy_dissipation,17,65,150057,0.35,0.15,0.0,128,6,test
5709,heavy_dissipation_017,heavy_dissipation,17,66,150057,0.35,0.15,0.0,128,6,test
5710,heavy_dissipation_017,heavy_dissipation,17,67,150057,0.35,0.15,0.0,128,6,test
5711,heavy_dissipation_017,heavy_dissipation,17,68,150057,0.35,0.15,0.0,128,6,test
5712,heavy_dissipation_017,heavy_dissipation,17,69,150057,0.35,0.15,0.0,128,6,test
5713,heavy_dissipation_017,heavy_dissipation,17,70,150057,0.35,0.15,0.0,128,6,test
5714,heavy_dissipation_017,heavy_dissipation,17,71,150057,0.35,0.15,0.0,128,6,test
5715,heavy_dissipation_017,heavy_dissipation,17,72,150057,0.35,0.15,0.0,128,6,test
5716,heavy_dissipation_017,heavy_dissipation,17,73,150057,0.35,0.15,0.0,128,6,test
5717,heavy_dissipation_017,heavy_dissipation,17,74,150057,0.35,0.15,0.0,128,6,test
5718,heavy_dissipation_017,heavy_dissipation,17,75,150057,0.35,0.15,0.0,128,6,test
5719,heavy_dissipation_017,heavy_dissipation,17,76,150057,0.35,0.15,0.0,128,6,test
5720,heavy_dissipation_017,heavy_dissipation,17,77,150057,0.35,0.15,0.0,128,6,test
5721,heavy_dissipation_017,heavy_dissipation,17,78,150057,0.35,0.15,0.0,128,6,test
5722,heavy_dissipation_017,heavy_dissipation,17,79,150057,0.35,0.15,0.0,128,6,test
5723,heavy_dissipation_017,heavy_dissipation,17,80,150057,0.35,0.15,0.0,128,6,test
5724,heavy_dissipation_017,heavy_dissipation,17,81,150057,0.35,0.15,0.0,128,6,test
5725,heavy_dissipation_017,heavy_dissipation,17,82,150057,0.35,0.15,0.0,128,6,test
5726,heavy_dissipation_017,heavy_dissipation,17,83,150057,0.35,0.15,0.0,128,6,test
5727,heavy_dissipation_017,heavy_dissipation,17,84,150057,0.35,0.15,0.0,128,6,test
5728,heavy_dissipation_017,heavy_dissipation,17,85,150057,0.35,0.15,0.0,128,6,test
5729,heavy_dissipation_017,heavy_dissipation,17,86,150057,0.35,0.15,0.0,128,6,test
5730,heavy_dissipation_017,heavy_dissipation,17,87,150057,0.35,0.15,0.0,128,6,test
5731,heavy_dissipation_017,heavy_dissipation,17,88,150057,0.35,0.15,0.0,128,6,test
5732,heavy_dissipation_017,heavy_dissipation,17,89,150057,0.35,0.15,0.0,128,6,test
5733,heavy_dissipation_017,heavy_dissipation,17,90,150057,0.35,0.15,0.0,128,6,test
5734,heavy_dissipation_017,heavy_dissipation,17,91,150057,0.35,0.15,0.0,128,6,test
5735,heavy_dissipation_017,heavy_dissipation,17,92,150057,0.35,0.15,0.0,128,6,test
5736,heavy_dissipation_017,heavy_dissipation,17,93,150057,0.35,0.15,0.0,128,6,test
5737,heavy_dissipation_017,heavy_dissipation,17,94,150057,0.35,0.15,0.0,128,6,test
5738,heavy_dissipation_017,heavy_dissipation,17,95,150057,0.35,0.15,0.0,128,6,test
5739,heavy_dissipation_017,heavy_dissipation,17,96,150057,0.35,0.15,0.0,128,6,test
5740,heavy_dissipation_017,heavy_dissipation,17,97,150057,0.35,0.15,0.0,128,6,test
5741,heavy_dissipation_017,heavy_dissipation,17,98,150057,0.35,0.15,0.0,128,6,test
5742,heavy_dissipation_018,heavy_dissipation,18,0,150058,0.35,0.15,0.0,128,6,train
5743,heavy_dissipation_018,heavy_dissipation,18,1,150058,0.35,0.15,0.0,128,6,train
5744,heavy_dissipation_018,heavy_dissipation,18,2,150058,0.35,0.15,0.0,128,6,train
5745,heavy_dissipation_018,heavy_dissipation,18,3,150058,0.35,0.15,0.0,128,6,train
5746,heavy_dissipation_018,heavy_dissipation,18,4,150058,0.35,0.15,0.0,128,6,train
5747,heavy_dissipation_018,heavy_dissipation,18,5,150058,0.35,0.15,0.0,128,6,train
5748,heavy_dissipation_018,heavy_dissipation,18,6,150058,0.35,0.15,0.0,128,6,train
5749,heavy_dissipation_018,heavy_dissipation,18,7,150058,0.35,0.15,0.0,128,6,train
5750,heavy_dissipation_018,heavy_dissipation,18,8,150058,0.35,0.15,0.0,128,6,train
5751,heavy_dissipation_018,heavy_dissipation,18,9,150058,0.35,0.15,0.0,128,6,train
5752,heavy_dissipation_018,heavy_dissipation,18,10,150058,0.35,0.15,0.0,128,6,train
5753,heavy_dissipation_018,heavy_dissipation,18,11,150058,0.35,0.15,0.0,128,6,train
5754,heavy_dissipation_018,heavy_dissipation,18,12,150058,0.35,0.15,0.0,128,6,train
5755,heavy_dissipation_018,heavy_dissipation,18,13,150058,0.35,0.15,0.0,128,6,train
5756,heavy_dissipation_018,heavy_dissipation,18,14,150058,0.35,0.15,0.0,128,6,train
5757,heavy_dissipation_018,heavy_dissipation,18,15,150058,0.35,0.15,0.0,128,6,train
5758,heavy_dissipation_018,heavy_dissipation,18,16,150058,0.35,0.15,0.0,128,6,train
5759,heavy_dissipation_018,heavy_dissipation,18,17,150058,0.35,0.15,0.0,128,6,train
5760,heavy_dissipation_018,heavy_dissipation,18,18,150058,0.35,0.15,0.0,128,6,train
5761,heavy_dissipation_018,heavy_dissipation,18,19,150058,0.35,0.15,0.0,128,6,train
5762,heavy_dissipation_018,heavy_dissipation,18,20,150058,0.35,0.15,0.0,128,6,train
5763,heavy_dissipation_018,heavy_dissipation,18,21,150058,0.35,0.15,0.0,128,6,train
5764,heavy_dissipation_018,heavy_dissipation,18,22,150058,0.35,0.15,0.0,128,6,train
5765,heavy_dissipation_018,heavy_dissipation,18,23,150058,0.35,0.15,0.0,128,6,train
5766,heavy_dissipation_018,heavy_dissipation,18,24,150058,0.35,0.15,0.0,128,6,train
5767,heavy_dissipation_018,heavy_dissipation,18,25,150058,0.35,0.15,0.0,128,6,train
5768,heavy_dissipation_018,heavy_dissipation,18,26,150058,0.35,0.15,0.0,128,6,train
5769,heavy_dissipation_018,heavy_dissipation,18,27,150058,0.35,0.15,0.0,128,6,train
5770,heavy_dissipation_018,heavy_dissipation,18,28,150058,0.35,0.15,0.0,128,6,train
5771,heavy_dissipation_018,heavy_dissipation,18,29,150058,0.35,0.15,0.0,128,6,train
5772,heavy_dissipation_018,heavy_dissipation,18,30,150058,0.35,0.15,0.0,128,6,train
5773,heavy_dissipation_018,heavy_dissipation,18,31,150058,0.35,0.15,0.0,128,6,train
5774,heavy_dissipation_018,heavy_dissipation,18,32,150058,0.35,0.15,0.0,128,6,train
5775,heavy_dissipation_018,heavy_dissipation,18,33,150058,0.35,0.15,0.0,128,6,train
5776,heavy_dissipation_018,heavy_dissipation,18,34,150058,0.35,0.15,0.0,128,6,train
5777,heavy_dissipation_018,heavy_dissipation,18,35,150058,0.35,0.15,0.0,128,6,train
5778,heavy_dissipation_018,heavy_dissipation,18,36,150058,0.35,0.15,0.0,128,6,train
5779,heavy_dissipation_018,heavy_dissipation,18,37,150058,0.35,0.15,0.0,128,6,train
5780,heavy_dissipation_018,heavy_dissipation,18,38,150058,0.35,0.15,0.0,128,6,train
5781,heavy_dissipation_018,heavy_dissipation,18,39,150058,0.35,0.15,0.0,128,6,train
5782,heavy_dissipation_018,heavy_dissipation,18,40,150058,0.35,0.15,0.0,128,6,train
5783,heavy_dissipation_018,heavy_dissipation,18,41,150058,0.35,0.15,0.0,128,6,train
5784,heavy_dissipation_018,heavy_dissipation,18,42,150058,0.35,0.15,0.0,128,6,train
5785,heavy_dissipation_018,heavy_dissipation,18,43,150058,0.35,0.15,0.0,128,6,train
5786,heavy_dissipation_018,heavy_dissipation,18,44,150058,0.35,0.15,0.0,128,6,train
5787,heavy_dissipation_018,heavy_dissipation,18,45,150058,0.35,0.15,0.0,128,6,train
5788,heavy_dissipation_018,heavy_dissipation,18,46,150058,0.35,0.15,0.0,128,6,train
5789,heavy_dissipation_018,heavy_dissipation,18,47,150058,0.35,0.15,0.0,128,6,train
5790,heavy_dissipation_018,heavy_dissipation,18,48,150058,0.35,0.15,0.0,128,6,train
5791,heavy_dissipation_018,heavy_dissipation,18,49,150058,0.35,0.15,0.0,128,6,train
5792,heavy_dissipation_018,heavy_dissipation,18,50,150058,0.35,0.15,0.0,128,6,train
5793,heavy_dissipation_018,heavy_dissipation,18,51,150058,0.35,0.15,0.0,128,6,train
5794,heavy_dissipation_018,heavy_dissipation,18,52,150058,0.35,0.15,0.0,128,6,train
5795,heavy_dissipation_018,heavy_dissipation,18,53,150058,0.35,0.15,0.0,128,6,train
5796,heavy_dissipation_018,heavy_dissipation,18,54,150058,0.35,0.15,0.0,128,6,train
5797,heavy_dissipation_018,heavy_dissipation,18,55,150058,0.35,0.15,0.0,128,6,train
5798,heavy_dissipation_018,heavy_dissipation,18,56,150058,0.35,0.15,0.0,128,6,train
5799,heavy_dissipation_018,heavy_dissipation,18,57,150058,0.35,0.15,0.0,128,6,train
5800,heavy_dissipation_018,heavy_dissipation,18,58,150058,0.35,0.15,0.0,128,6,train
5801,heavy_dissipation_018,heavy_dissipation,18,59,150058,0.35,0.15,0.0,128,6,train
5802,heavy_dissipation_018,heavy_dissipation,18,60,150058,0.35,0.15,0.0,128,6,train
5803,heavy_dissipation_018,heavy_dissipation,18,61,150058,0.35,0.15,0.0,128,6,train
5804,heavy_dissipation_018,heavy_dissipation,18,62,150058,0.35,0.15,0.0,128,6,train
5805,heavy_dissipation_018,heavy_dissipation,18,63,150058,0.35,0.15,0.0,128,6,train
5806,heavy_dissipation_018,heavy_dissipation,18,64,150058,0.35,0.15,0.0,128,6,train
5807,heavy_dissipation_018,heavy_dissipation,18,65,150058,0.35,0.15,0.0,128,6,train
5808,heavy_dissipation_018,heavy_dissipation,18,66,150058,0.35,0.15,0.0,128,6,train
5809,heavy_dissipation_018,heavy_dissipation,18,67,150058,0.35,0.15,0.0,128,6,train
5810,heavy_dissipation_018,heavy_dissipation,18,68,150058,0.35,0.15,0.0,128,6,train
5811,heavy_dissipation_018,heavy_dissipation,18,69,150058,0.35,0.15,0.0,128,6,train
5812,heavy_dissipation_018,heavy_dissipation,18,70,150058,0.35,0.15,0.0,128,6,train
5813,heavy_dissipation_018,heavy_dissipation,18,71,150058,0.35,0.15,0.0,128,6,train
5814,heavy_dissipation_018,heavy_dissipation,18,72,150058,0.35,0.15,0.0,128,6,train
5815,heavy_dissipation_018,heavy_dissipation,18,73,150058,0.35,0.15,0.0,128,6,train
5816,heavy_dissipation_018,heavy_dissipation,18,74,150058,0.35,0.15,0.0,128,6,train
5817,heavy_dissipation_018,heavy_dissipation,18,75,150058,0.35,0.15,0.0,128,6,train
5818,heavy_dissipation_018,heavy_dissipation,18,76,150058,0.35,0.15,0.0,128,6,train
5819,heavy_dissipation_018,heavy_dissipation,18,77,150058,0.35,0.15,0.0,128,6,train
5820,heavy_dissipation_018,heavy_dissipation,18,78,150058,0.35,0.15,0.0,128,6,train
5821,heavy_dissipation_018,heavy_dissipation,18,79,150058,0.35,0.15,0.0,128,6,train
5822,heavy_dissipation_018,heavy_dissipation,18,80,150058,0.35,0.15,0.0,128,6,train
5823,heavy_dissipation_018,heavy_dissipation,18,81,150058,0.35,0.15,0.0,128,6,train
5824,heavy_dissipation_018,heavy_dissipation,18,82,150058,0.35,0.15,0.0,128,6,train
5825,heavy_dissipation_018,heavy_dissipation,18,83,150058,0.35,0.15,0.0,128,6,train
5826,heavy_dissipation_018,heavy_dissipation,18,84,150058,0.35,0.15,0.0,128,6,train
5827,heavy_dissipation_018,heavy_dissipation,18,85,150058,0.35,0.15,0.0,128,6,train
5828,heavy_dissipation_018,heavy_dissipation,18,86,150058,0.35,0.15,0.0,128,6,train
5829,heavy_dissipation_018,heavy_dissipation,18,87,150058,0.35,0.15,0.0,128,6,train
5830,heavy_dissipation_018,heavy_dissipation,18,88,150058,0.35,0.15,0.0,128,6,train
5831,heavy_dissipation_018,heavy_dissipation,18,89,150058,0.35,0.15,0.0,128,6,train
5832,heavy_dissipation_018,heavy_dissipation,18,90,150058,0.35,0.15,0.0,128,6,train
5833,heavy_dissipation_018,heavy_dissipation,18,91,150058,0.35,0.15,0.0,128,6,train
5834,heavy_dissipation_018,heavy_dissipation,18,92,150058,0.35,0.15,0.0,128,6,train
5835,heavy_dissipation_018,heavy_dissipation,18,93,150058,0.35,0.15,0.0,128,6,train
5836,heavy_dissipation_018,heavy_dissipation,18,94,150058,0.35,0.15,0.0,128,6,train
5837,heavy_dissipation_018,heavy_dissipation,18,95,150058,0.35,0.15,0.0,128,6,train
5838,heavy_dissipation_018,heavy_dissipation,18,96,150058,0.35,0.15,0.0,128,6,train
5839,heavy_dissipation_018,heavy_dissipation,18,97,150058,0.35,0.15,0.0,128,6,train
5840,heavy_dissipation_018,heavy_dissipation,18,98,150058,0.35,0.15,0.0,128,6,train
5841,heavy_dissipation_019,heavy_dissipation,19,0,150059,0.35,0.15,0.0,128,6,validation
5842,heavy_dissipation_019,heavy_dissipation,19,1,150059,0.35,0.15,0.0,128,6,validation
5843,heavy_dissipation_019,heavy_dissipation,19,2,150059,0.35,0.15,0.0,128,6,validation
5844,heavy_dissipation_019,heavy_dissipation,19,3,150059,0.35,0.15,0.0,128,6,validation
5845,heavy_dissipation_019,heavy_dissipation,19,4,150059,0.35,0.15,0.0,128,6,validation
5846,heavy_dissipation_019,heavy_dissipation,19,5,150059,0.35,0.15,0.0,128,6,validation
5847,heavy_dissipation_019,heavy_dissipation,19,6,150059,0.35,0.15,0.0,128,6,validation
5848,heavy_dissipation_019,heavy_dissipation,19,7,150059,0.35,0.15,0.0,128,6,validation
5849,heavy_dissipation_019,heavy_dissipation,19,8,150059,0.35,0.15,0.0,128,6,validation
5850,heavy_dissipation_019,heavy_dissipation,19,9,150059,0.35,0.15,0.0,128,6,validation
5851,heavy_dissipation_019,heavy_dissipation,19,10,150059,0.35,0.15,0.0,128,6,validation
5852,heavy_dissipation_019,heavy_dissipation,19,11,150059,0.35,0.15,0.0,128,6,validation
5853,heavy_dissipation_019,heavy_dissipation,19,12,150059,0.35,0.15,0.0,128,6,validation
5854,heavy_dissipation_019,heavy_dissipation,19,13,150059,0.35,0.15,0.0,128,6,validation
5855,heavy_dissipation_019,heavy_dissipation,19,14,150059,0.35,0.15,0.0,128,6,validation
5856,heavy_dissipation_019,heavy_dissipation,19,15,150059,0.35,0.15,0.0,128,6,validation
5857,heavy_dissipation_019,heavy_dissipation,19,16,150059,0.35,0.15,0.0,128,6,validation
5858,heavy_dissipation_019,heavy_dissipation,19,17,150059,0.35,0.15,0.0,128,6,validation
5859,heavy_dissipation_019,heavy_dissipation,19,18,150059,0.35,0.15,0.0,128,6,validation
5860,heavy_dissipation_019,heavy_dissipation,19,19,150059,0.35,0.15,0.0,128,6,validation
5861,heavy_dissipation_019,heavy_dissipation,19,20,150059,0.35,0.15,0.0,128,6,validation
5862,heavy_dissipation_019,heavy_dissipation,19,21,150059,0.35,0.15,0.0,128,6,validation
5863,heavy_dissipation_019,heavy_dissipation,19,22,150059,0.35,0.15,0.0,128,6,validation
5864,heavy_dissipation_019,heavy_dissipation,19,23,150059,0.35,0.15,0.0,128,6,validation
5865,heavy_dissipation_019,heavy_dissipation,19,24,150059,0.35,0.15,0.0,128,6,validation
5866,heavy_dissipation_019,heavy_dissipation,19,25,150059,0.35,0.15,0.0,128,6,validation
5867,heavy_dissipation_019,heavy_dissipation,19,26,150059,0.35,0.15,0.0,128,6,validation
5868,heavy_dissipation_019,heavy_dissipation,19,27,150059,0.35,0.15,0.0,128,6,validation
5869,heavy_dissipation_019,heavy_dissipation,19,28,150059,0.35,0.15,0.0,128,6,validation
5870,heavy_dissipation_019,heavy_dissipation,19,29,150059,0.35,0.15,0.0,128,6,validation
5871,heavy_dissipation_019,heavy_dissipation,19,30,150059,0.35,0.15,0.0,128,6,validation
5872,heavy_dissipation_019,heavy_dissipation,19,31,150059,0.35,0.15,0.0,128,6,validation
5873,heavy_dissipation_019,heavy_dissipation,19,32,150059,0.35,0.15,0.0,128,6,validation
5874,heavy_dissipation_019,heavy_dissipation,19,33,150059,0.35,0.15,0.0,128,6,validation
5875,heavy_dissipation_019,heavy_dissipation,19,34,150059,0.35,0.15,0.0,128,6,validation
5876,heavy_dissipation_019,heavy_dissipation,19,35,150059,0.35,0.15,0.0,128,6,validation
5877,heavy_dissipation_019,heavy_dissipation,19,36,150059,0.35,0.15,0.0,128,6,validation
5878,heavy_dissipation_019,heavy_dissipation,19,37,150059,0.35,0.15,0.0,128,6,validation
5879,heavy_dissipation_019,heavy_dissipation,19,38,150059,0.35,0.15,0.0,128,6,validation
5880,heavy_dissipation_019,heavy_dissipation,19,39,150059,0.35,0.15,0.0,128,6,validation
5881,heavy_dissipation_019,heavy_dissipation,19,40,150059,0.35,0.15,0.0,128,6,validation
5882,heavy_dissipation_019,heavy_dissipation,19,41,150059,0.35,0.15,0.0,128,6,validation
5883,heavy_dissipation_019,heavy_dissipation,19,42,150059,0.35,0.15,0.0,128,6,validation
5884,heavy_dissipation_019,heavy_dissipation,19,43,150059,0.35,0.15,0.0,128,6,validation
5885,heavy_dissipation_019,heavy_dissipation,19,44,150059,0.35,0.15,0.0,128,6,validation
5886,heavy_dissipation_019,heavy_dissipation,19,45,150059,0.35,0.15,0.0,128,6,validation
5887,heavy_dissipation_019,heavy_dissipation,19,46,150059,0.35,0.15,0.0,128,6,validation
5888,heavy_dissipation_019,heavy_dissipation,19,47,150059,0.35,0.15,0.0,128,6,validation
5889,heavy_dissipation_019,heavy_dissipation,19,48,150059,0.35,0.15,0.0,128,6,validation
5890,heavy_dissipation_019,heavy_dissipation,19,49,150059,0.35,0.15,0.0,128,6,validation
5891,heavy_dissipation_019,heavy_dissipation,19,50,150059,0.35,0.15,0.0,128,6,validation
5892,heavy_dissipation_019,heavy_dissipation,19,51,150059,0.35,0.15,0.0,128,6,validation
5893,heavy_dissipation_019,heavy_dissipation,19,52,150059,0.35,0.15,0.0,128,6,validation
5894,heavy_dissipation_019,heavy_dissipation,19,53,150059,0.35,0.15,0.0,128,6,validation
5895,heavy_dissipation_019,heavy_dissipation,19,54,150059,0.35,0.15,0.0,128,6,validation
5896,heavy_dissipation_019,heavy_dissipation,19,55,150059,0.35,0.15,0.0,128,6,validation
5897,heavy_dissipation_019,heavy_dissipation,19,56,150059,0.35,0.15,0.0,128,6,validation
5898,heavy_dissipation_019,heavy_dissipation,19,57,150059,0.35,0.15,0.0,128,6,validation
5899,heavy_dissipation_019,heavy_dissipation,19,58,150059,0.35,0.15,0.0,128,6,validation
5900,heavy_dissipation_019,heavy_dissipation,19,59,150059,0.35,0.15,0.0,128,6,validation
5901,heavy_dissipation_019,heavy_dissipation,19,60,150059,0.35,0.15,0.0,128,6,validation
5902,heavy_dissipation_019,heavy_dissipation,19,61,150059,0.35,0.15,0.0,128,6,validation
5903,heavy_dissipation_019,heavy_dissipation,19,62,150059,0.35,0.15,0.0,128,6,validation
5904,heavy_dissipation_019,heavy_dissipation,19,63,150059,0.35,0.15,0.0,128,6,validation
5905,heavy_dissipation_019,heavy_dissipation,19,64,150059,0.35,0.15,0.0,128,6,validation
5906,heavy_dissipation_019,heavy_dissipation,19,65,150059,0.35,0.15,0.0,128,6,validation
5907,heavy_dissipation_019,heavy_dissipation,19,66,150059,0.35,0.15,0.0,128,6,validation
5908,heavy_dissipation_019,heavy_dissipation,19,67,150059,0.35,0.15,0.0,128,6,validation
5909,heavy_dissipation_019,heavy_dissipation,19,68,150059,0.35,0.15,0.0,128,6,validation
5910,heavy_dissipation_019,heavy_dissipation,19,69,150059,0.35,0.15,0.0,128,6,validation
5911,heavy_dissipation_019,heavy_dissipation,19,70,150059,0.35,0.15,0.0,128,6,validation
5912,heavy_dissipation_019,heavy_dissipation,19,71,150059,0.35,0.15,0.0,128,6,validation
5913,heavy_dissipation_019,heavy_dissipation,19,72,150059,0.35,0.15,0.0,128,6,validation
5914,heavy_dissipation_019,heavy_dissipation,19,73,150059,0.35,0.15,0.0,128,6,validation
5915,heavy_dissipation_019,heavy_dissipation,19,74,150059,0.35,0.15,0.0,128,6,validation
5916,heavy_dissipation_019,heavy_dissipation,19,75,150059,0.35,0.15,0.0,128,6,validation
5917,heavy_dissipation_019,heavy_dissipation,19,76,150059,0.35,0.15,0.0,128,6,validation
5918,heavy_dissipation_019,heavy_dissipation,19,77,150059,0.35,0.15,0.0,128,6,validation
5919,heavy_dissipation_019,heavy_dissipation,19,78,150059,0.35,0.15,0.0,128,6,validation
5920,heavy_dissipation_019,heavy_dissipation,19,79,150059,0.35,0.15,0.0,128,6,validation
5921,heavy_dissipation_019,heavy_dissipation,19,80,150059,0.35,0.15,0.0,128,6,validation
5922,heavy_dissipation_019,heavy_dissipation,19,81,150059,0.35,0.15,0.0,128,6,validation
5923,heavy_dissipation_019,heavy_dissipation,19,82,150059,0.35,0.15,0.0,128,6,validation
5924,heavy_dissipation_019,heavy_dissipation,19,83,150059,0.35,0.15,0.0,128,6,validation
5925,heavy_dissipation_019,heavy_dissipation,19,84,150059,0.35,0.15,0.0,128,6,validation
5926,heavy_dissipation_019,heavy_dissipation,19,85,150059,0.35,0.15,0.0,128,6,validation
5927,heavy_dissipation_019,heavy_dissipation,19,86,150059,0.35,0.15,0.0,128,6,validation
5928,heavy_dissipation_019,heavy_dissipation,19,87,150059,0.35,0.15,0.0,128,6,validation
5929,heavy_dissipation_019,heavy_dissipation,19,88,150059,0.35,0.15,0.0,128,6,validation
5930,heavy_dissipation_019,heavy_dissipation,19,89,150059,0.35,0.15,0.0,128,6,validation
5931,heavy_dissipation_019,heavy_dissipation,19,90,150059,0.35,0.15,0.0,128,6,validation
5932,heavy_dissipation_019,heavy_dissipation,19,91,150059,0.35,0.15,0.0,128,6,validation
5933,heavy_dissipation_019,heavy_dissipation,19,92,150059,0.35,0.15,0.0,128,6,validation
5934,heavy_dissipation_019,heavy_dissipation,19,93,150059,0.35,0.15,0.0,128,6,validation
5935,heavy_dissipation_019,heavy_dissipation,19,94,150059,0.35,0.15,0.0,128,6,validation
5936,heavy_dissipation_019,heavy_dissipation,19,95,150059,0.35,0.15,0.0,128,6,validation
5937,heavy_dissipation_019,heavy_dissipation,19,96,150059,0.35,0.15,0.0,128,6,validation
5938,heavy_dissipation_019,heavy_dissipation,19,97,150059,0.35,0.15,0.0,128,6,validation
5939,heavy_dissipation_019,heavy_dissipation,19,98,150059,0.35,0.15,0.0,128,6,validation
5940,collapse_000,collapse,0,0,150060,0.5,0.65,0.0,128,6,train
5941,collapse_000,collapse,0,1,150060,0.5,0.65,0.0,128,6,train
5942,collapse_000,collapse,0,2,150060,0.5,0.65,0.0,128,6,train
5943,collapse_000,collapse,0,3,150060,0.5,0.65,0.0,128,6,train
5944,collapse_000,collapse,0,4,150060,0.5,0.65,0.0,128,6,train
5945,collapse_000,collapse,0,5,150060,0.5,0.65,0.0,128,6,train
5946,collapse_000,collapse,0,6,150060,0.5,0.65,0.0,128,6,train
5947,collapse_000,collapse,0,7,150060,0.5,0.65,0.0,128,6,train
5948,collapse_000,collapse,0,8,150060,0.5,0.65,0.0,128,6,train
5949,collapse_000,collapse,0,9,150060,0.5,0.65,0.0,128,6,train
5950,collapse_000,collapse,0,10,150060,0.5,0.65,0.0,128,6,train
5951,collapse_000,collapse,0,11,150060,0.5,0.65,0.0,128,6,train
5952,collapse_000,collapse,0,12,150060,0.5,0.65,0.0,128,6,train
5953,collapse_000,collapse,0,13,150060,0.5,0.65,0.0,128,6,train
5954,collapse_000,collapse,0,14,150060,0.5,0.65,0.0,128,6,train
5955,collapse_000,collapse,0,15,150060,0.5,0.65,0.0,128,6,train
5956,collapse_000,collapse,0,16,150060,0.5,0.65,0.0,128,6,train
5957,collapse_000,collapse,0,17,150060,0.5,0.65,0.0,128,6,train
5958,collapse_000,collapse,0,18,150060,0.5,0.65,0.0,128,6,train
5959,collapse_000,collapse,0,19,150060,0.5,0.65,0.0,128,6,train
5960,collapse_000,collapse,0,20,150060,0.5,0.65,0.0,128,6,train
5961,collapse_000,collapse,0,21,150060,0.5,0.65,0.0,128,6,train
5962,collapse_000,collapse,0,22,150060,0.5,0.65,0.0,128,6,train
5963,collapse_000,collapse,0,23,150060,0.5,0.65,0.0,128,6,train
5964,collapse_000,collapse,0,24,150060,0.5,0.65,0.0,128,6,train
5965,collapse_000,collapse,0,25,150060,0.5,0.65,0.0,128,6,train
5966,collapse_000,collapse,0,26,150060,0.5,0.65,0.0,128,6,train
5967,collapse_000,collapse,0,27,150060,0.5,0.65,0.0,128,6,train
5968,collapse_000,collapse,0,28,150060,0.5,0.65,0.0,128,6,train
5969,collapse_000,collapse,0,29,150060,0.5,0.65,0.0,128,6,train
5970,collapse_000,collapse,0,30,150060,0.5,0.65,0.0,128,6,train
5971,collapse_000,collapse,0,31,150060,0.5,0.65,0.0,128,6,train
5972,collapse_000,collapse,0,32,150060,0.5,0.65,0.0,128,6,train
5973,collapse_000,collapse,0,33,150060,0.5,0.65,0.0,128,6,train
5974,collapse_000,collapse,0,34,150060,0.5,0.65,0.0,128,6,train
5975,collapse_000,collapse,0,35,150060,0.5,0.65,0.0,128,6,train
5976,collapse_000,collapse,0,36,150060,0.5,0.65,0.0,128,6,train
5977,collapse_000,collapse,0,37,150060,0.5,0.65,0.0,128,6,train
5978,collapse_000,collapse,0,38,150060,0.5,0.65,0.0,128,6,train
5979,collapse_000,collapse,0,39,150060,0.5,0.65,0.0,128,6,train
5980,collapse_000,collapse,0,40,150060,0.5,0.65,0.0,128,6,train
5981,collapse_000,collapse,0,41,150060,0.5,0.65,0.0,128,6,train
5982,collapse_000,collapse,0,42,150060,0.5,0.65,0.0,128,6,train
5983,collapse_000,collapse,0,43,150060,0.5,0.65,0.0,128,6,train
5984,collapse_000,collapse,0,44,150060,0.5,0.65,0.0,128,6,train
5985,collapse_000,collapse,0,45,150060,0.5,0.65,0.0,128,6,train
5986,collapse_000,collapse,0,46,150060,0.5,0.65,0.0,128,6,train
5987,collapse_000,collapse,0,47,150060,0.5,0.65,0.0,128,6,train
5988,collapse_000,collapse,0,48,150060,0.5,0.65,0.0,128,6,train
5989,collapse_000,collapse,0,49,150060,0.5,0.65,0.0,128,6,train
5990,collapse_000,collapse,0,50,150060,0.5,0.65,0.0,128,6,train
5991,collapse_000,collapse,0,51,150060,0.5,0.65,0.0,128,6,train
5992,collapse_000,collapse,0,52,150060,0.5,0.65,0.0,128,6,train
5993,collapse_000,collapse,0,53,150060,0.5,0.65,0.0,128,6,train
5994,collapse_000,collapse,0,54,150060,0.5,0.65,0.0,128,6,train
5995,collapse_000,collapse,0,55,150060,0.5,0.65,0.0,128,6,train
5996,collapse_000,collapse,0,56,150060,0.5,0.65,0.0,128,6,train
5997,collapse_000,collapse,0,57,150060,0.5,0.65,0.0,128,6,train
5998,collapse_000,collapse,0,58,150060,0.5,0.65,0.0,128,6,train
5999,collapse_000,collapse,0,59,150060,0.5,0.65,0.0,128,6,train
6000,collapse_000,collapse,0,60,150060,0.5,0.65,0.0,128,6,train
6001,collapse_000,collapse,0,61,150060,0.5,0.65,0.0,128,6,train
6002,collapse_000,collapse,0,62,150060,0.5,0.65,0.0,128,6,train
6003,collapse_000,collapse,0,63,150060,0.5,0.65,0.0,128,6,train
6004,collapse_000,collapse,0,64,150060,0.5,0.65,0.0,128,6,train
6005,collapse_000,collapse,0,65,150060,0.5,0.65,0.0,128,6,train
6006,collapse_000,collapse,0,66,150060,0.5,0.65,0.0,128,6,train
6007,collapse_000,collapse,0,67,150060,0.5,0.65,0.0,128,6,train
6008,collapse_000,collapse,0,68,150060,0.5,0.65,0.0,128,6,train
6009,collapse_000,collapse,0,69,150060,0.5,0.65,0.0,128,6,train
6010,collapse_000,collapse,0,70,150060,0.5,0.65,0.0,128,6,train
6011,collapse_000,collapse,0,71,150060,0.5,0.65,0.0,128,6,train
6012,collapse_000,collapse,0,72,150060,0.5,0.65,0.0,128,6,train
6013,collapse_000,collapse,0,73,150060,0.5,0.65,0.0,128,6,train
6014,collapse_000,collapse,0,74,150060,0.5,0.65,0.0,128,6,train
6015,collapse_000,collapse,0,75,150060,0.5,0.65,0.0,128,6,train
6016,collapse_000,collapse,0,76,150060,0.5,0.65,0.0,128,6,train
6017,collapse_000,collapse,0,77,150060,0.5,0.65,0.0,128,6,train
6018,collapse_000,collapse,0,78,150060,0.5,0.65,0.0,128,6,train
6019,collapse_000,collapse,0,79,150060,0.5,0.65,0.0,128,6,train
6020,collapse_000,collapse,0,80,150060,0.5,0.65,0.0,128,6,train
6021,collapse_000,collapse,0,81,150060,0.5,0.65,0.0,128,6,train
6022,collapse_000,collapse,0,82,150060,0.5,0.65,0.0,128,6,train
6023,collapse_000,collapse,0,83,150060,0.5,0.65,0.0,128,6,train
6024,collapse_000,collapse,0,84,150060,0.5,0.65,0.0,128,6,train
6025,collapse_000,collapse,0,85,150060,0.5,0.65,0.0,128,6,train
6026,collapse_000,collapse,0,86,150060,0.5,0.65,0.0,128,6,train
6027,collapse_000,collapse,0,87,150060,0.5,0.65,0.0,128,6,train
6028,collapse_000,collapse,0,88,150060,0.5,0.65,0.0,128,6,train
6029,collapse_000,collapse,0,89,150060,0.5,0.65,0.0,128,6,train
6030,collapse_000,collapse,0,90,150060,0.5,0.65,0.0,128,6,train
6031,collapse_000,collapse,0,91,150060,0.5,0.65,0.0,128,6,train
6032,collapse_000,collapse,0,92,150060,0.5,0.65,0.0,128,6,train
6033,collapse_000,collapse,0,93,150060,0.5,0.65,0.0,128,6,train
6034,collapse_000,collapse,0,94,150060,0.5,0.65,0.0,128,6,train
6035,collapse_000,collapse,0,95,150060,0.5,0.65,0.0,128,6,train
6036,collapse_000,collapse,0,96,150060,0.5,0.65,0.0,128,6,train
6037,collapse_000,collapse,0,97,150060,0.5,0.65,0.0,128,6,train
6038,collapse_000,collapse,0,98,150060,0.5,0.65,0.0,128,6,train
6039,collapse_001,collapse,1,0,150061,0.5,0.65,0.0,128,6,train
6040,collapse_001,collapse,1,1,150061,0.5,0.65,0.0,128,6,train
6041,collapse_001,collapse,1,2,150061,0.5,0.65,0.0,128,6,train
6042,collapse_001,collapse,1,3,150061,0.5,0.65,0.0,128,6,train
6043,collapse_001,collapse,1,4,150061,0.5,0.65,0.0,128,6,train
6044,collapse_001,collapse,1,5,150061,0.5,0.65,0.0,128,6,train
6045,collapse_001,collapse,1,6,150061,0.5,0.65,0.0,128,6,train
6046,collapse_001,collapse,1,7,150061,0.5,0.65,0.0,128,6,train
6047,collapse_001,collapse,1,8,150061,0.5,0.65,0.0,128,6,train
6048,collapse_001,collapse,1,9,150061,0.5,0.65,0.0,128,6,train
6049,collapse_001,collapse,1,10,150061,0.5,0.65,0.0,128,6,train
6050,collapse_001,collapse,1,11,150061,0.5,0.65,0.0,128,6,train
6051,collapse_001,collapse,1,12,150061,0.5,0.65,0.0,128,6,train
6052,collapse_001,collapse,1,13,150061,0.5,0.65,0.0,128,6,train
6053,collapse_001,collapse,1,14,150061,0.5,0.65,0.0,128,6,train
6054,collapse_001,collapse,1,15,150061,0.5,0.65,0.0,128,6,train
6055,collapse_001,collapse,1,16,150061,0.5,0.65,0.0,128,6,train
6056,collapse_001,collapse,1,17,150061,0.5,0.65,0.0,128,6,train
6057,collapse_001,collapse,1,18,150061,0.5,0.65,0.0,128,6,train
6058,collapse_001,collapse,1,19,150061,0.5,0.65,0.0,128,6,train
6059,collapse_001,collapse,1,20,150061,0.5,0.65,0.0,128,6,train
6060,collapse_001,collapse,1,21,150061,0.5,0.65,0.0,128,6,train
6061,collapse_001,collapse,1,22,150061,0.5,0.65,0.0,128,6,train
6062,collapse_001,collapse,1,23,150061,0.5,0.65,0.0,128,6,train
6063,collapse_001,collapse,1,24,150061,0.5,0.65,0.0,128,6,train
6064,collapse_001,collapse,1,25,150061,0.5,0.65,0.0,128,6,train
6065,collapse_001,collapse,1,26,150061,0.5,0.65,0.0,128,6,train
6066,collapse_001,collapse,1,27,150061,0.5,0.65,0.0,128,6,train
6067,collapse_001,collapse,1,28,150061,0.5,0.65,0.0,128,6,train
6068,collapse_001,collapse,1,29,150061,0.5,0.65,0.0,128,6,train
6069,collapse_001,collapse,1,30,150061,0.5,0.65,0.0,128,6,train
6070,collapse_001,collapse,1,31,150061,0.5,0.65,0.0,128,6,train
6071,collapse_001,collapse,1,32,150061,0.5,0.65,0.0,128,6,train
6072,collapse_001,collapse,1,33,150061,0.5,0.65,0.0,128,6,train
6073,collapse_001,collapse,1,34,150061,0.5,0.65,0.0,128,6,train
6074,collapse_001,collapse,1,35,150061,0.5,0.65,0.0,128,6,train
6075,collapse_001,collapse,1,36,150061,0.5,0.65,0.0,128,6,train
6076,collapse_001,collapse,1,37,150061,0.5,0.65,0.0,128,6,train
6077,collapse_001,collapse,1,38,150061,0.5,0.65,0.0,128,6,train
6078,collapse_001,collapse,1,39,150061,0.5,0.65,0.0,128,6,train
6079,collapse_001,collapse,1,40,150061,0.5,0.65,0.0,128,6,train
6080,collapse_001,collapse,1,41,150061,0.5,0.65,0.0,128,6,train
6081,collapse_001,collapse,1,42,150061,0.5,0.65,0.0,128,6,train
6082,collapse_001,collapse,1,43,150061,0.5,0.65,0.0,128,6,train
6083,collapse_001,collapse,1,44,150061,0.5,0.65,0.0,128,6,train
6084,collapse_001,collapse,1,45,150061,0.5,0.65,0.0,128,6,train
6085,collapse_001,collapse,1,46,150061,0.5,0.65,0.0,128,6,train
6086,collapse_001,collapse,1,47,150061,0.5,0.65,0.0,128,6,train
6087,collapse_001,collapse,1,48,150061,0.5,0.65,0.0,128,6,train
6088,collapse_001,collapse,1,49,150061,0.5,0.65,0.0,128,6,train
6089,collapse_001,collapse,1,50,150061,0.5,0.65,0.0,128,6,train
6090,collapse_001,collapse,1,51,150061,0.5,0.65,0.0,128,6,train
6091,collapse_001,collapse,1,52,150061,0.5,0.65,0.0,128,6,train
6092,collapse_001,collapse,1,53,150061,0.5,0.65,0.0,128,6,train
6093,collapse_001,collapse,1,54,150061,0.5,0.65,0.0,128,6,train
6094,collapse_001,collapse,1,55,150061,0.5,0.65,0.0,128,6,train
6095,collapse_001,collapse,1,56,150061,0.5,0.65,0.0,128,6,train
6096,collapse_001,collapse,1,57,150061,0.5,0.65,0.0,128,6,train
6097,collapse_001,collapse,1,58,150061,0.5,0.65,0.0,128,6,train
6098,collapse_001,collapse,1,59,150061,0.5,0.65,0.0,128,6,train
6099,collapse_001,collapse,1,60,150061,0.5,0.65,0.0,128,6,train
6100,collapse_001,collapse,1,61,150061,0.5,0.65,0.0,128,6,train
6101,collapse_001,collapse,1,62,150061,0.5,0.65,0.0,128,6,train
6102,collapse_001,collapse,1,63,150061,0.5,0.65,0.0,128,6,train
6103,collapse_001,collapse,1,64,150061,0.5,0.65,0.0,128,6,train
6104,collapse_001,collapse,1,65,150061,0.5,0.65,0.0,128,6,train
6105,collapse_001,collapse,1,66,150061,0.5,0.65,0.0,128,6,train
6106,collapse_001,collapse,1,67,150061,0.5,0.65,0.0,128,6,train
6107,collapse_001,collapse,1,68,150061,0.5,0.65,0.0,128,6,train
6108,collapse_001,collapse,1,69,150061,0.5,0.65,0.0,128,6,train
6109,collapse_001,collapse,1,70,150061,0.5,0.65,0.0,128,6,train
6110,collapse_001,collapse,1,71,150061,0.5,0.65,0.0,128,6,train
6111,collapse_001,collapse,1,72,150061,0.5,0.65,0.0,128,6,train
6112,collapse_001,collapse,1,73,150061,0.5,0.65,0.0,128,6,train
6113,collapse_001,collapse,1,74,150061,0.5,0.65,0.0,128,6,train
6114,collapse_001,collapse,1,75,150061,0.5,0.65,0.0,128,6,train
6115,collapse_001,collapse,1,76,150061,0.5,0.65,0.0,128,6,train
6116,collapse_001,collapse,1,77,150061,0.5,0.65,0.0,128,6,train
6117,collapse_001,collapse,1,78,150061,0.5,0.65,0.0,128,6,train
6118,collapse_001,collapse,1,79,150061,0.5,0.65,0.0,128,6,train
6119,collapse_001,collapse,1,80,150061,0.5,0.65,0.0,128,6,train
6120,collapse_001,collapse,1,81,150061,0.5,0.65,0.0,128,6,train
6121,collapse_001,collapse,1,82,150061,0.5,0.65,0.0,128,6,train
6122,collapse_001,collapse,1,83,150061,0.5,0.65,0.0,128,6,train
6123,collapse_001,collapse,1,84,150061,0.5,0.65,0.0,128,6,train
6124,collapse_001,collapse,1,85,150061,0.5,0.65,0.0,128,6,train
6125,collapse_001,collapse,1,86,150061,0.5,0.65,0.0,128,6,train
6126,collapse_001,collapse,1,87,150061,0.5,0.65,0.0,128,6,train
6127,collapse_001,collapse,1,88,150061,0.5,0.65,0.0,128,6,train
6128,collapse_001,collapse,1,89,150061,0.5,0.65,0.0,128,6,train
6129,collapse_001,collapse,1,90,150061,0.5,0.65,0.0,128,6,train
6130,collapse_001,collapse,1,91,150061,0.5,0.65,0.0,128,6,train
6131,collapse_001,collapse,1,92,150061,0.5,0.65,0.0,128,6,train
6132,collapse_001,collapse,1,93,150061,0.5,0.65,0.0,128,6,train
6133,collapse_001,collapse,1,94,150061,0.5,0.65,0.0,128,6,train
6134,collapse_001,collapse,1,95,150061,0.5,0.65,0.0,128,6,train
6135,collapse_001,collapse,1,96,150061,0.5,0.65,0.0,128,6,train
6136,collapse_001,collapse,1,97,150061,0.5,0.65,0.0,128,6,train
6137,collapse_001,collapse,1,98,150061,0.5,0.65,0.0,128,6,train
6138,collapse_002,collapse,2,0,150062,0.5,0.65,0.0,128,6,train
6139,collapse_002,collapse,2,1,150062,0.5,0.65,0.0,128,6,train
6140,collapse_002,collapse,2,2,150062,0.5,0.65,0.0,128,6,train
6141,collapse_002,collapse,2,3,150062,0.5,0.65,0.0,128,6,train
6142,collapse_002,collapse,2,4,150062,0.5,0.65,0.0,128,6,train
6143,collapse_002,collapse,2,5,150062,0.5,0.65,0.0,128,6,train
6144,collapse_002,collapse,2,6,150062,0.5,0.65,0.0,128,6,train
6145,collapse_002,collapse,2,7,150062,0.5,0.65,0.0,128,6,train
6146,collapse_002,collapse,2,8,150062,0.5,0.65,0.0,128,6,train
6147,collapse_002,collapse,2,9,150062,0.5,0.65,0.0,128,6,train
6148,collapse_002,collapse,2,10,150062,0.5,0.65,0.0,128,6,train
6149,collapse_002,collapse,2,11,150062,0.5,0.65,0.0,128,6,train
6150,collapse_002,collapse,2,12,150062,0.5,0.65,0.0,128,6,train
6151,collapse_002,collapse,2,13,150062,0.5,0.65,0.0,128,6,train
6152,collapse_002,collapse,2,14,150062,0.5,0.65,0.0,128,6,train
6153,collapse_002,collapse,2,15,150062,0.5,0.65,0.0,128,6,train
6154,collapse_002,collapse,2,16,150062,0.5,0.65,0.0,128,6,train
6155,collapse_002,collapse,2,17,150062,0.5,0.65,0.0,128,6,train
6156,collapse_002,collapse,2,18,150062,0.5,0.65,0.0,128,6,train
6157,collapse_002,collapse,2,19,150062,0.5,0.65,0.0,128,6,train
6158,collapse_002,collapse,2,20,150062,0.5,0.65,0.0,128,6,train
6159,collapse_002,collapse,2,21,150062,0.5,0.65,0.0,128,6,train
6160,collapse_002,collapse,2,22,150062,0.5,0.65,0.0,128,6,train
6161,collapse_002,collapse,2,23,150062,0.5,0.65,0.0,128,6,train
6162,collapse_002,collapse,2,24,150062,0.5,0.65,0.0,128,6,train
6163,collapse_002,collapse,2,25,150062,0.5,0.65,0.0,128,6,train
6164,collapse_002,collapse,2,26,150062,0.5,0.65,0.0,128,6,train
6165,collapse_002,collapse,2,27,150062,0.5,0.65,0.0,128,6,train
6166,collapse_002,collapse,2,28,150062,0.5,0.65,0.0,128,6,train
6167,collapse_002,collapse,2,29,150062,0.5,0.65,0.0,128,6,train
6168,collapse_002,collapse,2,30,150062,0.5,0.65,0.0,128,6,train
6169,collapse_002,collapse,2,31,150062,0.5,0.65,0.0,128,6,train
6170,collapse_002,collapse,2,32,150062,0.5,0.65,0.0,128,6,train
6171,collapse_002,collapse,2,33,150062,0.5,0.65,0.0,128,6,train
6172,collapse_002,collapse,2,34,150062,0.5,0.65,0.0,128,6,train
6173,collapse_002,collapse,2,35,150062,0.5,0.65,0.0,128,6,train
6174,collapse_002,collapse,2,36,150062,0.5,0.65,0.0,128,6,train
6175,collapse_002,collapse,2,37,150062,0.5,0.65,0.0,128,6,train
6176,collapse_002,collapse,2,38,150062,0.5,0.65,0.0,128,6,train
6177,collapse_002,collapse,2,39,150062,0.5,0.65,0.0,128,6,train
6178,collapse_002,collapse,2,40,150062,0.5,0.65,0.0,128,6,train
6179,collapse_002,collapse,2,41,150062,0.5,0.65,0.0,128,6,train
6180,collapse_002,collapse,2,42,150062,0.5,0.65,0.0,128,6,train
6181,collapse_002,collapse,2,43,150062,0.5,0.65,0.0,128,6,train
6182,collapse_002,collapse,2,44,150062,0.5,0.65,0.0,128,6,train
6183,collapse_002,collapse,2,45,150062,0.5,0.65,0.0,128,6,train
6184,collapse_002,collapse,2,46,150062,0.5,0.65,0.0,128,6,train
6185,collapse_002,collapse,2,47,150062,0.5,0.65,0.0,128,6,train
6186,collapse_002,collapse,2,48,150062,0.5,0.65,0.0,128,6,train
6187,collapse_002,collapse,2,49,150062,0.5,0.65,0.0,128,6,train
6188,collapse_002,collapse,2,50,150062,0.5,0.65,0.0,128,6,train
6189,collapse_002,collapse,2,51,150062,0.5,0.65,0.0,128,6,train
6190,collapse_002,collapse,2,52,150062,0.5,0.65,0.0,128,6,train
6191,collapse_002,collapse,2,53,150062,0.5,0.65,0.0,128,6,train
6192,collapse_002,collapse,2,54,150062,0.5,0.65,0.0,128,6,train
6193,collapse_002,collapse,2,55,150062,0.5,0.65,0.0,128,6,train
6194,collapse_002,collapse,2,56,150062,0.5,0.65,0.0,128,6,train
6195,collapse_002,collapse,2,57,150062,0.5,0.65,0.0,128,6,train
6196,collapse_002,collapse,2,58,150062,0.5,0.65,0.0,128,6,train
6197,collapse_002,collapse,2,59,150062,0.5,0.65,0.0,128,6,train
6198,collapse_002,collapse,2,60,150062,0.5,0.65,0.0,128,6,train
6199,collapse_002,collapse,2,61,150062,0.5,0.65,0.0,128,6,train
6200,collapse_002,collapse,2,62,150062,0.5,0.65,0.0,128,6,train
6201,collapse_002,collapse,2,63,150062,0.5,0.65,0.0,128,6,train
6202,collapse_002,collapse,2,64,150062,0.5,0.65,0.0,128,6,train
6203,collapse_002,collapse,2,65,150062,0.5,0.65,0.0,128,6,train
6204,collapse_002,collapse,2,66,150062,0.5,0.65,0.0,128,6,train
6205,collapse_002,collapse,2,67,150062,0.5,0.65,0.0,128,6,train
6206,collapse_002,collapse,2,68,150062,0.5,0.65,0.0,128,6,train
6207,collapse_002,collapse,2,69,150062,0.5,0.65,0.0,128,6,train
6208,collapse_002,collapse,2,70,150062,0.5,0.65,0.0,128,6,train
6209,collapse_002,collapse,2,71,150062,0.5,0.65,0.0,128,6,train
6210,collapse_002,collapse,2,72,150062,0.5,0.65,0.0,128,6,train
6211,collapse_002,collapse,2,73,150062,0.5,0.65,0.0,128,6,train
6212,collapse_002,collapse,2,74,150062,0.5,0.65,0.0,128,6,train
6213,collapse_002,collapse,2,75,150062,0.5,0.65,0.0,128,6,train
6214,collapse_002,collapse,2,76,150062,0.5,0.65,0.0,128,6,train
6215,collapse_002,collapse,2,77,150062,0.5,0.65,0.0,128,6,train
6216,collapse_002,collapse,2,78,150062,0.5,0.65,0.0,128,6,train
6217,collapse_002,collapse,2,79,150062,0.5,0.65,0.0,128,6,train
6218,collapse_002,collapse,2,80,150062,0.5,0.65,0.0,128,6,train
6219,collapse_002,collapse,2,81,150062,0.5,0.65,0.0,128,6,train
6220,collapse_002,collapse,2,82,150062,0.5,0.65,0.0,128,6,train
6221,collapse_002,collapse,2,83,150062,0.5,0.65,0.0,128,6,train
6222,collapse_002,collapse,2,84,150062,0.5,0.65,0.0,128,6,train
6223,collapse_002,collapse,2,85,150062,0.5,0.65,0.0,128,6,train
6224,collapse_002,collapse,2,86,150062,0.5,0.65,0.0,128,6,train
6225,collapse_002,collapse,2,87,150062,0.5,0.65,0.0,128,6,train
6226,collapse_002,collapse,2,88,150062,0.5,0.65,0.0,128,6,train
6227,collapse_002,collapse,2,89,150062,0.5,0.65,0.0,128,6,train
6228,collapse_002,collapse,2,90,150062,0.5,0.65,0.0,128,6,train
6229,collapse_002,collapse,2,91,150062,0.5,0.65,0.0,128,6,train
6230,collapse_002,collapse,2,92,150062,0.5,0.65,0.0,128,6,train
6231,collapse_002,collapse,2,93,150062,0.5,0.65,0.0,128,6,train
6232,collapse_002,collapse,2,94,150062,0.5,0.65,0.0,128,6,train
6233,collapse_002,collapse,2,95,150062,0.5,0.65,0.0,128,6,train
6234,collapse_002,collapse,2,96,150062,0.5,0.65,0.0,128,6,train
6235,collapse_002,collapse,2,97,150062,0.5,0.65,0.0,128,6,train
6236,collapse_002,collapse,2,98,150062,0.5,0.65,0.0,128,6,train
6237,collapse_003,collapse,3,0,150063,0.5,0.65,0.0,128,6,validation
6238,collapse_003,collapse,3,1,150063,0.5,0.65,0.0,128,6,validation
6239,collapse_003,collapse,3,2,150063,0.5,0.65,0.0,128,6,validation
6240,collapse_003,collapse,3,3,150063,0.5,0.65,0.0,128,6,validation
6241,collapse_003,collapse,3,4,150063,0.5,0.65,0.0,128,6,validation
6242,collapse_003,collapse,3,5,150063,0.5,0.65,0.0,128,6,validation
6243,collapse_003,collapse,3,6,150063,0.5,0.65,0.0,128,6,validation
6244,collapse_003,collapse,3,7,150063,0.5,0.65,0.0,128,6,validation
6245,collapse_003,collapse,3,8,150063,0.5,0.65,0.0,128,6,validation
6246,collapse_003,collapse,3,9,150063,0.5,0.65,0.0,128,6,validation
6247,collapse_003,collapse,3,10,150063,0.5,0.65,0.0,128,6,validation
6248,collapse_003,collapse,3,11,150063,0.5,0.65,0.0,128,6,validation
6249,collapse_003,collapse,3,12,150063,0.5,0.65,0.0,128,6,validation
6250,collapse_003,collapse,3,13,150063,0.5,0.65,0.0,128,6,validation
6251,collapse_003,collapse,3,14,150063,0.5,0.65,0.0,128,6,validation
6252,collapse_003,collapse,3,15,150063,0.5,0.65,0.0,128,6,validation
6253,collapse_003,collapse,3,16,150063,0.5,0.65,0.0,128,6,validation
6254,collapse_003,collapse,3,17,150063,0.5,0.65,0.0,128,6,validation
6255,collapse_003,collapse,3,18,150063,0.5,0.65,0.0,128,6,validation
6256,collapse_003,collapse,3,19,150063,0.5,0.65,0.0,128,6,validation
6257,collapse_003,collapse,3,20,150063,0.5,0.65,0.0,128,6,validation
6258,collapse_003,collapse,3,21,150063,0.5,0.65,0.0,128,6,validation
6259,collapse_003,collapse,3,22,150063,0.5,0.65,0.0,128,6,validation
6260,collapse_003,collapse,3,23,150063,0.5,0.65,0.0,128,6,validation
6261,collapse_003,collapse,3,24,150063,0.5,0.65,0.0,128,6,validation
6262,collapse_003,collapse,3,25,150063,0.5,0.65,0.0,128,6,validation
6263,collapse_003,collapse,3,26,150063,0.5,0.65,0.0,128,6,validation
6264,collapse_003,collapse,3,27,150063,0.5,0.65,0.0,128,6,validation
6265,collapse_003,collapse,3,28,150063,0.5,0.65,0.0,128,6,validation
6266,collapse_003,collapse,3,29,150063,0.5,0.65,0.0,128,6,validation
6267,collapse_003,collapse,3,30,150063,0.5,0.65,0.0,128,6,validation
6268,collapse_003,collapse,3,31,150063,0.5,0.65,0.0,128,6,validation
6269,collapse_003,collapse,3,32,150063,0.5,0.65,0.0,128,6,validation
6270,collapse_003,collapse,3,33,150063,0.5,0.65,0.0,128,6,validation
6271,collapse_003,collapse,3,34,150063,0.5,0.65,0.0,128,6,validation
6272,collapse_003,collapse,3,35,150063,0.5,0.65,0.0,128,6,validation
6273,collapse_003,collapse,3,36,150063,0.5,0.65,0.0,128,6,validation
6274,collapse_003,collapse,3,37,150063,0.5,0.65,0.0,128,6,validation
6275,collapse_003,collapse,3,38,150063,0.5,0.65,0.0,128,6,validation
6276,collapse_003,collapse,3,39,150063,0.5,0.65,0.0,128,6,validation
6277,collapse_003,collapse,3,40,150063,0.5,0.65,0.0,128,6,validation
6278,collapse_003,collapse,3,41,150063,0.5,0.65,0.0,128,6,validation
6279,collapse_003,collapse,3,42,150063,0.5,0.65,0.0,128,6,validation
6280,collapse_003,collapse,3,43,150063,0.5,0.65,0.0,128,6,validation
6281,collapse_003,collapse,3,44,150063,0.5,0.65,0.0,128,6,validation
6282,collapse_003,collapse,3,45,150063,0.5,0.65,0.0,128,6,validation
6283,collapse_003,collapse,3,46,150063,0.5,0.65,0.0,128,6,validation
6284,collapse_003,collapse,3,47,150063,0.5,0.65,0.0,128,6,validation
6285,collapse_003,collapse,3,48,150063,0.5,0.65,0.0,128,6,validation
6286,collapse_003,collapse,3,49,150063,0.5,0.65,0.0,128,6,validation
6287,collapse_003,collapse,3,50,150063,0.5,0.65,0.0,128,6,validation
6288,collapse_003,collapse,3,51,150063,0.5,0.65,0.0,128,6,validation
6289,collapse_003,collapse,3,52,150063,0.5,0.65,0.0,128,6,validation
6290,collapse_003,collapse,3,53,150063,0.5,0.65,0.0,128,6,validation
6291,collapse_003,collapse,3,54,150063,0.5,0.65,0.0,128,6,validation
6292,collapse_003,collapse,3,55,150063,0.5,0.65,0.0,128,6,validation
6293,collapse_003,collapse,3,56,150063,0.5,0.65,0.0,128,6,validation
6294,collapse_003,collapse,3,57,150063,0.5,0.65,0.0,128,6,validation
6295,collapse_003,collapse,3,58,150063,0.5,0.65,0.0,128,6,validation
6296,collapse_003,collapse,3,59,150063,0.5,0.65,0.0,128,6,validation
6297,collapse_003,collapse,3,60,150063,0.5,0.65,0.0,128,6,validation
6298,collapse_003,collapse,3,61,150063,0.5,0.65,0.0,128,6,validation
6299,collapse_003,collapse,3,62,150063,0.5,0.65,0.0,128,6,validation
6300,collapse_003,collapse,3,63,150063,0.5,0.65,0.0,128,6,validation
6301,collapse_003,collapse,3,64,150063,0.5,0.65,0.0,128,6,validation
6302,collapse_003,collapse,3,65,150063,0.5,0.65,0.0,128,6,validation
6303,collapse_003,collapse,3,66,150063,0.5,0.65,0.0,128,6,validation
6304,collapse_003,collapse,3,67,150063,0.5,0.65,0.0,128,6,validation
6305,collapse_003,collapse,3,68,150063,0.5,0.65,0.0,128,6,validation
6306,collapse_003,collapse,3,69,150063,0.5,0.65,0.0,128,6,validation
6307,collapse_003,collapse,3,70,150063,0.5,0.65,0.0,128,6,validation
6308,collapse_003,collapse,3,71,150063,0.5,0.65,0.0,128,6,validation
6309,collapse_003,collapse,3,72,150063,0.5,0.65,0.0,128,6,validation
6310,collapse_003,collapse,3,73,150063,0.5,0.65,0.0,128,6,validation
6311,collapse_003,collapse,3,74,150063,0.5,0.65,0.0,128,6,validation
6312,collapse_003,collapse,3,75,150063,0.5,0.65,0.0,128,6,validation
6313,collapse_003,collapse,3,76,150063,0.5,0.65,0.0,128,6,validation
6314,collapse_003,collapse,3,77,150063,0.5,0.65,0.0,128,6,validation
6315,collapse_003,collapse,3,78,150063,0.5,0.65,0.0,128,6,validation
6316,collapse_003,collapse,3,79,150063,0.5,0.65,0.0,128,6,validation
6317,collapse_003,collapse,3,80,150063,0.5,0.65,0.0,128,6,validation
6318,collapse_003,collapse,3,81,150063,0.5,0.65,0.0,128,6,validation
6319,collapse_003,collapse,3,82,150063,0.5,0.65,0.0,128,6,validation
6320,collapse_003,collapse,3,83,150063,0.5,0.65,0.0,128,6,validation
6321,collapse_003,collapse,3,84,150063,0.5,0.65,0.0,128,6,validation
6322,collapse_003,collapse,3,85,150063,0.5,0.65,0.0,128,6,validation
6323,collapse_003,collapse,3,86,150063,0.5,0.65,0.0,128,6,validation
6324,collapse_003,collapse,3,87,150063,0.5,0.65,0.0,128,6,validation
6325,collapse_003,collapse,3,88,150063,0.5,0.65,0.0,128,6,validation
6326,collapse_003,collapse,3,89,150063,0.5,0.65,0.0,128,6,validation
6327,collapse_003,collapse,3,90,150063,0.5,0.65,0.0,128,6,validation
6328,collapse_003,collapse,3,91,150063,0.5,0.65,0.0,128,6,validation
6329,collapse_003,collapse,3,92,150063,0.5,0.65,0.0,128,6,validation
6330,collapse_003,collapse,3,93,150063,0.5,0.65,0.0,128,6,validation
6331,collapse_003,collapse,3,94,150063,0.5,0.65,0.0,128,6,validation
6332,collapse_003,collapse,3,95,150063,0.5,0.65,0.0,128,6,validation
6333,collapse_003,collapse,3,96,150063,0.5,0.65,0.0,128,6,validation
6334,collapse_003,collapse,3,97,150063,0.5,0.65,0.0,128,6,validation
6335,collapse_003,collapse,3,98,150063,0.5,0.65,0.0,128,6,validation
6336,collapse_004,collapse,4,0,150064,0.5,0.65,0.0,128,6,test
6337,collapse_004,collapse,4,1,150064,0.5,0.65,0.0,128,6,test
6338,collapse_004,collapse,4,2,150064,0.5,0.65,0.0,128,6,test
6339,collapse_004,collapse,4,3,150064,0.5,0.65,0.0,128,6,test
6340,collapse_004,collapse,4,4,150064,0.5,0.65,0.0,128,6,test
6341,collapse_004,collapse,4,5,150064,0.5,0.65,0.0,128,6,test
6342,collapse_004,collapse,4,6,150064,0.5,0.65,0.0,128,6,test
6343,collapse_004,collapse,4,7,150064,0.5,0.65,0.0,128,6,test
6344,collapse_004,collapse,4,8,150064,0.5,0.65,0.0,128,6,test
6345,collapse_004,collapse,4,9,150064,0.5,0.65,0.0,128,6,test
6346,collapse_004,collapse,4,10,150064,0.5,0.65,0.0,128,6,test
6347,collapse_004,collapse,4,11,150064,0.5,0.65,0.0,128,6,test
6348,collapse_004,collapse,4,12,150064,0.5,0.65,0.0,128,6,test
6349,collapse_004,collapse,4,13,150064,0.5,0.65,0.0,128,6,test
6350,collapse_004,collapse,4,14,150064,0.5,0.65,0.0,128,6,test
6351,collapse_004,collapse,4,15,150064,0.5,0.65,0.0,128,6,test
6352,collapse_004,collapse,4,16,150064,0.5,0.65,0.0,128,6,test
6353,collapse_004,collapse,4,17,150064,0.5,0.65,0.0,128,6,test
6354,collapse_004,collapse,4,18,150064,0.5,0.65,0.0,128,6,test
6355,collapse_004,collapse,4,19,150064,0.5,0.65,0.0,128,6,test
6356,collapse_004,collapse,4,20,150064,0.5,0.65,0.0,128,6,test
6357,collapse_004,collapse,4,21,150064,0.5,0.65,0.0,128,6,test
6358,collapse_004,collapse,4,22,150064,0.5,0.65,0.0,128,6,test
6359,collapse_004,collapse,4,23,150064,0.5,0.65,0.0,128,6,test
6360,collapse_004,collapse,4,24,150064,0.5,0.65,0.0,128,6,test
6361,collapse_004,collapse,4,25,150064,0.5,0.65,0.0,128,6,test
6362,collapse_004,collapse,4,26,150064,0.5,0.65,0.0,128,6,test
6363,collapse_004,collapse,4,27,150064,0.5,0.65,0.0,128,6,test
6364,collapse_004,collapse,4,28,150064,0.5,0.65,0.0,128,6,test
6365,collapse_004,collapse,4,29,150064,0.5,0.65,0.0,128,6,test
6366,collapse_004,collapse,4,30,150064,0.5,0.65,0.0,128,6,test
6367,collapse_004,collapse,4,31,150064,0.5,0.65,0.0,128,6,test
6368,collapse_004,collapse,4,32,150064,0.5,0.65,0.0,128,6,test
6369,collapse_004,collapse,4,33,150064,0.5,0.65,0.0,128,6,test
6370,collapse_004,collapse,4,34,150064,0.5,0.65,0.0,128,6,test
6371,collapse_004,collapse,4,35,150064,0.5,0.65,0.0,128,6,test
6372,collapse_004,collapse,4,36,150064,0.5,0.65,0.0,128,6,test
6373,collapse_004,collapse,4,37,150064,0.5,0.65,0.0,128,6,test
6374,collapse_004,collapse,4,38,150064,0.5,0.65,0.0,128,6,test
6375,collapse_004,collapse,4,39,150064,0.5,0.65,0.0,128,6,test
6376,collapse_004,collapse,4,40,150064,0.5,0.65,0.0,128,6,test
6377,collapse_004,collapse,4,41,150064,0.5,0.65,0.0,128,6,test
6378,collapse_004,collapse,4,42,150064,0.5,0.65,0.0,128,6,test
6379,collapse_004,collapse,4,43,150064,0.5,0.65,0.0,128,6,test
6380,collapse_004,collapse,4,44,150064,0.5,0.65,0.0,128,6,test
6381,collapse_004,collapse,4,45,150064,0.5,0.65,0.0,128,6,test
6382,collapse_004,collapse,4,46,150064,0.5,0.65,0.0,128,6,test
6383,collapse_004,collapse,4,47,150064,0.5,0.65,0.0,128,6,test
6384,collapse_004,collapse,4,48,150064,0.5,0.65,0.0,128,6,test
6385,collapse_004,collapse,4,49,150064,0.5,0.65,0.0,128,6,test
6386,collapse_004,collapse,4,50,150064,0.5,0.65,0.0,128,6,test
6387,collapse_004,collapse,4,51,150064,0.5,0.65,0.0,128,6,test
6388,collapse_004,collapse,4,52,150064,0.5,0.65,0.0,128,6,test
6389,collapse_004,collapse,4,53,150064,0.5,0.65,0.0,128,6,test
6390,collapse_004,collapse,4,54,150064,0.5,0.65,0.0,128,6,test
6391,collapse_004,collapse,4,55,150064,0.5,0.65,0.0,128,6,test
6392,collapse_004,collapse,4,56,150064,0.5,0.65,0.0,128,6,test
6393,collapse_004,collapse,4,57,150064,0.5,0.65,0.0,128,6,test
6394,collapse_004,collapse,4,58,150064,0.5,0.65,0.0,128,6,test
6395,collapse_004,collapse,4,59,150064,0.5,0.65,0.0,128,6,test
6396,collapse_004,collapse,4,60,150064,0.5,0.65,0.0,128,6,test
6397,collapse_004,collapse,4,61,150064,0.5,0.65,0.0,128,6,test
6398,collapse_004,collapse,4,62,150064,0.5,0.65,0.0,128,6,test
6399,collapse_004,collapse,4,63,150064,0.5,0.65,0.0,128,6,test
6400,collapse_004,collapse,4,64,150064,0.5,0.65,0.0,128,6,test
6401,collapse_004,collapse,4,65,150064,0.5,0.65,0.0,128,6,test
6402,collapse_004,collapse,4,66,150064,0.5,0.65,0.0,128,6,test
6403,collapse_004,collapse,4,67,150064,0.5,0.65,0.0,128,6,test
6404,collapse_004,collapse,4,68,150064,0.5,0.65,0.0,128,6,test
6405,collapse_004,collapse,4,69,150064,0.5,0.65,0.0,128,6,test
6406,collapse_004,collapse,4,70,150064,0.5,0.65,0.0,128,6,test
6407,collapse_004,collapse,4,71,150064,0.5,0.65,0.0,128,6,test
6408,collapse_004,collapse,4,72,150064,0.5,0.65,0.0,128,6,test
6409,collapse_004,collapse,4,73,150064,0.5,0.65,0.0,128,6,test
6410,collapse_004,collapse,4,74,150064,0.5,0.65,0.0,128,6,test
6411,collapse_004,collapse,4,75,150064,0.5,0.65,0.0,128,6,test
6412,collapse_004,collapse,4,76,150064,0.5,0.65,0.0,128,6,test
6413,collapse_004,collapse,4,77,150064,0.5,0.65,0.0,128,6,test
6414,collapse_004,collapse,4,78,150064,0.5,0.65,0.0,128,6,test
6415,collapse_004,collapse,4,79,150064,0.5,0.65,0.0,128,6,test
6416,collapse_004,collapse,4,80,150064,0.5,0.65,0.0,128,6,test
6417,collapse_004,collapse,4,81,150064,0.5,0.65,0.0,128,6,test
6418,collapse_004,collapse,4,82,150064,0.5,0.65,0.0,128,6,test
6419,collapse_004,collapse,4,83,150064,0.5,0.65,0.0,128,6,test
6420,collapse_004,collapse,4,84,150064,0.5,0.65,0.0,128,6,test
6421,collapse_004,collapse,4,85,150064,0.5,0.65,0.0,128,6,test
6422,collapse_004,collapse,4,86,150064,0.5,0.65,0.0,128,6,test
6423,collapse_004,collapse,4,87,150064,0.5,0.65,0.0,128,6,test
6424,collapse_004,collapse,4,88,150064,0.5,0.65,0.0,128,6,test
6425,collapse_004,collapse,4,89,150064,0.5,0.65,0.0,128,6,test
6426,collapse_004,collapse,4,90,150064,0.5,0.65,0.0,128,6,test
6427,collapse_004,collapse,4,91,150064,0.5,0.65,0.0,128,6,test
6428,collapse_004,collapse,4,92,150064,0.5,0.65,0.0,128,6,test
6429,collapse_004,collapse,4,93,150064,0.5,0.65,0.0,128,6,test
6430,collapse_004,collapse,4,94,150064,0.5,0.65,0.0,128,6,test
6431,collapse_004,collapse,4,95,150064,0.5,0.65,0.0,128,6,test
6432,collapse_004,collapse,4,96,150064,0.5,0.65,0.0,128,6,test
6433,collapse_004,collapse,4,97,150064,0.5,0.65,0.0,128,6,test
6434,collapse_004,collapse,4,98,150064,0.5,0.65,0.0,128,6,test
6435,collapse_005,collapse,5,0,150065,0.5,0.65,0.0,128,6,validation
6436,collapse_005,collapse,5,1,150065,0.5,0.65,0.0,128,6,validation
6437,collapse_005,collapse,5,2,150065,0.5,0.65,0.0,128,6,validation
6438,collapse_005,collapse,5,3,150065,0.5,0.65,0.0,128,6,validation
6439,collapse_005,collapse,5,4,150065,0.5,0.65,0.0,128,6,validation
6440,collapse_005,collapse,5,5,150065,0.5,0.65,0.0,128,6,validation
6441,collapse_005,collapse,5,6,150065,0.5,0.65,0.0,128,6,validation
6442,collapse_005,collapse,5,7,150065,0.5,0.65,0.0,128,6,validation
6443,collapse_005,collapse,5,8,150065,0.5,0.65,0.0,128,6,validation
6444,collapse_005,collapse,5,9,150065,0.5,0.65,0.0,128,6,validation
6445,collapse_005,collapse,5,10,150065,0.5,0.65,0.0,128,6,validation
6446,collapse_005,collapse,5,11,150065,0.5,0.65,0.0,128,6,validation
6447,collapse_005,collapse,5,12,150065,0.5,0.65,0.0,128,6,validation
6448,collapse_005,collapse,5,13,150065,0.5,0.65,0.0,128,6,validation
6449,collapse_005,collapse,5,14,150065,0.5,0.65,0.0,128,6,validation
6450,collapse_005,collapse,5,15,150065,0.5,0.65,0.0,128,6,validation
6451,collapse_005,collapse,5,16,150065,0.5,0.65,0.0,128,6,validation
6452,collapse_005,collapse,5,17,150065,0.5,0.65,0.0,128,6,validation
6453,collapse_005,collapse,5,18,150065,0.5,0.65,0.0,128,6,validation
6454,collapse_005,collapse,5,19,150065,0.5,0.65,0.0,128,6,validation
6455,collapse_005,collapse,5,20,150065,0.5,0.65,0.0,128,6,validation
6456,collapse_005,collapse,5,21,150065,0.5,0.65,0.0,128,6,validation
6457,collapse_005,collapse,5,22,150065,0.5,0.65,0.0,128,6,validation
6458,collapse_005,collapse,5,23,150065,0.5,0.65,0.0,128,6,validation
6459,collapse_005,collapse,5,24,150065,0.5,0.65,0.0,128,6,validation
6460,collapse_005,collapse,5,25,150065,0.5,0.65,0.0,128,6,validation
6461,collapse_005,collapse,5,26,150065,0.5,0.65,0.0,128,6,validation
6462,collapse_005,collapse,5,27,150065,0.5,0.65,0.0,128,6,validation
6463,collapse_005,collapse,5,28,150065,0.5,0.65,0.0,128,6,validation
6464,collapse_005,collapse,5,29,150065,0.5,0.65,0.0,128,6,validation
6465,collapse_005,collapse,5,30,150065,0.5,0.65,0.0,128,6,validation
6466,collapse_005,collapse,5,31,150065,0.5,0.65,0.0,128,6,validation
6467,collapse_005,collapse,5,32,150065,0.5,0.65,0.0,128,6,validation
6468,collapse_005,collapse,5,33,150065,0.5,0.65,0.0,128,6,validation
6469,collapse_005,collapse,5,34,150065,0.5,0.65,0.0,128,6,validation
6470,collapse_005,collapse,5,35,150065,0.5,0.65,0.0,128,6,validation
6471,collapse_005,collapse,5,36,150065,0.5,0.65,0.0,128,6,validation
6472,collapse_005,collapse,5,37,150065,0.5,0.65,0.0,128,6,validation
6473,collapse_005,collapse,5,38,150065,0.5,0.65,0.0,128,6,validation
6474,collapse_005,collapse,5,39,150065,0.5,0.65,0.0,128,6,validation
6475,collapse_005,collapse,5,40,150065,0.5,0.65,0.0,128,6,validation
6476,collapse_005,collapse,5,41,150065,0.5,0.65,0.0,128,6,validation
6477,collapse_005,collapse,5,42,150065,0.5,0.65,0.0,128,6,validation
6478,collapse_005,collapse,5,43,150065,0.5,0.65,0.0,128,6,validation
6479,collapse_005,collapse,5,44,150065,0.5,0.65,0.0,128,6,validation
6480,collapse_005,collapse,5,45,150065,0.5,0.65,0.0,128,6,validation
6481,collapse_005,collapse,5,46,150065,0.5,0.65,0.0,128,6,validation
6482,collapse_005,collapse,5,47,150065,0.5,0.65,0.0,128,6,validation
6483,collapse_005,collapse,5,48,150065,0.5,0.65,0.0,128,6,validation
6484,collapse_005,collapse,5,49,150065,0.5,0.65,0.0,128,6,validation
6485,collapse_005,collapse,5,50,150065,0.5,0.65,0.0,128,6,validation
6486,collapse_005,collapse,5,51,150065,0.5,0.65,0.0,128,6,validation
6487,collapse_005,collapse,5,52,150065,0.5,0.65,0.0,128,6,validation
6488,collapse_005,collapse,5,53,150065,0.5,0.65,0.0,128,6,validation
6489,collapse_005,collapse,5,54,150065,0.5,0.65,0.0,128,6,validation
6490,collapse_005,collapse,5,55,150065,0.5,0.65,0.0,128,6,validation
6491,collapse_005,collapse,5,56,150065,0.5,0.65,0.0,128,6,validation
6492,collapse_005,collapse,5,57,150065,0.5,0.65,0.0,128,6,validation
6493,collapse_005,collapse,5,58,150065,0.5,0.65,0.0,128,6,validation
6494,collapse_005,collapse,5,59,150065,0.5,0.65,0.0,128,6,validation
6495,collapse_005,collapse,5,60,150065,0.5,0.65,0.0,128,6,validation
6496,collapse_005,collapse,5,61,150065,0.5,0.65,0.0,128,6,validation
6497,collapse_005,collapse,5,62,150065,0.5,0.65,0.0,128,6,validation
6498,collapse_005,collapse,5,63,150065,0.5,0.65,0.0,128,6,validation
6499,collapse_005,collapse,5,64,150065,0.5,0.65,0.0,128,6,validation
6500,collapse_005,collapse,5,65,150065,0.5,0.65,0.0,128,6,validation
6501,collapse_005,collapse,5,66,150065,0.5,0.65,0.0,128,6,validation
6502,collapse_005,collapse,5,67,150065,0.5,0.65,0.0,128,6,validation
6503,collapse_005,collapse,5,68,150065,0.5,0.65,0.0,128,6,validation
6504,collapse_005,collapse,5,69,150065,0.5,0.65,0.0,128,6,validation
6505,collapse_005,collapse,5,70,150065,0.5,0.65,0.0,128,6,validation
6506,collapse_005,collapse,5,71,150065,0.5,0.65,0.0,128,6,validation
6507,collapse_005,collapse,5,72,150065,0.5,0.65,0.0,128,6,validation
6508,collapse_005,collapse,5,73,150065,0.5,0.65,0.0,128,6,validation
6509,collapse_005,collapse,5,74,150065,0.5,0.65,0.0,128,6,validation
6510,collapse_005,collapse,5,75,150065,0.5,0.65,0.0,128,6,validation
6511,collapse_005,collapse,5,76,150065,0.5,0.65,0.0,128,6,validation
6512,collapse_005,collapse,5,77,150065,0.5,0.65,0.0,128,6,validation
6513,collapse_005,collapse,5,78,150065,0.5,0.65,0.0,128,6,validation
6514,collapse_005,collapse,5,79,150065,0.5,0.65,0.0,128,6,validation
6515,collapse_005,collapse,5,80,150065,0.5,0.65,0.0,128,6,validation
6516,collapse_005,collapse,5,81,150065,0.5,0.65,0.0,128,6,validation
6517,collapse_005,collapse,5,82,150065,0.5,0.65,0.0,128,6,validation
6518,collapse_005,collapse,5,83,150065,0.5,0.65,0.0,128,6,validation
6519,collapse_005,collapse,5,84,150065,0.5,0.65,0.0,128,6,validation
6520,collapse_005,collapse,5,85,150065,0.5,0.65,0.0,128,6,validation
6521,collapse_005,collapse,5,86,150065,0.5,0.65,0.0,128,6,validation
6522,collapse_005,collapse,5,87,150065,0.5,0.65,0.0,128,6,validation
6523,collapse_005,collapse,5,88,150065,0.5,0.65,0.0,128,6,validation
6524,collapse_005,collapse,5,89,150065,0.5,0.65,0.0,128,6,validation
6525,collapse_005,collapse,5,90,150065,0.5,0.65,0.0,128,6,validation
6526,collapse_005,collapse,5,91,150065,0.5,0.65,0.0,128,6,validation
6527,collapse_005,collapse,5,92,150065,0.5,0.65,0.0,128,6,validation
6528,collapse_005,collapse,5,93,150065,0.5,0.65,0.0,128,6,validation
6529,collapse_005,collapse,5,94,150065,0.5,0.65,0.0,128,6,validation
6530,collapse_005,collapse,5,95,150065,0.5,0.65,0.0,128,6,validation
6531,collapse_005,collapse,5,96,150065,0.5,0.65,0.0,128,6,validation
6532,collapse_005,collapse,5,97,150065,0.5,0.65,0.0,128,6,validation
6533,collapse_005,collapse,5,98,150065,0.5,0.65,0.0,128,6,validation
6534,collapse_006,collapse,6,0,150066,0.5,0.65,0.0,128,6,train
6535,collapse_006,collapse,6,1,150066,0.5,0.65,0.0,128,6,train
6536,collapse_006,collapse,6,2,150066,0.5,0.65,0.0,128,6,train
6537,collapse_006,collapse,6,3,150066,0.5,0.65,0.0,128,6,train
6538,collapse_006,collapse,6,4,150066,0.5,0.65,0.0,128,6,train
6539,collapse_006,collapse,6,5,150066,0.5,0.65,0.0,128,6,train
6540,collapse_006,collapse,6,6,150066,0.5,0.65,0.0,128,6,train
6541,collapse_006,collapse,6,7,150066,0.5,0.65,0.0,128,6,train
6542,collapse_006,collapse,6,8,150066,0.5,0.65,0.0,128,6,train
6543,collapse_006,collapse,6,9,150066,0.5,0.65,0.0,128,6,train
6544,collapse_006,collapse,6,10,150066,0.5,0.65,0.0,128,6,train
6545,collapse_006,collapse,6,11,150066,0.5,0.65,0.0,128,6,train
6546,collapse_006,collapse,6,12,150066,0.5,0.65,0.0,128,6,train
6547,collapse_006,collapse,6,13,150066,0.5,0.65,0.0,128,6,train
6548,collapse_006,collapse,6,14,150066,0.5,0.65,0.0,128,6,train
6549,collapse_006,collapse,6,15,150066,0.5,0.65,0.0,128,6,train
6550,collapse_006,collapse,6,16,150066,0.5,0.65,0.0,128,6,train
6551,collapse_006,collapse,6,17,150066,0.5,0.65,0.0,128,6,train
6552,collapse_006,collapse,6,18,150066,0.5,0.65,0.0,128,6,train
6553,collapse_006,collapse,6,19,150066,0.5,0.65,0.0,128,6,train
6554,collapse_006,collapse,6,20,150066,0.5,0.65,0.0,128,6,train
6555,collapse_006,collapse,6,21,150066,0.5,0.65,0.0,128,6,train
6556,collapse_006,collapse,6,22,150066,0.5,0.65,0.0,128,6,train
6557,collapse_006,collapse,6,23,150066,0.5,0.65,0.0,128,6,train
6558,collapse_006,collapse,6,24,150066,0.5,0.65,0.0,128,6,train
6559,collapse_006,collapse,6,25,150066,0.5,0.65,0.0,128,6,train
6560,collapse_006,collapse,6,26,150066,0.5,0.65,0.0,128,6,train
6561,collapse_006,collapse,6,27,150066,0.5,0.65,0.0,128,6,train
6562,collapse_006,collapse,6,28,150066,0.5,0.65,0.0,128,6,train
6563,collapse_006,collapse,6,29,150066,0.5,0.65,0.0,128,6,train
6564,collapse_006,collapse,6,30,150066,0.5,0.65,0.0,128,6,train
6565,collapse_006,collapse,6,31,150066,0.5,0.65,0.0,128,6,train
6566,collapse_006,collapse,6,32,150066,0.5,0.65,0.0,128,6,train
6567,collapse_006,collapse,6,33,150066,0.5,0.65,0.0,128,6,train
6568,collapse_006,collapse,6,34,150066,0.5,0.65,0.0,128,6,train
6569,collapse_006,collapse,6,35,150066,0.5,0.65,0.0,128,6,train
6570,collapse_006,collapse,6,36,150066,0.5,0.65,0.0,128,6,train
6571,collapse_006,collapse,6,37,150066,0.5,0.65,0.0,128,6,train
6572,collapse_006,collapse,6,38,150066,0.5,0.65,0.0,128,6,train
6573,collapse_006,collapse,6,39,150066,0.5,0.65,0.0,128,6,train
6574,collapse_006,collapse,6,40,150066,0.5,0.65,0.0,128,6,train
6575,collapse_006,collapse,6,41,150066,0.5,0.65,0.0,128,6,train
6576,collapse_006,collapse,6,42,150066,0.5,0.65,0.0,128,6,train
6577,collapse_006,collapse,6,43,150066,0.5,0.65,0.0,128,6,train
6578,collapse_006,collapse,6,44,150066,0.5,0.65,0.0,128,6,train
6579,collapse_006,collapse,6,45,150066,0.5,0.65,0.0,128,6,train
6580,collapse_006,collapse,6,46,150066,0.5,0.65,0.0,128,6,train
6581,collapse_006,collapse,6,47,150066,0.5,0.65,0.0,128,6,train
6582,collapse_006,collapse,6,48,150066,0.5,0.65,0.0,128,6,train
6583,collapse_006,collapse,6,49,150066,0.5,0.65,0.0,128,6,train
6584,collapse_006,collapse,6,50,150066,0.5,0.65,0.0,128,6,train
6585,collapse_006,collapse,6,51,150066,0.5,0.65,0.0,128,6,train
6586,collapse_006,collapse,6,52,150066,0.5,0.65,0.0,128,6,train
6587,collapse_006,collapse,6,53,150066,0.5,0.65,0.0,128,6,train
6588,collapse_006,collapse,6,54,150066,0.5,0.65,0.0,128,6,train
6589,collapse_006,collapse,6,55,150066,0.5,0.65,0.0,128,6,train
6590,collapse_006,collapse,6,56,150066,0.5,0.65,0.0,128,6,train
6591,collapse_006,collapse,6,57,150066,0.5,0.65,0.0,128,6,train
6592,collapse_006,collapse,6,58,150066,0.5,0.65,0.0,128,6,train
6593,collapse_006,collapse,6,59,150066,0.5,0.65,0.0,128,6,train
6594,collapse_006,collapse,6,60,150066,0.5,0.65,0.0,128,6,train
6595,collapse_006,collapse,6,61,150066,0.5,0.65,0.0,128,6,train
6596,collapse_006,collapse,6,62,150066,0.5,0.65,0.0,128,6,train
6597,collapse_006,collapse,6,63,150066,0.5,0.65,0.0,128,6,train
6598,collapse_006,collapse,6,64,150066,0.5,0.65,0.0,128,6,train
6599,collapse_006,collapse,6,65,150066,0.5,0.65,0.0,128,6,train
6600,collapse_006,collapse,6,66,150066,0.5,0.65,0.0,128,6,train
6601,collapse_006,collapse,6,67,150066,0.5,0.65,0.0,128,6,train
6602,collapse_006,collapse,6,68,150066,0.5,0.65,0.0,128,6,train
6603,collapse_006,collapse,6,69,150066,0.5,0.65,0.0,128,6,train
6604,collapse_006,collapse,6,70,150066,0.5,0.65,0.0,128,6,train
6605,collapse_006,collapse,6,71,150066,0.5,0.65,0.0,128,6,train
6606,collapse_006,collapse,6,72,150066,0.5,0.65,0.0,128,6,train
6607,collapse_006,collapse,6,73,150066,0.5,0.65,0.0,128,6,train
6608,collapse_006,collapse,6,74,150066,0.5,0.65,0.0,128,6,train
6609,collapse_006,collapse,6,75,150066,0.5,0.65,0.0,128,6,train
6610,collapse_006,collapse,6,76,150066,0.5,0.65,0.0,128,6,train
6611,collapse_006,collapse,6,77,150066,0.5,0.65,0.0,128,6,train
6612,collapse_006,collapse,6,78,150066,0.5,0.65,0.0,128,6,train
6613,collapse_006,collapse,6,79,150066,0.5,0.65,0.0,128,6,train
6614,collapse_006,collapse,6,80,150066,0.5,0.65,0.0,128,6,train
6615,collapse_006,collapse,6,81,150066,0.5,0.65,0.0,128,6,train
6616,collapse_006,collapse,6,82,150066,0.5,0.65,0.0,128,6,train
6617,collapse_006,collapse,6,83,150066,0.5,0.65,0.0,128,6,train
6618,collapse_006,collapse,6,84,150066,0.5,0.65,0.0,128,6,train
6619,collapse_006,collapse,6,85,150066,0.5,0.65,0.0,128,6,train
6620,collapse_006,collapse,6,86,150066,0.5,0.65,0.0,128,6,train
6621,collapse_006,collapse,6,87,150066,0.5,0.65,0.0,128,6,train
6622,collapse_006,collapse,6,88,150066,0.5,0.65,0.0,128,6,train
6623,collapse_006,collapse,6,89,150066,0.5,0.65,0.0,128,6,train
6624,collapse_006,collapse,6,90,150066,0.5,0.65,0.0,128,6,train
6625,collapse_006,collapse,6,91,150066,0.5,0.65,0.0,128,6,train
6626,collapse_006,collapse,6,92,150066,0.5,0.65,0.0,128,6,train
6627,collapse_006,collapse,6,93,150066,0.5,0.65,0.0,128,6,train
6628,collapse_006,collapse,6,94,150066,0.5,0.65,0.0,128,6,train
6629,collapse_006,collapse,6,95,150066,0.5,0.65,0.0,128,6,train
6630,collapse_006,collapse,6,96,150066,0.5,0.65,0.0,128,6,train
6631,collapse_006,collapse,6,97,150066,0.5,0.65,0.0,128,6,train
6632,collapse_006,collapse,6,98,150066,0.5,0.65,0.0,128,6,train
6633,collapse_007,collapse,7,0,150067,0.5,0.65,0.0,128,6,test
6634,collapse_007,collapse,7,1,150067,0.5,0.65,0.0,128,6,test
6635,collapse_007,collapse,7,2,150067,0.5,0.65,0.0,128,6,test
6636,collapse_007,collapse,7,3,150067,0.5,0.65,0.0,128,6,test
6637,collapse_007,collapse,7,4,150067,0.5,0.65,0.0,128,6,test
6638,collapse_007,collapse,7,5,150067,0.5,0.65,0.0,128,6,test
6639,collapse_007,collapse,7,6,150067,0.5,0.65,0.0,128,6,test
6640,collapse_007,collapse,7,7,150067,0.5,0.65,0.0,128,6,test
6641,collapse_007,collapse,7,8,150067,0.5,0.65,0.0,128,6,test
6642,collapse_007,collapse,7,9,150067,0.5,0.65,0.0,128,6,test
6643,collapse_007,collapse,7,10,150067,0.5,0.65,0.0,128,6,test
6644,collapse_007,collapse,7,11,150067,0.5,0.65,0.0,128,6,test
6645,collapse_007,collapse,7,12,150067,0.5,0.65,0.0,128,6,test
6646,collapse_007,collapse,7,13,150067,0.5,0.65,0.0,128,6,test
6647,collapse_007,collapse,7,14,150067,0.5,0.65,0.0,128,6,test
6648,collapse_007,collapse,7,15,150067,0.5,0.65,0.0,128,6,test
6649,collapse_007,collapse,7,16,150067,0.5,0.65,0.0,128,6,test
6650,collapse_007,collapse,7,17,150067,0.5,0.65,0.0,128,6,test
6651,collapse_007,collapse,7,18,150067,0.5,0.65,0.0,128,6,test
6652,collapse_007,collapse,7,19,150067,0.5,0.65,0.0,128,6,test
6653,collapse_007,collapse,7,20,150067,0.5,0.65,0.0,128,6,test
6654,collapse_007,collapse,7,21,150067,0.5,0.65,0.0,128,6,test
6655,collapse_007,collapse,7,22,150067,0.5,0.65,0.0,128,6,test
6656,collapse_007,collapse,7,23,150067,0.5,0.65,0.0,128,6,test
6657,collapse_007,collapse,7,24,150067,0.5,0.65,0.0,128,6,test
6658,collapse_007,collapse,7,25,150067,0.5,0.65,0.0,128,6,test
6659,collapse_007,collapse,7,26,150067,0.5,0.65,0.0,128,6,test
6660,collapse_007,collapse,7,27,150067,0.5,0.65,0.0,128,6,test
6661,collapse_007,collapse,7,28,150067,0.5,0.65,0.0,128,6,test
6662,collapse_007,collapse,7,29,150067,0.5,0.65,0.0,128,6,test
6663,collapse_007,collapse,7,30,150067,0.5,0.65,0.0,128,6,test
6664,collapse_007,collapse,7,31,150067,0.5,0.65,0.0,128,6,test
6665,collapse_007,collapse,7,32,150067,0.5,0.65,0.0,128,6,test
6666,collapse_007,collapse,7,33,150067,0.5,0.65,0.0,128,6,test
6667,collapse_007,collapse,7,34,150067,0.5,0.65,0.0,128,6,test
6668,collapse_007,collapse,7,35,150067,0.5,0.65,0.0,128,6,test
6669,collapse_007,collapse,7,36,150067,0.5,0.65,0.0,128,6,test
6670,collapse_007,collapse,7,37,150067,0.5,0.65,0.0,128,6,test
6671,collapse_007,collapse,7,38,150067,0.5,0.65,0.0,128,6,test
6672,collapse_007,collapse,7,39,150067,0.5,0.65,0.0,128,6,test
6673,collapse_007,collapse,7,40,150067,0.5,0.65,0.0,128,6,test
6674,collapse_007,collapse,7,41,150067,0.5,0.65,0.0,128,6,test
6675,collapse_007,collapse,7,42,150067,0.5,0.65,0.0,128,6,test
6676,collapse_007,collapse,7,43,150067,0.5,0.65,0.0,128,6,test
6677,collapse_007,collapse,7,44,150067,0.5,0.65,0.0,128,6,test
6678,collapse_007,collapse,7,45,150067,0.5,0.65,0.0,128,6,test
6679,collapse_007,collapse,7,46,150067,0.5,0.65,0.0,128,6,test
6680,collapse_007,collapse,7,47,150067,0.5,0.65,0.0,128,6,test
6681,collapse_007,collapse,7,48,150067,0.5,0.65,0.0,128,6,test
6682,collapse_007,collapse,7,49,150067,0.5,0.65,0.0,128,6,test
6683,collapse_007,collapse,7,50,150067,0.5,0.65,0.0,128,6,test
6684,collapse_007,collapse,7,51,150067,0.5,0.65,0.0,128,6,test
6685,collapse_007,collapse,7,52,150067,0.5,0.65,0.0,128,6,test
6686,collapse_007,collapse,7,53,150067,0.5,0.65,0.0,128,6,test
6687,collapse_007,collapse,7,54,150067,0.5,0.65,0.0,128,6,test
6688,collapse_007,collapse,7,55,150067,0.5,0.65,0.0,128,6,test
6689,collapse_007,collapse,7,56,150067,0.5,0.65,0.0,128,6,test
6690,collapse_007,collapse,7,57,150067,0.5,0.65,0.0,128,6,test
6691,collapse_007,collapse,7,58,150067,0.5,0.65,0.0,128,6,test
6692,collapse_007,collapse,7,59,150067,0.5,0.65,0.0,128,6,test
6693,collapse_007,collapse,7,60,150067,0.5,0.65,0.0,128,6,test
6694,collapse_007,collapse,7,61,150067,0.5,0.65,0.0,128,6,test
6695,collapse_007,collapse,7,62,150067,0.5,0.65,0.0,128,6,test
6696,collapse_007,collapse,7,63,150067,0.5,0.65,0.0,128,6,test
6697,collapse_007,collapse,7,64,150067,0.5,0.65,0.0,128,6,test
6698,collapse_007,collapse,7,65,150067,0.5,0.65,0.0,128,6,test
6699,collapse_007,collapse,7,66,150067,0.5,0.65,0.0,128,6,test
6700,collapse_007,collapse,7,67,150067,0.5,0.65,0.0,128,6,test
6701,collapse_007,collapse,7,68,150067,0.5,0.65,0.0,128,6,test
6702,collapse_007,collapse,7,69,150067,0.5,0.65,0.0,128,6,test
6703,collapse_007,collapse,7,70,150067,0.5,0.65,0.0,128,6,test
6704,collapse_007,collapse,7,71,150067,0.5,0.65,0.0,128,6,test
6705,collapse_007,collapse,7,72,150067,0.5,0.65,0.0,128,6,test
6706,collapse_007,collapse,7,73,150067,0.5,0.65,0.0,128,6,test
6707,collapse_007,collapse,7,74,150067,0.5,0.65,0.0,128,6,test
6708,collapse_007,collapse,7,75,150067,0.5,0.65,0.0,128,6,test
6709,collapse_007,collapse,7,76,150067,0.5,0.65,0.0,128,6,test
6710,collapse_007,collapse,7,77,150067,0.5,0.65,0.0,128,6,test
6711,collapse_007,collapse,7,78,150067,0.5,0.65,0.0,128,6,test
6712,collapse_007,collapse,7,79,150067,0.5,0.65,0.0,128,6,test
6713,collapse_007,collapse,7,80,150067,0.5,0.65,0.0,128,6,test
6714,collapse_007,collapse,7,81,150067,0.5,0.65,0.0,128,6,test
6715,collapse_007,collapse,7,82,150067,0.5,0.65,0.0,128,6,test
6716,collapse_007,collapse,7,83,150067,0.5,0.65,0.0,128,6,test
6717,collapse_007,collapse,7,84,150067,0.5,0.65,0.0,128,6,test
6718,collapse_007,collapse,7,85,150067,0.5,0.65,0.0,128,6,test
6719,collapse_007,collapse,7,86,150067,0.5,0.65,0.0,128,6,test
6720,collapse_007,collapse,7,87,150067,0.5,0.65,0.0,128,6,test
6721,collapse_007,collapse,7,88,150067,0.5,0.65,0.0,128,6,test
6722,collapse_007,collapse,7,89,150067,0.5,0.65,0.0,128,6,test
6723,collapse_007,collapse,7,90,150067,0.5,0.65,0.0,128,6,test
6724,collapse_007,collapse,7,91,150067,0.5,0.65,0.0,128,6,test
6725,collapse_007,collapse,7,92,150067,0.5,0.65,0.0,128,6,test
6726,collapse_007,collapse,7,93,150067,0.5,0.65,0.0,128,6,test
6727,collapse_007,collapse,7,94,150067,0.5,0.65,0.0,128,6,test
6728,collapse_007,collapse,7,95,150067,0.5,0.65,0.0,128,6,test
6729,collapse_007,collapse,7,96,150067,0.5,0.65,0.0,128,6,test
6730,collapse_007,collapse,7,97,150067,0.5,0.65,0.0,128,6,test
6731,collapse_007,collapse,7,98,150067,0.5,0.65,0.0,128,6,test
6732,collapse_008,collapse,8,0,150068,0.5,0.65,0.0,128,6,train
6733,collapse_008,collapse,8,1,150068,0.5,0.65,0.0,128,6,train
6734,collapse_008,collapse,8,2,150068,0.5,0.65,0.0,128,6,train
6735,collapse_008,collapse,8,3,150068,0.5,0.65,0.0,128,6,train
6736,collapse_008,collapse,8,4,150068,0.5,0.65,0.0,128,6,train
6737,collapse_008,collapse,8,5,150068,0.5,0.65,0.0,128,6,train
6738,collapse_008,collapse,8,6,150068,0.5,0.65,0.0,128,6,train
6739,collapse_008,collapse,8,7,150068,0.5,0.65,0.0,128,6,train
6740,collapse_008,collapse,8,8,150068,0.5,0.65,0.0,128,6,train
6741,collapse_008,collapse,8,9,150068,0.5,0.65,0.0,128,6,train
6742,collapse_008,collapse,8,10,150068,0.5,0.65,0.0,128,6,train
6743,collapse_008,collapse,8,11,150068,0.5,0.65,0.0,128,6,train
6744,collapse_008,collapse,8,12,150068,0.5,0.65,0.0,128,6,train
6745,collapse_008,collapse,8,13,150068,0.5,0.65,0.0,128,6,train
6746,collapse_008,collapse,8,14,150068,0.5,0.65,0.0,128,6,train
6747,collapse_008,collapse,8,15,150068,0.5,0.65,0.0,128,6,train
6748,collapse_008,collapse,8,16,150068,0.5,0.65,0.0,128,6,train
6749,collapse_008,collapse,8,17,150068,0.5,0.65,0.0,128,6,train
6750,collapse_008,collapse,8,18,150068,0.5,0.65,0.0,128,6,train
6751,collapse_008,collapse,8,19,150068,0.5,0.65,0.0,128,6,train
6752,collapse_008,collapse,8,20,150068,0.5,0.65,0.0,128,6,train
6753,collapse_008,collapse,8,21,150068,0.5,0.65,0.0,128,6,train
6754,collapse_008,collapse,8,22,150068,0.5,0.65,0.0,128,6,train
6755,collapse_008,collapse,8,23,150068,0.5,0.65,0.0,128,6,train
6756,collapse_008,collapse,8,24,150068,0.5,0.65,0.0,128,6,train
6757,collapse_008,collapse,8,25,150068,0.5,0.65,0.0,128,6,train
6758,collapse_008,collapse,8,26,150068,0.5,0.65,0.0,128,6,train
6759,collapse_008,collapse,8,27,150068,0.5,0.65,0.0,128,6,train
6760,collapse_008,collapse,8,28,150068,0.5,0.65,0.0,128,6,train
6761,collapse_008,collapse,8,29,150068,0.5,0.65,0.0,128,6,train
6762,collapse_008,collapse,8,30,150068,0.5,0.65,0.0,128,6,train
6763,collapse_008,collapse,8,31,150068,0.5,0.65,0.0,128,6,train
6764,collapse_008,collapse,8,32,150068,0.5,0.65,0.0,128,6,train
6765,collapse_008,collapse,8,33,150068,0.5,0.65,0.0,128,6,train
6766,collapse_008,collapse,8,34,150068,0.5,0.65,0.0,128,6,train
6767,collapse_008,collapse,8,35,150068,0.5,0.65,0.0,128,6,train
6768,collapse_008,collapse,8,36,150068,0.5,0.65,0.0,128,6,train
6769,collapse_008,collapse,8,37,150068,0.5,0.65,0.0,128,6,train
6770,collapse_008,collapse,8,38,150068,0.5,0.65,0.0,128,6,train
6771,collapse_008,collapse,8,39,150068,0.5,0.65,0.0,128,6,train
6772,collapse_008,collapse,8,40,150068,0.5,0.65,0.0,128,6,train
6773,collapse_008,collapse,8,41,150068,0.5,0.65,0.0,128,6,train
6774,collapse_008,collapse,8,42,150068,0.5,0.65,0.0,128,6,train
6775,collapse_008,collapse,8,43,150068,0.5,0.65,0.0,128,6,train
6776,collapse_008,collapse,8,44,150068,0.5,0.65,0.0,128,6,train
6777,collapse_008,collapse,8,45,150068,0.5,0.65,0.0,128,6,train
6778,collapse_008,collapse,8,46,150068,0.5,0.65,0.0,128,6,train
6779,collapse_008,collapse,8,47,150068,0.5,0.65,0.0,128,6,train
6780,collapse_008,collapse,8,48,150068,0.5,0.65,0.0,128,6,train
6781,collapse_008,collapse,8,49,150068,0.5,0.65,0.0,128,6,train
6782,collapse_008,collapse,8,50,150068,0.5,0.65,0.0,128,6,train
6783,collapse_008,collapse,8,51,150068,0.5,0.65,0.0,128,6,train
6784,collapse_008,collapse,8,52,150068,0.5,0.65,0.0,128,6,train
6785,collapse_008,collapse,8,53,150068,0.5,0.65,0.0,128,6,train
6786,collapse_008,collapse,8,54,150068,0.5,0.65,0.0,128,6,train
6787,collapse_008,collapse,8,55,150068,0.5,0.65,0.0,128,6,train
6788,collapse_008,collapse,8,56,150068,0.5,0.65,0.0,128,6,train
6789,collapse_008,collapse,8,57,150068,0.5,0.65,0.0,128,6,train
6790,collapse_008,collapse,8,58,150068,0.5,0.65,0.0,128,6,train
6791,collapse_008,collapse,8,59,150068,0.5,0.65,0.0,128,6,train
6792,collapse_008,collapse,8,60,150068,0.5,0.65,0.0,128,6,train
6793,collapse_008,collapse,8,61,150068,0.5,0.65,0.0,128,6,train
6794,collapse_008,collapse,8,62,150068,0.5,0.65,0.0,128,6,train
6795,collapse_008,collapse,8,63,150068,0.5,0.65,0.0,128,6,train
6796,collapse_008,collapse,8,64,150068,0.5,0.65,0.0,128,6,train
6797,collapse_008,collapse,8,65,150068,0.5,0.65,0.0,128,6,train
6798,collapse_008,collapse,8,66,150068,0.5,0.65,0.0,128,6,train
6799,collapse_008,collapse,8,67,150068,0.5,0.65,0.0,128,6,train
6800,collapse_008,collapse,8,68,150068,0.5,0.65,0.0,128,6,train
6801,collapse_008,collapse,8,69,150068,0.5,0.65,0.0,128,6,train
6802,collapse_008,collapse,8,70,150068,0.5,0.65,0.0,128,6,train
6803,collapse_008,collapse,8,71,150068,0.5,0.65,0.0,128,6,train
6804,collapse_008,collapse,8,72,150068,0.5,0.65,0.0,128,6,train
6805,collapse_008,collapse,8,73,150068,0.5,0.65,0.0,128,6,train
6806,collapse_008,collapse,8,74,150068,0.5,0.65,0.0,128,6,train
6807,collapse_008,collapse,8,75,150068,0.5,0.65,0.0,128,6,train
6808,collapse_008,collapse,8,76,150068,0.5,0.65,0.0,128,6,train
6809,collapse_008,collapse,8,77,150068,0.5,0.65,0.0,128,6,train
6810,collapse_008,collapse,8,78,150068,0.5,0.65,0.0,128,6,train
6811,collapse_008,collapse,8,79,150068,0.5,0.65,0.0,128,6,train
6812,collapse_008,collapse,8,80,150068,0.5,0.65,0.0,128,6,train
6813,collapse_008,collapse,8,81,150068,0.5,0.65,0.0,128,6,train
6814,collapse_008,collapse,8,82,150068,0.5,0.65,0.0,128,6,train
6815,collapse_008,collapse,8,83,150068,0.5,0.65,0.0,128,6,train
6816,collapse_008,collapse,8,84,150068,0.5,0.65,0.0,128,6,train
6817,collapse_008,collapse,8,85,150068,0.5,0.65,0.0,128,6,train
6818,collapse_008,collapse,8,86,150068,0.5,0.65,0.0,128,6,train
6819,collapse_008,collapse,8,87,150068,0.5,0.65,0.0,128,6,train
6820,collapse_008,collapse,8,88,150068,0.5,0.65,0.0,128,6,train
6821,collapse_008,collapse,8,89,150068,0.5,0.65,0.0,128,6,train
6822,collapse_008,collapse,8,90,150068,0.5,0.65,0.0,128,6,train
6823,collapse_008,collapse,8,91,150068,0.5,0.65,0.0,128,6,train
6824,collapse_008,collapse,8,92,150068,0.5,0.65,0.0,128,6,train
6825,collapse_008,collapse,8,93,150068,0.5,0.65,0.0,128,6,train
6826,collapse_008,collapse,8,94,150068,0.5,0.65,0.0,128,6,train
6827,collapse_008,collapse,8,95,150068,0.5,0.65,0.0,128,6,train
6828,collapse_008,collapse,8,96,150068,0.5,0.65,0.0,128,6,train
6829,collapse_008,collapse,8,97,150068,0.5,0.65,0.0,128,6,train
6830,collapse_008,collapse,8,98,150068,0.5,0.65,0.0,128,6,train
6831,collapse_009,collapse,9,0,150069,0.5,0.65,0.0,128,6,train
6832,collapse_009,collapse,9,1,150069,0.5,0.65,0.0,128,6,train
6833,collapse_009,collapse,9,2,150069,0.5,0.65,0.0,128,6,train
6834,collapse_009,collapse,9,3,150069,0.5,0.65,0.0,128,6,train
6835,collapse_009,collapse,9,4,150069,0.5,0.65,0.0,128,6,train
6836,collapse_009,collapse,9,5,150069,0.5,0.65,0.0,128,6,train
6837,collapse_009,collapse,9,6,150069,0.5,0.65,0.0,128,6,train
6838,collapse_009,collapse,9,7,150069,0.5,0.65,0.0,128,6,train
6839,collapse_009,collapse,9,8,150069,0.5,0.65,0.0,128,6,train
6840,collapse_009,collapse,9,9,150069,0.5,0.65,0.0,128,6,train
6841,collapse_009,collapse,9,10,150069,0.5,0.65,0.0,128,6,train
6842,collapse_009,collapse,9,11,150069,0.5,0.65,0.0,128,6,train
6843,collapse_009,collapse,9,12,150069,0.5,0.65,0.0,128,6,train
6844,collapse_009,collapse,9,13,150069,0.5,0.65,0.0,128,6,train
6845,collapse_009,collapse,9,14,150069,0.5,0.65,0.0,128,6,train
6846,collapse_009,collapse,9,15,150069,0.5,0.65,0.0,128,6,train
6847,collapse_009,collapse,9,16,150069,0.5,0.65,0.0,128,6,train
6848,collapse_009,collapse,9,17,150069,0.5,0.65,0.0,128,6,train
6849,collapse_009,collapse,9,18,150069,0.5,0.65,0.0,128,6,train
6850,collapse_009,collapse,9,19,150069,0.5,0.65,0.0,128,6,train
6851,collapse_009,collapse,9,20,150069,0.5,0.65,0.0,128,6,train
6852,collapse_009,collapse,9,21,150069,0.5,0.65,0.0,128,6,train
6853,collapse_009,collapse,9,22,150069,0.5,0.65,0.0,128,6,train
6854,collapse_009,collapse,9,23,150069,0.5,0.65,0.0,128,6,train
6855,collapse_009,collapse,9,24,150069,0.5,0.65,0.0,128,6,train
6856,collapse_009,collapse,9,25,150069,0.5,0.65,0.0,128,6,train
6857,collapse_009,collapse,9,26,150069,0.5,0.65,0.0,128,6,train
6858,collapse_009,collapse,9,27,150069,0.5,0.65,0.0,128,6,train
6859,collapse_009,collapse,9,28,150069,0.5,0.65,0.0,128,6,train
6860,collapse_009,collapse,9,29,150069,0.5,0.65,0.0,128,6,train
6861,collapse_009,collapse,9,30,150069,0.5,0.65,0.0,128,6,train
6862,collapse_009,collapse,9,31,150069,0.5,0.65,0.0,128,6,train
6863,collapse_009,collapse,9,32,150069,0.5,0.65,0.0,128,6,train
6864,collapse_009,collapse,9,33,150069,0.5,0.65,0.0,128,6,train
6865,collapse_009,collapse,9,34,150069,0.5,0.65,0.0,128,6,train
6866,collapse_009,collapse,9,35,150069,0.5,0.65,0.0,128,6,train
6867,collapse_009,collapse,9,36,150069,0.5,0.65,0.0,128,6,train
6868,collapse_009,collapse,9,37,150069,0.5,0.65,0.0,128,6,train
6869,collapse_009,collapse,9,38,150069,0.5,0.65,0.0,128,6,train
6870,collapse_009,collapse,9,39,150069,0.5,0.65,0.0,128,6,train
6871,collapse_009,collapse,9,40,150069,0.5,0.65,0.0,128,6,train
6872,collapse_009,collapse,9,41,150069,0.5,0.65,0.0,128,6,train
6873,collapse_009,collapse,9,42,150069,0.5,0.65,0.0,128,6,train
6874,collapse_009,collapse,9,43,150069,0.5,0.65,0.0,128,6,train
6875,collapse_009,collapse,9,44,150069,0.5,0.65,0.0,128,6,train
6876,collapse_009,collapse,9,45,150069,0.5,0.65,0.0,128,6,train
6877,collapse_009,collapse,9,46,150069,0.5,0.65,0.0,128,6,train
6878,collapse_009,collapse,9,47,150069,0.5,0.65,0.0,128,6,train
6879,collapse_009,collapse,9,48,150069,0.5,0.65,0.0,128,6,train
6880,collapse_009,collapse,9,49,150069,0.5,0.65,0.0,128,6,train
6881,collapse_009,collapse,9,50,150069,0.5,0.65,0.0,128,6,train
6882,collapse_009,collapse,9,51,150069,0.5,0.65,0.0,128,6,train
6883,collapse_009,collapse,9,52,150069,0.5,0.65,0.0,128,6,train
6884,collapse_009,collapse,9,53,150069,0.5,0.65,0.0,128,6,train
6885,collapse_009,collapse,9,54,150069,0.5,0.65,0.0,128,6,train
6886,collapse_009,collapse,9,55,150069,0.5,0.65,0.0,128,6,train
6887,collapse_009,collapse,9,56,150069,0.5,0.65,0.0,128,6,train
6888,collapse_009,collapse,9,57,150069,0.5,0.65,0.0,128,6,train
6889,collapse_009,collapse,9,58,150069,0.5,0.65,0.0,128,6,train
6890,collapse_009,collapse,9,59,150069,0.5,0.65,0.0,128,6,train
6891,collapse_009,collapse,9,60,150069,0.5,0.65,0.0,128,6,train
6892,collapse_009,collapse,9,61,150069,0.5,0.65,0.0,128,6,train
6893,collapse_009,collapse,9,62,150069,0.5,0.65,0.0,128,6,train
6894,collapse_009,collapse,9,63,150069,0.5,0.65,0.0,128,6,train
6895,collapse_009,collapse,9,64,150069,0.5,0.65,0.0,128,6,train
6896,collapse_009,collapse,9,65,150069,0.5,0.65,0.0,128,6,train
6897,collapse_009,collapse,9,66,150069,0.5,0.65,0.0,128,6,train
6898,collapse_009,collapse,9,67,150069,0.5,0.65,0.0,128,6,train
6899,collapse_009,collapse,9,68,150069,0.5,0.65,0.0,128,6,train
6900,collapse_009,collapse,9,69,150069,0.5,0.65,0.0,128,6,train
6901,collapse_009,collapse,9,70,150069,0.5,0.65,0.0,128,6,train
6902,collapse_009,collapse,9,71,150069,0.5,0.65,0.0,128,6,train
6903,collapse_009,collapse,9,72,150069,0.5,0.65,0.0,128,6,train
6904,collapse_009,collapse,9,73,150069,0.5,0.65,0.0,128,6,train
6905,collapse_009,collapse,9,74,150069,0.5,0.65,0.0,128,6,train
6906,collapse_009,collapse,9,75,150069,0.5,0.65,0.0,128,6,train
6907,collapse_009,collapse,9,76,150069,0.5,0.65,0.0,128,6,train
6908,collapse_009,collapse,9,77,150069,0.5,0.65,0.0,128,6,train
6909,collapse_009,collapse,9,78,150069,0.5,0.65,0.0,128,6,train
6910,collapse_009,collapse,9,79,150069,0.5,0.65,0.0,128,6,train
6911,collapse_009,collapse,9,80,150069,0.5,0.65,0.0,128,6,train
6912,collapse_009,collapse,9,81,150069,0.5,0.65,0.0,128,6,train
6913,collapse_009,collapse,9,82,150069,0.5,0.65,0.0,128,6,train
6914,collapse_009,collapse,9,83,150069,0.5,0.65,0.0,128,6,train
6915,collapse_009,collapse,9,84,150069,0.5,0.65,0.0,128,6,train
6916,collapse_009,collapse,9,85,150069,0.5,0.65,0.0,128,6,train
6917,collapse_009,collapse,9,86,150069,0.5,0.65,0.0,128,6,train
6918,collapse_009,collapse,9,87,150069,0.5,0.65,0.0,128,6,train
6919,collapse_009,collapse,9,88,150069,0.5,0.65,0.0,128,6,train
6920,collapse_009,collapse,9,89,150069,0.5,0.65,0.0,128,6,train
6921,collapse_009,collapse,9,90,150069,0.5,0.65,0.0,128,6,train
6922,collapse_009,collapse,9,91,150069,0.5,0.65,0.0,128,6,train
6923,collapse_009,collapse,9,92,150069,0.5,0.65,0.0,128,6,train
6924,collapse_009,collapse,9,93,150069,0.5,0.65,0.0,128,6,train
6925,collapse_009,collapse,9,94,150069,0.5,0.65,0.0,128,6,train
6926,collapse_009,collapse,9,95,150069,0.5,0.65,0.0,128,6,train
6927,collapse_009,collapse,9,96,150069,0.5,0.65,0.0,128,6,train
6928,collapse_009,collapse,9,97,150069,0.5,0.65,0.0,128,6,train
6929,collapse_009,collapse,9,98,150069,0.5,0.65,0.0,128,6,train
6930,collapse_010,collapse,10,0,150070,0.5,0.65,0.0,128,6,test
6931,collapse_010,collapse,10,1,150070,0.5,0.65,0.0,128,6,test
6932,collapse_010,collapse,10,2,150070,0.5,0.65,0.0,128,6,test
6933,collapse_010,collapse,10,3,150070,0.5,0.65,0.0,128,6,test
6934,collapse_010,collapse,10,4,150070,0.5,0.65,0.0,128,6,test
6935,collapse_010,collapse,10,5,150070,0.5,0.65,0.0,128,6,test
6936,collapse_010,collapse,10,6,150070,0.5,0.65,0.0,128,6,test
6937,collapse_010,collapse,10,7,150070,0.5,0.65,0.0,128,6,test
6938,collapse_010,collapse,10,8,150070,0.5,0.65,0.0,128,6,test
6939,collapse_010,collapse,10,9,150070,0.5,0.65,0.0,128,6,test
6940,collapse_010,collapse,10,10,150070,0.5,0.65,0.0,128,6,test
6941,collapse_010,collapse,10,11,150070,0.5,0.65,0.0,128,6,test
6942,collapse_010,collapse,10,12,150070,0.5,0.65,0.0,128,6,test
6943,collapse_010,collapse,10,13,150070,0.5,0.65,0.0,128,6,test
6944,collapse_010,collapse,10,14,150070,0.5,0.65,0.0,128,6,test
6945,collapse_010,collapse,10,15,150070,0.5,0.65,0.0,128,6,test
6946,collapse_010,collapse,10,16,150070,0.5,0.65,0.0,128,6,test
6947,collapse_010,collapse,10,17,150070,0.5,0.65,0.0,128,6,test
6948,collapse_010,collapse,10,18,150070,0.5,0.65,0.0,128,6,test
6949,collapse_010,collapse,10,19,150070,0.5,0.65,0.0,128,6,test
6950,collapse_010,collapse,10,20,150070,0.5,0.65,0.0,128,6,test
6951,collapse_010,collapse,10,21,150070,0.5,0.65,0.0,128,6,test
6952,collapse_010,collapse,10,22,150070,0.5,0.65,0.0,128,6,test
6953,collapse_010,collapse,10,23,150070,0.5,0.65,0.0,128,6,test
6954,collapse_010,collapse,10,24,150070,0.5,0.65,0.0,128,6,test
6955,collapse_010,collapse,10,25,150070,0.5,0.65,0.0,128,6,test
6956,collapse_010,collapse,10,26,150070,0.5,0.65,0.0,128,6,test
6957,collapse_010,collapse,10,27,150070,0.5,0.65,0.0,128,6,test
6958,collapse_010,collapse,10,28,150070,0.5,0.65,0.0,128,6,test
6959,collapse_010,collapse,10,29,150070,0.5,0.65,0.0,128,6,test
6960,collapse_010,collapse,10,30,150070,0.5,0.65,0.0,128,6,test
6961,collapse_010,collapse,10,31,150070,0.5,0.65,0.0,128,6,test
6962,collapse_010,collapse,10,32,150070,0.5,0.65,0.0,128,6,test
6963,collapse_010,collapse,10,33,150070,0.5,0.65,0.0,128,6,test
6964,collapse_010,collapse,10,34,150070,0.5,0.65,0.0,128,6,test
6965,collapse_010,collapse,10,35,150070,0.5,0.65,0.0,128,6,test
6966,collapse_010,collapse,10,36,150070,0.5,0.65,0.0,128,6,test
6967,collapse_010,collapse,10,37,150070,0.5,0.65,0.0,128,6,test
6968,collapse_010,collapse,10,38,150070,0.5,0.65,0.0,128,6,test
6969,collapse_010,collapse,10,39,150070,0.5,0.65,0.0,128,6,test
6970,collapse_010,collapse,10,40,150070,0.5,0.65,0.0,128,6,test
6971,collapse_010,collapse,10,41,150070,0.5,0.65,0.0,128,6,test
6972,collapse_010,collapse,10,42,150070,0.5,0.65,0.0,128,6,test
6973,collapse_010,collapse,10,43,150070,0.5,0.65,0.0,128,6,test
6974,collapse_010,collapse,10,44,150070,0.5,0.65,0.0,128,6,test
6975,collapse_010,collapse,10,45,150070,0.5,0.65,0.0,128,6,test
6976,collapse_010,collapse,10,46,150070,0.5,0.65,0.0,128,6,test
6977,collapse_010,collapse,10,47,150070,0.5,0.65,0.0,128,6,test
6978,collapse_010,collapse,10,48,150070,0.5,0.65,0.0,128,6,test
6979,collapse_010,collapse,10,49,150070,0.5,0.65,0.0,128,6,test
6980,collapse_010,collapse,10,50,150070,0.5,0.65,0.0,128,6,test
6981,collapse_010,collapse,10,51,150070,0.5,0.65,0.0,128,6,test
6982,collapse_010,collapse,10,52,150070,0.5,0.65,0.0,128,6,test
6983,collapse_010,collapse,10,53,150070,0.5,0.65,0.0,128,6,test
6984,collapse_010,collapse,10,54,150070,0.5,0.65,0.0,128,6,test
6985,collapse_010,collapse,10,55,150070,0.5,0.65,0.0,128,6,test
6986,collapse_010,collapse,10,56,150070,0.5,0.65,0.0,128,6,test
6987,collapse_010,collapse,10,57,150070,0.5,0.65,0.0,128,6,test
6988,collapse_010,collapse,10,58,150070,0.5,0.65,0.0,128,6,test
6989,collapse_010,collapse,10,59,150070,0.5,0.65,0.0,128,6,test
6990,collapse_010,collapse,10,60,150070,0.5,0.65,0.0,128,6,test
6991,collapse_010,collapse,10,61,150070,0.5,0.65,0.0,128,6,test
6992,collapse_010,collapse,10,62,150070,0.5,0.65,0.0,128,6,test
6993,collapse_010,collapse,10,63,150070,0.5,0.65,0.0,128,6,test
6994,collapse_010,collapse,10,64,150070,0.5,0.65,0.0,128,6,test
6995,collapse_010,collapse,10,65,150070,0.5,0.65,0.0,128,6,test
6996,collapse_010,collapse,10,66,150070,0.5,0.65,0.0,128,6,test
6997,collapse_010,collapse,10,67,150070,0.5,0.65,0.0,128,6,test
6998,collapse_010,collapse,10,68,150070,0.5,0.65,0.0,128,6,test
6999,collapse_010,collapse,10,69,150070,0.5,0.65,0.0,128,6,test
7000,collapse_010,collapse,10,70,150070,0.5,0.65,0.0,128,6,test
7001,collapse_010,collapse,10,71,150070,0.5,0.65,0.0,128,6,test
7002,collapse_010,collapse,10,72,150070,0.5,0.65,0.0,128,6,test
7003,collapse_010,collapse,10,73,150070,0.5,0.65,0.0,128,6,test
7004,collapse_010,collapse,10,74,150070,0.5,0.65,0.0,128,6,test
7005,collapse_010,collapse,10,75,150070,0.5,0.65,0.0,128,6,test
7006,collapse_010,collapse,10,76,150070,0.5,0.65,0.0,128,6,test
7007,collapse_010,collapse,10,77,150070,0.5,0.65,0.0,128,6,test
7008,collapse_010,collapse,10,78,150070,0.5,0.65,0.0,128,6,test
7009,collapse_010,collapse,10,79,150070,0.5,0.65,0.0,128,6,test
7010,collapse_010,collapse,10,80,150070,0.5,0.65,0.0,128,6,test
7011,collapse_010,collapse,10,81,150070,0.5,0.65,0.0,128,6,test
7012,collapse_010,collapse,10,82,150070,0.5,0.65,0.0,128,6,test
7013,collapse_010,collapse,10,83,150070,0.5,0.65,0.0,128,6,test
7014,collapse_010,collapse,10,84,150070,0.5,0.65,0.0,128,6,test
7015,collapse_010,collapse,10,85,150070,0.5,0.65,0.0,128,6,test
7016,collapse_010,collapse,10,86,150070,0.5,0.65,0.0,128,6,test
7017,collapse_010,collapse,10,87,150070,0.5,0.65,0.0,128,6,test
7018,collapse_010,collapse,10,88,150070,0.5,0.65,0.0,128,6,test
7019,collapse_010,collapse,10,89,150070,0.5,0.65,0.0,128,6,test
7020,collapse_010,collapse,10,90,150070,0.5,0.65,0.0,128,6,test
7021,collapse_010,collapse,10,91,150070,0.5,0.65,0.0,128,6,test
7022,collapse_010,collapse,10,92,150070,0.5,0.65,0.0,128,6,test
7023,collapse_010,collapse,10,93,150070,0.5,0.65,0.0,128,6,test
7024,collapse_010,collapse,10,94,150070,0.5,0.65,0.0,128,6,test
7025,collapse_010,collapse,10,95,150070,0.5,0.65,0.0,128,6,test
7026,collapse_010,collapse,10,96,150070,0.5,0.65,0.0,128,6,test
7027,collapse_010,collapse,10,97,150070,0.5,0.65,0.0,128,6,test
7028,collapse_010,collapse,10,98,150070,0.5,0.65,0.0,128,6,test
7029,collapse_011,collapse,11,0,150071,0.5,0.65,0.0,128,6,train
7030,collapse_011,collapse,11,1,150071,0.5,0.65,0.0,128,6,train
7031,collapse_011,collapse,11,2,150071,0.5,0.65,0.0,128,6,train
7032,collapse_011,collapse,11,3,150071,0.5,0.65,0.0,128,6,train
7033,collapse_011,collapse,11,4,150071,0.5,0.65,0.0,128,6,train
7034,collapse_011,collapse,11,5,150071,0.5,0.65,0.0,128,6,train
7035,collapse_011,collapse,11,6,150071,0.5,0.65,0.0,128,6,train
7036,collapse_011,collapse,11,7,150071,0.5,0.65,0.0,128,6,train
7037,collapse_011,collapse,11,8,150071,0.5,0.65,0.0,128,6,train
7038,collapse_011,collapse,11,9,150071,0.5,0.65,0.0,128,6,train
7039,collapse_011,collapse,11,10,150071,0.5,0.65,0.0,128,6,train
7040,collapse_011,collapse,11,11,150071,0.5,0.65,0.0,128,6,train
7041,collapse_011,collapse,11,12,150071,0.5,0.65,0.0,128,6,train
7042,collapse_011,collapse,11,13,150071,0.5,0.65,0.0,128,6,train
7043,collapse_011,collapse,11,14,150071,0.5,0.65,0.0,128,6,train
7044,collapse_011,collapse,11,15,150071,0.5,0.65,0.0,128,6,train
7045,collapse_011,collapse,11,16,150071,0.5,0.65,0.0,128,6,train
7046,collapse_011,collapse,11,17,150071,0.5,0.65,0.0,128,6,train
7047,collapse_011,collapse,11,18,150071,0.5,0.65,0.0,128,6,train
7048,collapse_011,collapse,11,19,150071,0.5,0.65,0.0,128,6,train
7049,collapse_011,collapse,11,20,150071,0.5,0.65,0.0,128,6,train
7050,collapse_011,collapse,11,21,150071,0.5,0.65,0.0,128,6,train
7051,collapse_011,collapse,11,22,150071,0.5,0.65,0.0,128,6,train
7052,collapse_011,collapse,11,23,150071,0.5,0.65,0.0,128,6,train
7053,collapse_011,collapse,11,24,150071,0.5,0.65,0.0,128,6,train
7054,collapse_011,collapse,11,25,150071,0.5,0.65,0.0,128,6,train
7055,collapse_011,collapse,11,26,150071,0.5,0.65,0.0,128,6,train
7056,collapse_011,collapse,11,27,150071,0.5,0.65,0.0,128,6,train
7057,collapse_011,collapse,11,28,150071,0.5,0.65,0.0,128,6,train
7058,collapse_011,collapse,11,29,150071,0.5,0.65,0.0,128,6,train
7059,collapse_011,collapse,11,30,150071,0.5,0.65,0.0,128,6,train
7060,collapse_011,collapse,11,31,150071,0.5,0.65,0.0,128,6,train
7061,collapse_011,collapse,11,32,150071,0.5,0.65,0.0,128,6,train
7062,collapse_011,collapse,11,33,150071,0.5,0.65,0.0,128,6,train
7063,collapse_011,collapse,11,34,150071,0.5,0.65,0.0,128,6,train
7064,collapse_011,collapse,11,35,150071,0.5,0.65,0.0,128,6,train
7065,collapse_011,collapse,11,36,150071,0.5,0.65,0.0,128,6,train
7066,collapse_011,collapse,11,37,150071,0.5,0.65,0.0,128,6,train
7067,collapse_011,collapse,11,38,150071,0.5,0.65,0.0,128,6,train
7068,collapse_011,collapse,11,39,150071,0.5,0.65,0.0,128,6,train
7069,collapse_011,collapse,11,40,150071,0.5,0.65,0.0,128,6,train
7070,collapse_011,collapse,11,41,150071,0.5,0.65,0.0,128,6,train
7071,collapse_011,collapse,11,42,150071,0.5,0.65,0.0,128,6,train
7072,collapse_011,collapse,11,43,150071,0.5,0.65,0.0,128,6,train
7073,collapse_011,collapse,11,44,150071,0.5,0.65,0.0,128,6,train
7074,collapse_011,collapse,11,45,150071,0.5,0.65,0.0,128,6,train
7075,collapse_011,collapse,11,46,150071,0.5,0.65,0.0,128,6,train
7076,collapse_011,collapse,11,47,150071,0.5,0.65,0.0,128,6,train
7077,collapse_011,collapse,11,48,150071,0.5,0.65,0.0,128,6,train
7078,collapse_011,collapse,11,49,150071,0.5,0.65,0.0,128,6,train
7079,collapse_011,collapse,11,50,150071,0.5,0.65,0.0,128,6,train
7080,collapse_011,collapse,11,51,150071,0.5,0.65,0.0,128,6,train
7081,collapse_011,collapse,11,52,150071,0.5,0.65,0.0,128,6,train
7082,collapse_011,collapse,11,53,150071,0.5,0.65,0.0,128,6,train
7083,collapse_011,collapse,11,54,150071,0.5,0.65,0.0,128,6,train
7084,collapse_011,collapse,11,55,150071,0.5,0.65,0.0,128,6,train
7085,collapse_011,collapse,11,56,150071,0.5,0.65,0.0,128,6,train
7086,collapse_011,collapse,11,57,150071,0.5,0.65,0.0,128,6,train
7087,collapse_011,collapse,11,58,150071,0.5,0.65,0.0,128,6,train
7088,collapse_011,collapse,11,59,150071,0.5,0.65,0.0,128,6,train
7089,collapse_011,collapse,11,60,150071,0.5,0.65,0.0,128,6,train
7090,collapse_011,collapse,11,61,150071,0.5,0.65,0.0,128,6,train
7091,collapse_011,collapse,11,62,150071,0.5,0.65,0.0,128,6,train
7092,collapse_011,collapse,11,63,150071,0.5,0.65,0.0,128,6,train
7093,collapse_011,collapse,11,64,150071,0.5,0.65,0.0,128,6,train
7094,collapse_011,collapse,11,65,150071,0.5,0.65,0.0,128,6,train
7095,collapse_011,collapse,11,66,150071,0.5,0.65,0.0,128,6,train
7096,collapse_011,collapse,11,67,150071,0.5,0.65,0.0,128,6,train
7097,collapse_011,collapse,11,68,150071,0.5,0.65,0.0,128,6,train
7098,collapse_011,collapse,11,69,150071,0.5,0.65,0.0,128,6,train
7099,collapse_011,collapse,11,70,150071,0.5,0.65,0.0,128,6,train
7100,collapse_011,collapse,11,71,150071,0.5,0.65,0.0,128,6,train
7101,collapse_011,collapse,11,72,150071,0.5,0.65,0.0,128,6,train
7102,collapse_011,collapse,11,73,150071,0.5,0.65,0.0,128,6,train
7103,collapse_011,collapse,11,74,150071,0.5,0.65,0.0,128,6,train
7104,collapse_011,collapse,11,75,150071,0.5,0.65,0.0,128,6,train
7105,collapse_011,collapse,11,76,150071,0.5,0.65,0.0,128,6,train
7106,collapse_011,collapse,11,77,150071,0.5,0.65,0.0,128,6,train
7107,collapse_011,collapse,11,78,150071,0.5,0.65,0.0,128,6,train
7108,collapse_011,collapse,11,79,150071,0.5,0.65,0.0,128,6,train
7109,collapse_011,collapse,11,80,150071,0.5,0.65,0.0,128,6,train
7110,collapse_011,collapse,11,81,150071,0.5,0.65,0.0,128,6,train
7111,collapse_011,collapse,11,82,150071,0.5,0.65,0.0,128,6,train
7112,collapse_011,collapse,11,83,150071,0.5,0.65,0.0,128,6,train
7113,collapse_011,collapse,11,84,150071,0.5,0.65,0.0,128,6,train
7114,collapse_011,collapse,11,85,150071,0.5,0.65,0.0,128,6,train
7115,collapse_011,collapse,11,86,150071,0.5,0.65,0.0,128,6,train
7116,collapse_011,collapse,11,87,150071,0.5,0.65,0.0,128,6,train
7117,collapse_011,collapse,11,88,150071,0.5,0.65,0.0,128,6,train
7118,collapse_011,collapse,11,89,150071,0.5,0.65,0.0,128,6,train
7119,collapse_011,collapse,11,90,150071,0.5,0.65,0.0,128,6,train
7120,collapse_011,collapse,11,91,150071,0.5,0.65,0.0,128,6,train
7121,collapse_011,collapse,11,92,150071,0.5,0.65,0.0,128,6,train
7122,collapse_011,collapse,11,93,150071,0.5,0.65,0.0,128,6,train
7123,collapse_011,collapse,11,94,150071,0.5,0.65,0.0,128,6,train
7124,collapse_011,collapse,11,95,150071,0.5,0.65,0.0,128,6,train
7125,collapse_011,collapse,11,96,150071,0.5,0.65,0.0,128,6,train
7126,collapse_011,collapse,11,97,150071,0.5,0.65,0.0,128,6,train
7127,collapse_011,collapse,11,98,150071,0.5,0.65,0.0,128,6,train
7128,collapse_012,collapse,12,0,150072,0.5,0.65,0.0,128,6,train
7129,collapse_012,collapse,12,1,150072,0.5,0.65,0.0,128,6,train
7130,collapse_012,collapse,12,2,150072,0.5,0.65,0.0,128,6,train
7131,collapse_012,collapse,12,3,150072,0.5,0.65,0.0,128,6,train
7132,collapse_012,collapse,12,4,150072,0.5,0.65,0.0,128,6,train
7133,collapse_012,collapse,12,5,150072,0.5,0.65,0.0,128,6,train
7134,collapse_012,collapse,12,6,150072,0.5,0.65,0.0,128,6,train
7135,collapse_012,collapse,12,7,150072,0.5,0.65,0.0,128,6,train
7136,collapse_012,collapse,12,8,150072,0.5,0.65,0.0,128,6,train
7137,collapse_012,collapse,12,9,150072,0.5,0.65,0.0,128,6,train
7138,collapse_012,collapse,12,10,150072,0.5,0.65,0.0,128,6,train
7139,collapse_012,collapse,12,11,150072,0.5,0.65,0.0,128,6,train
7140,collapse_012,collapse,12,12,150072,0.5,0.65,0.0,128,6,train
7141,collapse_012,collapse,12,13,150072,0.5,0.65,0.0,128,6,train
7142,collapse_012,collapse,12,14,150072,0.5,0.65,0.0,128,6,train
7143,collapse_012,collapse,12,15,150072,0.5,0.65,0.0,128,6,train
7144,collapse_012,collapse,12,16,150072,0.5,0.65,0.0,128,6,train
7145,collapse_012,collapse,12,17,150072,0.5,0.65,0.0,128,6,train
7146,collapse_012,collapse,12,18,150072,0.5,0.65,0.0,128,6,train
7147,collapse_012,collapse,12,19,150072,0.5,0.65,0.0,128,6,train
7148,collapse_012,collapse,12,20,150072,0.5,0.65,0.0,128,6,train
7149,collapse_012,collapse,12,21,150072,0.5,0.65,0.0,128,6,train
7150,collapse_012,collapse,12,22,150072,0.5,0.65,0.0,128,6,train
7151,collapse_012,collapse,12,23,150072,0.5,0.65,0.0,128,6,train
7152,collapse_012,collapse,12,24,150072,0.5,0.65,0.0,128,6,train
7153,collapse_012,collapse,12,25,150072,0.5,0.65,0.0,128,6,train
7154,collapse_012,collapse,12,26,150072,0.5,0.65,0.0,128,6,train
7155,collapse_012,collapse,12,27,150072,0.5,0.65,0.0,128,6,train
7156,collapse_012,collapse,12,28,150072,0.5,0.65,0.0,128,6,train
7157,collapse_012,collapse,12,29,150072,0.5,0.65,0.0,128,6,train
7158,collapse_012,collapse,12,30,150072,0.5,0.65,0.0,128,6,train
7159,collapse_012,collapse,12,31,150072,0.5,0.65,0.0,128,6,train
7160,collapse_012,collapse,12,32,150072,0.5,0.65,0.0,128,6,train
7161,collapse_012,collapse,12,33,150072,0.5,0.65,0.0,128,6,train
7162,collapse_012,collapse,12,34,150072,0.5,0.65,0.0,128,6,train
7163,collapse_012,collapse,12,35,150072,0.5,0.65,0.0,128,6,train
7164,collapse_012,collapse,12,36,150072,0.5,0.65,0.0,128,6,train
7165,collapse_012,collapse,12,37,150072,0.5,0.65,0.0,128,6,train
7166,collapse_012,collapse,12,38,150072,0.5,0.65,0.0,128,6,train
7167,collapse_012,collapse,12,39,150072,0.5,0.65,0.0,128,6,train
7168,collapse_012,collapse,12,40,150072,0.5,0.65,0.0,128,6,train
7169,collapse_012,collapse,12,41,150072,0.5,0.65,0.0,128,6,train
7170,collapse_012,collapse,12,42,150072,0.5,0.65,0.0,128,6,train
7171,collapse_012,collapse,12,43,150072,0.5,0.65,0.0,128,6,train
7172,collapse_012,collapse,12,44,150072,0.5,0.65,0.0,128,6,train
7173,collapse_012,collapse,12,45,150072,0.5,0.65,0.0,128,6,train
7174,collapse_012,collapse,12,46,150072,0.5,0.65,0.0,128,6,train
7175,collapse_012,collapse,12,47,150072,0.5,0.65,0.0,128,6,train
7176,collapse_012,collapse,12,48,150072,0.5,0.65,0.0,128,6,train
7177,collapse_012,collapse,12,49,150072,0.5,0.65,0.0,128,6,train
7178,collapse_012,collapse,12,50,150072,0.5,0.65,0.0,128,6,train
7179,collapse_012,collapse,12,51,150072,0.5,0.65,0.0,128,6,train
7180,collapse_012,collapse,12,52,150072,0.5,0.65,0.0,128,6,train
7181,collapse_012,collapse,12,53,150072,0.5,0.65,0.0,128,6,train
7182,collapse_012,collapse,12,54,150072,0.5,0.65,0.0,128,6,train
7183,collapse_012,collapse,12,55,150072,0.5,0.65,0.0,128,6,train
7184,collapse_012,collapse,12,56,150072,0.5,0.65,0.0,128,6,train
7185,collapse_012,collapse,12,57,150072,0.5,0.65,0.0,128,6,train
7186,collapse_012,collapse,12,58,150072,0.5,0.65,0.0,128,6,train
7187,collapse_012,collapse,12,59,150072,0.5,0.65,0.0,128,6,train
7188,collapse_012,collapse,12,60,150072,0.5,0.65,0.0,128,6,train
7189,collapse_012,collapse,12,61,150072,0.5,0.65,0.0,128,6,train
7190,collapse_012,collapse,12,62,150072,0.5,0.65,0.0,128,6,train
7191,collapse_012,collapse,12,63,150072,0.5,0.65,0.0,128,6,train
7192,collapse_012,collapse,12,64,150072,0.5,0.65,0.0,128,6,train
7193,collapse_012,collapse,12,65,150072,0.5,0.65,0.0,128,6,train
7194,collapse_012,collapse,12,66,150072,0.5,0.65,0.0,128,6,train
7195,collapse_012,collapse,12,67,150072,0.5,0.65,0.0,128,6,train
7196,collapse_012,collapse,12,68,150072,0.5,0.65,0.0,128,6,train
7197,collapse_012,collapse,12,69,150072,0.5,0.65,0.0,128,6,train
7198,collapse_012,collapse,12,70,150072,0.5,0.65,0.0,128,6,train
7199,collapse_012,collapse,12,71,150072,0.5,0.65,0.0,128,6,train
7200,collapse_012,collapse,12,72,150072,0.5,0.65,0.0,128,6,train
7201,collapse_012,collapse,12,73,150072,0.5,0.65,0.0,128,6,train
7202,collapse_012,collapse,12,74,150072,0.5,0.65,0.0,128,6,train
7203,collapse_012,collapse,12,75,150072,0.5,0.65,0.0,128,6,train
7204,collapse_012,collapse,12,76,150072,0.5,0.65,0.0,128,6,train
7205,collapse_012,collapse,12,77,150072,0.5,0.65,0.0,128,6,train
7206,collapse_012,collapse,12,78,150072,0.5,0.65,0.0,128,6,train
7207,collapse_012,collapse,12,79,150072,0.5,0.65,0.0,128,6,train
7208,collapse_012,collapse,12,80,150072,0.5,0.65,0.0,128,6,train
7209,collapse_012,collapse,12,81,150072,0.5,0.65,0.0,128,6,train
7210,collapse_012,collapse,12,82,150072,0.5,0.65,0.0,128,6,train
7211,collapse_012,collapse,12,83,150072,0.5,0.65,0.0,128,6,train
7212,collapse_012,collapse,12,84,150072,0.5,0.65,0.0,128,6,train
7213,collapse_012,collapse,12,85,150072,0.5,0.65,0.0,128,6,train
7214,collapse_012,collapse,12,86,150072,0.5,0.65,0.0,128,6,train
7215,collapse_012,collapse,12,87,150072,0.5,0.65,0.0,128,6,train
7216,collapse_012,collapse,12,88,150072,0.5,0.65,0.0,128,6,train
7217,collapse_012,collapse,12,89,150072,0.5,0.65,0.0,128,6,train
7218,collapse_012,collapse,12,90,150072,0.5,0.65,0.0,128,6,train
7219,collapse_012,collapse,12,91,150072,0.5,0.65,0.0,128,6,train
7220,collapse_012,collapse,12,92,150072,0.5,0.65,0.0,128,6,train
7221,collapse_012,collapse,12,93,150072,0.5,0.65,0.0,128,6,train
7222,collapse_012,collapse,12,94,150072,0.5,0.65,0.0,128,6,train
7223,collapse_012,collapse,12,95,150072,0.5,0.65,0.0,128,6,train
7224,collapse_012,collapse,12,96,150072,0.5,0.65,0.0,128,6,train
7225,collapse_012,collapse,12,97,150072,0.5,0.65,0.0,128,6,train
7226,collapse_012,collapse,12,98,150072,0.5,0.65,0.0,128,6,train
7227,collapse_013,collapse,13,0,150073,0.5,0.65,0.0,128,6,train
7228,collapse_013,collapse,13,1,150073,0.5,0.65,0.0,128,6,train
7229,collapse_013,collapse,13,2,150073,0.5,0.65,0.0,128,6,train
7230,collapse_013,collapse,13,3,150073,0.5,0.65,0.0,128,6,train
7231,collapse_013,collapse,13,4,150073,0.5,0.65,0.0,128,6,train
7232,collapse_013,collapse,13,5,150073,0.5,0.65,0.0,128,6,train
7233,collapse_013,collapse,13,6,150073,0.5,0.65,0.0,128,6,train
7234,collapse_013,collapse,13,7,150073,0.5,0.65,0.0,128,6,train
7235,collapse_013,collapse,13,8,150073,0.5,0.65,0.0,128,6,train
7236,collapse_013,collapse,13,9,150073,0.5,0.65,0.0,128,6,train
7237,collapse_013,collapse,13,10,150073,0.5,0.65,0.0,128,6,train
7238,collapse_013,collapse,13,11,150073,0.5,0.65,0.0,128,6,train
7239,collapse_013,collapse,13,12,150073,0.5,0.65,0.0,128,6,train
7240,collapse_013,collapse,13,13,150073,0.5,0.65,0.0,128,6,train
7241,collapse_013,collapse,13,14,150073,0.5,0.65,0.0,128,6,train
7242,collapse_013,collapse,13,15,150073,0.5,0.65,0.0,128,6,train
7243,collapse_013,collapse,13,16,150073,0.5,0.65,0.0,128,6,train
7244,collapse_013,collapse,13,17,150073,0.5,0.65,0.0,128,6,train
7245,collapse_013,collapse,13,18,150073,0.5,0.65,0.0,128,6,train
7246,collapse_013,collapse,13,19,150073,0.5,0.65,0.0,128,6,train
7247,collapse_013,collapse,13,20,150073,0.5,0.65,0.0,128,6,train
7248,collapse_013,collapse,13,21,150073,0.5,0.65,0.0,128,6,train
7249,collapse_013,collapse,13,22,150073,0.5,0.65,0.0,128,6,train
7250,collapse_013,collapse,13,23,150073,0.5,0.65,0.0,128,6,train
7251,collapse_013,collapse,13,24,150073,0.5,0.65,0.0,128,6,train
7252,collapse_013,collapse,13,25,150073,0.5,0.65,0.0,128,6,train
7253,collapse_013,collapse,13,26,150073,0.5,0.65,0.0,128,6,train
7254,collapse_013,collapse,13,27,150073,0.5,0.65,0.0,128,6,train
7255,collapse_013,collapse,13,28,150073,0.5,0.65,0.0,128,6,train
7256,collapse_013,collapse,13,29,150073,0.5,0.65,0.0,128,6,train
7257,collapse_013,collapse,13,30,150073,0.5,0.65,0.0,128,6,train
7258,collapse_013,collapse,13,31,150073,0.5,0.65,0.0,128,6,train
7259,collapse_013,collapse,13,32,150073,0.5,0.65,0.0,128,6,train
7260,collapse_013,collapse,13,33,150073,0.5,0.65,0.0,128,6,train
7261,collapse_013,collapse,13,34,150073,0.5,0.65,0.0,128,6,train
7262,collapse_013,collapse,13,35,150073,0.5,0.65,0.0,128,6,train
7263,collapse_013,collapse,13,36,150073,0.5,0.65,0.0,128,6,train
7264,collapse_013,collapse,13,37,150073,0.5,0.65,0.0,128,6,train
7265,collapse_013,collapse,13,38,150073,0.5,0.65,0.0,128,6,train
7266,collapse_013,collapse,13,39,150073,0.5,0.65,0.0,128,6,train
7267,collapse_013,collapse,13,40,150073,0.5,0.65,0.0,128,6,train
7268,collapse_013,collapse,13,41,150073,0.5,0.65,0.0,128,6,train
7269,collapse_013,collapse,13,42,150073,0.5,0.65,0.0,128,6,train
7270,collapse_013,collapse,13,43,150073,0.5,0.65,0.0,128,6,train
7271,collapse_013,collapse,13,44,150073,0.5,0.65,0.0,128,6,train
7272,collapse_013,collapse,13,45,150073,0.5,0.65,0.0,128,6,train
7273,collapse_013,collapse,13,46,150073,0.5,0.65,0.0,128,6,train
7274,collapse_013,collapse,13,47,150073,0.5,0.65,0.0,128,6,train
7275,collapse_013,collapse,13,48,150073,0.5,0.65,0.0,128,6,train
7276,collapse_013,collapse,13,49,150073,0.5,0.65,0.0,128,6,train
7277,collapse_013,collapse,13,50,150073,0.5,0.65,0.0,128,6,train
7278,collapse_013,collapse,13,51,150073,0.5,0.65,0.0,128,6,train
7279,collapse_013,collapse,13,52,150073,0.5,0.65,0.0,128,6,train
7280,collapse_013,collapse,13,53,150073,0.5,0.65,0.0,128,6,train
7281,collapse_013,collapse,13,54,150073,0.5,0.65,0.0,128,6,train
7282,collapse_013,collapse,13,55,150073,0.5,0.65,0.0,128,6,train
7283,collapse_013,collapse,13,56,150073,0.5,0.65,0.0,128,6,train
7284,collapse_013,collapse,13,57,150073,0.5,0.65,0.0,128,6,train
7285,collapse_013,collapse,13,58,150073,0.5,0.65,0.0,128,6,train
7286,collapse_013,collapse,13,59,150073,0.5,0.65,0.0,128,6,train
7287,collapse_013,collapse,13,60,150073,0.5,0.65,0.0,128,6,train
7288,collapse_013,collapse,13,61,150073,0.5,0.65,0.0,128,6,train
7289,collapse_013,collapse,13,62,150073,0.5,0.65,0.0,128,6,train
7290,collapse_013,collapse,13,63,150073,0.5,0.65,0.0,128,6,train
7291,collapse_013,collapse,13,64,150073,0.5,0.65,0.0,128,6,train
7292,collapse_013,collapse,13,65,150073,0.5,0.65,0.0,128,6,train
7293,collapse_013,collapse,13,66,150073,0.5,0.65,0.0,128,6,train
7294,collapse_013,collapse,13,67,150073,0.5,0.65,0.0,128,6,train
7295,collapse_013,collapse,13,68,150073,0.5,0.65,0.0,128,6,train
7296,collapse_013,collapse,13,69,150073,0.5,0.65,0.0,128,6,train
7297,collapse_013,collapse,13,70,150073,0.5,0.65,0.0,128,6,train
7298,collapse_013,collapse,13,71,150073,0.5,0.65,0.0,128,6,train
7299,collapse_013,collapse,13,72,150073,0.5,0.65,0.0,128,6,train
7300,collapse_013,collapse,13,73,150073,0.5,0.65,0.0,128,6,train
7301,collapse_013,collapse,13,74,150073,0.5,0.65,0.0,128,6,train
7302,collapse_013,collapse,13,75,150073,0.5,0.65,0.0,128,6,train
7303,collapse_013,collapse,13,76,150073,0.5,0.65,0.0,128,6,train
7304,collapse_013,collapse,13,77,150073,0.5,0.65,0.0,128,6,train
7305,collapse_013,collapse,13,78,150073,0.5,0.65,0.0,128,6,train
7306,collapse_013,collapse,13,79,150073,0.5,0.65,0.0,128,6,train
7307,collapse_013,collapse,13,80,150073,0.5,0.65,0.0,128,6,train
7308,collapse_013,collapse,13,81,150073,0.5,0.65,0.0,128,6,train
7309,collapse_013,collapse,13,82,150073,0.5,0.65,0.0,128,6,train
7310,collapse_013,collapse,13,83,150073,0.5,0.65,0.0,128,6,train
7311,collapse_013,collapse,13,84,150073,0.5,0.65,0.0,128,6,train
7312,collapse_013,collapse,13,85,150073,0.5,0.65,0.0,128,6,train
7313,collapse_013,collapse,13,86,150073,0.5,0.65,0.0,128,6,train
7314,collapse_013,collapse,13,87,150073,0.5,0.65,0.0,128,6,train
7315,collapse_013,collapse,13,88,150073,0.5,0.65,0.0,128,6,train
7316,collapse_013,collapse,13,89,150073,0.5,0.65,0.0,128,6,train
7317,collapse_013,collapse,13,90,150073,0.5,0.65,0.0,128,6,train
7318,collapse_013,collapse,13,91,150073,0.5,0.65,0.0,128,6,train
7319,collapse_013,collapse,13,92,150073,0.5,0.65,0.0,128,6,train
7320,collapse_013,collapse,13,93,150073,0.5,0.65,0.0,128,6,train
7321,collapse_013,collapse,13,94,150073,0.5,0.65,0.0,128,6,train
7322,collapse_013,collapse,13,95,150073,0.5,0.65,0.0,128,6,train
7323,collapse_013,collapse,13,96,150073,0.5,0.65,0.0,128,6,train
7324,collapse_013,collapse,13,97,150073,0.5,0.65,0.0,128,6,train
7325,collapse_013,collapse,13,98,150073,0.5,0.65,0.0,128,6,train
7326,collapse_014,collapse,14,0,150074,0.5,0.65,0.0,128,6,train
7327,collapse_014,collapse,14,1,150074,0.5,0.65,0.0,128,6,train
7328,collapse_014,collapse,14,2,150074,0.5,0.65,0.0,128,6,train
7329,collapse_014,collapse,14,3,150074,0.5,0.65,0.0,128,6,train
7330,collapse_014,collapse,14,4,150074,0.5,0.65,0.0,128,6,train
7331,collapse_014,collapse,14,5,150074,0.5,0.65,0.0,128,6,train
7332,collapse_014,collapse,14,6,150074,0.5,0.65,0.0,128,6,train
7333,collapse_014,collapse,14,7,150074,0.5,0.65,0.0,128,6,train
7334,collapse_014,collapse,14,8,150074,0.5,0.65,0.0,128,6,train
7335,collapse_014,collapse,14,9,150074,0.5,0.65,0.0,128,6,train
7336,collapse_014,collapse,14,10,150074,0.5,0.65,0.0,128,6,train
7337,collapse_014,collapse,14,11,150074,0.5,0.65,0.0,128,6,train
7338,collapse_014,collapse,14,12,150074,0.5,0.65,0.0,128,6,train
7339,collapse_014,collapse,14,13,150074,0.5,0.65,0.0,128,6,train
7340,collapse_014,collapse,14,14,150074,0.5,0.65,0.0,128,6,train
7341,collapse_014,collapse,14,15,150074,0.5,0.65,0.0,128,6,train
7342,collapse_014,collapse,14,16,150074,0.5,0.65,0.0,128,6,train
7343,collapse_014,collapse,14,17,150074,0.5,0.65,0.0,128,6,train
7344,collapse_014,collapse,14,18,150074,0.5,0.65,0.0,128,6,train
7345,collapse_014,collapse,14,19,150074,0.5,0.65,0.0,128,6,train
7346,collapse_014,collapse,14,20,150074,0.5,0.65,0.0,128,6,train
7347,collapse_014,collapse,14,21,150074,0.5,0.65,0.0,128,6,train
7348,collapse_014,collapse,14,22,150074,0.5,0.65,0.0,128,6,train
7349,collapse_014,collapse,14,23,150074,0.5,0.65,0.0,128,6,train
7350,collapse_014,collapse,14,24,150074,0.5,0.65,0.0,128,6,train
7351,collapse_014,collapse,14,25,150074,0.5,0.65,0.0,128,6,train
7352,collapse_014,collapse,14,26,150074,0.5,0.65,0.0,128,6,train
7353,collapse_014,collapse,14,27,150074,0.5,0.65,0.0,128,6,train
7354,collapse_014,collapse,14,28,150074,0.5,0.65,0.0,128,6,train
7355,collapse_014,collapse,14,29,150074,0.5,0.65,0.0,128,6,train
7356,collapse_014,collapse,14,30,150074,0.5,0.65,0.0,128,6,train
7357,collapse_014,collapse,14,31,150074,0.5,0.65,0.0,128,6,train
7358,collapse_014,collapse,14,32,150074,0.5,0.65,0.0,128,6,train
7359,collapse_014,collapse,14,33,150074,0.5,0.65,0.0,128,6,train
7360,collapse_014,collapse,14,34,150074,0.5,0.65,0.0,128,6,train
7361,collapse_014,collapse,14,35,150074,0.5,0.65,0.0,128,6,train
7362,collapse_014,collapse,14,36,150074,0.5,0.65,0.0,128,6,train
7363,collapse_014,collapse,14,37,150074,0.5,0.65,0.0,128,6,train
7364,collapse_014,collapse,14,38,150074,0.5,0.65,0.0,128,6,train
7365,collapse_014,collapse,14,39,150074,0.5,0.65,0.0,128,6,train
7366,collapse_014,collapse,14,40,150074,0.5,0.65,0.0,128,6,train
7367,collapse_014,collapse,14,41,150074,0.5,0.65,0.0,128,6,train
7368,collapse_014,collapse,14,42,150074,0.5,0.65,0.0,128,6,train
7369,collapse_014,collapse,14,43,150074,0.5,0.65,0.0,128,6,train
7370,collapse_014,collapse,14,44,150074,0.5,0.65,0.0,128,6,train
7371,collapse_014,collapse,14,45,150074,0.5,0.65,0.0,128,6,train
7372,collapse_014,collapse,14,46,150074,0.5,0.65,0.0,128,6,train
7373,collapse_014,collapse,14,47,150074,0.5,0.65,0.0,128,6,train
7374,collapse_014,collapse,14,48,150074,0.5,0.65,0.0,128,6,train
7375,collapse_014,collapse,14,49,150074,0.5,0.65,0.0,128,6,train
7376,collapse_014,collapse,14,50,150074,0.5,0.65,0.0,128,6,train
7377,collapse_014,collapse,14,51,150074,0.5,0.65,0.0,128,6,train
7378,collapse_014,collapse,14,52,150074,0.5,0.65,0.0,128,6,train
7379,collapse_014,collapse,14,53,150074,0.5,0.65,0.0,128,6,train
7380,collapse_014,collapse,14,54,150074,0.5,0.65,0.0,128,6,train
7381,collapse_014,collapse,14,55,150074,0.5,0.65,0.0,128,6,train
7382,collapse_014,collapse,14,56,150074,0.5,0.65,0.0,128,6,train
7383,collapse_014,collapse,14,57,150074,0.5,0.65,0.0,128,6,train
7384,collapse_014,collapse,14,58,150074,0.5,0.65,0.0,128,6,train
7385,collapse_014,collapse,14,59,150074,0.5,0.65,0.0,128,6,train
7386,collapse_014,collapse,14,60,150074,0.5,0.65,0.0,128,6,train
7387,collapse_014,collapse,14,61,150074,0.5,0.65,0.0,128,6,train
7388,collapse_014,collapse,14,62,150074,0.5,0.65,0.0,128,6,train
7389,collapse_014,collapse,14,63,150074,0.5,0.65,0.0,128,6,train
7390,collapse_014,collapse,14,64,150074,0.5,0.65,0.0,128,6,train
7391,collapse_014,collapse,14,65,150074,0.5,0.65,0.0,128,6,train
7392,collapse_014,collapse,14,66,150074,0.5,0.65,0.0,128,6,train
7393,collapse_014,collapse,14,67,150074,0.5,0.65,0.0,128,6,train
7394,collapse_014,collapse,14,68,150074,0.5,0.65,0.0,128,6,train
7395,collapse_014,collapse,14,69,150074,0.5,0.65,0.0,128,6,train
7396,collapse_014,collapse,14,70,150074,0.5,0.65,0.0,128,6,train
7397,collapse_014,collapse,14,71,150074,0.5,0.65,0.0,128,6,train
7398,collapse_014,collapse,14,72,150074,0.5,0.65,0.0,128,6,train
7399,collapse_014,collapse,14,73,150074,0.5,0.65,0.0,128,6,train
7400,collapse_014,collapse,14,74,150074,0.5,0.65,0.0,128,6,train
7401,collapse_014,collapse,14,75,150074,0.5,0.65,0.0,128,6,train
7402,collapse_014,collapse,14,76,150074,0.5,0.65,0.0,128,6,train
7403,collapse_014,collapse,14,77,150074,0.5,0.65,0.0,128,6,train
7404,collapse_014,collapse,14,78,150074,0.5,0.65,0.0,128,6,train
7405,collapse_014,collapse,14,79,150074,0.5,0.65,0.0,128,6,train
7406,collapse_014,collapse,14,80,150074,0.5,0.65,0.0,128,6,train
7407,collapse_014,collapse,14,81,150074,0.5,0.65,0.0,128,6,train
7408,collapse_014,collapse,14,82,150074,0.5,0.65,0.0,128,6,train
7409,collapse_014,collapse,14,83,150074,0.5,0.65,0.0,128,6,train
7410,collapse_014,collapse,14,84,150074,0.5,0.65,0.0,128,6,train
7411,collapse_014,collapse,14,85,150074,0.5,0.65,0.0,128,6,train
7412,collapse_014,collapse,14,86,150074,0.5,0.65,0.0,128,6,train
7413,collapse_014,collapse,14,87,150074,0.5,0.65,0.0,128,6,train
7414,collapse_014,collapse,14,88,150074,0.5,0.65,0.0,128,6,train
7415,collapse_014,collapse,14,89,150074,0.5,0.65,0.0,128,6,train
7416,collapse_014,collapse,14,90,150074,0.5,0.65,0.0,128,6,train
7417,collapse_014,collapse,14,91,150074,0.5,0.65,0.0,128,6,train
7418,collapse_014,collapse,14,92,150074,0.5,0.65,0.0,128,6,train
7419,collapse_014,collapse,14,93,150074,0.5,0.65,0.0,128,6,train
7420,collapse_014,collapse,14,94,150074,0.5,0.65,0.0,128,6,train
7421,collapse_014,collapse,14,95,150074,0.5,0.65,0.0,128,6,train
7422,collapse_014,collapse,14,96,150074,0.5,0.65,0.0,128,6,train
7423,collapse_014,collapse,14,97,150074,0.5,0.65,0.0,128,6,train
7424,collapse_014,collapse,14,98,150074,0.5,0.65,0.0,128,6,train
7425,collapse_015,collapse,15,0,150075,0.5,0.65,0.0,128,6,train
7426,collapse_015,collapse,15,1,150075,0.5,0.65,0.0,128,6,train
7427,collapse_015,collapse,15,2,150075,0.5,0.65,0.0,128,6,train
7428,collapse_015,collapse,15,3,150075,0.5,0.65,0.0,128,6,train
7429,collapse_015,collapse,15,4,150075,0.5,0.65,0.0,128,6,train
7430,collapse_015,collapse,15,5,150075,0.5,0.65,0.0,128,6,train
7431,collapse_015,collapse,15,6,150075,0.5,0.65,0.0,128,6,train
7432,collapse_015,collapse,15,7,150075,0.5,0.65,0.0,128,6,train
7433,collapse_015,collapse,15,8,150075,0.5,0.65,0.0,128,6,train
7434,collapse_015,collapse,15,9,150075,0.5,0.65,0.0,128,6,train
7435,collapse_015,collapse,15,10,150075,0.5,0.65,0.0,128,6,train
7436,collapse_015,collapse,15,11,150075,0.5,0.65,0.0,128,6,train
7437,collapse_015,collapse,15,12,150075,0.5,0.65,0.0,128,6,train
7438,collapse_015,collapse,15,13,150075,0.5,0.65,0.0,128,6,train
7439,collapse_015,collapse,15,14,150075,0.5,0.65,0.0,128,6,train
7440,collapse_015,collapse,15,15,150075,0.5,0.65,0.0,128,6,train
7441,collapse_015,collapse,15,16,150075,0.5,0.65,0.0,128,6,train
7442,collapse_015,collapse,15,17,150075,0.5,0.65,0.0,128,6,train
7443,collapse_015,collapse,15,18,150075,0.5,0.65,0.0,128,6,train
7444,collapse_015,collapse,15,19,150075,0.5,0.65,0.0,128,6,train
7445,collapse_015,collapse,15,20,150075,0.5,0.65,0.0,128,6,train
7446,collapse_015,collapse,15,21,150075,0.5,0.65,0.0,128,6,train
7447,collapse_015,collapse,15,22,150075,0.5,0.65,0.0,128,6,train
7448,collapse_015,collapse,15,23,150075,0.5,0.65,0.0,128,6,train
7449,collapse_015,collapse,15,24,150075,0.5,0.65,0.0,128,6,train
7450,collapse_015,collapse,15,25,150075,0.5,0.65,0.0,128,6,train
7451,collapse_015,collapse,15,26,150075,0.5,0.65,0.0,128,6,train
7452,collapse_015,collapse,15,27,150075,0.5,0.65,0.0,128,6,train
7453,collapse_015,collapse,15,28,150075,0.5,0.65,0.0,128,6,train
7454,collapse_015,collapse,15,29,150075,0.5,0.65,0.0,128,6,train
7455,collapse_015,collapse,15,30,150075,0.5,0.65,0.0,128,6,train
7456,collapse_015,collapse,15,31,150075,0.5,0.65,0.0,128,6,train
7457,collapse_015,collapse,15,32,150075,0.5,0.65,0.0,128,6,train
7458,collapse_015,collapse,15,33,150075,0.5,0.65,0.0,128,6,train
7459,collapse_015,collapse,15,34,150075,0.5,0.65,0.0,128,6,train
7460,collapse_015,collapse,15,35,150075,0.5,0.65,0.0,128,6,train
7461,collapse_015,collapse,15,36,150075,0.5,0.65,0.0,128,6,train
7462,collapse_015,collapse,15,37,150075,0.5,0.65,0.0,128,6,train
7463,collapse_015,collapse,15,38,150075,0.5,0.65,0.0,128,6,train
7464,collapse_015,collapse,15,39,150075,0.5,0.65,0.0,128,6,train
7465,collapse_015,collapse,15,40,150075,0.5,0.65,0.0,128,6,train
7466,collapse_015,collapse,15,41,150075,0.5,0.65,0.0,128,6,train
7467,collapse_015,collapse,15,42,150075,0.5,0.65,0.0,128,6,train
7468,collapse_015,collapse,15,43,150075,0.5,0.65,0.0,128,6,train
7469,collapse_015,collapse,15,44,150075,0.5,0.65,0.0,128,6,train
7470,collapse_015,collapse,15,45,150075,0.5,0.65,0.0,128,6,train
7471,collapse_015,collapse,15,46,150075,0.5,0.65,0.0,128,6,train
7472,collapse_015,collapse,15,47,150075,0.5,0.65,0.0,128,6,train
7473,collapse_015,collapse,15,48,150075,0.5,0.65,0.0,128,6,train
7474,collapse_015,collapse,15,49,150075,0.5,0.65,0.0,128,6,train
7475,collapse_015,collapse,15,50,150075,0.5,0.65,0.0,128,6,train
7476,collapse_015,collapse,15,51,150075,0.5,0.65,0.0,128,6,train
7477,collapse_015,collapse,15,52,150075,0.5,0.65,0.0,128,6,train
7478,collapse_015,collapse,15,53,150075,0.5,0.65,0.0,128,6,train
7479,collapse_015,collapse,15,54,150075,0.5,0.65,0.0,128,6,train
7480,collapse_015,collapse,15,55,150075,0.5,0.65,0.0,128,6,train
7481,collapse_015,collapse,15,56,150075,0.5,0.65,0.0,128,6,train
7482,collapse_015,collapse,15,57,150075,0.5,0.65,0.0,128,6,train
7483,collapse_015,collapse,15,58,150075,0.5,0.65,0.0,128,6,train
7484,collapse_015,collapse,15,59,150075,0.5,0.65,0.0,128,6,train
7485,collapse_015,collapse,15,60,150075,0.5,0.65,0.0,128,6,train
7486,collapse_015,collapse,15,61,150075,0.5,0.65,0.0,128,6,train
7487,collapse_015,collapse,15,62,150075,0.5,0.65,0.0,128,6,train
7488,collapse_015,collapse,15,63,150075,0.5,0.65,0.0,128,6,train
7489,collapse_015,collapse,15,64,150075,0.5,0.65,0.0,128,6,train
7490,collapse_015,collapse,15,65,150075,0.5,0.65,0.0,128,6,train
7491,collapse_015,collapse,15,66,150075,0.5,0.65,0.0,128,6,train
7492,collapse_015,collapse,15,67,150075,0.5,0.65,0.0,128,6,train
7493,collapse_015,collapse,15,68,150075,0.5,0.65,0.0,128,6,train
7494,collapse_015,collapse,15,69,150075,0.5,0.65,0.0,128,6,train
7495,collapse_015,collapse,15,70,150075,0.5,0.65,0.0,128,6,train
7496,collapse_015,collapse,15,71,150075,0.5,0.65,0.0,128,6,train
7497,collapse_015,collapse,15,72,150075,0.5,0.65,0.0,128,6,train
7498,collapse_015,collapse,15,73,150075,0.5,0.65,0.0,128,6,train
7499,collapse_015,collapse,15,74,150075,0.5,0.65,0.0,128,6,train
7500,collapse_015,collapse,15,75,150075,0.5,0.65,0.0,128,6,train
7501,collapse_015,collapse,15,76,150075,0.5,0.65,0.0,128,6,train
7502,collapse_015,collapse,15,77,150075,0.5,0.65,0.0,128,6,train
7503,collapse_015,collapse,15,78,150075,0.5,0.65,0.0,128,6,train
7504,collapse_015,collapse,15,79,150075,0.5,0.65,0.0,128,6,train
7505,collapse_015,collapse,15,80,150075,0.5,0.65,0.0,128,6,train
7506,collapse_015,collapse,15,81,150075,0.5,0.65,0.0,128,6,train
7507,collapse_015,collapse,15,82,150075,0.5,0.65,0.0,128,6,train
7508,collapse_015,collapse,15,83,150075,0.5,0.65,0.0,128,6,train
7509,collapse_015,collapse,15,84,150075,0.5,0.65,0.0,128,6,train
7510,collapse_015,collapse,15,85,150075,0.5,0.65,0.0,128,6,train
7511,collapse_015,collapse,15,86,150075,0.5,0.65,0.0,128,6,train
7512,collapse_015,collapse,15,87,150075,0.5,0.65,0.0,128,6,train
7513,collapse_015,collapse,15,88,150075,0.5,0.65,0.0,128,6,train
7514,collapse_015,collapse,15,89,150075,0.5,0.65,0.0,128,6,train
7515,collapse_015,collapse,15,90,150075,0.5,0.65,0.0,128,6,train
7516,collapse_015,collapse,15,91,150075,0.5,0.65,0.0,128,6,train
7517,collapse_015,collapse,15,92,150075,0.5,0.65,0.0,128,6,train
7518,collapse_015,collapse,15,93,150075,0.5,0.65,0.0,128,6,train
7519,collapse_015,collapse,15,94,150075,0.5,0.65,0.0,128,6,train
7520,collapse_015,collapse,15,95,150075,0.5,0.65,0.0,128,6,train
7521,collapse_015,collapse,15,96,150075,0.5,0.65,0.0,128,6,train
7522,collapse_015,collapse,15,97,150075,0.5,0.65,0.0,128,6,train
7523,collapse_015,collapse,15,98,150075,0.5,0.65,0.0,128,6,train
7524,collapse_016,collapse,16,0,150076,0.5,0.65,0.0,128,6,train
7525,collapse_016,collapse,16,1,150076,0.5,0.65,0.0,128,6,train
7526,collapse_016,collapse,16,2,150076,0.5,0.65,0.0,128,6,train
7527,collapse_016,collapse,16,3,150076,0.5,0.65,0.0,128,6,train
7528,collapse_016,collapse,16,4,150076,0.5,0.65,0.0,128,6,train
7529,collapse_016,collapse,16,5,150076,0.5,0.65,0.0,128,6,train
7530,collapse_016,collapse,16,6,150076,0.5,0.65,0.0,128,6,train
7531,collapse_016,collapse,16,7,150076,0.5,0.65,0.0,128,6,train
7532,collapse_016,collapse,16,8,150076,0.5,0.65,0.0,128,6,train
7533,collapse_016,collapse,16,9,150076,0.5,0.65,0.0,128,6,train
7534,collapse_016,collapse,16,10,150076,0.5,0.65,0.0,128,6,train
7535,collapse_016,collapse,16,11,150076,0.5,0.65,0.0,128,6,train
7536,collapse_016,collapse,16,12,150076,0.5,0.65,0.0,128,6,train
7537,collapse_016,collapse,16,13,150076,0.5,0.65,0.0,128,6,train
7538,collapse_016,collapse,16,14,150076,0.5,0.65,0.0,128,6,train
7539,collapse_016,collapse,16,15,150076,0.5,0.65,0.0,128,6,train
7540,collapse_016,collapse,16,16,150076,0.5,0.65,0.0,128,6,train
7541,collapse_016,collapse,16,17,150076,0.5,0.65,0.0,128,6,train
7542,collapse_016,collapse,16,18,150076,0.5,0.65,0.0,128,6,train
7543,collapse_016,collapse,16,19,150076,0.5,0.65,0.0,128,6,train
7544,collapse_016,collapse,16,20,150076,0.5,0.65,0.0,128,6,train
7545,collapse_016,collapse,16,21,150076,0.5,0.65,0.0,128,6,train
7546,collapse_016,collapse,16,22,150076,0.5,0.65,0.0,128,6,train
7547,collapse_016,collapse,16,23,150076,0.5,0.65,0.0,128,6,train
7548,collapse_016,collapse,16,24,150076,0.5,0.65,0.0,128,6,train
7549,collapse_016,collapse,16,25,150076,0.5,0.65,0.0,128,6,train
7550,collapse_016,collapse,16,26,150076,0.5,0.65,0.0,128,6,train
7551,collapse_016,collapse,16,27,150076,0.5,0.65,0.0,128,6,train
7552,collapse_016,collapse,16,28,150076,0.5,0.65,0.0,128,6,train
7553,collapse_016,collapse,16,29,150076,0.5,0.65,0.0,128,6,train
7554,collapse_016,collapse,16,30,150076,0.5,0.65,0.0,128,6,train
7555,collapse_016,collapse,16,31,150076,0.5,0.65,0.0,128,6,train
7556,collapse_016,collapse,16,32,150076,0.5,0.65,0.0,128,6,train
7557,collapse_016,collapse,16,33,150076,0.5,0.65,0.0,128,6,train
7558,collapse_016,collapse,16,34,150076,0.5,0.65,0.0,128,6,train
7559,collapse_016,collapse,16,35,150076,0.5,0.65,0.0,128,6,train
7560,collapse_016,collapse,16,36,150076,0.5,0.65,0.0,128,6,train
7561,collapse_016,collapse,16,37,150076,0.5,0.65,0.0,128,6,train
7562,collapse_016,collapse,16,38,150076,0.5,0.65,0.0,128,6,train
7563,collapse_016,collapse,16,39,150076,0.5,0.65,0.0,128,6,train
7564,collapse_016,collapse,16,40,150076,0.5,0.65,0.0,128,6,train
7565,collapse_016,collapse,16,41,150076,0.5,0.65,0.0,128,6,train
7566,collapse_016,collapse,16,42,150076,0.5,0.65,0.0,128,6,train
7567,collapse_016,collapse,16,43,150076,0.5,0.65,0.0,128,6,train
7568,collapse_016,collapse,16,44,150076,0.5,0.65,0.0,128,6,train
7569,collapse_016,collapse,16,45,150076,0.5,0.65,0.0,128,6,train
7570,collapse_016,collapse,16,46,150076,0.5,0.65,0.0,128,6,train
7571,collapse_016,collapse,16,47,150076,0.5,0.65,0.0,128,6,train
7572,collapse_016,collapse,16,48,150076,0.5,0.65,0.0,128,6,train
7573,collapse_016,collapse,16,49,150076,0.5,0.65,0.0,128,6,train
7574,collapse_016,collapse,16,50,150076,0.5,0.65,0.0,128,6,train
7575,collapse_016,collapse,16,51,150076,0.5,0.65,0.0,128,6,train
7576,collapse_016,collapse,16,52,150076,0.5,0.65,0.0,128,6,train
7577,collapse_016,collapse,16,53,150076,0.5,0.65,0.0,128,6,train
7578,collapse_016,collapse,16,54,150076,0.5,0.65,0.0,128,6,train
7579,collapse_016,collapse,16,55,150076,0.5,0.65,0.0,128,6,train
7580,collapse_016,collapse,16,56,150076,0.5,0.65,0.0,128,6,train
7581,collapse_016,collapse,16,57,150076,0.5,0.65,0.0,128,6,train
7582,collapse_016,collapse,16,58,150076,0.5,0.65,0.0,128,6,train
7583,collapse_016,collapse,16,59,150076,0.5,0.65,0.0,128,6,train
7584,collapse_016,collapse,16,60,150076,0.5,0.65,0.0,128,6,train
7585,collapse_016,collapse,16,61,150076,0.5,0.65,0.0,128,6,train
7586,collapse_016,collapse,16,62,150076,0.5,0.65,0.0,128,6,train
7587,collapse_016,collapse,16,63,150076,0.5,0.65,0.0,128,6,train
7588,collapse_016,collapse,16,64,150076,0.5,0.65,0.0,128,6,train
7589,collapse_016,collapse,16,65,150076,0.5,0.65,0.0,128,6,train
7590,collapse_016,collapse,16,66,150076,0.5,0.65,0.0,128,6,train
7591,collapse_016,collapse,16,67,150076,0.5,0.65,0.0,128,6,train
7592,collapse_016,collapse,16,68,150076,0.5,0.65,0.0,128,6,train
7593,collapse_016,collapse,16,69,150076,0.5,0.65,0.0,128,6,train
7594,collapse_016,collapse,16,70,150076,0.5,0.65,0.0,128,6,train
7595,collapse_016,collapse,16,71,150076,0.5,0.65,0.0,128,6,train
7596,collapse_016,collapse,16,72,150076,0.5,0.65,0.0,128,6,train
7597,collapse_016,collapse,16,73,150076,0.5,0.65,0.0,128,6,train
7598,collapse_016,collapse,16,74,150076,0.5,0.65,0.0,128,6,train
7599,collapse_016,collapse,16,75,150076,0.5,0.65,0.0,128,6,train
7600,collapse_016,collapse,16,76,150076,0.5,0.65,0.0,128,6,train
7601,collapse_016,collapse,16,77,150076,0.5,0.65,0.0,128,6,train
7602,collapse_016,collapse,16,78,150076,0.5,0.65,0.0,128,6,train
7603,collapse_016,collapse,16,79,150076,0.5,0.65,0.0,128,6,train
7604,collapse_016,collapse,16,80,150076,0.5,0.65,0.0,128,6,train
7605,collapse_016,collapse,16,81,150076,0.5,0.65,0.0,128,6,train
7606,collapse_016,collapse,16,82,150076,0.5,0.65,0.0,128,6,train
7607,collapse_016,collapse,16,83,150076,0.5,0.65,0.0,128,6,train
7608,collapse_016,collapse,16,84,150076,0.5,0.65,0.0,128,6,train
7609,collapse_016,collapse,16,85,150076,0.5,0.65,0.0,128,6,train
7610,collapse_016,collapse,16,86,150076,0.5,0.65,0.0,128,6,train
7611,collapse_016,collapse,16,87,150076,0.5,0.65,0.0,128,6,train
7612,collapse_016,collapse,16,88,150076,0.5,0.65,0.0,128,6,train
7613,collapse_016,collapse,16,89,150076,0.5,0.65,0.0,128,6,train
7614,collapse_016,collapse,16,90,150076,0.5,0.65,0.0,128,6,train
7615,collapse_016,collapse,16,91,150076,0.5,0.65,0.0,128,6,train
7616,collapse_016,collapse,16,92,150076,0.5,0.65,0.0,128,6,train
7617,collapse_016,collapse,16,93,150076,0.5,0.65,0.0,128,6,train
7618,collapse_016,collapse,16,94,150076,0.5,0.65,0.0,128,6,train
7619,collapse_016,collapse,16,95,150076,0.5,0.65,0.0,128,6,train
7620,collapse_016,collapse,16,96,150076,0.5,0.65,0.0,128,6,train
7621,collapse_016,collapse,16,97,150076,0.5,0.65,0.0,128,6,train
7622,collapse_016,collapse,16,98,150076,0.5,0.65,0.0,128,6,train
7623,collapse_017,collapse,17,0,150077,0.5,0.65,0.0,128,6,train
7624,collapse_017,collapse,17,1,150077,0.5,0.65,0.0,128,6,train
7625,collapse_017,collapse,17,2,150077,0.5,0.65,0.0,128,6,train
7626,collapse_017,collapse,17,3,150077,0.5,0.65,0.0,128,6,train
7627,collapse_017,collapse,17,4,150077,0.5,0.65,0.0,128,6,train
7628,collapse_017,collapse,17,5,150077,0.5,0.65,0.0,128,6,train
7629,collapse_017,collapse,17,6,150077,0.5,0.65,0.0,128,6,train
7630,collapse_017,collapse,17,7,150077,0.5,0.65,0.0,128,6,train
7631,collapse_017,collapse,17,8,150077,0.5,0.65,0.0,128,6,train
7632,collapse_017,collapse,17,9,150077,0.5,0.65,0.0,128,6,train
7633,collapse_017,collapse,17,10,150077,0.5,0.65,0.0,128,6,train
7634,collapse_017,collapse,17,11,150077,0.5,0.65,0.0,128,6,train
7635,collapse_017,collapse,17,12,150077,0.5,0.65,0.0,128,6,train
7636,collapse_017,collapse,17,13,150077,0.5,0.65,0.0,128,6,train
7637,collapse_017,collapse,17,14,150077,0.5,0.65,0.0,128,6,train
7638,collapse_017,collapse,17,15,150077,0.5,0.65,0.0,128,6,train
7639,collapse_017,collapse,17,16,150077,0.5,0.65,0.0,128,6,train
7640,collapse_017,collapse,17,17,150077,0.5,0.65,0.0,128,6,train
7641,collapse_017,collapse,17,18,150077,0.5,0.65,0.0,128,6,train
7642,collapse_017,collapse,17,19,150077,0.5,0.65,0.0,128,6,train
7643,collapse_017,collapse,17,20,150077,0.5,0.65,0.0,128,6,train
7644,collapse_017,collapse,17,21,150077,0.5,0.65,0.0,128,6,train
7645,collapse_017,collapse,17,22,150077,0.5,0.65,0.0,128,6,train
7646,collapse_017,collapse,17,23,150077,0.5,0.65,0.0,128,6,train
7647,collapse_017,collapse,17,24,150077,0.5,0.65,0.0,128,6,train
7648,collapse_017,collapse,17,25,150077,0.5,0.65,0.0,128,6,train
7649,collapse_017,collapse,17,26,150077,0.5,0.65,0.0,128,6,train
7650,collapse_017,collapse,17,27,150077,0.5,0.65,0.0,128,6,train
7651,collapse_017,collapse,17,28,150077,0.5,0.65,0.0,128,6,train
7652,collapse_017,collapse,17,29,150077,0.5,0.65,0.0,128,6,train
7653,collapse_017,collapse,17,30,150077,0.5,0.65,0.0,128,6,train
7654,collapse_017,collapse,17,31,150077,0.5,0.65,0.0,128,6,train
7655,collapse_017,collapse,17,32,150077,0.5,0.65,0.0,128,6,train
7656,collapse_017,collapse,17,33,150077,0.5,0.65,0.0,128,6,train
7657,collapse_017,collapse,17,34,150077,0.5,0.65,0.0,128,6,train
7658,collapse_017,collapse,17,35,150077,0.5,0.65,0.0,128,6,train
7659,collapse_017,collapse,17,36,150077,0.5,0.65,0.0,128,6,train
7660,collapse_017,collapse,17,37,150077,0.5,0.65,0.0,128,6,train
7661,collapse_017,collapse,17,38,150077,0.5,0.65,0.0,128,6,train
7662,collapse_017,collapse,17,39,150077,0.5,0.65,0.0,128,6,train
7663,collapse_017,collapse,17,40,150077,0.5,0.65,0.0,128,6,train
7664,collapse_017,collapse,17,41,150077,0.5,0.65,0.0,128,6,train
7665,collapse_017,collapse,17,42,150077,0.5,0.65,0.0,128,6,train
7666,collapse_017,collapse,17,43,150077,0.5,0.65,0.0,128,6,train
7667,collapse_017,collapse,17,44,150077,0.5,0.65,0.0,128,6,train
7668,collapse_017,collapse,17,45,150077,0.5,0.65,0.0,128,6,train
7669,collapse_017,collapse,17,46,150077,0.5,0.65,0.0,128,6,train
7670,collapse_017,collapse,17,47,150077,0.5,0.65,0.0,128,6,train
7671,collapse_017,collapse,17,48,150077,0.5,0.65,0.0,128,6,train
7672,collapse_017,collapse,17,49,150077,0.5,0.65,0.0,128,6,train
7673,collapse_017,collapse,17,50,150077,0.5,0.65,0.0,128,6,train
7674,collapse_017,collapse,17,51,150077,0.5,0.65,0.0,128,6,train
7675,collapse_017,collapse,17,52,150077,0.5,0.65,0.0,128,6,train
7676,collapse_017,collapse,17,53,150077,0.5,0.65,0.0,128,6,train
7677,collapse_017,collapse,17,54,150077,0.5,0.65,0.0,128,6,train
7678,collapse_017,collapse,17,55,150077,0.5,0.65,0.0,128,6,train
7679,collapse_017,collapse,17,56,150077,0.5,0.65,0.0,128,6,train
7680,collapse_017,collapse,17,57,150077,0.5,0.65,0.0,128,6,train
7681,collapse_017,collapse,17,58,150077,0.5,0.65,0.0,128,6,train
7682,collapse_017,collapse,17,59,150077,0.5,0.65,0.0,128,6,train
7683,collapse_017,collapse,17,60,150077,0.5,0.65,0.0,128,6,train
7684,collapse_017,collapse,17,61,150077,0.5,0.65,0.0,128,6,train
7685,collapse_017,collapse,17,62,150077,0.5,0.65,0.0,128,6,train
7686,collapse_017,collapse,17,63,150077,0.5,0.65,0.0,128,6,train
7687,collapse_017,collapse,17,64,150077,0.5,0.65,0.0,128,6,train
7688,collapse_017,collapse,17,65,150077,0.5,0.65,0.0,128,6,train
7689,collapse_017,collapse,17,66,150077,0.5,0.65,0.0,128,6,train
7690,collapse_017,collapse,17,67,150077,0.5,0.65,0.0,128,6,train
7691,collapse_017,collapse,17,68,150077,0.5,0.65,0.0,128,6,train
7692,collapse_017,collapse,17,69,150077,0.5,0.65,0.0,128,6,train
7693,collapse_017,collapse,17,70,150077,0.5,0.65,0.0,128,6,train
7694,collapse_017,collapse,17,71,150077,0.5,0.65,0.0,128,6,train
7695,collapse_017,collapse,17,72,150077,0.5,0.65,0.0,128,6,train
7696,collapse_017,collapse,17,73,150077,0.5,0.65,0.0,128,6,train
7697,collapse_017,collapse,17,74,150077,0.5,0.65,0.0,128,6,train
7698,collapse_017,collapse,17,75,150077,0.5,0.65,0.0,128,6,train
7699,collapse_017,collapse,17,76,150077,0.5,0.65,0.0,128,6,train
7700,collapse_017,collapse,17,77,150077,0.5,0.65,0.0,128,6,train
7701,collapse_017,collapse,17,78,150077,0.5,0.65,0.0,128,6,train
7702,collapse_017,collapse,17,79,150077,0.5,0.65,0.0,128,6,train
7703,collapse_017,collapse,17,80,150077,0.5,0.65,0.0,128,6,train
7704,collapse_017,collapse,17,81,150077,0.5,0.65,0.0,128,6,train
7705,collapse_017,collapse,17,82,150077,0.5,0.65,0.0,128,6,train
7706,collapse_017,collapse,17,83,150077,0.5,0.65,0.0,128,6,train
7707,collapse_017,collapse,17,84,150077,0.5,0.65,0.0,128,6,train
7708,collapse_017,collapse,17,85,150077,0.5,0.65,0.0,128,6,train
7709,collapse_017,collapse,17,86,150077,0.5,0.65,0.0,128,6,train
7710,collapse_017,collapse,17,87,150077,0.5,0.65,0.0,128,6,train
7711,collapse_017,collapse,17,88,150077,0.5,0.65,0.0,128,6,train
7712,collapse_017,collapse,17,89,150077,0.5,0.65,0.0,128,6,train
7713,collapse_017,collapse,17,90,150077,0.5,0.65,0.0,128,6,train
7714,collapse_017,collapse,17,91,150077,0.5,0.65,0.0,128,6,train
7715,collapse_017,collapse,17,92,150077,0.5,0.65,0.0,128,6,train
7716,collapse_017,collapse,17,93,150077,0.5,0.65,0.0,128,6,train
7717,collapse_017,collapse,17,94,150077,0.5,0.65,0.0,128,6,train
7718,collapse_017,collapse,17,95,150077,0.5,0.65,0.0,128,6,train
7719,collapse_017,collapse,17,96,150077,0.5,0.65,0.0,128,6,train
7720,collapse_017,collapse,17,97,150077,0.5,0.65,0.0,128,6,train
7721,collapse_017,collapse,17,98,150077,0.5,0.65,0.0,128,6,train
7722,collapse_018,collapse,18,0,150078,0.5,0.65,0.0,128,6,train
7723,collapse_018,collapse,18,1,150078,0.5,0.65,0.0,128,6,train
7724,collapse_018,collapse,18,2,150078,0.5,0.65,0.0,128,6,train
7725,collapse_018,collapse,18,3,150078,0.5,0.65,0.0,128,6,train
7726,collapse_018,collapse,18,4,150078,0.5,0.65,0.0,128,6,train
7727,collapse_018,collapse,18,5,150078,0.5,0.65,0.0,128,6,train
7728,collapse_018,collapse,18,6,150078,0.5,0.65,0.0,128,6,train
7729,collapse_018,collapse,18,7,150078,0.5,0.65,0.0,128,6,train
7730,collapse_018,collapse,18,8,150078,0.5,0.65,0.0,128,6,train
7731,collapse_018,collapse,18,9,150078,0.5,0.65,0.0,128,6,train
7732,collapse_018,collapse,18,10,150078,0.5,0.65,0.0,128,6,train
7733,collapse_018,collapse,18,11,150078,0.5,0.65,0.0,128,6,train
7734,collapse_018,collapse,18,12,150078,0.5,0.65,0.0,128,6,train
7735,collapse_018,collapse,18,13,150078,0.5,0.65,0.0,128,6,train
7736,collapse_018,collapse,18,14,150078,0.5,0.65,0.0,128,6,train
7737,collapse_018,collapse,18,15,150078,0.5,0.65,0.0,128,6,train
7738,collapse_018,collapse,18,16,150078,0.5,0.65,0.0,128,6,train
7739,collapse_018,collapse,18,17,150078,0.5,0.65,0.0,128,6,train
7740,collapse_018,collapse,18,18,150078,0.5,0.65,0.0,128,6,train
7741,collapse_018,collapse,18,19,150078,0.5,0.65,0.0,128,6,train
7742,collapse_018,collapse,18,20,150078,0.5,0.65,0.0,128,6,train
7743,collapse_018,collapse,18,21,150078,0.5,0.65,0.0,128,6,train
7744,collapse_018,collapse,18,22,150078,0.5,0.65,0.0,128,6,train
7745,collapse_018,collapse,18,23,150078,0.5,0.65,0.0,128,6,train
7746,collapse_018,collapse,18,24,150078,0.5,0.65,0.0,128,6,train
7747,collapse_018,collapse,18,25,150078,0.5,0.65,0.0,128,6,train
7748,collapse_018,collapse,18,26,150078,0.5,0.65,0.0,128,6,train
7749,collapse_018,collapse,18,27,150078,0.5,0.65,0.0,128,6,train
7750,collapse_018,collapse,18,28,150078,0.5,0.65,0.0,128,6,train
7751,collapse_018,collapse,18,29,150078,0.5,0.65,0.0,128,6,train
7752,collapse_018,collapse,18,30,150078,0.5,0.65,0.0,128,6,train
7753,collapse_018,collapse,18,31,150078,0.5,0.65,0.0,128,6,train
7754,collapse_018,collapse,18,32,150078,0.5,0.65,0.0,128,6,train
7755,collapse_018,collapse,18,33,150078,0.5,0.65,0.0,128,6,train
7756,collapse_018,collapse,18,34,150078,0.5,0.65,0.0,128,6,train
7757,collapse_018,collapse,18,35,150078,0.5,0.65,0.0,128,6,train
7758,collapse_018,collapse,18,36,150078,0.5,0.65,0.0,128,6,train
7759,collapse_018,collapse,18,37,150078,0.5,0.65,0.0,128,6,train
7760,collapse_018,collapse,18,38,150078,0.5,0.65,0.0,128,6,train
7761,collapse_018,collapse,18,39,150078,0.5,0.65,0.0,128,6,train
7762,collapse_018,collapse,18,40,150078,0.5,0.65,0.0,128,6,train
7763,collapse_018,collapse,18,41,150078,0.5,0.65,0.0,128,6,train
7764,collapse_018,collapse,18,42,150078,0.5,0.65,0.0,128,6,train
7765,collapse_018,collapse,18,43,150078,0.5,0.65,0.0,128,6,train
7766,collapse_018,collapse,18,44,150078,0.5,0.65,0.0,128,6,train
7767,collapse_018,collapse,18,45,150078,0.5,0.65,0.0,128,6,train
7768,collapse_018,collapse,18,46,150078,0.5,0.65,0.0,128,6,train
7769,collapse_018,collapse,18,47,150078,0.5,0.65,0.0,128,6,train
7770,collapse_018,collapse,18,48,150078,0.5,0.65,0.0,128,6,train
7771,collapse_018,collapse,18,49,150078,0.5,0.65,0.0,128,6,train
7772,collapse_018,collapse,18,50,150078,0.5,0.65,0.0,128,6,train
7773,collapse_018,collapse,18,51,150078,0.5,0.65,0.0,128,6,train
7774,collapse_018,collapse,18,52,150078,0.5,0.65,0.0,128,6,train
7775,collapse_018,collapse,18,53,150078,0.5,0.65,0.0,128,6,train
7776,collapse_018,collapse,18,54,150078,0.5,0.65,0.0,128,6,train
7777,collapse_018,collapse,18,55,150078,0.5,0.65,0.0,128,6,train
7778,collapse_018,collapse,18,56,150078,0.5,0.65,0.0,128,6,train
7779,collapse_018,collapse,18,57,150078,0.5,0.65,0.0,128,6,train
7780,collapse_018,collapse,18,58,150078,0.5,0.65,0.0,128,6,train
7781,collapse_018,collapse,18,59,150078,0.5,0.65,0.0,128,6,train
7782,collapse_018,collapse,18,60,150078,0.5,0.65,0.0,128,6,train
7783,collapse_018,collapse,18,61,150078,0.5,0.65,0.0,128,6,train
7784,collapse_018,collapse,18,62,150078,0.5,0.65,0.0,128,6,train
7785,collapse_018,collapse,18,63,150078,0.5,0.65,0.0,128,6,train
7786,collapse_018,collapse,18,64,150078,0.5,0.65,0.0,128,6,train
7787,collapse_018,collapse,18,65,150078,0.5,0.65,0.0,128,6,train
7788,collapse_018,collapse,18,66,150078,0.5,0.65,0.0,128,6,train
7789,collapse_018,collapse,18,67,150078,0.5,0.65,0.0,128,6,train
7790,collapse_018,collapse,18,68,150078,0.5,0.65,0.0,128,6,train
7791,collapse_018,collapse,18,69,150078,0.5,0.65,0.0,128,6,train
7792,collapse_018,collapse,18,70,150078,0.5,0.65,0.0,128,6,train
7793,collapse_018,collapse,18,71,150078,0.5,0.65,0.0,128,6,train
7794,collapse_018,collapse,18,72,150078,0.5,0.65,0.0,128,6,train
7795,collapse_018,collapse,18,73,150078,0.5,0.65,0.0,128,6,train
7796,collapse_018,collapse,18,74,150078,0.5,0.65,0.0,128,6,train
7797,collapse_018,collapse,18,75,150078,0.5,0.65,0.0,128,6,train
7798,collapse_018,collapse,18,76,150078,0.5,0.65,0.0,128,6,train
7799,collapse_018,collapse,18,77,150078,0.5,0.65,0.0,128,6,train
7800,collapse_018,collapse,18,78,150078,0.5,0.65,0.0,128,6,train
7801,collapse_018,collapse,18,79,150078,0.5,0.65,0.0,128,6,train
7802,collapse_018,collapse,18,80,150078,0.5,0.65,0.0,128,6,train
7803,collapse_018,collapse,18,81,150078,0.5,0.65,0.0,128,6,train
7804,collapse_018,collapse,18,82,150078,0.5,0.65,0.0,128,6,train
7805,collapse_018,collapse,18,83,150078,0.5,0.65,0.0,128,6,train
7806,collapse_018,collapse,18,84,150078,0.5,0.65,0.0,128,6,train
7807,collapse_018,collapse,18,85,150078,0.5,0.65,0.0,128,6,train
7808,collapse_018,collapse,18,86,150078,0.5,0.65,0.0,128,6,train
7809,collapse_018,collapse,18,87,150078,0.5,0.65,0.0,128,6,train
7810,collapse_018,collapse,18,88,150078,0.5,0.65,0.0,128,6,train
7811,collapse_018,collapse,18,89,150078,0.5,0.65,0.0,128,6,train
7812,collapse_018,collapse,18,90,150078,0.5,0.65,0.0,128,6,train
7813,collapse_018,collapse,18,91,150078,0.5,0.65,0.0,128,6,train
7814,collapse_018,collapse,18,92,150078,0.5,0.65,0.0,128,6,train
7815,collapse_018,collapse,18,93,150078,0.5,0.65,0.0,128,6,train
7816,collapse_018,collapse,18,94,150078,0.5,0.65,0.0,128,6,train
7817,collapse_018,collapse,18,95,150078,0.5,0.65,0.0,128,6,train
7818,collapse_018,collapse,18,96,150078,0.5,0.65,0.0,128,6,train
7819,collapse_018,collapse,18,97,150078,0.5,0.65,0.0,128,6,train
7820,collapse_018,collapse,18,98,150078,0.5,0.65,0.0,128,6,train
7821,collapse_019,collapse,19,0,150079,0.5,0.65,0.0,128,6,validation
7822,collapse_019,collapse,19,1,150079,0.5,0.65,0.0,128,6,validation
7823,collapse_019,collapse,19,2,150079,0.5,0.65,0.0,128,6,validation
7824,collapse_019,collapse,19,3,150079,0.5,0.65,0.0,128,6,validation
7825,collapse_019,collapse,19,4,150079,0.5,0.65,0.0,128,6,validation
7826,collapse_019,collapse,19,5,150079,0.5,0.65,0.0,128,6,validation
7827,collapse_019,collapse,19,6,150079,0.5,0.65,0.0,128,6,validation
7828,collapse_019,collapse,19,7,150079,0.5,0.65,0.0,128,6,validation
7829,collapse_019,collapse,19,8,150079,0.5,0.65,0.0,128,6,validation
7830,collapse_019,collapse,19,9,150079,0.5,0.65,0.0,128,6,validation
7831,collapse_019,collapse,19,10,150079,0.5,0.65,0.0,128,6,validation
7832,collapse_019,collapse,19,11,150079,0.5,0.65,0.0,128,6,validation
7833,collapse_019,collapse,19,12,150079,0.5,0.65,0.0,128,6,validation
7834,collapse_019,collapse,19,13,150079,0.5,0.65,0.0,128,6,validation
7835,collapse_019,collapse,19,14,150079,0.5,0.65,0.0,128,6,validation
7836,collapse_019,collapse,19,15,150079,0.5,0.65,0.0,128,6,validation
7837,collapse_019,collapse,19,16,150079,0.5,0.65,0.0,128,6,validation
7838,collapse_019,collapse,19,17,150079,0.5,0.65,0.0,128,6,validation
7839,collapse_019,collapse,19,18,150079,0.5,0.65,0.0,128,6,validation
7840,collapse_019,collapse,19,19,150079,0.5,0.65,0.0,128,6,validation
7841,collapse_019,collapse,19,20,150079,0.5,0.65,0.0,128,6,validation
7842,collapse_019,collapse,19,21,150079,0.5,0.65,0.0,128,6,validation
7843,collapse_019,collapse,19,22,150079,0.5,0.65,0.0,128,6,validation
7844,collapse_019,collapse,19,23,150079,0.5,0.65,0.0,128,6,validation
7845,collapse_019,collapse,19,24,150079,0.5,0.65,0.0,128,6,validation
7846,collapse_019,collapse,19,25,150079,0.5,0.65,0.0,128,6,validation
7847,collapse_019,collapse,19,26,150079,0.5,0.65,0.0,128,6,validation
7848,collapse_019,collapse,19,27,150079,0.5,0.65,0.0,128,6,validation
7849,collapse_019,collapse,19,28,150079,0.5,0.65,0.0,128,6,validation
7850,collapse_019,collapse,19,29,150079,0.5,0.65,0.0,128,6,validation
7851,collapse_019,collapse,19,30,150079,0.5,0.65,0.0,128,6,validation
7852,collapse_019,collapse,19,31,150079,0.5,0.65,0.0,128,6,validation
7853,collapse_019,collapse,19,32,150079,0.5,0.65,0.0,128,6,validation
7854,collapse_019,collapse,19,33,150079,0.5,0.65,0.0,128,6,validation
7855,collapse_019,collapse,19,34,150079,0.5,0.65,0.0,128,6,validation
7856,collapse_019,collapse,19,35,150079,0.5,0.65,0.0,128,6,validation
7857,collapse_019,collapse,19,36,150079,0.5,0.65,0.0,128,6,validation
7858,collapse_019,collapse,19,37,150079,0.5,0.65,0.0,128,6,validation
7859,collapse_019,collapse,19,38,150079,0.5,0.65,0.0,128,6,validation
7860,collapse_019,collapse,19,39,150079,0.5,0.65,0.0,128,6,validation
7861,collapse_019,collapse,19,40,150079,0.5,0.65,0.0,128,6,validation
7862,collapse_019,collapse,19,41,150079,0.5,0.65,0.0,128,6,validation
7863,collapse_019,collapse,19,42,150079,0.5,0.65,0.0,128,6,validation
7864,collapse_019,collapse,19,43,150079,0.5,0.65,0.0,128,6,validation
7865,collapse_019,collapse,19,44,150079,0.5,0.65,0.0,128,6,validation
7866,collapse_019,collapse,19,45,150079,0.5,0.65,0.0,128,6,validation
7867,collapse_019,collapse,19,46,150079,0.5,0.65,0.0,128,6,validation
7868,collapse_019,collapse,19,47,150079,0.5,0.65,0.0,128,6,validation
7869,collapse_019,collapse,19,48,150079,0.5,0.65,0.0,128,6,validation
7870,collapse_019,collapse,19,49,150079,0.5,0.65,0.0,128,6,validation
7871,collapse_019,collapse,19,50,150079,0.5,0.65,0.0,128,6,validation
7872,collapse_019,collapse,19,51,150079,0.5,0.65,0.0,128,6,validation
7873,collapse_019,collapse,19,52,150079,0.5,0.65,0.0,128,6,validation
7874,collapse_019,collapse,19,53,150079,0.5,0.65,0.0,128,6,validation
7875,collapse_019,collapse,19,54,150079,0.5,0.65,0.0,128,6,validation
7876,collapse_019,collapse,19,55,150079,0.5,0.65,0.0,128,6,validation
7877,collapse_019,collapse,19,56,150079,0.5,0.65,0.0,128,6,validation
7878,collapse_019,collapse,19,57,150079,0.5,0.65,0.0,128,6,validation
7879,collapse_019,collapse,19,58,150079,0.5,0.65,0.0,128,6,validation
7880,collapse_019,collapse,19,59,150079,0.5,0.65,0.0,128,6,validation
7881,collapse_019,collapse,19,60,150079,0.5,0.65,0.0,128,6,validation
7882,collapse_019,collapse,19,61,150079,0.5,0.65,0.0,128,6,validation
7883,collapse_019,collapse,19,62,150079,0.5,0.65,0.0,128,6,validation
7884,collapse_019,collapse,19,63,150079,0.5,0.65,0.0,128,6,validation
7885,collapse_019,collapse,19,64,150079,0.5,0.65,0.0,128,6,validation
7886,collapse_019,collapse,19,65,150079,0.5,0.65,0.0,128,6,validation
7887,collapse_019,collapse,19,66,150079,0.5,0.65,0.0,128,6,validation
7888,collapse_019,collapse,19,67,150079,0.5,0.65,0.0,128,6,validation
7889,collapse_019,collapse,19,68,150079,0.5,0.65,0.0,128,6,validation
7890,collapse_019,collapse,19,69,150079,0.5,0.65,0.0,128,6,validation
7891,collapse_019,collapse,19,70,150079,0.5,0.65,0.0,128,6,validation
7892,collapse_019,collapse,19,71,150079,0.5,0.65,0.0,128,6,validation
7893,collapse_019,collapse,19,72,150079,0.5,0.65,0.0,128,6,validation
7894,collapse_019,collapse,19,73,150079,0.5,0.65,0.0,128,6,validation
7895,collapse_019,collapse,19,74,150079,0.5,0.65,0.0,128,6,validation
7896,collapse_019,collapse,19,75,150079,0.5,0.65,0.0,128,6,validation
7897,collapse_019,collapse,19,76,150079,0.5,0.65,0.0,128,6,validation
7898,collapse_019,collapse,19,77,150079,0.5,0.65,0.0,128,6,validation
7899,collapse_019,collapse,19,78,150079,0.5,0.65,0.0,128,6,validation
7900,collapse_019,collapse,19,79,150079,0.5,0.65,0.0,128,6,validation
7901,collapse_019,collapse,19,80,150079,0.5,0.65,0.0,128,6,validation
7902,collapse_019,collapse,19,81,150079,0.5,0.65,0.0,128,6,validation
7903,collapse_019,collapse,19,82,150079,0.5,0.65,0.0,128,6,validation
7904,collapse_019,collapse,19,83,150079,0.5,0.65,0.0,128,6,validation
7905,collapse_019,collapse,19,84,150079,0.5,0.65,0.0,128,6,validation
7906,collapse_019,collapse,19,85,150079,0.5,0.65,0.0,128,6,validation
7907,collapse_019,collapse,19,86,150079,0.5,0.65,0.0,128,6,validation
7908,collapse_019,collapse,19,87,150079,0.5,0.65,0.0,128,6,validation
7909,collapse_019,collapse,19,88,150079,0.5,0.65,0.0,128,6,validation
7910,collapse_019,collapse,19,89,150079,0.5,0.65,0.0,128,6,validation
7911,collapse_019,collapse,19,90,150079,0.5,0.65,0.0,128,6,validation
7912,collapse_019,collapse,19,91,150079,0.5,0.65,0.0,128,6,validation
7913,collapse_019,collapse,19,92,150079,0.5,0.65,0.0,128,6,validation
7914,collapse_019,collapse,19,93,150079,0.5,0.65,0.0,128,6,validation
7915,collapse_019,collapse,19,94,150079,0.5,0.65,0.0,128,6,validation
7916,collapse_019,collapse,19,95,150079,0.5,0.65,0.0,128,6,validation
7917,collapse_019,collapse,19,96,150079,0.5,0.65,0.0,128,6,validation
7918,collapse_019,collapse,19,97,150079,0.5,0.65,0.0,128,6,validation
7919,collapse_019,collapse,19,98,150079,0.5,0.65,0.0,128,6,validation
7920,metastable_000,metastable,0,0,150080,0.15,0.3,0.0,128,6,train
7921,metastable_000,metastable,0,1,150080,0.15,0.3,0.0,128,6,train
7922,metastable_000,metastable,0,2,150080,0.15,0.3,0.0,128,6,train
7923,metastable_000,metastable,0,3,150080,0.15,0.3,0.0,128,6,train
7924,metastable_000,metastable,0,4,150080,0.15,0.3,0.0,128,6,train
7925,metastable_000,metastable,0,5,150080,0.15,0.3,0.0,128,6,train
7926,metastable_000,metastable,0,6,150080,0.15,0.3,0.0,128,6,train
7927,metastable_000,metastable,0,7,150080,0.15,0.3,0.0,128,6,train
7928,metastable_000,metastable,0,8,150080,0.15,0.3,0.0,128,6,train
7929,metastable_000,metastable,0,9,150080,0.15,0.3,0.0,128,6,train
7930,metastable_000,metastable,0,10,150080,0.15,0.3,0.0,128,6,train
7931,metastable_000,metastable,0,11,150080,0.15,0.3,0.0,128,6,train
7932,metastable_000,metastable,0,12,150080,0.15,0.3,0.0,128,6,train
7933,metastable_000,metastable,0,13,150080,0.15,0.3,0.0,128,6,train
7934,metastable_000,metastable,0,14,150080,0.15,0.3,0.0,128,6,train
7935,metastable_000,metastable,0,15,150080,0.15,0.3,0.0,128,6,train
7936,metastable_000,metastable,0,16,150080,0.15,0.3,0.0,128,6,train
7937,metastable_000,metastable,0,17,150080,0.15,0.3,0.0,128,6,train
7938,metastable_000,metastable,0,18,150080,0.15,0.3,0.0,128,6,train
7939,metastable_000,metastable,0,19,150080,0.15,0.3,0.0,128,6,train
7940,metastable_000,metastable,0,20,150080,0.15,0.3,0.0,128,6,train
7941,metastable_000,metastable,0,21,150080,0.15,0.3,0.0,128,6,train
7942,metastable_000,metastable,0,22,150080,0.15,0.3,0.0,128,6,train
7943,metastable_000,metastable,0,23,150080,0.15,0.3,0.0,128,6,train
7944,metastable_000,metastable,0,24,150080,0.15,0.3,0.0,128,6,train
7945,metastable_000,metastable,0,25,150080,0.15,0.3,0.0,128,6,train
7946,metastable_000,metastable,0,26,150080,0.15,0.3,0.0,128,6,train
7947,metastable_000,metastable,0,27,150080,0.15,0.3,0.0,128,6,train
7948,metastable_000,metastable,0,28,150080,0.15,0.3,0.0,128,6,train
7949,metastable_000,metastable,0,29,150080,0.15,0.3,0.0,128,6,train
7950,metastable_000,metastable,0,30,150080,0.15,0.3,0.0,128,6,train
7951,metastable_000,metastable,0,31,150080,0.15,0.3,0.0,128,6,train
7952,metastable_000,metastable,0,32,150080,0.15,0.3,0.0,128,6,train
7953,metastable_000,metastable,0,33,150080,0.15,0.3,0.0,128,6,train
7954,metastable_000,metastable,0,34,150080,0.15,0.3,0.0,128,6,train
7955,metastable_000,metastable,0,35,150080,0.15,0.3,0.0,128,6,train
7956,metastable_000,metastable,0,36,150080,0.15,0.3,0.0,128,6,train
7957,metastable_000,metastable,0,37,150080,0.15,0.3,0.0,128,6,train
7958,metastable_000,metastable,0,38,150080,0.15,0.3,0.0,128,6,train
7959,metastable_000,metastable,0,39,150080,0.15,0.3,0.0,128,6,train
7960,metastable_000,metastable,0,40,150080,0.15,0.3,0.0,128,6,train
7961,metastable_000,metastable,0,41,150080,0.15,0.3,0.0,128,6,train
7962,metastable_000,metastable,0,42,150080,0.15,0.3,0.0,128,6,train
7963,metastable_000,metastable,0,43,150080,0.15,0.3,0.0,128,6,train
7964,metastable_000,metastable,0,44,150080,0.15,0.3,0.0,128,6,train
7965,metastable_000,metastable,0,45,150080,0.15,0.3,0.0,128,6,train
7966,metastable_000,metastable,0,46,150080,0.15,0.3,0.0,128,6,train
7967,metastable_000,metastable,0,47,150080,0.15,0.3,0.0,128,6,train
7968,metastable_000,metastable,0,48,150080,0.15,0.3,0.0,128,6,train
7969,metastable_000,metastable,0,49,150080,0.15,0.3,0.0,128,6,train
7970,metastable_000,metastable,0,50,150080,0.15,0.3,0.0,128,6,train
7971,metastable_000,metastable,0,51,150080,0.15,0.3,0.0,128,6,train
7972,metastable_000,metastable,0,52,150080,0.15,0.3,0.0,128,6,train
7973,metastable_000,metastable,0,53,150080,0.15,0.3,0.0,128,6,train
7974,metastable_000,metastable,0,54,150080,0.15,0.3,0.0,128,6,train
7975,metastable_000,metastable,0,55,150080,0.15,0.3,0.0,128,6,train
7976,metastable_000,metastable,0,56,150080,0.15,0.3,0.0,128,6,train
7977,metastable_000,metastable,0,57,150080,0.15,0.3,0.0,128,6,train
7978,metastable_000,metastable,0,58,150080,0.15,0.3,0.0,128,6,train
7979,metastable_000,metastable,0,59,150080,0.15,0.3,0.0,128,6,train
7980,metastable_000,metastable,0,60,150080,0.15,0.3,0.0,128,6,train
7981,metastable_000,metastable,0,61,150080,0.15,0.3,0.0,128,6,train
7982,metastable_000,metastable,0,62,150080,0.15,0.3,0.0,128,6,train
7983,metastable_000,metastable,0,63,150080,0.15,0.3,0.0,128,6,train
7984,metastable_000,metastable,0,64,150080,0.15,0.3,0.0,128,6,train
7985,metastable_000,metastable,0,65,150080,0.15,0.3,0.0,128,6,train
7986,metastable_000,metastable,0,66,150080,0.15,0.3,0.0,128,6,train
7987,metastable_000,metastable,0,67,150080,0.15,0.3,0.0,128,6,train
7988,metastable_000,metastable,0,68,150080,0.15,0.3,0.0,128,6,train
7989,metastable_000,metastable,0,69,150080,0.15,0.3,0.0,128,6,train
7990,metastable_000,metastable,0,70,150080,0.15,0.3,0.0,128,6,train
7991,metastable_000,metastable,0,71,150080,0.15,0.3,0.0,128,6,train
7992,metastable_000,metastable,0,72,150080,0.15,0.3,0.0,128,6,train
7993,metastable_000,metastable,0,73,150080,0.15,0.3,0.0,128,6,train
7994,metastable_000,metastable,0,74,150080,0.15,0.3,0.0,128,6,train
7995,metastable_000,metastable,0,75,150080,0.15,0.3,0.0,128,6,train
7996,metastable_000,metastable,0,76,150080,0.15,0.3,0.0,128,6,train
7997,metastable_000,metastable,0,77,150080,0.15,0.3,0.0,128,6,train
7998,metastable_000,metastable,0,78,150080,0.15,0.3,0.0,128,6,train
7999,metastable_000,metastable,0,79,150080,0.15,0.3,0.0,128,6,train
8000,metastable_000,metastable,0,80,150080,0.15,0.3,0.0,128,6,train
8001,metastable_000,metastable,0,81,150080,0.15,0.3,0.0,128,6,train
8002,metastable_000,metastable,0,82,150080,0.15,0.3,0.0,128,6,train
8003,metastable_000,metastable,0,83,150080,0.15,0.3,0.0,128,6,train
8004,metastable_000,metastable,0,84,150080,0.15,0.3,0.0,128,6,train
8005,metastable_000,metastable,0,85,150080,0.15,0.3,0.0,128,6,train
8006,metastable_000,metastable,0,86,150080,0.15,0.3,0.0,128,6,train
8007,metastable_000,metastable,0,87,150080,0.15,0.3,0.0,128,6,train
8008,metastable_000,metastable,0,88,150080,0.15,0.3,0.0,128,6,train
8009,metastable_000,metastable,0,89,150080,0.15,0.3,0.0,128,6,train
8010,metastable_000,metastable,0,90,150080,0.15,0.3,0.0,128,6,train
8011,metastable_000,metastable,0,91,150080,0.15,0.3,0.0,128,6,train
8012,metastable_000,metastable,0,92,150080,0.15,0.3,0.0,128,6,train
8013,metastable_000,metastable,0,93,150080,0.15,0.3,0.0,128,6,train
8014,metastable_000,metastable,0,94,150080,0.15,0.3,0.0,128,6,train
8015,metastable_000,metastable,0,95,150080,0.15,0.3,0.0,128,6,train
8016,metastable_000,metastable,0,96,150080,0.15,0.3,0.0,128,6,train
8017,metastable_000,metastable,0,97,150080,0.15,0.3,0.0,128,6,train
8018,metastable_000,metastable,0,98,150080,0.15,0.3,0.0,128,6,train
8019,metastable_001,metastable,1,0,150081,0.15,0.3,0.0,128,6,validation
8020,metastable_001,metastable,1,1,150081,0.15,0.3,0.0,128,6,validation
8021,metastable_001,metastable,1,2,150081,0.15,0.3,0.0,128,6,validation
8022,metastable_001,metastable,1,3,150081,0.15,0.3,0.0,128,6,validation
8023,metastable_001,metastable,1,4,150081,0.15,0.3,0.0,128,6,validation
8024,metastable_001,metastable,1,5,150081,0.15,0.3,0.0,128,6,validation
8025,metastable_001,metastable,1,6,150081,0.15,0.3,0.0,128,6,validation
8026,metastable_001,metastable,1,7,150081,0.15,0.3,0.0,128,6,validation
8027,metastable_001,metastable,1,8,150081,0.15,0.3,0.0,128,6,validation
8028,metastable_001,metastable,1,9,150081,0.15,0.3,0.0,128,6,validation
8029,metastable_001,metastable,1,10,150081,0.15,0.3,0.0,128,6,validation
8030,metastable_001,metastable,1,11,150081,0.15,0.3,0.0,128,6,validation
8031,metastable_001,metastable,1,12,150081,0.15,0.3,0.0,128,6,validation
8032,metastable_001,metastable,1,13,150081,0.15,0.3,0.0,128,6,validation
8033,metastable_001,metastable,1,14,150081,0.15,0.3,0.0,128,6,validation
8034,metastable_001,metastable,1,15,150081,0.15,0.3,0.0,128,6,validation
8035,metastable_001,metastable,1,16,150081,0.15,0.3,0.0,128,6,validation
8036,metastable_001,metastable,1,17,150081,0.15,0.3,0.0,128,6,validation
8037,metastable_001,metastable,1,18,150081,0.15,0.3,0.0,128,6,validation
8038,metastable_001,metastable,1,19,150081,0.15,0.3,0.0,128,6,validation
8039,metastable_001,metastable,1,20,150081,0.15,0.3,0.0,128,6,validation
8040,metastable_001,metastable,1,21,150081,0.15,0.3,0.0,128,6,validation
8041,metastable_001,metastable,1,22,150081,0.15,0.3,0.0,128,6,validation
8042,metastable_001,metastable,1,23,150081,0.15,0.3,0.0,128,6,validation
8043,metastable_001,metastable,1,24,150081,0.15,0.3,0.0,128,6,validation
8044,metastable_001,metastable,1,25,150081,0.15,0.3,0.0,128,6,validation
8045,metastable_001,metastable,1,26,150081,0.15,0.3,0.0,128,6,validation
8046,metastable_001,metastable,1,27,150081,0.15,0.3,0.0,128,6,validation
8047,metastable_001,metastable,1,28,150081,0.15,0.3,0.0,128,6,validation
8048,metastable_001,metastable,1,29,150081,0.15,0.3,0.0,128,6,validation
8049,metastable_001,metastable,1,30,150081,0.15,0.3,0.0,128,6,validation
8050,metastable_001,metastable,1,31,150081,0.15,0.3,0.0,128,6,validation
8051,metastable_001,metastable,1,32,150081,0.15,0.3,0.0,128,6,validation
8052,metastable_001,metastable,1,33,150081,0.15,0.3,0.0,128,6,validation
8053,metastable_001,metastable,1,34,150081,0.15,0.3,0.0,128,6,validation
8054,metastable_001,metastable,1,35,150081,0.15,0.3,0.0,128,6,validation
8055,metastable_001,metastable,1,36,150081,0.15,0.3,0.0,128,6,validation
8056,metastable_001,metastable,1,37,150081,0.15,0.3,0.0,128,6,validation
8057,metastable_001,metastable,1,38,150081,0.15,0.3,0.0,128,6,validation
8058,metastable_001,metastable,1,39,150081,0.15,0.3,0.0,128,6,validation
8059,metastable_001,metastable,1,40,150081,0.15,0.3,0.0,128,6,validation
8060,metastable_001,metastable,1,41,150081,0.15,0.3,0.0,128,6,validation
8061,metastable_001,metastable,1,42,150081,0.15,0.3,0.0,128,6,validation
8062,metastable_001,metastable,1,43,150081,0.15,0.3,0.0,128,6,validation
8063,metastable_001,metastable,1,44,150081,0.15,0.3,0.0,128,6,validation
8064,metastable_001,metastable,1,45,150081,0.15,0.3,0.0,128,6,validation
8065,metastable_001,metastable,1,46,150081,0.15,0.3,0.0,128,6,validation
8066,metastable_001,metastable,1,47,150081,0.15,0.3,0.0,128,6,validation
8067,metastable_001,metastable,1,48,150081,0.15,0.3,0.0,128,6,validation
8068,metastable_001,metastable,1,49,150081,0.15,0.3,0.0,128,6,validation
8069,metastable_001,metastable,1,50,150081,0.15,0.3,0.0,128,6,validation
8070,metastable_001,metastable,1,51,150081,0.15,0.3,0.0,128,6,validation
8071,metastable_001,metastable,1,52,150081,0.15,0.3,0.0,128,6,validation
8072,metastable_001,metastable,1,53,150081,0.15,0.3,0.0,128,6,validation
8073,metastable_001,metastable,1,54,150081,0.15,0.3,0.0,128,6,validation
8074,metastable_001,metastable,1,55,150081,0.15,0.3,0.0,128,6,validation
8075,metastable_001,metastable,1,56,150081,0.15,0.3,0.0,128,6,validation
8076,metastable_001,metastable,1,57,150081,0.15,0.3,0.0,128,6,validation
8077,metastable_001,metastable,1,58,150081,0.15,0.3,0.0,128,6,validation
8078,metastable_001,metastable,1,59,150081,0.15,0.3,0.0,128,6,validation
8079,metastable_001,metastable,1,60,150081,0.15,0.3,0.0,128,6,validation
8080,metastable_001,metastable,1,61,150081,0.15,0.3,0.0,128,6,validation
8081,metastable_001,metastable,1,62,150081,0.15,0.3,0.0,128,6,validation
8082,metastable_001,metastable,1,63,150081,0.15,0.3,0.0,128,6,validation
8083,metastable_001,metastable,1,64,150081,0.15,0.3,0.0,128,6,validation
8084,metastable_001,metastable,1,65,150081,0.15,0.3,0.0,128,6,validation
8085,metastable_001,metastable,1,66,150081,0.15,0.3,0.0,128,6,validation
8086,metastable_001,metastable,1,67,150081,0.15,0.3,0.0,128,6,validation
8087,metastable_001,metastable,1,68,150081,0.15,0.3,0.0,128,6,validation
8088,metastable_001,metastable,1,69,150081,0.15,0.3,0.0,128,6,validation
8089,metastable_001,metastable,1,70,150081,0.15,0.3,0.0,128,6,validation
8090,metastable_001,metastable,1,71,150081,0.15,0.3,0.0,128,6,validation
8091,metastable_001,metastable,1,72,150081,0.15,0.3,0.0,128,6,validation
8092,metastable_001,metastable,1,73,150081,0.15,0.3,0.0,128,6,validation
8093,metastable_001,metastable,1,74,150081,0.15,0.3,0.0,128,6,validation
8094,metastable_001,metastable,1,75,150081,0.15,0.3,0.0,128,6,validation
8095,metastable_001,metastable,1,76,150081,0.15,0.3,0.0,128,6,validation
8096,metastable_001,metastable,1,77,150081,0.15,0.3,0.0,128,6,validation
8097,metastable_001,metastable,1,78,150081,0.15,0.3,0.0,128,6,validation
8098,metastable_001,metastable,1,79,150081,0.15,0.3,0.0,128,6,validation
8099,metastable_001,metastable,1,80,150081,0.15,0.3,0.0,128,6,validation
8100,metastable_001,metastable,1,81,150081,0.15,0.3,0.0,128,6,validation
8101,metastable_001,metastable,1,82,150081,0.15,0.3,0.0,128,6,validation
8102,metastable_001,metastable,1,83,150081,0.15,0.3,0.0,128,6,validation
8103,metastable_001,metastable,1,84,150081,0.15,0.3,0.0,128,6,validation
8104,metastable_001,metastable,1,85,150081,0.15,0.3,0.0,128,6,validation
8105,metastable_001,metastable,1,86,150081,0.15,0.3,0.0,128,6,validation
8106,metastable_001,metastable,1,87,150081,0.15,0.3,0.0,128,6,validation
8107,metastable_001,metastable,1,88,150081,0.15,0.3,0.0,128,6,validation
8108,metastable_001,metastable,1,89,150081,0.15,0.3,0.0,128,6,validation
8109,metastable_001,metastable,1,90,150081,0.15,0.3,0.0,128,6,validation
8110,metastable_001,metastable,1,91,150081,0.15,0.3,0.0,128,6,validation
8111,metastable_001,metastable,1,92,150081,0.15,0.3,0.0,128,6,validation
8112,metastable_001,metastable,1,93,150081,0.15,0.3,0.0,128,6,validation
8113,metastable_001,metastable,1,94,150081,0.15,0.3,0.0,128,6,validation
8114,metastable_001,metastable,1,95,150081,0.15,0.3,0.0,128,6,validation
8115,metastable_001,metastable,1,96,150081,0.15,0.3,0.0,128,6,validation
8116,metastable_001,metastable,1,97,150081,0.15,0.3,0.0,128,6,validation
8117,metastable_001,metastable,1,98,150081,0.15,0.3,0.0,128,6,validation
8118,metastable_002,metastable,2,0,150082,0.15,0.3,0.0,128,6,validation
8119,metastable_002,metastable,2,1,150082,0.15,0.3,0.0,128,6,validation
8120,metastable_002,metastable,2,2,150082,0.15,0.3,0.0,128,6,validation
8121,metastable_002,metastable,2,3,150082,0.15,0.3,0.0,128,6,validation
8122,metastable_002,metastable,2,4,150082,0.15,0.3,0.0,128,6,validation
8123,metastable_002,metastable,2,5,150082,0.15,0.3,0.0,128,6,validation
8124,metastable_002,metastable,2,6,150082,0.15,0.3,0.0,128,6,validation
8125,metastable_002,metastable,2,7,150082,0.15,0.3,0.0,128,6,validation
8126,metastable_002,metastable,2,8,150082,0.15,0.3,0.0,128,6,validation
8127,metastable_002,metastable,2,9,150082,0.15,0.3,0.0,128,6,validation
8128,metastable_002,metastable,2,10,150082,0.15,0.3,0.0,128,6,validation
8129,metastable_002,metastable,2,11,150082,0.15,0.3,0.0,128,6,validation
8130,metastable_002,metastable,2,12,150082,0.15,0.3,0.0,128,6,validation
8131,metastable_002,metastable,2,13,150082,0.15,0.3,0.0,128,6,validation
8132,metastable_002,metastable,2,14,150082,0.15,0.3,0.0,128,6,validation
8133,metastable_002,metastable,2,15,150082,0.15,0.3,0.0,128,6,validation
8134,metastable_002,metastable,2,16,150082,0.15,0.3,0.0,128,6,validation
8135,metastable_002,metastable,2,17,150082,0.15,0.3,0.0,128,6,validation
8136,metastable_002,metastable,2,18,150082,0.15,0.3,0.0,128,6,validation
8137,metastable_002,metastable,2,19,150082,0.15,0.3,0.0,128,6,validation
8138,metastable_002,metastable,2,20,150082,0.15,0.3,0.0,128,6,validation
8139,metastable_002,metastable,2,21,150082,0.15,0.3,0.0,128,6,validation
8140,metastable_002,metastable,2,22,150082,0.15,0.3,0.0,128,6,validation
8141,metastable_002,metastable,2,23,150082,0.15,0.3,0.0,128,6,validation
8142,metastable_002,metastable,2,24,150082,0.15,0.3,0.0,128,6,validation
8143,metastable_002,metastable,2,25,150082,0.15,0.3,0.0,128,6,validation
8144,metastable_002,metastable,2,26,150082,0.15,0.3,0.0,128,6,validation
8145,metastable_002,metastable,2,27,150082,0.15,0.3,0.0,128,6,validation
8146,metastable_002,metastable,2,28,150082,0.15,0.3,0.0,128,6,validation
8147,metastable_002,metastable,2,29,150082,0.15,0.3,0.0,128,6,validation
8148,metastable_002,metastable,2,30,150082,0.15,0.3,0.0,128,6,validation
8149,metastable_002,metastable,2,31,150082,0.15,0.3,0.0,128,6,validation
8150,metastable_002,metastable,2,32,150082,0.15,0.3,0.0,128,6,validation
8151,metastable_002,metastable,2,33,150082,0.15,0.3,0.0,128,6,validation
8152,metastable_002,metastable,2,34,150082,0.15,0.3,0.0,128,6,validation
8153,metastable_002,metastable,2,35,150082,0.15,0.3,0.0,128,6,validation
8154,metastable_002,metastable,2,36,150082,0.15,0.3,0.0,128,6,validation
8155,metastable_002,metastable,2,37,150082,0.15,0.3,0.0,128,6,validation
8156,metastable_002,metastable,2,38,150082,0.15,0.3,0.0,128,6,validation
8157,metastable_002,metastable,2,39,150082,0.15,0.3,0.0,128,6,validation
8158,metastable_002,metastable,2,40,150082,0.15,0.3,0.0,128,6,validation
8159,metastable_002,metastable,2,41,150082,0.15,0.3,0.0,128,6,validation
8160,metastable_002,metastable,2,42,150082,0.15,0.3,0.0,128,6,validation
8161,metastable_002,metastable,2,43,150082,0.15,0.3,0.0,128,6,validation
8162,metastable_002,metastable,2,44,150082,0.15,0.3,0.0,128,6,validation
8163,metastable_002,metastable,2,45,150082,0.15,0.3,0.0,128,6,validation
8164,metastable_002,metastable,2,46,150082,0.15,0.3,0.0,128,6,validation
8165,metastable_002,metastable,2,47,150082,0.15,0.3,0.0,128,6,validation
8166,metastable_002,metastable,2,48,150082,0.15,0.3,0.0,128,6,validation
8167,metastable_002,metastable,2,49,150082,0.15,0.3,0.0,128,6,validation
8168,metastable_002,metastable,2,50,150082,0.15,0.3,0.0,128,6,validation
8169,metastable_002,metastable,2,51,150082,0.15,0.3,0.0,128,6,validation
8170,metastable_002,metastable,2,52,150082,0.15,0.3,0.0,128,6,validation
8171,metastable_002,metastable,2,53,150082,0.15,0.3,0.0,128,6,validation
8172,metastable_002,metastable,2,54,150082,0.15,0.3,0.0,128,6,validation
8173,metastable_002,metastable,2,55,150082,0.15,0.3,0.0,128,6,validation
8174,metastable_002,metastable,2,56,150082,0.15,0.3,0.0,128,6,validation
8175,metastable_002,metastable,2,57,150082,0.15,0.3,0.0,128,6,validation
8176,metastable_002,metastable,2,58,150082,0.15,0.3,0.0,128,6,validation
8177,metastable_002,metastable,2,59,150082,0.15,0.3,0.0,128,6,validation
8178,metastable_002,metastable,2,60,150082,0.15,0.3,0.0,128,6,validation
8179,metastable_002,metastable,2,61,150082,0.15,0.3,0.0,128,6,validation
8180,metastable_002,metastable,2,62,150082,0.15,0.3,0.0,128,6,validation
8181,metastable_002,metastable,2,63,150082,0.15,0.3,0.0,128,6,validation
8182,metastable_002,metastable,2,64,150082,0.15,0.3,0.0,128,6,validation
8183,metastable_002,metastable,2,65,150082,0.15,0.3,0.0,128,6,validation
8184,metastable_002,metastable,2,66,150082,0.15,0.3,0.0,128,6,validation
8185,metastable_002,metastable,2,67,150082,0.15,0.3,0.0,128,6,validation
8186,metastable_002,metastable,2,68,150082,0.15,0.3,0.0,128,6,validation
8187,metastable_002,metastable,2,69,150082,0.15,0.3,0.0,128,6,validation
8188,metastable_002,metastable,2,70,150082,0.15,0.3,0.0,128,6,validation
8189,metastable_002,metastable,2,71,150082,0.15,0.3,0.0,128,6,validation
8190,metastable_002,metastable,2,72,150082,0.15,0.3,0.0,128,6,validation
8191,metastable_002,metastable,2,73,150082,0.15,0.3,0.0,128,6,validation
8192,metastable_002,metastable,2,74,150082,0.15,0.3,0.0,128,6,validation
8193,metastable_002,metastable,2,75,150082,0.15,0.3,0.0,128,6,validation
8194,metastable_002,metastable,2,76,150082,0.15,0.3,0.0,128,6,validation
8195,metastable_002,metastable,2,77,150082,0.15,0.3,0.0,128,6,validation
8196,metastable_002,metastable,2,78,150082,0.15,0.3,0.0,128,6,validation
8197,metastable_002,metastable,2,79,150082,0.15,0.3,0.0,128,6,validation
8198,metastable_002,metastable,2,80,150082,0.15,0.3,0.0,128,6,validation
8199,metastable_002,metastable,2,81,150082,0.15,0.3,0.0,128,6,validation
8200,metastable_002,metastable,2,82,150082,0.15,0.3,0.0,128,6,validation
8201,metastable_002,metastable,2,83,150082,0.15,0.3,0.0,128,6,validation
8202,metastable_002,metastable,2,84,150082,0.15,0.3,0.0,128,6,validation
8203,metastable_002,metastable,2,85,150082,0.15,0.3,0.0,128,6,validation
8204,metastable_002,metastable,2,86,150082,0.15,0.3,0.0,128,6,validation
8205,metastable_002,metastable,2,87,150082,0.15,0.3,0.0,128,6,validation
8206,metastable_002,metastable,2,88,150082,0.15,0.3,0.0,128,6,validation
8207,metastable_002,metastable,2,89,150082,0.15,0.3,0.0,128,6,validation
8208,metastable_002,metastable,2,90,150082,0.15,0.3,0.0,128,6,validation
8209,metastable_002,metastable,2,91,150082,0.15,0.3,0.0,128,6,validation
8210,metastable_002,metastable,2,92,150082,0.15,0.3,0.0,128,6,validation
8211,metastable_002,metastable,2,93,150082,0.15,0.3,0.0,128,6,validation
8212,metastable_002,metastable,2,94,150082,0.15,0.3,0.0,128,6,validation
8213,metastable_002,metastable,2,95,150082,0.15,0.3,0.0,128,6,validation
8214,metastable_002,metastable,2,96,150082,0.15,0.3,0.0,128,6,validation
8215,metastable_002,metastable,2,97,150082,0.15,0.3,0.0,128,6,validation
8216,metastable_002,metastable,2,98,150082,0.15,0.3,0.0,128,6,validation
8217,metastable_003,metastable,3,0,150083,0.15,0.3,0.0,128,6,train
8218,metastable_003,metastable,3,1,150083,0.15,0.3,0.0,128,6,train
8219,metastable_003,metastable,3,2,150083,0.15,0.3,0.0,128,6,train
8220,metastable_003,metastable,3,3,150083,0.15,0.3,0.0,128,6,train
8221,metastable_003,metastable,3,4,150083,0.15,0.3,0.0,128,6,train
8222,metastable_003,metastable,3,5,150083,0.15,0.3,0.0,128,6,train
8223,metastable_003,metastable,3,6,150083,0.15,0.3,0.0,128,6,train
8224,metastable_003,metastable,3,7,150083,0.15,0.3,0.0,128,6,train
8225,metastable_003,metastable,3,8,150083,0.15,0.3,0.0,128,6,train
8226,metastable_003,metastable,3,9,150083,0.15,0.3,0.0,128,6,train
8227,metastable_003,metastable,3,10,150083,0.15,0.3,0.0,128,6,train
8228,metastable_003,metastable,3,11,150083,0.15,0.3,0.0,128,6,train
8229,metastable_003,metastable,3,12,150083,0.15,0.3,0.0,128,6,train
8230,metastable_003,metastable,3,13,150083,0.15,0.3,0.0,128,6,train
8231,metastable_003,metastable,3,14,150083,0.15,0.3,0.0,128,6,train
8232,metastable_003,metastable,3,15,150083,0.15,0.3,0.0,128,6,train
8233,metastable_003,metastable,3,16,150083,0.15,0.3,0.0,128,6,train
8234,metastable_003,metastable,3,17,150083,0.15,0.3,0.0,128,6,train
8235,metastable_003,metastable,3,18,150083,0.15,0.3,0.0,128,6,train
8236,metastable_003,metastable,3,19,150083,0.15,0.3,0.0,128,6,train
8237,metastable_003,metastable,3,20,150083,0.15,0.3,0.0,128,6,train
8238,metastable_003,metastable,3,21,150083,0.15,0.3,0.0,128,6,train
8239,metastable_003,metastable,3,22,150083,0.15,0.3,0.0,128,6,train
8240,metastable_003,metastable,3,23,150083,0.15,0.3,0.0,128,6,train
8241,metastable_003,metastable,3,24,150083,0.15,0.3,0.0,128,6,train
8242,metastable_003,metastable,3,25,150083,0.15,0.3,0.0,128,6,train
8243,metastable_003,metastable,3,26,150083,0.15,0.3,0.0,128,6,train
8244,metastable_003,metastable,3,27,150083,0.15,0.3,0.0,128,6,train
8245,metastable_003,metastable,3,28,150083,0.15,0.3,0.0,128,6,train
8246,metastable_003,metastable,3,29,150083,0.15,0.3,0.0,128,6,train
8247,metastable_003,metastable,3,30,150083,0.15,0.3,0.0,128,6,train
8248,metastable_003,metastable,3,31,150083,0.15,0.3,0.0,128,6,train
8249,metastable_003,metastable,3,32,150083,0.15,0.3,0.0,128,6,train
8250,metastable_003,metastable,3,33,150083,0.15,0.3,0.0,128,6,train
8251,metastable_003,metastable,3,34,150083,0.15,0.3,0.0,128,6,train
8252,metastable_003,metastable,3,35,150083,0.15,0.3,0.0,128,6,train
8253,metastable_003,metastable,3,36,150083,0.15,0.3,0.0,128,6,train
8254,metastable_003,metastable,3,37,150083,0.15,0.3,0.0,128,6,train
8255,metastable_003,metastable,3,38,150083,0.15,0.3,0.0,128,6,train
8256,metastable_003,metastable,3,39,150083,0.15,0.3,0.0,128,6,train
8257,metastable_003,metastable,3,40,150083,0.15,0.3,0.0,128,6,train
8258,metastable_003,metastable,3,41,150083,0.15,0.3,0.0,128,6,train
8259,metastable_003,metastable,3,42,150083,0.15,0.3,0.0,128,6,train
8260,metastable_003,metastable,3,43,150083,0.15,0.3,0.0,128,6,train
8261,metastable_003,metastable,3,44,150083,0.15,0.3,0.0,128,6,train
8262,metastable_003,metastable,3,45,150083,0.15,0.3,0.0,128,6,train
8263,metastable_003,metastable,3,46,150083,0.15,0.3,0.0,128,6,train
8264,metastable_003,metastable,3,47,150083,0.15,0.3,0.0,128,6,train
8265,metastable_003,metastable,3,48,150083,0.15,0.3,0.0,128,6,train
8266,metastable_003,metastable,3,49,150083,0.15,0.3,0.0,128,6,train
8267,metastable_003,metastable,3,50,150083,0.15,0.3,0.0,128,6,train
8268,metastable_003,metastable,3,51,150083,0.15,0.3,0.0,128,6,train
8269,metastable_003,metastable,3,52,150083,0.15,0.3,0.0,128,6,train
8270,metastable_003,metastable,3,53,150083,0.15,0.3,0.0,128,6,train
8271,metastable_003,metastable,3,54,150083,0.15,0.3,0.0,128,6,train
8272,metastable_003,metastable,3,55,150083,0.15,0.3,0.0,128,6,train
8273,metastable_003,metastable,3,56,150083,0.15,0.3,0.0,128,6,train
8274,metastable_003,metastable,3,57,150083,0.15,0.3,0.0,128,6,train
8275,metastable_003,metastable,3,58,150083,0.15,0.3,0.0,128,6,train
8276,metastable_003,metastable,3,59,150083,0.15,0.3,0.0,128,6,train
8277,metastable_003,metastable,3,60,150083,0.15,0.3,0.0,128,6,train
8278,metastable_003,metastable,3,61,150083,0.15,0.3,0.0,128,6,train
8279,metastable_003,metastable,3,62,150083,0.15,0.3,0.0,128,6,train
8280,metastable_003,metastable,3,63,150083,0.15,0.3,0.0,128,6,train
8281,metastable_003,metastable,3,64,150083,0.15,0.3,0.0,128,6,train
8282,metastable_003,metastable,3,65,150083,0.15,0.3,0.0,128,6,train
8283,metastable_003,metastable,3,66,150083,0.15,0.3,0.0,128,6,train
8284,metastable_003,metastable,3,67,150083,0.15,0.3,0.0,128,6,train
8285,metastable_003,metastable,3,68,150083,0.15,0.3,0.0,128,6,train
8286,metastable_003,metastable,3,69,150083,0.15,0.3,0.0,128,6,train
8287,metastable_003,metastable,3,70,150083,0.15,0.3,0.0,128,6,train
8288,metastable_003,metastable,3,71,150083,0.15,0.3,0.0,128,6,train
8289,metastable_003,metastable,3,72,150083,0.15,0.3,0.0,128,6,train
8290,metastable_003,metastable,3,73,150083,0.15,0.3,0.0,128,6,train
8291,metastable_003,metastable,3,74,150083,0.15,0.3,0.0,128,6,train
8292,metastable_003,metastable,3,75,150083,0.15,0.3,0.0,128,6,train
8293,metastable_003,metastable,3,76,150083,0.15,0.3,0.0,128,6,train
8294,metastable_003,metastable,3,77,150083,0.15,0.3,0.0,128,6,train
8295,metastable_003,metastable,3,78,150083,0.15,0.3,0.0,128,6,train
8296,metastable_003,metastable,3,79,150083,0.15,0.3,0.0,128,6,train
8297,metastable_003,metastable,3,80,150083,0.15,0.3,0.0,128,6,train
8298,metastable_003,metastable,3,81,150083,0.15,0.3,0.0,128,6,train
8299,metastable_003,metastable,3,82,150083,0.15,0.3,0.0,128,6,train
8300,metastable_003,metastable,3,83,150083,0.15,0.3,0.0,128,6,train
8301,metastable_003,metastable,3,84,150083,0.15,0.3,0.0,128,6,train
8302,metastable_003,metastable,3,85,150083,0.15,0.3,0.0,128,6,train
8303,metastable_003,metastable,3,86,150083,0.15,0.3,0.0,128,6,train
8304,metastable_003,metastable,3,87,150083,0.15,0.3,0.0,128,6,train
8305,metastable_003,metastable,3,88,150083,0.15,0.3,0.0,128,6,train
8306,metastable_003,metastable,3,89,150083,0.15,0.3,0.0,128,6,train
8307,metastable_003,metastable,3,90,150083,0.15,0.3,0.0,128,6,train
8308,metastable_003,metastable,3,91,150083,0.15,0.3,0.0,128,6,train
8309,metastable_003,metastable,3,92,150083,0.15,0.3,0.0,128,6,train
8310,metastable_003,metastable,3,93,150083,0.15,0.3,0.0,128,6,train
8311,metastable_003,metastable,3,94,150083,0.15,0.3,0.0,128,6,train
8312,metastable_003,metastable,3,95,150083,0.15,0.3,0.0,128,6,train
8313,metastable_003,metastable,3,96,150083,0.15,0.3,0.0,128,6,train
8314,metastable_003,metastable,3,97,150083,0.15,0.3,0.0,128,6,train
8315,metastable_003,metastable,3,98,150083,0.15,0.3,0.0,128,6,train
8316,metastable_004,metastable,4,0,150084,0.15,0.3,0.0,128,6,train
8317,metastable_004,metastable,4,1,150084,0.15,0.3,0.0,128,6,train
8318,metastable_004,metastable,4,2,150084,0.15,0.3,0.0,128,6,train
8319,metastable_004,metastable,4,3,150084,0.15,0.3,0.0,128,6,train
8320,metastable_004,metastable,4,4,150084,0.15,0.3,0.0,128,6,train
8321,metastable_004,metastable,4,5,150084,0.15,0.3,0.0,128,6,train
8322,metastable_004,metastable,4,6,150084,0.15,0.3,0.0,128,6,train
8323,metastable_004,metastable,4,7,150084,0.15,0.3,0.0,128,6,train
8324,metastable_004,metastable,4,8,150084,0.15,0.3,0.0,128,6,train
8325,metastable_004,metastable,4,9,150084,0.15,0.3,0.0,128,6,train
8326,metastable_004,metastable,4,10,150084,0.15,0.3,0.0,128,6,train
8327,metastable_004,metastable,4,11,150084,0.15,0.3,0.0,128,6,train
8328,metastable_004,metastable,4,12,150084,0.15,0.3,0.0,128,6,train
8329,metastable_004,metastable,4,13,150084,0.15,0.3,0.0,128,6,train
8330,metastable_004,metastable,4,14,150084,0.15,0.3,0.0,128,6,train
8331,metastable_004,metastable,4,15,150084,0.15,0.3,0.0,128,6,train
8332,metastable_004,metastable,4,16,150084,0.15,0.3,0.0,128,6,train
8333,metastable_004,metastable,4,17,150084,0.15,0.3,0.0,128,6,train
8334,metastable_004,metastable,4,18,150084,0.15,0.3,0.0,128,6,train
8335,metastable_004,metastable,4,19,150084,0.15,0.3,0.0,128,6,train
8336,metastable_004,metastable,4,20,150084,0.15,0.3,0.0,128,6,train
8337,metastable_004,metastable,4,21,150084,0.15,0.3,0.0,128,6,train
8338,metastable_004,metastable,4,22,150084,0.15,0.3,0.0,128,6,train
8339,metastable_004,metastable,4,23,150084,0.15,0.3,0.0,128,6,train
8340,metastable_004,metastable,4,24,150084,0.15,0.3,0.0,128,6,train
8341,metastable_004,metastable,4,25,150084,0.15,0.3,0.0,128,6,train
8342,metastable_004,metastable,4,26,150084,0.15,0.3,0.0,128,6,train
8343,metastable_004,metastable,4,27,150084,0.15,0.3,0.0,128,6,train
8344,metastable_004,metastable,4,28,150084,0.15,0.3,0.0,128,6,train
8345,metastable_004,metastable,4,29,150084,0.15,0.3,0.0,128,6,train
8346,metastable_004,metastable,4,30,150084,0.15,0.3,0.0,128,6,train
8347,metastable_004,metastable,4,31,150084,0.15,0.3,0.0,128,6,train
8348,metastable_004,metastable,4,32,150084,0.15,0.3,0.0,128,6,train
8349,metastable_004,metastable,4,33,150084,0.15,0.3,0.0,128,6,train
8350,metastable_004,metastable,4,34,150084,0.15,0.3,0.0,128,6,train
8351,metastable_004,metastable,4,35,150084,0.15,0.3,0.0,128,6,train
8352,metastable_004,metastable,4,36,150084,0.15,0.3,0.0,128,6,train
8353,metastable_004,metastable,4,37,150084,0.15,0.3,0.0,128,6,train
8354,metastable_004,metastable,4,38,150084,0.15,0.3,0.0,128,6,train
8355,metastable_004,metastable,4,39,150084,0.15,0.3,0.0,128,6,train
8356,metastable_004,metastable,4,40,150084,0.15,0.3,0.0,128,6,train
8357,metastable_004,metastable,4,41,150084,0.15,0.3,0.0,128,6,train
8358,metastable_004,metastable,4,42,150084,0.15,0.3,0.0,128,6,train
8359,metastable_004,metastable,4,43,150084,0.15,0.3,0.0,128,6,train
8360,metastable_004,metastable,4,44,150084,0.15,0.3,0.0,128,6,train
8361,metastable_004,metastable,4,45,150084,0.15,0.3,0.0,128,6,train
8362,metastable_004,metastable,4,46,150084,0.15,0.3,0.0,128,6,train
8363,metastable_004,metastable,4,47,150084,0.15,0.3,0.0,128,6,train
8364,metastable_004,metastable,4,48,150084,0.15,0.3,0.0,128,6,train
8365,metastable_004,metastable,4,49,150084,0.15,0.3,0.0,128,6,train
8366,metastable_004,metastable,4,50,150084,0.15,0.3,0.0,128,6,train
8367,metastable_004,metastable,4,51,150084,0.15,0.3,0.0,128,6,train
8368,metastable_004,metastable,4,52,150084,0.15,0.3,0.0,128,6,train
8369,metastable_004,metastable,4,53,150084,0.15,0.3,0.0,128,6,train
8370,metastable_004,metastable,4,54,150084,0.15,0.3,0.0,128,6,train
8371,metastable_004,metastable,4,55,150084,0.15,0.3,0.0,128,6,train
8372,metastable_004,metastable,4,56,150084,0.15,0.3,0.0,128,6,train
8373,metastable_004,metastable,4,57,150084,0.15,0.3,0.0,128,6,train
8374,metastable_004,metastable,4,58,150084,0.15,0.3,0.0,128,6,train
8375,metastable_004,metastable,4,59,150084,0.15,0.3,0.0,128,6,train
8376,metastable_004,metastable,4,60,150084,0.15,0.3,0.0,128,6,train
8377,metastable_004,metastable,4,61,150084,0.15,0.3,0.0,128,6,train
8378,metastable_004,metastable,4,62,150084,0.15,0.3,0.0,128,6,train
8379,metastable_004,metastable,4,63,150084,0.15,0.3,0.0,128,6,train
8380,metastable_004,metastable,4,64,150084,0.15,0.3,0.0,128,6,train
8381,metastable_004,metastable,4,65,150084,0.15,0.3,0.0,128,6,train
8382,metastable_004,metastable,4,66,150084,0.15,0.3,0.0,128,6,train
8383,metastable_004,metastable,4,67,150084,0.15,0.3,0.0,128,6,train
8384,metastable_004,metastable,4,68,150084,0.15,0.3,0.0,128,6,train
8385,metastable_004,metastable,4,69,150084,0.15,0.3,0.0,128,6,train
8386,metastable_004,metastable,4,70,150084,0.15,0.3,0.0,128,6,train
8387,metastable_004,metastable,4,71,150084,0.15,0.3,0.0,128,6,train
8388,metastable_004,metastable,4,72,150084,0.15,0.3,0.0,128,6,train
8389,metastable_004,metastable,4,73,150084,0.15,0.3,0.0,128,6,train
8390,metastable_004,metastable,4,74,150084,0.15,0.3,0.0,128,6,train
8391,metastable_004,metastable,4,75,150084,0.15,0.3,0.0,128,6,train
8392,metastable_004,metastable,4,76,150084,0.15,0.3,0.0,128,6,train
8393,metastable_004,metastable,4,77,150084,0.15,0.3,0.0,128,6,train
8394,metastable_004,metastable,4,78,150084,0.15,0.3,0.0,128,6,train
8395,metastable_004,metastable,4,79,150084,0.15,0.3,0.0,128,6,train
8396,metastable_004,metastable,4,80,150084,0.15,0.3,0.0,128,6,train
8397,metastable_004,metastable,4,81,150084,0.15,0.3,0.0,128,6,train
8398,metastable_004,metastable,4,82,150084,0.15,0.3,0.0,128,6,train
8399,metastable_004,metastable,4,83,150084,0.15,0.3,0.0,128,6,train
8400,metastable_004,metastable,4,84,150084,0.15,0.3,0.0,128,6,train
8401,metastable_004,metastable,4,85,150084,0.15,0.3,0.0,128,6,train
8402,metastable_004,metastable,4,86,150084,0.15,0.3,0.0,128,6,train
8403,metastable_004,metastable,4,87,150084,0.15,0.3,0.0,128,6,train
8404,metastable_004,metastable,4,88,150084,0.15,0.3,0.0,128,6,train
8405,metastable_004,metastable,4,89,150084,0.15,0.3,0.0,128,6,train
8406,metastable_004,metastable,4,90,150084,0.15,0.3,0.0,128,6,train
8407,metastable_004,metastable,4,91,150084,0.15,0.3,0.0,128,6,train
8408,metastable_004,metastable,4,92,150084,0.15,0.3,0.0,128,6,train
8409,metastable_004,metastable,4,93,150084,0.15,0.3,0.0,128,6,train
8410,metastable_004,metastable,4,94,150084,0.15,0.3,0.0,128,6,train
8411,metastable_004,metastable,4,95,150084,0.15,0.3,0.0,128,6,train
8412,metastable_004,metastable,4,96,150084,0.15,0.3,0.0,128,6,train
8413,metastable_004,metastable,4,97,150084,0.15,0.3,0.0,128,6,train
8414,metastable_004,metastable,4,98,150084,0.15,0.3,0.0,128,6,train
8415,metastable_005,metastable,5,0,150085,0.15,0.3,0.0,128,6,test
8416,metastable_005,metastable,5,1,150085,0.15,0.3,0.0,128,6,test
8417,metastable_005,metastable,5,2,150085,0.15,0.3,0.0,128,6,test
8418,metastable_005,metastable,5,3,150085,0.15,0.3,0.0,128,6,test
8419,metastable_005,metastable,5,4,150085,0.15,0.3,0.0,128,6,test
8420,metastable_005,metastable,5,5,150085,0.15,0.3,0.0,128,6,test
8421,metastable_005,metastable,5,6,150085,0.15,0.3,0.0,128,6,test
8422,metastable_005,metastable,5,7,150085,0.15,0.3,0.0,128,6,test
8423,metastable_005,metastable,5,8,150085,0.15,0.3,0.0,128,6,test
8424,metastable_005,metastable,5,9,150085,0.15,0.3,0.0,128,6,test
8425,metastable_005,metastable,5,10,150085,0.15,0.3,0.0,128,6,test
8426,metastable_005,metastable,5,11,150085,0.15,0.3,0.0,128,6,test
8427,metastable_005,metastable,5,12,150085,0.15,0.3,0.0,128,6,test
8428,metastable_005,metastable,5,13,150085,0.15,0.3,0.0,128,6,test
8429,metastable_005,metastable,5,14,150085,0.15,0.3,0.0,128,6,test
8430,metastable_005,metastable,5,15,150085,0.15,0.3,0.0,128,6,test
8431,metastable_005,metastable,5,16,150085,0.15,0.3,0.0,128,6,test
8432,metastable_005,metastable,5,17,150085,0.15,0.3,0.0,128,6,test
8433,metastable_005,metastable,5,18,150085,0.15,0.3,0.0,128,6,test
8434,metastable_005,metastable,5,19,150085,0.15,0.3,0.0,128,6,test
8435,metastable_005,metastable,5,20,150085,0.15,0.3,0.0,128,6,test
8436,metastable_005,metastable,5,21,150085,0.15,0.3,0.0,128,6,test
8437,metastable_005,metastable,5,22,150085,0.15,0.3,0.0,128,6,test
8438,metastable_005,metastable,5,23,150085,0.15,0.3,0.0,128,6,test
8439,metastable_005,metastable,5,24,150085,0.15,0.3,0.0,128,6,test
8440,metastable_005,metastable,5,25,150085,0.15,0.3,0.0,128,6,test
8441,metastable_005,metastable,5,26,150085,0.15,0.3,0.0,128,6,test
8442,metastable_005,metastable,5,27,150085,0.15,0.3,0.0,128,6,test
8443,metastable_005,metastable,5,28,150085,0.15,0.3,0.0,128,6,test
8444,metastable_005,metastable,5,29,150085,0.15,0.3,0.0,128,6,test
8445,metastable_005,metastable,5,30,150085,0.15,0.3,0.0,128,6,test
8446,metastable_005,metastable,5,31,150085,0.15,0.3,0.0,128,6,test
8447,metastable_005,metastable,5,32,150085,0.15,0.3,0.0,128,6,test
8448,metastable_005,metastable,5,33,150085,0.15,0.3,0.0,128,6,test
8449,metastable_005,metastable,5,34,150085,0.15,0.3,0.0,128,6,test
8450,metastable_005,metastable,5,35,150085,0.15,0.3,0.0,128,6,test
8451,metastable_005,metastable,5,36,150085,0.15,0.3,0.0,128,6,test
8452,metastable_005,metastable,5,37,150085,0.15,0.3,0.0,128,6,test
8453,metastable_005,metastable,5,38,150085,0.15,0.3,0.0,128,6,test
8454,metastable_005,metastable,5,39,150085,0.15,0.3,0.0,128,6,test
8455,metastable_005,metastable,5,40,150085,0.15,0.3,0.0,128,6,test
8456,metastable_005,metastable,5,41,150085,0.15,0.3,0.0,128,6,test
8457,metastable_005,metastable,5,42,150085,0.15,0.3,0.0,128,6,test
8458,metastable_005,metastable,5,43,150085,0.15,0.3,0.0,128,6,test
8459,metastable_005,metastable,5,44,150085,0.15,0.3,0.0,128,6,test
8460,metastable_005,metastable,5,45,150085,0.15,0.3,0.0,128,6,test
8461,metastable_005,metastable,5,46,150085,0.15,0.3,0.0,128,6,test
8462,metastable_005,metastable,5,47,150085,0.15,0.3,0.0,128,6,test
8463,metastable_005,metastable,5,48,150085,0.15,0.3,0.0,128,6,test
8464,metastable_005,metastable,5,49,150085,0.15,0.3,0.0,128,6,test
8465,metastable_005,metastable,5,50,150085,0.15,0.3,0.0,128,6,test
8466,metastable_005,metastable,5,51,150085,0.15,0.3,0.0,128,6,test
8467,metastable_005,metastable,5,52,150085,0.15,0.3,0.0,128,6,test
8468,metastable_005,metastable,5,53,150085,0.15,0.3,0.0,128,6,test
8469,metastable_005,metastable,5,54,150085,0.15,0.3,0.0,128,6,test
8470,metastable_005,metastable,5,55,150085,0.15,0.3,0.0,128,6,test
8471,metastable_005,metastable,5,56,150085,0.15,0.3,0.0,128,6,test
8472,metastable_005,metastable,5,57,150085,0.15,0.3,0.0,128,6,test
8473,metastable_005,metastable,5,58,150085,0.15,0.3,0.0,128,6,test
8474,metastable_005,metastable,5,59,150085,0.15,0.3,0.0,128,6,test
8475,metastable_005,metastable,5,60,150085,0.15,0.3,0.0,128,6,test
8476,metastable_005,metastable,5,61,150085,0.15,0.3,0.0,128,6,test
8477,metastable_005,metastable,5,62,150085,0.15,0.3,0.0,128,6,test
8478,metastable_005,metastable,5,63,150085,0.15,0.3,0.0,128,6,test
8479,metastable_005,metastable,5,64,150085,0.15,0.3,0.0,128,6,test
8480,metastable_005,metastable,5,65,150085,0.15,0.3,0.0,128,6,test
8481,metastable_005,metastable,5,66,150085,0.15,0.3,0.0,128,6,test
8482,metastable_005,metastable,5,67,150085,0.15,0.3,0.0,128,6,test
8483,metastable_005,metastable,5,68,150085,0.15,0.3,0.0,128,6,test
8484,metastable_005,metastable,5,69,150085,0.15,0.3,0.0,128,6,test
8485,metastable_005,metastable,5,70,150085,0.15,0.3,0.0,128,6,test
8486,metastable_005,metastable,5,71,150085,0.15,0.3,0.0,128,6,test
8487,metastable_005,metastable,5,72,150085,0.15,0.3,0.0,128,6,test
8488,metastable_005,metastable,5,73,150085,0.15,0.3,0.0,128,6,test
8489,metastable_005,metastable,5,74,150085,0.15,0.3,0.0,128,6,test
8490,metastable_005,metastable,5,75,150085,0.15,0.3,0.0,128,6,test
8491,metastable_005,metastable,5,76,150085,0.15,0.3,0.0,128,6,test
8492,metastable_005,metastable,5,77,150085,0.15,0.3,0.0,128,6,test
8493,metastable_005,metastable,5,78,150085,0.15,0.3,0.0,128,6,test
8494,metastable_005,metastable,5,79,150085,0.15,0.3,0.0,128,6,test
8495,metastable_005,metastable,5,80,150085,0.15,0.3,0.0,128,6,test
8496,metastable_005,metastable,5,81,150085,0.15,0.3,0.0,128,6,test
8497,metastable_005,metastable,5,82,150085,0.15,0.3,0.0,128,6,test
8498,metastable_005,metastable,5,83,150085,0.15,0.3,0.0,128,6,test
8499,metastable_005,metastable,5,84,150085,0.15,0.3,0.0,128,6,test
8500,metastable_005,metastable,5,85,150085,0.15,0.3,0.0,128,6,test
8501,metastable_005,metastable,5,86,150085,0.15,0.3,0.0,128,6,test
8502,metastable_005,metastable,5,87,150085,0.15,0.3,0.0,128,6,test
8503,metastable_005,metastable,5,88,150085,0.15,0.3,0.0,128,6,test
8504,metastable_005,metastable,5,89,150085,0.15,0.3,0.0,128,6,test
8505,metastable_005,metastable,5,90,150085,0.15,0.3,0.0,128,6,test
8506,metastable_005,metastable,5,91,150085,0.15,0.3,0.0,128,6,test
8507,metastable_005,metastable,5,92,150085,0.15,0.3,0.0,128,6,test
8508,metastable_005,metastable,5,93,150085,0.15,0.3,0.0,128,6,test
8509,metastable_005,metastable,5,94,150085,0.15,0.3,0.0,128,6,test
8510,metastable_005,metastable,5,95,150085,0.15,0.3,0.0,128,6,test
8511,metastable_005,metastable,5,96,150085,0.15,0.3,0.0,128,6,test
8512,metastable_005,metastable,5,97,150085,0.15,0.3,0.0,128,6,test
8513,metastable_005,metastable,5,98,150085,0.15,0.3,0.0,128,6,test
8514,metastable_006,metastable,6,0,150086,0.15,0.3,0.0,128,6,train
8515,metastable_006,metastable,6,1,150086,0.15,0.3,0.0,128,6,train
8516,metastable_006,metastable,6,2,150086,0.15,0.3,0.0,128,6,train
8517,metastable_006,metastable,6,3,150086,0.15,0.3,0.0,128,6,train
8518,metastable_006,metastable,6,4,150086,0.15,0.3,0.0,128,6,train
8519,metastable_006,metastable,6,5,150086,0.15,0.3,0.0,128,6,train
8520,metastable_006,metastable,6,6,150086,0.15,0.3,0.0,128,6,train
8521,metastable_006,metastable,6,7,150086,0.15,0.3,0.0,128,6,train
8522,metastable_006,metastable,6,8,150086,0.15,0.3,0.0,128,6,train
8523,metastable_006,metastable,6,9,150086,0.15,0.3,0.0,128,6,train
8524,metastable_006,metastable,6,10,150086,0.15,0.3,0.0,128,6,train
8525,metastable_006,metastable,6,11,150086,0.15,0.3,0.0,128,6,train
8526,metastable_006,metastable,6,12,150086,0.15,0.3,0.0,128,6,train
8527,metastable_006,metastable,6,13,150086,0.15,0.3,0.0,128,6,train
8528,metastable_006,metastable,6,14,150086,0.15,0.3,0.0,128,6,train
8529,metastable_006,metastable,6,15,150086,0.15,0.3,0.0,128,6,train
8530,metastable_006,metastable,6,16,150086,0.15,0.3,0.0,128,6,train
8531,metastable_006,metastable,6,17,150086,0.15,0.3,0.0,128,6,train
8532,metastable_006,metastable,6,18,150086,0.15,0.3,0.0,128,6,train
8533,metastable_006,metastable,6,19,150086,0.15,0.3,0.0,128,6,train
8534,metastable_006,metastable,6,20,150086,0.15,0.3,0.0,128,6,train
8535,metastable_006,metastable,6,21,150086,0.15,0.3,0.0,128,6,train
8536,metastable_006,metastable,6,22,150086,0.15,0.3,0.0,128,6,train
8537,metastable_006,metastable,6,23,150086,0.15,0.3,0.0,128,6,train
8538,metastable_006,metastable,6,24,150086,0.15,0.3,0.0,128,6,train
8539,metastable_006,metastable,6,25,150086,0.15,0.3,0.0,128,6,train
8540,metastable_006,metastable,6,26,150086,0.15,0.3,0.0,128,6,train
8541,metastable_006,metastable,6,27,150086,0.15,0.3,0.0,128,6,train
8542,metastable_006,metastable,6,28,150086,0.15,0.3,0.0,128,6,train
8543,metastable_006,metastable,6,29,150086,0.15,0.3,0.0,128,6,train
8544,metastable_006,metastable,6,30,150086,0.15,0.3,0.0,128,6,train
8545,metastable_006,metastable,6,31,150086,0.15,0.3,0.0,128,6,train
8546,metastable_006,metastable,6,32,150086,0.15,0.3,0.0,128,6,train
8547,metastable_006,metastable,6,33,150086,0.15,0.3,0.0,128,6,train
8548,metastable_006,metastable,6,34,150086,0.15,0.3,0.0,128,6,train
8549,metastable_006,metastable,6,35,150086,0.15,0.3,0.0,128,6,train
8550,metastable_006,metastable,6,36,150086,0.15,0.3,0.0,128,6,train
8551,metastable_006,metastable,6,37,150086,0.15,0.3,0.0,128,6,train
8552,metastable_006,metastable,6,38,150086,0.15,0.3,0.0,128,6,train
8553,metastable_006,metastable,6,39,150086,0.15,0.3,0.0,128,6,train
8554,metastable_006,metastable,6,40,150086,0.15,0.3,0.0,128,6,train
8555,metastable_006,metastable,6,41,150086,0.15,0.3,0.0,128,6,train
8556,metastable_006,metastable,6,42,150086,0.15,0.3,0.0,128,6,train
8557,metastable_006,metastable,6,43,150086,0.15,0.3,0.0,128,6,train
8558,metastable_006,metastable,6,44,150086,0.15,0.3,0.0,128,6,train
8559,metastable_006,metastable,6,45,150086,0.15,0.3,0.0,128,6,train
8560,metastable_006,metastable,6,46,150086,0.15,0.3,0.0,128,6,train
8561,metastable_006,metastable,6,47,150086,0.15,0.3,0.0,128,6,train
8562,metastable_006,metastable,6,48,150086,0.15,0.3,0.0,128,6,train
8563,metastable_006,metastable,6,49,150086,0.15,0.3,0.0,128,6,train
8564,metastable_006,metastable,6,50,150086,0.15,0.3,0.0,128,6,train
8565,metastable_006,metastable,6,51,150086,0.15,0.3,0.0,128,6,train
8566,metastable_006,metastable,6,52,150086,0.15,0.3,0.0,128,6,train
8567,metastable_006,metastable,6,53,150086,0.15,0.3,0.0,128,6,train
8568,metastable_006,metastable,6,54,150086,0.15,0.3,0.0,128,6,train
8569,metastable_006,metastable,6,55,150086,0.15,0.3,0.0,128,6,train
8570,metastable_006,metastable,6,56,150086,0.15,0.3,0.0,128,6,train
8571,metastable_006,metastable,6,57,150086,0.15,0.3,0.0,128,6,train
8572,metastable_006,metastable,6,58,150086,0.15,0.3,0.0,128,6,train
8573,metastable_006,metastable,6,59,150086,0.15,0.3,0.0,128,6,train
8574,metastable_006,metastable,6,60,150086,0.15,0.3,0.0,128,6,train
8575,metastable_006,metastable,6,61,150086,0.15,0.3,0.0,128,6,train
8576,metastable_006,metastable,6,62,150086,0.15,0.3,0.0,128,6,train
8577,metastable_006,metastable,6,63,150086,0.15,0.3,0.0,128,6,train
8578,metastable_006,metastable,6,64,150086,0.15,0.3,0.0,128,6,train
8579,metastable_006,metastable,6,65,150086,0.15,0.3,0.0,128,6,train
8580,metastable_006,metastable,6,66,150086,0.15,0.3,0.0,128,6,train
8581,metastable_006,metastable,6,67,150086,0.15,0.3,0.0,128,6,train
8582,metastable_006,metastable,6,68,150086,0.15,0.3,0.0,128,6,train
8583,metastable_006,metastable,6,69,150086,0.15,0.3,0.0,128,6,train
8584,metastable_006,metastable,6,70,150086,0.15,0.3,0.0,128,6,train
8585,metastable_006,metastable,6,71,150086,0.15,0.3,0.0,128,6,train
8586,metastable_006,metastable,6,72,150086,0.15,0.3,0.0,128,6,train
8587,metastable_006,metastable,6,73,150086,0.15,0.3,0.0,128,6,train
8588,metastable_006,metastable,6,74,150086,0.15,0.3,0.0,128,6,train
8589,metastable_006,metastable,6,75,150086,0.15,0.3,0.0,128,6,train
8590,metastable_006,metastable,6,76,150086,0.15,0.3,0.0,128,6,train
8591,metastable_006,metastable,6,77,150086,0.15,0.3,0.0,128,6,train
8592,metastable_006,metastable,6,78,150086,0.15,0.3,0.0,128,6,train
8593,metastable_006,metastable,6,79,150086,0.15,0.3,0.0,128,6,train
8594,metastable_006,metastable,6,80,150086,0.15,0.3,0.0,128,6,train
8595,metastable_006,metastable,6,81,150086,0.15,0.3,0.0,128,6,train
8596,metastable_006,metastable,6,82,150086,0.15,0.3,0.0,128,6,train
8597,metastable_006,metastable,6,83,150086,0.15,0.3,0.0,128,6,train
8598,metastable_006,metastable,6,84,150086,0.15,0.3,0.0,128,6,train
8599,metastable_006,metastable,6,85,150086,0.15,0.3,0.0,128,6,train
8600,metastable_006,metastable,6,86,150086,0.15,0.3,0.0,128,6,train
8601,metastable_006,metastable,6,87,150086,0.15,0.3,0.0,128,6,train
8602,metastable_006,metastable,6,88,150086,0.15,0.3,0.0,128,6,train
8603,metastable_006,metastable,6,89,150086,0.15,0.3,0.0,128,6,train
8604,metastable_006,metastable,6,90,150086,0.15,0.3,0.0,128,6,train
8605,metastable_006,metastable,6,91,150086,0.15,0.3,0.0,128,6,train
8606,metastable_006,metastable,6,92,150086,0.15,0.3,0.0,128,6,train
8607,metastable_006,metastable,6,93,150086,0.15,0.3,0.0,128,6,train
8608,metastable_006,metastable,6,94,150086,0.15,0.3,0.0,128,6,train
8609,metastable_006,metastable,6,95,150086,0.15,0.3,0.0,128,6,train
8610,metastable_006,metastable,6,96,150086,0.15,0.3,0.0,128,6,train
8611,metastable_006,metastable,6,97,150086,0.15,0.3,0.0,128,6,train
8612,metastable_006,metastable,6,98,150086,0.15,0.3,0.0,128,6,train
8613,metastable_007,metastable,7,0,150087,0.15,0.3,0.0,128,6,train
8614,metastable_007,metastable,7,1,150087,0.15,0.3,0.0,128,6,train
8615,metastable_007,metastable,7,2,150087,0.15,0.3,0.0,128,6,train
8616,metastable_007,metastable,7,3,150087,0.15,0.3,0.0,128,6,train
8617,metastable_007,metastable,7,4,150087,0.15,0.3,0.0,128,6,train
8618,metastable_007,metastable,7,5,150087,0.15,0.3,0.0,128,6,train
8619,metastable_007,metastable,7,6,150087,0.15,0.3,0.0,128,6,train
8620,metastable_007,metastable,7,7,150087,0.15,0.3,0.0,128,6,train
8621,metastable_007,metastable,7,8,150087,0.15,0.3,0.0,128,6,train
8622,metastable_007,metastable,7,9,150087,0.15,0.3,0.0,128,6,train
8623,metastable_007,metastable,7,10,150087,0.15,0.3,0.0,128,6,train
8624,metastable_007,metastable,7,11,150087,0.15,0.3,0.0,128,6,train
8625,metastable_007,metastable,7,12,150087,0.15,0.3,0.0,128,6,train
8626,metastable_007,metastable,7,13,150087,0.15,0.3,0.0,128,6,train
8627,metastable_007,metastable,7,14,150087,0.15,0.3,0.0,128,6,train
8628,metastable_007,metastable,7,15,150087,0.15,0.3,0.0,128,6,train
8629,metastable_007,metastable,7,16,150087,0.15,0.3,0.0,128,6,train
8630,metastable_007,metastable,7,17,150087,0.15,0.3,0.0,128,6,train
8631,metastable_007,metastable,7,18,150087,0.15,0.3,0.0,128,6,train
8632,metastable_007,metastable,7,19,150087,0.15,0.3,0.0,128,6,train
8633,metastable_007,metastable,7,20,150087,0.15,0.3,0.0,128,6,train
8634,metastable_007,metastable,7,21,150087,0.15,0.3,0.0,128,6,train
8635,metastable_007,metastable,7,22,150087,0.15,0.3,0.0,128,6,train
8636,metastable_007,metastable,7,23,150087,0.15,0.3,0.0,128,6,train
8637,metastable_007,metastable,7,24,150087,0.15,0.3,0.0,128,6,train
8638,metastable_007,metastable,7,25,150087,0.15,0.3,0.0,128,6,train
8639,metastable_007,metastable,7,26,150087,0.15,0.3,0.0,128,6,train
8640,metastable_007,metastable,7,27,150087,0.15,0.3,0.0,128,6,train
8641,metastable_007,metastable,7,28,150087,0.15,0.3,0.0,128,6,train
8642,metastable_007,metastable,7,29,150087,0.15,0.3,0.0,128,6,train
8643,metastable_007,metastable,7,30,150087,0.15,0.3,0.0,128,6,train
8644,metastable_007,metastable,7,31,150087,0.15,0.3,0.0,128,6,train
8645,metastable_007,metastable,7,32,150087,0.15,0.3,0.0,128,6,train
8646,metastable_007,metastable,7,33,150087,0.15,0.3,0.0,128,6,train
8647,metastable_007,metastable,7,34,150087,0.15,0.3,0.0,128,6,train
8648,metastable_007,metastable,7,35,150087,0.15,0.3,0.0,128,6,train
8649,metastable_007,metastable,7,36,150087,0.15,0.3,0.0,128,6,train
8650,metastable_007,metastable,7,37,150087,0.15,0.3,0.0,128,6,train
8651,metastable_007,metastable,7,38,150087,0.15,0.3,0.0,128,6,train
8652,metastable_007,metastable,7,39,150087,0.15,0.3,0.0,128,6,train
8653,metastable_007,metastable,7,40,150087,0.15,0.3,0.0,128,6,train
8654,metastable_007,metastable,7,41,150087,0.15,0.3,0.0,128,6,train
8655,metastable_007,metastable,7,42,150087,0.15,0.3,0.0,128,6,train
8656,metastable_007,metastable,7,43,150087,0.15,0.3,0.0,128,6,train
8657,metastable_007,metastable,7,44,150087,0.15,0.3,0.0,128,6,train
8658,metastable_007,metastable,7,45,150087,0.15,0.3,0.0,128,6,train
8659,metastable_007,metastable,7,46,150087,0.15,0.3,0.0,128,6,train
8660,metastable_007,metastable,7,47,150087,0.15,0.3,0.0,128,6,train
8661,metastable_007,metastable,7,48,150087,0.15,0.3,0.0,128,6,train
8662,metastable_007,metastable,7,49,150087,0.15,0.3,0.0,128,6,train
8663,metastable_007,metastable,7,50,150087,0.15,0.3,0.0,128,6,train
8664,metastable_007,metastable,7,51,150087,0.15,0.3,0.0,128,6,train
8665,metastable_007,metastable,7,52,150087,0.15,0.3,0.0,128,6,train
8666,metastable_007,metastable,7,53,150087,0.15,0.3,0.0,128,6,train
8667,metastable_007,metastable,7,54,150087,0.15,0.3,0.0,128,6,train
8668,metastable_007,metastable,7,55,150087,0.15,0.3,0.0,128,6,train
8669,metastable_007,metastable,7,56,150087,0.15,0.3,0.0,128,6,train
8670,metastable_007,metastable,7,57,150087,0.15,0.3,0.0,128,6,train
8671,metastable_007,metastable,7,58,150087,0.15,0.3,0.0,128,6,train
8672,metastable_007,metastable,7,59,150087,0.15,0.3,0.0,128,6,train
8673,metastable_007,metastable,7,60,150087,0.15,0.3,0.0,128,6,train
8674,metastable_007,metastable,7,61,150087,0.15,0.3,0.0,128,6,train
8675,metastable_007,metastable,7,62,150087,0.15,0.3,0.0,128,6,train
8676,metastable_007,metastable,7,63,150087,0.15,0.3,0.0,128,6,train
8677,metastable_007,metastable,7,64,150087,0.15,0.3,0.0,128,6,train
8678,metastable_007,metastable,7,65,150087,0.15,0.3,0.0,128,6,train
8679,metastable_007,metastable,7,66,150087,0.15,0.3,0.0,128,6,train
8680,metastable_007,metastable,7,67,150087,0.15,0.3,0.0,128,6,train
8681,metastable_007,metastable,7,68,150087,0.15,0.3,0.0,128,6,train
8682,metastable_007,metastable,7,69,150087,0.15,0.3,0.0,128,6,train
8683,metastable_007,metastable,7,70,150087,0.15,0.3,0.0,128,6,train
8684,metastable_007,metastable,7,71,150087,0.15,0.3,0.0,128,6,train
8685,metastable_007,metastable,7,72,150087,0.15,0.3,0.0,128,6,train
8686,metastable_007,metastable,7,73,150087,0.15,0.3,0.0,128,6,train
8687,metastable_007,metastable,7,74,150087,0.15,0.3,0.0,128,6,train
8688,metastable_007,metastable,7,75,150087,0.15,0.3,0.0,128,6,train
8689,metastable_007,metastable,7,76,150087,0.15,0.3,0.0,128,6,train
8690,metastable_007,metastable,7,77,150087,0.15,0.3,0.0,128,6,train
8691,metastable_007,metastable,7,78,150087,0.15,0.3,0.0,128,6,train
8692,metastable_007,metastable,7,79,150087,0.15,0.3,0.0,128,6,train
8693,metastable_007,metastable,7,80,150087,0.15,0.3,0.0,128,6,train
8694,metastable_007,metastable,7,81,150087,0.15,0.3,0.0,128,6,train
8695,metastable_007,metastable,7,82,150087,0.15,0.3,0.0,128,6,train
8696,metastable_007,metastable,7,83,150087,0.15,0.3,0.0,128,6,train
8697,metastable_007,metastable,7,84,150087,0.15,0.3,0.0,128,6,train
8698,metastable_007,metastable,7,85,150087,0.15,0.3,0.0,128,6,train
8699,metastable_007,metastable,7,86,150087,0.15,0.3,0.0,128,6,train
8700,metastable_007,metastable,7,87,150087,0.15,0.3,0.0,128,6,train
8701,metastable_007,metastable,7,88,150087,0.15,0.3,0.0,128,6,train
8702,metastable_007,metastable,7,89,150087,0.15,0.3,0.0,128,6,train
8703,metastable_007,metastable,7,90,150087,0.15,0.3,0.0,128,6,train
8704,metastable_007,metastable,7,91,150087,0.15,0.3,0.0,128,6,train
8705,metastable_007,metastable,7,92,150087,0.15,0.3,0.0,128,6,train
8706,metastable_007,metastable,7,93,150087,0.15,0.3,0.0,128,6,train
8707,metastable_007,metastable,7,94,150087,0.15,0.3,0.0,128,6,train
8708,metastable_007,metastable,7,95,150087,0.15,0.3,0.0,128,6,train
8709,metastable_007,metastable,7,96,150087,0.15,0.3,0.0,128,6,train
8710,metastable_007,metastable,7,97,150087,0.15,0.3,0.0,128,6,train
8711,metastable_007,metastable,7,98,150087,0.15,0.3,0.0,128,6,train
8712,metastable_008,metastable,8,0,150088,0.15,0.3,0.0,128,6,train
8713,metastable_008,metastable,8,1,150088,0.15,0.3,0.0,128,6,train
8714,metastable_008,metastable,8,2,150088,0.15,0.3,0.0,128,6,train
8715,metastable_008,metastable,8,3,150088,0.15,0.3,0.0,128,6,train
8716,metastable_008,metastable,8,4,150088,0.15,0.3,0.0,128,6,train
8717,metastable_008,metastable,8,5,150088,0.15,0.3,0.0,128,6,train
8718,metastable_008,metastable,8,6,150088,0.15,0.3,0.0,128,6,train
8719,metastable_008,metastable,8,7,150088,0.15,0.3,0.0,128,6,train
8720,metastable_008,metastable,8,8,150088,0.15,0.3,0.0,128,6,train
8721,metastable_008,metastable,8,9,150088,0.15,0.3,0.0,128,6,train
8722,metastable_008,metastable,8,10,150088,0.15,0.3,0.0,128,6,train
8723,metastable_008,metastable,8,11,150088,0.15,0.3,0.0,128,6,train
8724,metastable_008,metastable,8,12,150088,0.15,0.3,0.0,128,6,train
8725,metastable_008,metastable,8,13,150088,0.15,0.3,0.0,128,6,train
8726,metastable_008,metastable,8,14,150088,0.15,0.3,0.0,128,6,train
8727,metastable_008,metastable,8,15,150088,0.15,0.3,0.0,128,6,train
8728,metastable_008,metastable,8,16,150088,0.15,0.3,0.0,128,6,train
8729,metastable_008,metastable,8,17,150088,0.15,0.3,0.0,128,6,train
8730,metastable_008,metastable,8,18,150088,0.15,0.3,0.0,128,6,train
8731,metastable_008,metastable,8,19,150088,0.15,0.3,0.0,128,6,train
8732,metastable_008,metastable,8,20,150088,0.15,0.3,0.0,128,6,train
8733,metastable_008,metastable,8,21,150088,0.15,0.3,0.0,128,6,train
8734,metastable_008,metastable,8,22,150088,0.15,0.3,0.0,128,6,train
8735,metastable_008,metastable,8,23,150088,0.15,0.3,0.0,128,6,train
8736,metastable_008,metastable,8,24,150088,0.15,0.3,0.0,128,6,train
8737,metastable_008,metastable,8,25,150088,0.15,0.3,0.0,128,6,train
8738,metastable_008,metastable,8,26,150088,0.15,0.3,0.0,128,6,train
8739,metastable_008,metastable,8,27,150088,0.15,0.3,0.0,128,6,train
8740,metastable_008,metastable,8,28,150088,0.15,0.3,0.0,128,6,train
8741,metastable_008,metastable,8,29,150088,0.15,0.3,0.0,128,6,train
8742,metastable_008,metastable,8,30,150088,0.15,0.3,0.0,128,6,train
8743,metastable_008,metastable,8,31,150088,0.15,0.3,0.0,128,6,train
8744,metastable_008,metastable,8,32,150088,0.15,0.3,0.0,128,6,train
8745,metastable_008,metastable,8,33,150088,0.15,0.3,0.0,128,6,train
8746,metastable_008,metastable,8,34,150088,0.15,0.3,0.0,128,6,train
8747,metastable_008,metastable,8,35,150088,0.15,0.3,0.0,128,6,train
8748,metastable_008,metastable,8,36,150088,0.15,0.3,0.0,128,6,train
8749,metastable_008,metastable,8,37,150088,0.15,0.3,0.0,128,6,train
8750,metastable_008,metastable,8,38,150088,0.15,0.3,0.0,128,6,train
8751,metastable_008,metastable,8,39,150088,0.15,0.3,0.0,128,6,train
8752,metastable_008,metastable,8,40,150088,0.15,0.3,0.0,128,6,train
8753,metastable_008,metastable,8,41,150088,0.15,0.3,0.0,128,6,train
8754,metastable_008,metastable,8,42,150088,0.15,0.3,0.0,128,6,train
8755,metastable_008,metastable,8,43,150088,0.15,0.3,0.0,128,6,train
8756,metastable_008,metastable,8,44,150088,0.15,0.3,0.0,128,6,train
8757,metastable_008,metastable,8,45,150088,0.15,0.3,0.0,128,6,train
8758,metastable_008,metastable,8,46,150088,0.15,0.3,0.0,128,6,train
8759,metastable_008,metastable,8,47,150088,0.15,0.3,0.0,128,6,train
8760,metastable_008,metastable,8,48,150088,0.15,0.3,0.0,128,6,train
8761,metastable_008,metastable,8,49,150088,0.15,0.3,0.0,128,6,train
8762,metastable_008,metastable,8,50,150088,0.15,0.3,0.0,128,6,train
8763,metastable_008,metastable,8,51,150088,0.15,0.3,0.0,128,6,train
8764,metastable_008,metastable,8,52,150088,0.15,0.3,0.0,128,6,train
8765,metastable_008,metastable,8,53,150088,0.15,0.3,0.0,128,6,train
8766,metastable_008,metastable,8,54,150088,0.15,0.3,0.0,128,6,train
8767,metastable_008,metastable,8,55,150088,0.15,0.3,0.0,128,6,train
8768,metastable_008,metastable,8,56,150088,0.15,0.3,0.0,128,6,train
8769,metastable_008,metastable,8,57,150088,0.15,0.3,0.0,128,6,train
8770,metastable_008,metastable,8,58,150088,0.15,0.3,0.0,128,6,train
8771,metastable_008,metastable,8,59,150088,0.15,0.3,0.0,128,6,train
8772,metastable_008,metastable,8,60,150088,0.15,0.3,0.0,128,6,train
8773,metastable_008,metastable,8,61,150088,0.15,0.3,0.0,128,6,train
8774,metastable_008,metastable,8,62,150088,0.15,0.3,0.0,128,6,train
8775,metastable_008,metastable,8,63,150088,0.15,0.3,0.0,128,6,train
8776,metastable_008,metastable,8,64,150088,0.15,0.3,0.0,128,6,train
8777,metastable_008,metastable,8,65,150088,0.15,0.3,0.0,128,6,train
8778,metastable_008,metastable,8,66,150088,0.15,0.3,0.0,128,6,train
8779,metastable_008,metastable,8,67,150088,0.15,0.3,0.0,128,6,train
8780,metastable_008,metastable,8,68,150088,0.15,0.3,0.0,128,6,train
8781,metastable_008,metastable,8,69,150088,0.15,0.3,0.0,128,6,train
8782,metastable_008,metastable,8,70,150088,0.15,0.3,0.0,128,6,train
8783,metastable_008,metastable,8,71,150088,0.15,0.3,0.0,128,6,train
8784,metastable_008,metastable,8,72,150088,0.15,0.3,0.0,128,6,train
8785,metastable_008,metastable,8,73,150088,0.15,0.3,0.0,128,6,train
8786,metastable_008,metastable,8,74,150088,0.15,0.3,0.0,128,6,train
8787,metastable_008,metastable,8,75,150088,0.15,0.3,0.0,128,6,train
8788,metastable_008,metastable,8,76,150088,0.15,0.3,0.0,128,6,train
8789,metastable_008,metastable,8,77,150088,0.15,0.3,0.0,128,6,train
8790,metastable_008,metastable,8,78,150088,0.15,0.3,0.0,128,6,train
8791,metastable_008,metastable,8,79,150088,0.15,0.3,0.0,128,6,train
8792,metastable_008,metastable,8,80,150088,0.15,0.3,0.0,128,6,train
8793,metastable_008,metastable,8,81,150088,0.15,0.3,0.0,128,6,train
8794,metastable_008,metastable,8,82,150088,0.15,0.3,0.0,128,6,train
8795,metastable_008,metastable,8,83,150088,0.15,0.3,0.0,128,6,train
8796,metastable_008,metastable,8,84,150088,0.15,0.3,0.0,128,6,train
8797,metastable_008,metastable,8,85,150088,0.15,0.3,0.0,128,6,train
8798,metastable_008,metastable,8,86,150088,0.15,0.3,0.0,128,6,train
8799,metastable_008,metastable,8,87,150088,0.15,0.3,0.0,128,6,train
8800,metastable_008,metastable,8,88,150088,0.15,0.3,0.0,128,6,train
8801,metastable_008,metastable,8,89,150088,0.15,0.3,0.0,128,6,train
8802,metastable_008,metastable,8,90,150088,0.15,0.3,0.0,128,6,train
8803,metastable_008,metastable,8,91,150088,0.15,0.3,0.0,128,6,train
8804,metastable_008,metastable,8,92,150088,0.15,0.3,0.0,128,6,train
8805,metastable_008,metastable,8,93,150088,0.15,0.3,0.0,128,6,train
8806,metastable_008,metastable,8,94,150088,0.15,0.3,0.0,128,6,train
8807,metastable_008,metastable,8,95,150088,0.15,0.3,0.0,128,6,train
8808,metastable_008,metastable,8,96,150088,0.15,0.3,0.0,128,6,train
8809,metastable_008,metastable,8,97,150088,0.15,0.3,0.0,128,6,train
8810,metastable_008,metastable,8,98,150088,0.15,0.3,0.0,128,6,train
8811,metastable_009,metastable,9,0,150089,0.15,0.3,0.0,128,6,train
8812,metastable_009,metastable,9,1,150089,0.15,0.3,0.0,128,6,train
8813,metastable_009,metastable,9,2,150089,0.15,0.3,0.0,128,6,train
8814,metastable_009,metastable,9,3,150089,0.15,0.3,0.0,128,6,train
8815,metastable_009,metastable,9,4,150089,0.15,0.3,0.0,128,6,train
8816,metastable_009,metastable,9,5,150089,0.15,0.3,0.0,128,6,train
8817,metastable_009,metastable,9,6,150089,0.15,0.3,0.0,128,6,train
8818,metastable_009,metastable,9,7,150089,0.15,0.3,0.0,128,6,train
8819,metastable_009,metastable,9,8,150089,0.15,0.3,0.0,128,6,train
8820,metastable_009,metastable,9,9,150089,0.15,0.3,0.0,128,6,train
8821,metastable_009,metastable,9,10,150089,0.15,0.3,0.0,128,6,train
8822,metastable_009,metastable,9,11,150089,0.15,0.3,0.0,128,6,train
8823,metastable_009,metastable,9,12,150089,0.15,0.3,0.0,128,6,train
8824,metastable_009,metastable,9,13,150089,0.15,0.3,0.0,128,6,train
8825,metastable_009,metastable,9,14,150089,0.15,0.3,0.0,128,6,train
8826,metastable_009,metastable,9,15,150089,0.15,0.3,0.0,128,6,train
8827,metastable_009,metastable,9,16,150089,0.15,0.3,0.0,128,6,train
8828,metastable_009,metastable,9,17,150089,0.15,0.3,0.0,128,6,train
8829,metastable_009,metastable,9,18,150089,0.15,0.3,0.0,128,6,train
8830,metastable_009,metastable,9,19,150089,0.15,0.3,0.0,128,6,train
8831,metastable_009,metastable,9,20,150089,0.15,0.3,0.0,128,6,train
8832,metastable_009,metastable,9,21,150089,0.15,0.3,0.0,128,6,train
8833,metastable_009,metastable,9,22,150089,0.15,0.3,0.0,128,6,train
8834,metastable_009,metastable,9,23,150089,0.15,0.3,0.0,128,6,train
8835,metastable_009,metastable,9,24,150089,0.15,0.3,0.0,128,6,train
8836,metastable_009,metastable,9,25,150089,0.15,0.3,0.0,128,6,train
8837,metastable_009,metastable,9,26,150089,0.15,0.3,0.0,128,6,train
8838,metastable_009,metastable,9,27,150089,0.15,0.3,0.0,128,6,train
8839,metastable_009,metastable,9,28,150089,0.15,0.3,0.0,128,6,train
8840,metastable_009,metastable,9,29,150089,0.15,0.3,0.0,128,6,train
8841,metastable_009,metastable,9,30,150089,0.15,0.3,0.0,128,6,train
8842,metastable_009,metastable,9,31,150089,0.15,0.3,0.0,128,6,train
8843,metastable_009,metastable,9,32,150089,0.15,0.3,0.0,128,6,train
8844,metastable_009,metastable,9,33,150089,0.15,0.3,0.0,128,6,train
8845,metastable_009,metastable,9,34,150089,0.15,0.3,0.0,128,6,train
8846,metastable_009,metastable,9,35,150089,0.15,0.3,0.0,128,6,train
8847,metastable_009,metastable,9,36,150089,0.15,0.3,0.0,128,6,train
8848,metastable_009,metastable,9,37,150089,0.15,0.3,0.0,128,6,train
8849,metastable_009,metastable,9,38,150089,0.15,0.3,0.0,128,6,train
8850,metastable_009,metastable,9,39,150089,0.15,0.3,0.0,128,6,train
8851,metastable_009,metastable,9,40,150089,0.15,0.3,0.0,128,6,train
8852,metastable_009,metastable,9,41,150089,0.15,0.3,0.0,128,6,train
8853,metastable_009,metastable,9,42,150089,0.15,0.3,0.0,128,6,train
8854,metastable_009,metastable,9,43,150089,0.15,0.3,0.0,128,6,train
8855,metastable_009,metastable,9,44,150089,0.15,0.3,0.0,128,6,train
8856,metastable_009,metastable,9,45,150089,0.15,0.3,0.0,128,6,train
8857,metastable_009,metastable,9,46,150089,0.15,0.3,0.0,128,6,train
8858,metastable_009,metastable,9,47,150089,0.15,0.3,0.0,128,6,train
8859,metastable_009,metastable,9,48,150089,0.15,0.3,0.0,128,6,train
8860,metastable_009,metastable,9,49,150089,0.15,0.3,0.0,128,6,train
8861,metastable_009,metastable,9,50,150089,0.15,0.3,0.0,128,6,train
8862,metastable_009,metastable,9,51,150089,0.15,0.3,0.0,128,6,train
8863,metastable_009,metastable,9,52,150089,0.15,0.3,0.0,128,6,train
8864,metastable_009,metastable,9,53,150089,0.15,0.3,0.0,128,6,train
8865,metastable_009,metastable,9,54,150089,0.15,0.3,0.0,128,6,train
8866,metastable_009,metastable,9,55,150089,0.15,0.3,0.0,128,6,train
8867,metastable_009,metastable,9,56,150089,0.15,0.3,0.0,128,6,train
8868,metastable_009,metastable,9,57,150089,0.15,0.3,0.0,128,6,train
8869,metastable_009,metastable,9,58,150089,0.15,0.3,0.0,128,6,train
8870,metastable_009,metastable,9,59,150089,0.15,0.3,0.0,128,6,train
8871,metastable_009,metastable,9,60,150089,0.15,0.3,0.0,128,6,train
8872,metastable_009,metastable,9,61,150089,0.15,0.3,0.0,128,6,train
8873,metastable_009,metastable,9,62,150089,0.15,0.3,0.0,128,6,train
8874,metastable_009,metastable,9,63,150089,0.15,0.3,0.0,128,6,train
8875,metastable_009,metastable,9,64,150089,0.15,0.3,0.0,128,6,train
8876,metastable_009,metastable,9,65,150089,0.15,0.3,0.0,128,6,train
8877,metastable_009,metastable,9,66,150089,0.15,0.3,0.0,128,6,train
8878,metastable_009,metastable,9,67,150089,0.15,0.3,0.0,128,6,train
8879,metastable_009,metastable,9,68,150089,0.15,0.3,0.0,128,6,train
8880,metastable_009,metastable,9,69,150089,0.15,0.3,0.0,128,6,train
8881,metastable_009,metastable,9,70,150089,0.15,0.3,0.0,128,6,train
8882,metastable_009,metastable,9,71,150089,0.15,0.3,0.0,128,6,train
8883,metastable_009,metastable,9,72,150089,0.15,0.3,0.0,128,6,train
8884,metastable_009,metastable,9,73,150089,0.15,0.3,0.0,128,6,train
8885,metastable_009,metastable,9,74,150089,0.15,0.3,0.0,128,6,train
8886,metastable_009,metastable,9,75,150089,0.15,0.3,0.0,128,6,train
8887,metastable_009,metastable,9,76,150089,0.15,0.3,0.0,128,6,train
8888,metastable_009,metastable,9,77,150089,0.15,0.3,0.0,128,6,train
8889,metastable_009,metastable,9,78,150089,0.15,0.3,0.0,128,6,train
8890,metastable_009,metastable,9,79,150089,0.15,0.3,0.0,128,6,train
8891,metastable_009,metastable,9,80,150089,0.15,0.3,0.0,128,6,train
8892,metastable_009,metastable,9,81,150089,0.15,0.3,0.0,128,6,train
8893,metastable_009,metastable,9,82,150089,0.15,0.3,0.0,128,6,train
8894,metastable_009,metastable,9,83,150089,0.15,0.3,0.0,128,6,train
8895,metastable_009,metastable,9,84,150089,0.15,0.3,0.0,128,6,train
8896,metastable_009,metastable,9,85,150089,0.15,0.3,0.0,128,6,train
8897,metastable_009,metastable,9,86,150089,0.15,0.3,0.0,128,6,train
8898,metastable_009,metastable,9,87,150089,0.15,0.3,0.0,128,6,train
8899,metastable_009,metastable,9,88,150089,0.15,0.3,0.0,128,6,train
8900,metastable_009,metastable,9,89,150089,0.15,0.3,0.0,128,6,train
8901,metastable_009,metastable,9,90,150089,0.15,0.3,0.0,128,6,train
8902,metastable_009,metastable,9,91,150089,0.15,0.3,0.0,128,6,train
8903,metastable_009,metastable,9,92,150089,0.15,0.3,0.0,128,6,train
8904,metastable_009,metastable,9,93,150089,0.15,0.3,0.0,128,6,train
8905,metastable_009,metastable,9,94,150089,0.15,0.3,0.0,128,6,train
8906,metastable_009,metastable,9,95,150089,0.15,0.3,0.0,128,6,train
8907,metastable_009,metastable,9,96,150089,0.15,0.3,0.0,128,6,train
8908,metastable_009,metastable,9,97,150089,0.15,0.3,0.0,128,6,train
8909,metastable_009,metastable,9,98,150089,0.15,0.3,0.0,128,6,train
8910,metastable_010,metastable,10,0,150090,0.15,0.3,0.0,128,6,train
8911,metastable_010,metastable,10,1,150090,0.15,0.3,0.0,128,6,train
8912,metastable_010,metastable,10,2,150090,0.15,0.3,0.0,128,6,train
8913,metastable_010,metastable,10,3,150090,0.15,0.3,0.0,128,6,train
8914,metastable_010,metastable,10,4,150090,0.15,0.3,0.0,128,6,train
8915,metastable_010,metastable,10,5,150090,0.15,0.3,0.0,128,6,train
8916,metastable_010,metastable,10,6,150090,0.15,0.3,0.0,128,6,train
8917,metastable_010,metastable,10,7,150090,0.15,0.3,0.0,128,6,train
8918,metastable_010,metastable,10,8,150090,0.15,0.3,0.0,128,6,train
8919,metastable_010,metastable,10,9,150090,0.15,0.3,0.0,128,6,train
8920,metastable_010,metastable,10,10,150090,0.15,0.3,0.0,128,6,train
8921,metastable_010,metastable,10,11,150090,0.15,0.3,0.0,128,6,train
8922,metastable_010,metastable,10,12,150090,0.15,0.3,0.0,128,6,train
8923,metastable_010,metastable,10,13,150090,0.15,0.3,0.0,128,6,train
8924,metastable_010,metastable,10,14,150090,0.15,0.3,0.0,128,6,train
8925,metastable_010,metastable,10,15,150090,0.15,0.3,0.0,128,6,train
8926,metastable_010,metastable,10,16,150090,0.15,0.3,0.0,128,6,train
8927,metastable_010,metastable,10,17,150090,0.15,0.3,0.0,128,6,train
8928,metastable_010,metastable,10,18,150090,0.15,0.3,0.0,128,6,train
8929,metastable_010,metastable,10,19,150090,0.15,0.3,0.0,128,6,train
8930,metastable_010,metastable,10,20,150090,0.15,0.3,0.0,128,6,train
8931,metastable_010,metastable,10,21,150090,0.15,0.3,0.0,128,6,train
8932,metastable_010,metastable,10,22,150090,0.15,0.3,0.0,128,6,train
8933,metastable_010,metastable,10,23,150090,0.15,0.3,0.0,128,6,train
8934,metastable_010,metastable,10,24,150090,0.15,0.3,0.0,128,6,train
8935,metastable_010,metastable,10,25,150090,0.15,0.3,0.0,128,6,train
8936,metastable_010,metastable,10,26,150090,0.15,0.3,0.0,128,6,train
8937,metastable_010,metastable,10,27,150090,0.15,0.3,0.0,128,6,train
8938,metastable_010,metastable,10,28,150090,0.15,0.3,0.0,128,6,train
8939,metastable_010,metastable,10,29,150090,0.15,0.3,0.0,128,6,train
8940,metastable_010,metastable,10,30,150090,0.15,0.3,0.0,128,6,train
8941,metastable_010,metastable,10,31,150090,0.15,0.3,0.0,128,6,train
8942,metastable_010,metastable,10,32,150090,0.15,0.3,0.0,128,6,train
8943,metastable_010,metastable,10,33,150090,0.15,0.3,0.0,128,6,train
8944,metastable_010,metastable,10,34,150090,0.15,0.3,0.0,128,6,train
8945,metastable_010,metastable,10,35,150090,0.15,0.3,0.0,128,6,train
8946,metastable_010,metastable,10,36,150090,0.15,0.3,0.0,128,6,train
8947,metastable_010,metastable,10,37,150090,0.15,0.3,0.0,128,6,train
8948,metastable_010,metastable,10,38,150090,0.15,0.3,0.0,128,6,train
8949,metastable_010,metastable,10,39,150090,0.15,0.3,0.0,128,6,train
8950,metastable_010,metastable,10,40,150090,0.15,0.3,0.0,128,6,train
8951,metastable_010,metastable,10,41,150090,0.15,0.3,0.0,128,6,train
8952,metastable_010,metastable,10,42,150090,0.15,0.3,0.0,128,6,train
8953,metastable_010,metastable,10,43,150090,0.15,0.3,0.0,128,6,train
8954,metastable_010,metastable,10,44,150090,0.15,0.3,0.0,128,6,train
8955,metastable_010,metastable,10,45,150090,0.15,0.3,0.0,128,6,train
8956,metastable_010,metastable,10,46,150090,0.15,0.3,0.0,128,6,train
8957,metastable_010,metastable,10,47,150090,0.15,0.3,0.0,128,6,train
8958,metastable_010,metastable,10,48,150090,0.15,0.3,0.0,128,6,train
8959,metastable_010,metastable,10,49,150090,0.15,0.3,0.0,128,6,train
8960,metastable_010,metastable,10,50,150090,0.15,0.3,0.0,128,6,train
8961,metastable_010,metastable,10,51,150090,0.15,0.3,0.0,128,6,train
8962,metastable_010,metastable,10,52,150090,0.15,0.3,0.0,128,6,train
8963,metastable_010,metastable,10,53,150090,0.15,0.3,0.0,128,6,train
8964,metastable_010,metastable,10,54,150090,0.15,0.3,0.0,128,6,train
8965,metastable_010,metastable,10,55,150090,0.15,0.3,0.0,128,6,train
8966,metastable_010,metastable,10,56,150090,0.15,0.3,0.0,128,6,train
8967,metastable_010,metastable,10,57,150090,0.15,0.3,0.0,128,6,train
8968,metastable_010,metastable,10,58,150090,0.15,0.3,0.0,128,6,train
8969,metastable_010,metastable,10,59,150090,0.15,0.3,0.0,128,6,train
8970,metastable_010,metastable,10,60,150090,0.15,0.3,0.0,128,6,train
8971,metastable_010,metastable,10,61,150090,0.15,0.3,0.0,128,6,train
8972,metastable_010,metastable,10,62,150090,0.15,0.3,0.0,128,6,train
8973,metastable_010,metastable,10,63,150090,0.15,0.3,0.0,128,6,train
8974,metastable_010,metastable,10,64,150090,0.15,0.3,0.0,128,6,train
8975,metastable_010,metastable,10,65,150090,0.15,0.3,0.0,128,6,train
8976,metastable_010,metastable,10,66,150090,0.15,0.3,0.0,128,6,train
8977,metastable_010,metastable,10,67,150090,0.15,0.3,0.0,128,6,train
8978,metastable_010,metastable,10,68,150090,0.15,0.3,0.0,128,6,train
8979,metastable_010,metastable,10,69,150090,0.15,0.3,0.0,128,6,train
8980,metastable_010,metastable,10,70,150090,0.15,0.3,0.0,128,6,train
8981,metastable_010,metastable,10,71,150090,0.15,0.3,0.0,128,6,train
8982,metastable_010,metastable,10,72,150090,0.15,0.3,0.0,128,6,train
8983,metastable_010,metastable,10,73,150090,0.15,0.3,0.0,128,6,train
8984,metastable_010,metastable,10,74,150090,0.15,0.3,0.0,128,6,train
8985,metastable_010,metastable,10,75,150090,0.15,0.3,0.0,128,6,train
8986,metastable_010,metastable,10,76,150090,0.15,0.3,0.0,128,6,train
8987,metastable_010,metastable,10,77,150090,0.15,0.3,0.0,128,6,train
8988,metastable_010,metastable,10,78,150090,0.15,0.3,0.0,128,6,train
8989,metastable_010,metastable,10,79,150090,0.15,0.3,0.0,128,6,train
8990,metastable_010,metastable,10,80,150090,0.15,0.3,0.0,128,6,train
8991,metastable_010,metastable,10,81,150090,0.15,0.3,0.0,128,6,train
8992,metastable_010,metastable,10,82,150090,0.15,0.3,0.0,128,6,train
8993,metastable_010,metastable,10,83,150090,0.15,0.3,0.0,128,6,train
8994,metastable_010,metastable,10,84,150090,0.15,0.3,0.0,128,6,train
8995,metastable_010,metastable,10,85,150090,0.15,0.3,0.0,128,6,train
8996,metastable_010,metastable,10,86,150090,0.15,0.3,0.0,128,6,train
8997,metastable_010,metastable,10,87,150090,0.15,0.3,0.0,128,6,train
8998,metastable_010,metastable,10,88,150090,0.15,0.3,0.0,128,6,train
8999,metastable_010,metastable,10,89,150090,0.15,0.3,0.0,128,6,train
9000,metastable_010,metastable,10,90,150090,0.15,0.3,0.0,128,6,train
9001,metastable_010,metastable,10,91,150090,0.15,0.3,0.0,128,6,train
9002,metastable_010,metastable,10,92,150090,0.15,0.3,0.0,128,6,train
9003,metastable_010,metastable,10,93,150090,0.15,0.3,0.0,128,6,train
9004,metastable_010,metastable,10,94,150090,0.15,0.3,0.0,128,6,train
9005,metastable_010,metastable,10,95,150090,0.15,0.3,0.0,128,6,train
9006,metastable_010,metastable,10,96,150090,0.15,0.3,0.0,128,6,train
9007,metastable_010,metastable,10,97,150090,0.15,0.3,0.0,128,6,train
9008,metastable_010,metastable,10,98,150090,0.15,0.3,0.0,128,6,train
9009,metastable_011,metastable,11,0,150091,0.15,0.3,0.0,128,6,validation
9010,metastable_011,metastable,11,1,150091,0.15,0.3,0.0,128,6,validation
9011,metastable_011,metastable,11,2,150091,0.15,0.3,0.0,128,6,validation
9012,metastable_011,metastable,11,3,150091,0.15,0.3,0.0,128,6,validation
9013,metastable_011,metastable,11,4,150091,0.15,0.3,0.0,128,6,validation
9014,metastable_011,metastable,11,5,150091,0.15,0.3,0.0,128,6,validation
9015,metastable_011,metastable,11,6,150091,0.15,0.3,0.0,128,6,validation
9016,metastable_011,metastable,11,7,150091,0.15,0.3,0.0,128,6,validation
9017,metastable_011,metastable,11,8,150091,0.15,0.3,0.0,128,6,validation
9018,metastable_011,metastable,11,9,150091,0.15,0.3,0.0,128,6,validation
9019,metastable_011,metastable,11,10,150091,0.15,0.3,0.0,128,6,validation
9020,metastable_011,metastable,11,11,150091,0.15,0.3,0.0,128,6,validation
9021,metastable_011,metastable,11,12,150091,0.15,0.3,0.0,128,6,validation
9022,metastable_011,metastable,11,13,150091,0.15,0.3,0.0,128,6,validation
9023,metastable_011,metastable,11,14,150091,0.15,0.3,0.0,128,6,validation
9024,metastable_011,metastable,11,15,150091,0.15,0.3,0.0,128,6,validation
9025,metastable_011,metastable,11,16,150091,0.15,0.3,0.0,128,6,validation
9026,metastable_011,metastable,11,17,150091,0.15,0.3,0.0,128,6,validation
9027,metastable_011,metastable,11,18,150091,0.15,0.3,0.0,128,6,validation
9028,metastable_011,metastable,11,19,150091,0.15,0.3,0.0,128,6,validation
9029,metastable_011,metastable,11,20,150091,0.15,0.3,0.0,128,6,validation
9030,metastable_011,metastable,11,21,150091,0.15,0.3,0.0,128,6,validation
9031,metastable_011,metastable,11,22,150091,0.15,0.3,0.0,128,6,validation
9032,metastable_011,metastable,11,23,150091,0.15,0.3,0.0,128,6,validation
9033,metastable_011,metastable,11,24,150091,0.15,0.3,0.0,128,6,validation
9034,metastable_011,metastable,11,25,150091,0.15,0.3,0.0,128,6,validation
9035,metastable_011,metastable,11,26,150091,0.15,0.3,0.0,128,6,validation
9036,metastable_011,metastable,11,27,150091,0.15,0.3,0.0,128,6,validation
9037,metastable_011,metastable,11,28,150091,0.15,0.3,0.0,128,6,validation
9038,metastable_011,metastable,11,29,150091,0.15,0.3,0.0,128,6,validation
9039,metastable_011,metastable,11,30,150091,0.15,0.3,0.0,128,6,validation
9040,metastable_011,metastable,11,31,150091,0.15,0.3,0.0,128,6,validation
9041,metastable_011,metastable,11,32,150091,0.15,0.3,0.0,128,6,validation
9042,metastable_011,metastable,11,33,150091,0.15,0.3,0.0,128,6,validation
9043,metastable_011,metastable,11,34,150091,0.15,0.3,0.0,128,6,validation
9044,metastable_011,metastable,11,35,150091,0.15,0.3,0.0,128,6,validation
9045,metastable_011,metastable,11,36,150091,0.15,0.3,0.0,128,6,validation
9046,metastable_011,metastable,11,37,150091,0.15,0.3,0.0,128,6,validation
9047,metastable_011,metastable,11,38,150091,0.15,0.3,0.0,128,6,validation
9048,metastable_011,metastable,11,39,150091,0.15,0.3,0.0,128,6,validation
9049,metastable_011,metastable,11,40,150091,0.15,0.3,0.0,128,6,validation
9050,metastable_011,metastable,11,41,150091,0.15,0.3,0.0,128,6,validation
9051,metastable_011,metastable,11,42,150091,0.15,0.3,0.0,128,6,validation
9052,metastable_011,metastable,11,43,150091,0.15,0.3,0.0,128,6,validation
9053,metastable_011,metastable,11,44,150091,0.15,0.3,0.0,128,6,validation
9054,metastable_011,metastable,11,45,150091,0.15,0.3,0.0,128,6,validation
9055,metastable_011,metastable,11,46,150091,0.15,0.3,0.0,128,6,validation
9056,metastable_011,metastable,11,47,150091,0.15,0.3,0.0,128,6,validation
9057,metastable_011,metastable,11,48,150091,0.15,0.3,0.0,128,6,validation
9058,metastable_011,metastable,11,49,150091,0.15,0.3,0.0,128,6,validation
9059,metastable_011,metastable,11,50,150091,0.15,0.3,0.0,128,6,validation
9060,metastable_011,metastable,11,51,150091,0.15,0.3,0.0,128,6,validation
9061,metastable_011,metastable,11,52,150091,0.15,0.3,0.0,128,6,validation
9062,metastable_011,metastable,11,53,150091,0.15,0.3,0.0,128,6,validation
9063,metastable_011,metastable,11,54,150091,0.15,0.3,0.0,128,6,validation
9064,metastable_011,metastable,11,55,150091,0.15,0.3,0.0,128,6,validation
9065,metastable_011,metastable,11,56,150091,0.15,0.3,0.0,128,6,validation
9066,metastable_011,metastable,11,57,150091,0.15,0.3,0.0,128,6,validation
9067,metastable_011,metastable,11,58,150091,0.15,0.3,0.0,128,6,validation
9068,metastable_011,metastable,11,59,150091,0.15,0.3,0.0,128,6,validation
9069,metastable_011,metastable,11,60,150091,0.15,0.3,0.0,128,6,validation
9070,metastable_011,metastable,11,61,150091,0.15,0.3,0.0,128,6,validation
9071,metastable_011,metastable,11,62,150091,0.15,0.3,0.0,128,6,validation
9072,metastable_011,metastable,11,63,150091,0.15,0.3,0.0,128,6,validation
9073,metastable_011,metastable,11,64,150091,0.15,0.3,0.0,128,6,validation
9074,metastable_011,metastable,11,65,150091,0.15,0.3,0.0,128,6,validation
9075,metastable_011,metastable,11,66,150091,0.15,0.3,0.0,128,6,validation
9076,metastable_011,metastable,11,67,150091,0.15,0.3,0.0,128,6,validation
9077,metastable_011,metastable,11,68,150091,0.15,0.3,0.0,128,6,validation
9078,metastable_011,metastable,11,69,150091,0.15,0.3,0.0,128,6,validation
9079,metastable_011,metastable,11,70,150091,0.15,0.3,0.0,128,6,validation
9080,metastable_011,metastable,11,71,150091,0.15,0.3,0.0,128,6,validation
9081,metastable_011,metastable,11,72,150091,0.15,0.3,0.0,128,6,validation
9082,metastable_011,metastable,11,73,150091,0.15,0.3,0.0,128,6,validation
9083,metastable_011,metastable,11,74,150091,0.15,0.3,0.0,128,6,validation
9084,metastable_011,metastable,11,75,150091,0.15,0.3,0.0,128,6,validation
9085,metastable_011,metastable,11,76,150091,0.15,0.3,0.0,128,6,validation
9086,metastable_011,metastable,11,77,150091,0.15,0.3,0.0,128,6,validation
9087,metastable_011,metastable,11,78,150091,0.15,0.3,0.0,128,6,validation
9088,metastable_011,metastable,11,79,150091,0.15,0.3,0.0,128,6,validation
9089,metastable_011,metastable,11,80,150091,0.15,0.3,0.0,128,6,validation
9090,metastable_011,metastable,11,81,150091,0.15,0.3,0.0,128,6,validation
9091,metastable_011,metastable,11,82,150091,0.15,0.3,0.0,128,6,validation
9092,metastable_011,metastable,11,83,150091,0.15,0.3,0.0,128,6,validation
9093,metastable_011,metastable,11,84,150091,0.15,0.3,0.0,128,6,validation
9094,metastable_011,metastable,11,85,150091,0.15,0.3,0.0,128,6,validation
9095,metastable_011,metastable,11,86,150091,0.15,0.3,0.0,128,6,validation
9096,metastable_011,metastable,11,87,150091,0.15,0.3,0.0,128,6,validation
9097,metastable_011,metastable,11,88,150091,0.15,0.3,0.0,128,6,validation
9098,metastable_011,metastable,11,89,150091,0.15,0.3,0.0,128,6,validation
9099,metastable_011,metastable,11,90,150091,0.15,0.3,0.0,128,6,validation
9100,metastable_011,metastable,11,91,150091,0.15,0.3,0.0,128,6,validation
9101,metastable_011,metastable,11,92,150091,0.15,0.3,0.0,128,6,validation
9102,metastable_011,metastable,11,93,150091,0.15,0.3,0.0,128,6,validation
9103,metastable_011,metastable,11,94,150091,0.15,0.3,0.0,128,6,validation
9104,metastable_011,metastable,11,95,150091,0.15,0.3,0.0,128,6,validation
9105,metastable_011,metastable,11,96,150091,0.15,0.3,0.0,128,6,validation
9106,metastable_011,metastable,11,97,150091,0.15,0.3,0.0,128,6,validation
9107,metastable_011,metastable,11,98,150091,0.15,0.3,0.0,128,6,validation
9108,metastable_012,metastable,12,0,150092,0.15,0.3,0.0,128,6,train
9109,metastable_012,metastable,12,1,150092,0.15,0.3,0.0,128,6,train
9110,metastable_012,metastable,12,2,150092,0.15,0.3,0.0,128,6,train
9111,metastable_012,metastable,12,3,150092,0.15,0.3,0.0,128,6,train
9112,metastable_012,metastable,12,4,150092,0.15,0.3,0.0,128,6,train
9113,metastable_012,metastable,12,5,150092,0.15,0.3,0.0,128,6,train
9114,metastable_012,metastable,12,6,150092,0.15,0.3,0.0,128,6,train
9115,metastable_012,metastable,12,7,150092,0.15,0.3,0.0,128,6,train
9116,metastable_012,metastable,12,8,150092,0.15,0.3,0.0,128,6,train
9117,metastable_012,metastable,12,9,150092,0.15,0.3,0.0,128,6,train
9118,metastable_012,metastable,12,10,150092,0.15,0.3,0.0,128,6,train
9119,metastable_012,metastable,12,11,150092,0.15,0.3,0.0,128,6,train
9120,metastable_012,metastable,12,12,150092,0.15,0.3,0.0,128,6,train
9121,metastable_012,metastable,12,13,150092,0.15,0.3,0.0,128,6,train
9122,metastable_012,metastable,12,14,150092,0.15,0.3,0.0,128,6,train
9123,metastable_012,metastable,12,15,150092,0.15,0.3,0.0,128,6,train
9124,metastable_012,metastable,12,16,150092,0.15,0.3,0.0,128,6,train
9125,metastable_012,metastable,12,17,150092,0.15,0.3,0.0,128,6,train
9126,metastable_012,metastable,12,18,150092,0.15,0.3,0.0,128,6,train
9127,metastable_012,metastable,12,19,150092,0.15,0.3,0.0,128,6,train
9128,metastable_012,metastable,12,20,150092,0.15,0.3,0.0,128,6,train
9129,metastable_012,metastable,12,21,150092,0.15,0.3,0.0,128,6,train
9130,metastable_012,metastable,12,22,150092,0.15,0.3,0.0,128,6,train
9131,metastable_012,metastable,12,23,150092,0.15,0.3,0.0,128,6,train
9132,metastable_012,metastable,12,24,150092,0.15,0.3,0.0,128,6,train
9133,metastable_012,metastable,12,25,150092,0.15,0.3,0.0,128,6,train
9134,metastable_012,metastable,12,26,150092,0.15,0.3,0.0,128,6,train
9135,metastable_012,metastable,12,27,150092,0.15,0.3,0.0,128,6,train
9136,metastable_012,metastable,12,28,150092,0.15,0.3,0.0,128,6,train
9137,metastable_012,metastable,12,29,150092,0.15,0.3,0.0,128,6,train
9138,metastable_012,metastable,12,30,150092,0.15,0.3,0.0,128,6,train
9139,metastable_012,metastable,12,31,150092,0.15,0.3,0.0,128,6,train
9140,metastable_012,metastable,12,32,150092,0.15,0.3,0.0,128,6,train
9141,metastable_012,metastable,12,33,150092,0.15,0.3,0.0,128,6,train
9142,metastable_012,metastable,12,34,150092,0.15,0.3,0.0,128,6,train
9143,metastable_012,metastable,12,35,150092,0.15,0.3,0.0,128,6,train
9144,metastable_012,metastable,12,36,150092,0.15,0.3,0.0,128,6,train
9145,metastable_012,metastable,12,37,150092,0.15,0.3,0.0,128,6,train
9146,metastable_012,metastable,12,38,150092,0.15,0.3,0.0,128,6,train
9147,metastable_012,metastable,12,39,150092,0.15,0.3,0.0,128,6,train
9148,metastable_012,metastable,12,40,150092,0.15,0.3,0.0,128,6,train
9149,metastable_012,metastable,12,41,150092,0.15,0.3,0.0,128,6,train
9150,metastable_012,metastable,12,42,150092,0.15,0.3,0.0,128,6,train
9151,metastable_012,metastable,12,43,150092,0.15,0.3,0.0,128,6,train
9152,metastable_012,metastable,12,44,150092,0.15,0.3,0.0,128,6,train
9153,metastable_012,metastable,12,45,150092,0.15,0.3,0.0,128,6,train
9154,metastable_012,metastable,12,46,150092,0.15,0.3,0.0,128,6,train
9155,metastable_012,metastable,12,47,150092,0.15,0.3,0.0,128,6,train
9156,metastable_012,metastable,12,48,150092,0.15,0.3,0.0,128,6,train
9157,metastable_012,metastable,12,49,150092,0.15,0.3,0.0,128,6,train
9158,metastable_012,metastable,12,50,150092,0.15,0.3,0.0,128,6,train
9159,metastable_012,metastable,12,51,150092,0.15,0.3,0.0,128,6,train
9160,metastable_012,metastable,12,52,150092,0.15,0.3,0.0,128,6,train
9161,metastable_012,metastable,12,53,150092,0.15,0.3,0.0,128,6,train
9162,metastable_012,metastable,12,54,150092,0.15,0.3,0.0,128,6,train
9163,metastable_012,metastable,12,55,150092,0.15,0.3,0.0,128,6,train
9164,metastable_012,metastable,12,56,150092,0.15,0.3,0.0,128,6,train
9165,metastable_012,metastable,12,57,150092,0.15,0.3,0.0,128,6,train
9166,metastable_012,metastable,12,58,150092,0.15,0.3,0.0,128,6,train
9167,metastable_012,metastable,12,59,150092,0.15,0.3,0.0,128,6,train
9168,metastable_012,metastable,12,60,150092,0.15,0.3,0.0,128,6,train
9169,metastable_012,metastable,12,61,150092,0.15,0.3,0.0,128,6,train
9170,metastable_012,metastable,12,62,150092,0.15,0.3,0.0,128,6,train
9171,metastable_012,metastable,12,63,150092,0.15,0.3,0.0,128,6,train
9172,metastable_012,metastable,12,64,150092,0.15,0.3,0.0,128,6,train
9173,metastable_012,metastable,12,65,150092,0.15,0.3,0.0,128,6,train
9174,metastable_012,metastable,12,66,150092,0.15,0.3,0.0,128,6,train
9175,metastable_012,metastable,12,67,150092,0.15,0.3,0.0,128,6,train
9176,metastable_012,metastable,12,68,150092,0.15,0.3,0.0,128,6,train
9177,metastable_012,metastable,12,69,150092,0.15,0.3,0.0,128,6,train
9178,metastable_012,metastable,12,70,150092,0.15,0.3,0.0,128,6,train
9179,metastable_012,metastable,12,71,150092,0.15,0.3,0.0,128,6,train
9180,metastable_012,metastable,12,72,150092,0.15,0.3,0.0,128,6,train
9181,metastable_012,metastable,12,73,150092,0.15,0.3,0.0,128,6,train
9182,metastable_012,metastable,12,74,150092,0.15,0.3,0.0,128,6,train
9183,metastable_012,metastable,12,75,150092,0.15,0.3,0.0,128,6,train
9184,metastable_012,metastable,12,76,150092,0.15,0.3,0.0,128,6,train
9185,metastable_012,metastable,12,77,150092,0.15,0.3,0.0,128,6,train
9186,metastable_012,metastable,12,78,150092,0.15,0.3,0.0,128,6,train
9187,metastable_012,metastable,12,79,150092,0.15,0.3,0.0,128,6,train
9188,metastable_012,metastable,12,80,150092,0.15,0.3,0.0,128,6,train
9189,metastable_012,metastable,12,81,150092,0.15,0.3,0.0,128,6,train
9190,metastable_012,metastable,12,82,150092,0.15,0.3,0.0,128,6,train
9191,metastable_012,metastable,12,83,150092,0.15,0.3,0.0,128,6,train
9192,metastable_012,metastable,12,84,150092,0.15,0.3,0.0,128,6,train
9193,metastable_012,metastable,12,85,150092,0.15,0.3,0.0,128,6,train
9194,metastable_012,metastable,12,86,150092,0.15,0.3,0.0,128,6,train
9195,metastable_012,metastable,12,87,150092,0.15,0.3,0.0,128,6,train
9196,metastable_012,metastable,12,88,150092,0.15,0.3,0.0,128,6,train
9197,metastable_012,metastable,12,89,150092,0.15,0.3,0.0,128,6,train
9198,metastable_012,metastable,12,90,150092,0.15,0.3,0.0,128,6,train
9199,metastable_012,metastable,12,91,150092,0.15,0.3,0.0,128,6,train
9200,metastable_012,metastable,12,92,150092,0.15,0.3,0.0,128,6,train
9201,metastable_012,metastable,12,93,150092,0.15,0.3,0.0,128,6,train
9202,metastable_012,metastable,12,94,150092,0.15,0.3,0.0,128,6,train
9203,metastable_012,metastable,12,95,150092,0.15,0.3,0.0,128,6,train
9204,metastable_012,metastable,12,96,150092,0.15,0.3,0.0,128,6,train
9205,metastable_012,metastable,12,97,150092,0.15,0.3,0.0,128,6,train
9206,metastable_012,metastable,12,98,150092,0.15,0.3,0.0,128,6,train
9207,metastable_013,metastable,13,0,150093,0.15,0.3,0.0,128,6,train
9208,metastable_013,metastable,13,1,150093,0.15,0.3,0.0,128,6,train
9209,metastable_013,metastable,13,2,150093,0.15,0.3,0.0,128,6,train
9210,metastable_013,metastable,13,3,150093,0.15,0.3,0.0,128,6,train
9211,metastable_013,metastable,13,4,150093,0.15,0.3,0.0,128,6,train
9212,metastable_013,metastable,13,5,150093,0.15,0.3,0.0,128,6,train
9213,metastable_013,metastable,13,6,150093,0.15,0.3,0.0,128,6,train
9214,metastable_013,metastable,13,7,150093,0.15,0.3,0.0,128,6,train
9215,metastable_013,metastable,13,8,150093,0.15,0.3,0.0,128,6,train
9216,metastable_013,metastable,13,9,150093,0.15,0.3,0.0,128,6,train
9217,metastable_013,metastable,13,10,150093,0.15,0.3,0.0,128,6,train
9218,metastable_013,metastable,13,11,150093,0.15,0.3,0.0,128,6,train
9219,metastable_013,metastable,13,12,150093,0.15,0.3,0.0,128,6,train
9220,metastable_013,metastable,13,13,150093,0.15,0.3,0.0,128,6,train
9221,metastable_013,metastable,13,14,150093,0.15,0.3,0.0,128,6,train
9222,metastable_013,metastable,13,15,150093,0.15,0.3,0.0,128,6,train
9223,metastable_013,metastable,13,16,150093,0.15,0.3,0.0,128,6,train
9224,metastable_013,metastable,13,17,150093,0.15,0.3,0.0,128,6,train
9225,metastable_013,metastable,13,18,150093,0.15,0.3,0.0,128,6,train
9226,metastable_013,metastable,13,19,150093,0.15,0.3,0.0,128,6,train
9227,metastable_013,metastable,13,20,150093,0.15,0.3,0.0,128,6,train
9228,metastable_013,metastable,13,21,150093,0.15,0.3,0.0,128,6,train
9229,metastable_013,metastable,13,22,150093,0.15,0.3,0.0,128,6,train
9230,metastable_013,metastable,13,23,150093,0.15,0.3,0.0,128,6,train
9231,metastable_013,metastable,13,24,150093,0.15,0.3,0.0,128,6,train
9232,metastable_013,metastable,13,25,150093,0.15,0.3,0.0,128,6,train
9233,metastable_013,metastable,13,26,150093,0.15,0.3,0.0,128,6,train
9234,metastable_013,metastable,13,27,150093,0.15,0.3,0.0,128,6,train
9235,metastable_013,metastable,13,28,150093,0.15,0.3,0.0,128,6,train
9236,metastable_013,metastable,13,29,150093,0.15,0.3,0.0,128,6,train
9237,metastable_013,metastable,13,30,150093,0.15,0.3,0.0,128,6,train
9238,metastable_013,metastable,13,31,150093,0.15,0.3,0.0,128,6,train
9239,metastable_013,metastable,13,32,150093,0.15,0.3,0.0,128,6,train
9240,metastable_013,metastable,13,33,150093,0.15,0.3,0.0,128,6,train
9241,metastable_013,metastable,13,34,150093,0.15,0.3,0.0,128,6,train
9242,metastable_013,metastable,13,35,150093,0.15,0.3,0.0,128,6,train
9243,metastable_013,metastable,13,36,150093,0.15,0.3,0.0,128,6,train
9244,metastable_013,metastable,13,37,150093,0.15,0.3,0.0,128,6,train
9245,metastable_013,metastable,13,38,150093,0.15,0.3,0.0,128,6,train
9246,metastable_013,metastable,13,39,150093,0.15,0.3,0.0,128,6,train
9247,metastable_013,metastable,13,40,150093,0.15,0.3,0.0,128,6,train
9248,metastable_013,metastable,13,41,150093,0.15,0.3,0.0,128,6,train
9249,metastable_013,metastable,13,42,150093,0.15,0.3,0.0,128,6,train
9250,metastable_013,metastable,13,43,150093,0.15,0.3,0.0,128,6,train
9251,metastable_013,metastable,13,44,150093,0.15,0.3,0.0,128,6,train
9252,metastable_013,metastable,13,45,150093,0.15,0.3,0.0,128,6,train
9253,metastable_013,metastable,13,46,150093,0.15,0.3,0.0,128,6,train
9254,metastable_013,metastable,13,47,150093,0.15,0.3,0.0,128,6,train
9255,metastable_013,metastable,13,48,150093,0.15,0.3,0.0,128,6,train
9256,metastable_013,metastable,13,49,150093,0.15,0.3,0.0,128,6,train
9257,metastable_013,metastable,13,50,150093,0.15,0.3,0.0,128,6,train
9258,metastable_013,metastable,13,51,150093,0.15,0.3,0.0,128,6,train
9259,metastable_013,metastable,13,52,150093,0.15,0.3,0.0,128,6,train
9260,metastable_013,metastable,13,53,150093,0.15,0.3,0.0,128,6,train
9261,metastable_013,metastable,13,54,150093,0.15,0.3,0.0,128,6,train
9262,metastable_013,metastable,13,55,150093,0.15,0.3,0.0,128,6,train
9263,metastable_013,metastable,13,56,150093,0.15,0.3,0.0,128,6,train
9264,metastable_013,metastable,13,57,150093,0.15,0.3,0.0,128,6,train
9265,metastable_013,metastable,13,58,150093,0.15,0.3,0.0,128,6,train
9266,metastable_013,metastable,13,59,150093,0.15,0.3,0.0,128,6,train
9267,metastable_013,metastable,13,60,150093,0.15,0.3,0.0,128,6,train
9268,metastable_013,metastable,13,61,150093,0.15,0.3,0.0,128,6,train
9269,metastable_013,metastable,13,62,150093,0.15,0.3,0.0,128,6,train
9270,metastable_013,metastable,13,63,150093,0.15,0.3,0.0,128,6,train
9271,metastable_013,metastable,13,64,150093,0.15,0.3,0.0,128,6,train
9272,metastable_013,metastable,13,65,150093,0.15,0.3,0.0,128,6,train
9273,metastable_013,metastable,13,66,150093,0.15,0.3,0.0,128,6,train
9274,metastable_013,metastable,13,67,150093,0.15,0.3,0.0,128,6,train
9275,metastable_013,metastable,13,68,150093,0.15,0.3,0.0,128,6,train
9276,metastable_013,metastable,13,69,150093,0.15,0.3,0.0,128,6,train
9277,metastable_013,metastable,13,70,150093,0.15,0.3,0.0,128,6,train
9278,metastable_013,metastable,13,71,150093,0.15,0.3,0.0,128,6,train
9279,metastable_013,metastable,13,72,150093,0.15,0.3,0.0,128,6,train
9280,metastable_013,metastable,13,73,150093,0.15,0.3,0.0,128,6,train
9281,metastable_013,metastable,13,74,150093,0.15,0.3,0.0,128,6,train
9282,metastable_013,metastable,13,75,150093,0.15,0.3,0.0,128,6,train
9283,metastable_013,metastable,13,76,150093,0.15,0.3,0.0,128,6,train
9284,metastable_013,metastable,13,77,150093,0.15,0.3,0.0,128,6,train
9285,metastable_013,metastable,13,78,150093,0.15,0.3,0.0,128,6,train
9286,metastable_013,metastable,13,79,150093,0.15,0.3,0.0,128,6,train
9287,metastable_013,metastable,13,80,150093,0.15,0.3,0.0,128,6,train
9288,metastable_013,metastable,13,81,150093,0.15,0.3,0.0,128,6,train
9289,metastable_013,metastable,13,82,150093,0.15,0.3,0.0,128,6,train
9290,metastable_013,metastable,13,83,150093,0.15,0.3,0.0,128,6,train
9291,metastable_013,metastable,13,84,150093,0.15,0.3,0.0,128,6,train
9292,metastable_013,metastable,13,85,150093,0.15,0.3,0.0,128,6,train
9293,metastable_013,metastable,13,86,150093,0.15,0.3,0.0,128,6,train
9294,metastable_013,metastable,13,87,150093,0.15,0.3,0.0,128,6,train
9295,metastable_013,metastable,13,88,150093,0.15,0.3,0.0,128,6,train
9296,metastable_013,metastable,13,89,150093,0.15,0.3,0.0,128,6,train
9297,metastable_013,metastable,13,90,150093,0.15,0.3,0.0,128,6,train
9298,metastable_013,metastable,13,91,150093,0.15,0.3,0.0,128,6,train
9299,metastable_013,metastable,13,92,150093,0.15,0.3,0.0,128,6,train
9300,metastable_013,metastable,13,93,150093,0.15,0.3,0.0,128,6,train
9301,metastable_013,metastable,13,94,150093,0.15,0.3,0.0,128,6,train
9302,metastable_013,metastable,13,95,150093,0.15,0.3,0.0,128,6,train
9303,metastable_013,metastable,13,96,150093,0.15,0.3,0.0,128,6,train
9304,metastable_013,metastable,13,97,150093,0.15,0.3,0.0,128,6,train
9305,metastable_013,metastable,13,98,150093,0.15,0.3,0.0,128,6,train
9306,metastable_014,metastable,14,0,150094,0.15,0.3,0.0,128,6,test
9307,metastable_014,metastable,14,1,150094,0.15,0.3,0.0,128,6,test
9308,metastable_014,metastable,14,2,150094,0.15,0.3,0.0,128,6,test
9309,metastable_014,metastable,14,3,150094,0.15,0.3,0.0,128,6,test
9310,metastable_014,metastable,14,4,150094,0.15,0.3,0.0,128,6,test
9311,metastable_014,metastable,14,5,150094,0.15,0.3,0.0,128,6,test
9312,metastable_014,metastable,14,6,150094,0.15,0.3,0.0,128,6,test
9313,metastable_014,metastable,14,7,150094,0.15,0.3,0.0,128,6,test
9314,metastable_014,metastable,14,8,150094,0.15,0.3,0.0,128,6,test
9315,metastable_014,metastable,14,9,150094,0.15,0.3,0.0,128,6,test
9316,metastable_014,metastable,14,10,150094,0.15,0.3,0.0,128,6,test
9317,metastable_014,metastable,14,11,150094,0.15,0.3,0.0,128,6,test
9318,metastable_014,metastable,14,12,150094,0.15,0.3,0.0,128,6,test
9319,metastable_014,metastable,14,13,150094,0.15,0.3,0.0,128,6,test
9320,metastable_014,metastable,14,14,150094,0.15,0.3,0.0,128,6,test
9321,metastable_014,metastable,14,15,150094,0.15,0.3,0.0,128,6,test
9322,metastable_014,metastable,14,16,150094,0.15,0.3,0.0,128,6,test
9323,metastable_014,metastable,14,17,150094,0.15,0.3,0.0,128,6,test
9324,metastable_014,metastable,14,18,150094,0.15,0.3,0.0,128,6,test
9325,metastable_014,metastable,14,19,150094,0.15,0.3,0.0,128,6,test
9326,metastable_014,metastable,14,20,150094,0.15,0.3,0.0,128,6,test
9327,metastable_014,metastable,14,21,150094,0.15,0.3,0.0,128,6,test
9328,metastable_014,metastable,14,22,150094,0.15,0.3,0.0,128,6,test
9329,metastable_014,metastable,14,23,150094,0.15,0.3,0.0,128,6,test
9330,metastable_014,metastable,14,24,150094,0.15,0.3,0.0,128,6,test
9331,metastable_014,metastable,14,25,150094,0.15,0.3,0.0,128,6,test
9332,metastable_014,metastable,14,26,150094,0.15,0.3,0.0,128,6,test
9333,metastable_014,metastable,14,27,150094,0.15,0.3,0.0,128,6,test
9334,metastable_014,metastable,14,28,150094,0.15,0.3,0.0,128,6,test
9335,metastable_014,metastable,14,29,150094,0.15,0.3,0.0,128,6,test
9336,metastable_014,metastable,14,30,150094,0.15,0.3,0.0,128,6,test
9337,metastable_014,metastable,14,31,150094,0.15,0.3,0.0,128,6,test
9338,metastable_014,metastable,14,32,150094,0.15,0.3,0.0,128,6,test
9339,metastable_014,metastable,14,33,150094,0.15,0.3,0.0,128,6,test
9340,metastable_014,metastable,14,34,150094,0.15,0.3,0.0,128,6,test
9341,metastable_014,metastable,14,35,150094,0.15,0.3,0.0,128,6,test
9342,metastable_014,metastable,14,36,150094,0.15,0.3,0.0,128,6,test
9343,metastable_014,metastable,14,37,150094,0.15,0.3,0.0,128,6,test
9344,metastable_014,metastable,14,38,150094,0.15,0.3,0.0,128,6,test
9345,metastable_014,metastable,14,39,150094,0.15,0.3,0.0,128,6,test
9346,metastable_014,metastable,14,40,150094,0.15,0.3,0.0,128,6,test
9347,metastable_014,metastable,14,41,150094,0.15,0.3,0.0,128,6,test
9348,metastable_014,metastable,14,42,150094,0.15,0.3,0.0,128,6,test
9349,metastable_014,metastable,14,43,150094,0.15,0.3,0.0,128,6,test
9350,metastable_014,metastable,14,44,150094,0.15,0.3,0.0,128,6,test
9351,metastable_014,metastable,14,45,150094,0.15,0.3,0.0,128,6,test
9352,metastable_014,metastable,14,46,150094,0.15,0.3,0.0,128,6,test
9353,metastable_014,metastable,14,47,150094,0.15,0.3,0.0,128,6,test
9354,metastable_014,metastable,14,48,150094,0.15,0.3,0.0,128,6,test
9355,metastable_014,metastable,14,49,150094,0.15,0.3,0.0,128,6,test
9356,metastable_014,metastable,14,50,150094,0.15,0.3,0.0,128,6,test
9357,metastable_014,metastable,14,51,150094,0.15,0.3,0.0,128,6,test
9358,metastable_014,metastable,14,52,150094,0.15,0.3,0.0,128,6,test
9359,metastable_014,metastable,14,53,150094,0.15,0.3,0.0,128,6,test
9360,metastable_014,metastable,14,54,150094,0.15,0.3,0.0,128,6,test
9361,metastable_014,metastable,14,55,150094,0.15,0.3,0.0,128,6,test
9362,metastable_014,metastable,14,56,150094,0.15,0.3,0.0,128,6,test
9363,metastable_014,metastable,14,57,150094,0.15,0.3,0.0,128,6,test
9364,metastable_014,metastable,14,58,150094,0.15,0.3,0.0,128,6,test
9365,metastable_014,metastable,14,59,150094,0.15,0.3,0.0,128,6,test
9366,metastable_014,metastable,14,60,150094,0.15,0.3,0.0,128,6,test
9367,metastable_014,metastable,14,61,150094,0.15,0.3,0.0,128,6,test
9368,metastable_014,metastable,14,62,150094,0.15,0.3,0.0,128,6,test
9369,metastable_014,metastable,14,63,150094,0.15,0.3,0.0,128,6,test
9370,metastable_014,metastable,14,64,150094,0.15,0.3,0.0,128,6,test
9371,metastable_014,metastable,14,65,150094,0.15,0.3,0.0,128,6,test
9372,metastable_014,metastable,14,66,150094,0.15,0.3,0.0,128,6,test
9373,metastable_014,metastable,14,67,150094,0.15,0.3,0.0,128,6,test
9374,metastable_014,metastable,14,68,150094,0.15,0.3,0.0,128,6,test
9375,metastable_014,metastable,14,69,150094,0.15,0.3,0.0,128,6,test
9376,metastable_014,metastable,14,70,150094,0.15,0.3,0.0,128,6,test
9377,metastable_014,metastable,14,71,150094,0.15,0.3,0.0,128,6,test
9378,metastable_014,metastable,14,72,150094,0.15,0.3,0.0,128,6,test
9379,metastable_014,metastable,14,73,150094,0.15,0.3,0.0,128,6,test
9380,metastable_014,metastable,14,74,150094,0.15,0.3,0.0,128,6,test
9381,metastable_014,metastable,14,75,150094,0.15,0.3,0.0,128,6,test
9382,metastable_014,metastable,14,76,150094,0.15,0.3,0.0,128,6,test
9383,metastable_014,metastable,14,77,150094,0.15,0.3,0.0,128,6,test
9384,metastable_014,metastable,14,78,150094,0.15,0.3,0.0,128,6,test
9385,metastable_014,metastable,14,79,150094,0.15,0.3,0.0,128,6,test
9386,metastable_014,metastable,14,80,150094,0.15,0.3,0.0,128,6,test
9387,metastable_014,metastable,14,81,150094,0.15,0.3,0.0,128,6,test
9388,metastable_014,metastable,14,82,150094,0.15,0.3,0.0,128,6,test
9389,metastable_014,metastable,14,83,150094,0.15,0.3,0.0,128,6,test
9390,metastable_014,metastable,14,84,150094,0.15,0.3,0.0,128,6,test
9391,metastable_014,metastable,14,85,150094,0.15,0.3,0.0,128,6,test
9392,metastable_014,metastable,14,86,150094,0.15,0.3,0.0,128,6,test
9393,metastable_014,metastable,14,87,150094,0.15,0.3,0.0,128,6,test
9394,metastable_014,metastable,14,88,150094,0.15,0.3,0.0,128,6,test
9395,metastable_014,metastable,14,89,150094,0.15,0.3,0.0,128,6,test
9396,metastable_014,metastable,14,90,150094,0.15,0.3,0.0,128,6,test
9397,metastable_014,metastable,14,91,150094,0.15,0.3,0.0,128,6,test
9398,metastable_014,metastable,14,92,150094,0.15,0.3,0.0,128,6,test
9399,metastable_014,metastable,14,93,150094,0.15,0.3,0.0,128,6,test
9400,metastable_014,metastable,14,94,150094,0.15,0.3,0.0,128,6,test
9401,metastable_014,metastable,14,95,150094,0.15,0.3,0.0,128,6,test
9402,metastable_014,metastable,14,96,150094,0.15,0.3,0.0,128,6,test
9403,metastable_014,metastable,14,97,150094,0.15,0.3,0.0,128,6,test
9404,metastable_014,metastable,14,98,150094,0.15,0.3,0.0,128,6,test
9405,metastable_015,metastable,15,0,150095,0.15,0.3,0.0,128,6,train
9406,metastable_015,metastable,15,1,150095,0.15,0.3,0.0,128,6,train
9407,metastable_015,metastable,15,2,150095,0.15,0.3,0.0,128,6,train
9408,metastable_015,metastable,15,3,150095,0.15,0.3,0.0,128,6,train
9409,metastable_015,metastable,15,4,150095,0.15,0.3,0.0,128,6,train
9410,metastable_015,metastable,15,5,150095,0.15,0.3,0.0,128,6,train
9411,metastable_015,metastable,15,6,150095,0.15,0.3,0.0,128,6,train
9412,metastable_015,metastable,15,7,150095,0.15,0.3,0.0,128,6,train
9413,metastable_015,metastable,15,8,150095,0.15,0.3,0.0,128,6,train
9414,metastable_015,metastable,15,9,150095,0.15,0.3,0.0,128,6,train
9415,metastable_015,metastable,15,10,150095,0.15,0.3,0.0,128,6,train
9416,metastable_015,metastable,15,11,150095,0.15,0.3,0.0,128,6,train
9417,metastable_015,metastable,15,12,150095,0.15,0.3,0.0,128,6,train
9418,metastable_015,metastable,15,13,150095,0.15,0.3,0.0,128,6,train
9419,metastable_015,metastable,15,14,150095,0.15,0.3,0.0,128,6,train
9420,metastable_015,metastable,15,15,150095,0.15,0.3,0.0,128,6,train
9421,metastable_015,metastable,15,16,150095,0.15,0.3,0.0,128,6,train
9422,metastable_015,metastable,15,17,150095,0.15,0.3,0.0,128,6,train
9423,metastable_015,metastable,15,18,150095,0.15,0.3,0.0,128,6,train
9424,metastable_015,metastable,15,19,150095,0.15,0.3,0.0,128,6,train
9425,metastable_015,metastable,15,20,150095,0.15,0.3,0.0,128,6,train
9426,metastable_015,metastable,15,21,150095,0.15,0.3,0.0,128,6,train
9427,metastable_015,metastable,15,22,150095,0.15,0.3,0.0,128,6,train
9428,metastable_015,metastable,15,23,150095,0.15,0.3,0.0,128,6,train
9429,metastable_015,metastable,15,24,150095,0.15,0.3,0.0,128,6,train
9430,metastable_015,metastable,15,25,150095,0.15,0.3,0.0,128,6,train
9431,metastable_015,metastable,15,26,150095,0.15,0.3,0.0,128,6,train
9432,metastable_015,metastable,15,27,150095,0.15,0.3,0.0,128,6,train
9433,metastable_015,metastable,15,28,150095,0.15,0.3,0.0,128,6,train
9434,metastable_015,metastable,15,29,150095,0.15,0.3,0.0,128,6,train
9435,metastable_015,metastable,15,30,150095,0.15,0.3,0.0,128,6,train
9436,metastable_015,metastable,15,31,150095,0.15,0.3,0.0,128,6,train
9437,metastable_015,metastable,15,32,150095,0.15,0.3,0.0,128,6,train
9438,metastable_015,metastable,15,33,150095,0.15,0.3,0.0,128,6,train
9439,metastable_015,metastable,15,34,150095,0.15,0.3,0.0,128,6,train
9440,metastable_015,metastable,15,35,150095,0.15,0.3,0.0,128,6,train
9441,metastable_015,metastable,15,36,150095,0.15,0.3,0.0,128,6,train
9442,metastable_015,metastable,15,37,150095,0.15,0.3,0.0,128,6,train
9443,metastable_015,metastable,15,38,150095,0.15,0.3,0.0,128,6,train
9444,metastable_015,metastable,15,39,150095,0.15,0.3,0.0,128,6,train
9445,metastable_015,metastable,15,40,150095,0.15,0.3,0.0,128,6,train
9446,metastable_015,metastable,15,41,150095,0.15,0.3,0.0,128,6,train
9447,metastable_015,metastable,15,42,150095,0.15,0.3,0.0,128,6,train
9448,metastable_015,metastable,15,43,150095,0.15,0.3,0.0,128,6,train
9449,metastable_015,metastable,15,44,150095,0.15,0.3,0.0,128,6,train
9450,metastable_015,metastable,15,45,150095,0.15,0.3,0.0,128,6,train
9451,metastable_015,metastable,15,46,150095,0.15,0.3,0.0,128,6,train
9452,metastable_015,metastable,15,47,150095,0.15,0.3,0.0,128,6,train
9453,metastable_015,metastable,15,48,150095,0.15,0.3,0.0,128,6,train
9454,metastable_015,metastable,15,49,150095,0.15,0.3,0.0,128,6,train
9455,metastable_015,metastable,15,50,150095,0.15,0.3,0.0,128,6,train
9456,metastable_015,metastable,15,51,150095,0.15,0.3,0.0,128,6,train
9457,metastable_015,metastable,15,52,150095,0.15,0.3,0.0,128,6,train
9458,metastable_015,metastable,15,53,150095,0.15,0.3,0.0,128,6,train
9459,metastable_015,metastable,15,54,150095,0.15,0.3,0.0,128,6,train
9460,metastable_015,metastable,15,55,150095,0.15,0.3,0.0,128,6,train
9461,metastable_015,metastable,15,56,150095,0.15,0.3,0.0,128,6,train
9462,metastable_015,metastable,15,57,150095,0.15,0.3,0.0,128,6,train
9463,metastable_015,metastable,15,58,150095,0.15,0.3,0.0,128,6,train
9464,metastable_015,metastable,15,59,150095,0.15,0.3,0.0,128,6,train
9465,metastable_015,metastable,15,60,150095,0.15,0.3,0.0,128,6,train
9466,metastable_015,metastable,15,61,150095,0.15,0.3,0.0,128,6,train
9467,metastable_015,metastable,15,62,150095,0.15,0.3,0.0,128,6,train
9468,metastable_015,metastable,15,63,150095,0.15,0.3,0.0,128,6,train
9469,metastable_015,metastable,15,64,150095,0.15,0.3,0.0,128,6,train
9470,metastable_015,metastable,15,65,150095,0.15,0.3,0.0,128,6,train
9471,metastable_015,metastable,15,66,150095,0.15,0.3,0.0,128,6,train
9472,metastable_015,metastable,15,67,150095,0.15,0.3,0.0,128,6,train
9473,metastable_015,metastable,15,68,150095,0.15,0.3,0.0,128,6,train
9474,metastable_015,metastable,15,69,150095,0.15,0.3,0.0,128,6,train
9475,metastable_015,metastable,15,70,150095,0.15,0.3,0.0,128,6,train
9476,metastable_015,metastable,15,71,150095,0.15,0.3,0.0,128,6,train
9477,metastable_015,metastable,15,72,150095,0.15,0.3,0.0,128,6,train
9478,metastable_015,metastable,15,73,150095,0.15,0.3,0.0,128,6,train
9479,metastable_015,metastable,15,74,150095,0.15,0.3,0.0,128,6,train
9480,metastable_015,metastable,15,75,150095,0.15,0.3,0.0,128,6,train
9481,metastable_015,metastable,15,76,150095,0.15,0.3,0.0,128,6,train
9482,metastable_015,metastable,15,77,150095,0.15,0.3,0.0,128,6,train
9483,metastable_015,metastable,15,78,150095,0.15,0.3,0.0,128,6,train
9484,metastable_015,metastable,15,79,150095,0.15,0.3,0.0,128,6,train
9485,metastable_015,metastable,15,80,150095,0.15,0.3,0.0,128,6,train
9486,metastable_015,metastable,15,81,150095,0.15,0.3,0.0,128,6,train
9487,metastable_015,metastable,15,82,150095,0.15,0.3,0.0,128,6,train
9488,metastable_015,metastable,15,83,150095,0.15,0.3,0.0,128,6,train
9489,metastable_015,metastable,15,84,150095,0.15,0.3,0.0,128,6,train
9490,metastable_015,metastable,15,85,150095,0.15,0.3,0.0,128,6,train
9491,metastable_015,metastable,15,86,150095,0.15,0.3,0.0,128,6,train
9492,metastable_015,metastable,15,87,150095,0.15,0.3,0.0,128,6,train
9493,metastable_015,metastable,15,88,150095,0.15,0.3,0.0,128,6,train
9494,metastable_015,metastable,15,89,150095,0.15,0.3,0.0,128,6,train
9495,metastable_015,metastable,15,90,150095,0.15,0.3,0.0,128,6,train
9496,metastable_015,metastable,15,91,150095,0.15,0.3,0.0,128,6,train
9497,metastable_015,metastable,15,92,150095,0.15,0.3,0.0,128,6,train
9498,metastable_015,metastable,15,93,150095,0.15,0.3,0.0,128,6,train
9499,metastable_015,metastable,15,94,150095,0.15,0.3,0.0,128,6,train
9500,metastable_015,metastable,15,95,150095,0.15,0.3,0.0,128,6,train
9501,metastable_015,metastable,15,96,150095,0.15,0.3,0.0,128,6,train
9502,metastable_015,metastable,15,97,150095,0.15,0.3,0.0,128,6,train
9503,metastable_015,metastable,15,98,150095,0.15,0.3,0.0,128,6,train
9504,metastable_016,metastable,16,0,150096,0.15,0.3,0.0,128,6,train
9505,metastable_016,metastable,16,1,150096,0.15,0.3,0.0,128,6,train
9506,metastable_016,metastable,16,2,150096,0.15,0.3,0.0,128,6,train
9507,metastable_016,metastable,16,3,150096,0.15,0.3,0.0,128,6,train
9508,metastable_016,metastable,16,4,150096,0.15,0.3,0.0,128,6,train
9509,metastable_016,metastable,16,5,150096,0.15,0.3,0.0,128,6,train
9510,metastable_016,metastable,16,6,150096,0.15,0.3,0.0,128,6,train
9511,metastable_016,metastable,16,7,150096,0.15,0.3,0.0,128,6,train
9512,metastable_016,metastable,16,8,150096,0.15,0.3,0.0,128,6,train
9513,metastable_016,metastable,16,9,150096,0.15,0.3,0.0,128,6,train
9514,metastable_016,metastable,16,10,150096,0.15,0.3,0.0,128,6,train
9515,metastable_016,metastable,16,11,150096,0.15,0.3,0.0,128,6,train
9516,metastable_016,metastable,16,12,150096,0.15,0.3,0.0,128,6,train
9517,metastable_016,metastable,16,13,150096,0.15,0.3,0.0,128,6,train
9518,metastable_016,metastable,16,14,150096,0.15,0.3,0.0,128,6,train
9519,metastable_016,metastable,16,15,150096,0.15,0.3,0.0,128,6,train
9520,metastable_016,metastable,16,16,150096,0.15,0.3,0.0,128,6,train
9521,metastable_016,metastable,16,17,150096,0.15,0.3,0.0,128,6,train
9522,metastable_016,metastable,16,18,150096,0.15,0.3,0.0,128,6,train
9523,metastable_016,metastable,16,19,150096,0.15,0.3,0.0,128,6,train
9524,metastable_016,metastable,16,20,150096,0.15,0.3,0.0,128,6,train
9525,metastable_016,metastable,16,21,150096,0.15,0.3,0.0,128,6,train
9526,metastable_016,metastable,16,22,150096,0.15,0.3,0.0,128,6,train
9527,metastable_016,metastable,16,23,150096,0.15,0.3,0.0,128,6,train
9528,metastable_016,metastable,16,24,150096,0.15,0.3,0.0,128,6,train
9529,metastable_016,metastable,16,25,150096,0.15,0.3,0.0,128,6,train
9530,metastable_016,metastable,16,26,150096,0.15,0.3,0.0,128,6,train
9531,metastable_016,metastable,16,27,150096,0.15,0.3,0.0,128,6,train
9532,metastable_016,metastable,16,28,150096,0.15,0.3,0.0,128,6,train
9533,metastable_016,metastable,16,29,150096,0.15,0.3,0.0,128,6,train
9534,metastable_016,metastable,16,30,150096,0.15,0.3,0.0,128,6,train
9535,metastable_016,metastable,16,31,150096,0.15,0.3,0.0,128,6,train
9536,metastable_016,metastable,16,32,150096,0.15,0.3,0.0,128,6,train
9537,metastable_016,metastable,16,33,150096,0.15,0.3,0.0,128,6,train
9538,metastable_016,metastable,16,34,150096,0.15,0.3,0.0,128,6,train
9539,metastable_016,metastable,16,35,150096,0.15,0.3,0.0,128,6,train
9540,metastable_016,metastable,16,36,150096,0.15,0.3,0.0,128,6,train
9541,metastable_016,metastable,16,37,150096,0.15,0.3,0.0,128,6,train
9542,metastable_016,metastable,16,38,150096,0.15,0.3,0.0,128,6,train
9543,metastable_016,metastable,16,39,150096,0.15,0.3,0.0,128,6,train
9544,metastable_016,metastable,16,40,150096,0.15,0.3,0.0,128,6,train
9545,metastable_016,metastable,16,41,150096,0.15,0.3,0.0,128,6,train
9546,metastable_016,metastable,16,42,150096,0.15,0.3,0.0,128,6,train
9547,metastable_016,metastable,16,43,150096,0.15,0.3,0.0,128,6,train
9548,metastable_016,metastable,16,44,150096,0.15,0.3,0.0,128,6,train
9549,metastable_016,metastable,16,45,150096,0.15,0.3,0.0,128,6,train
9550,metastable_016,metastable,16,46,150096,0.15,0.3,0.0,128,6,train
9551,metastable_016,metastable,16,47,150096,0.15,0.3,0.0,128,6,train
9552,metastable_016,metastable,16,48,150096,0.15,0.3,0.0,128,6,train
9553,metastable_016,metastable,16,49,150096,0.15,0.3,0.0,128,6,train
9554,metastable_016,metastable,16,50,150096,0.15,0.3,0.0,128,6,train
9555,metastable_016,metastable,16,51,150096,0.15,0.3,0.0,128,6,train
9556,metastable_016,metastable,16,52,150096,0.15,0.3,0.0,128,6,train
9557,metastable_016,metastable,16,53,150096,0.15,0.3,0.0,128,6,train
9558,metastable_016,metastable,16,54,150096,0.15,0.3,0.0,128,6,train
9559,metastable_016,metastable,16,55,150096,0.15,0.3,0.0,128,6,train
9560,metastable_016,metastable,16,56,150096,0.15,0.3,0.0,128,6,train
9561,metastable_016,metastable,16,57,150096,0.15,0.3,0.0,128,6,train
9562,metastable_016,metastable,16,58,150096,0.15,0.3,0.0,128,6,train
9563,metastable_016,metastable,16,59,150096,0.15,0.3,0.0,128,6,train
9564,metastable_016,metastable,16,60,150096,0.15,0.3,0.0,128,6,train
9565,metastable_016,metastable,16,61,150096,0.15,0.3,0.0,128,6,train
9566,metastable_016,metastable,16,62,150096,0.15,0.3,0.0,128,6,train
9567,metastable_016,metastable,16,63,150096,0.15,0.3,0.0,128,6,train
9568,metastable_016,metastable,16,64,150096,0.15,0.3,0.0,128,6,train
9569,metastable_016,metastable,16,65,150096,0.15,0.3,0.0,128,6,train
9570,metastable_016,metastable,16,66,150096,0.15,0.3,0.0,128,6,train
9571,metastable_016,metastable,16,67,150096,0.15,0.3,0.0,128,6,train
9572,metastable_016,metastable,16,68,150096,0.15,0.3,0.0,128,6,train
9573,metastable_016,metastable,16,69,150096,0.15,0.3,0.0,128,6,train
9574,metastable_016,metastable,16,70,150096,0.15,0.3,0.0,128,6,train
9575,metastable_016,metastable,16,71,150096,0.15,0.3,0.0,128,6,train
9576,metastable_016,metastable,16,72,150096,0.15,0.3,0.0,128,6,train
9577,metastable_016,metastable,16,73,150096,0.15,0.3,0.0,128,6,train
9578,metastable_016,metastable,16,74,150096,0.15,0.3,0.0,128,6,train
9579,metastable_016,metastable,16,75,150096,0.15,0.3,0.0,128,6,train
9580,metastable_016,metastable,16,76,150096,0.15,0.3,0.0,128,6,train
9581,metastable_016,metastable,16,77,150096,0.15,0.3,0.0,128,6,train
9582,metastable_016,metastable,16,78,150096,0.15,0.3,0.0,128,6,train
9583,metastable_016,metastable,16,79,150096,0.15,0.3,0.0,128,6,train
9584,metastable_016,metastable,16,80,150096,0.15,0.3,0.0,128,6,train
9585,metastable_016,metastable,16,81,150096,0.15,0.3,0.0,128,6,train
9586,metastable_016,metastable,16,82,150096,0.15,0.3,0.0,128,6,train
9587,metastable_016,metastable,16,83,150096,0.15,0.3,0.0,128,6,train
9588,metastable_016,metastable,16,84,150096,0.15,0.3,0.0,128,6,train
9589,metastable_016,metastable,16,85,150096,0.15,0.3,0.0,128,6,train
9590,metastable_016,metastable,16,86,150096,0.15,0.3,0.0,128,6,train
9591,metastable_016,metastable,16,87,150096,0.15,0.3,0.0,128,6,train
9592,metastable_016,metastable,16,88,150096,0.15,0.3,0.0,128,6,train
9593,metastable_016,metastable,16,89,150096,0.15,0.3,0.0,128,6,train
9594,metastable_016,metastable,16,90,150096,0.15,0.3,0.0,128,6,train
9595,metastable_016,metastable,16,91,150096,0.15,0.3,0.0,128,6,train
9596,metastable_016,metastable,16,92,150096,0.15,0.3,0.0,128,6,train
9597,metastable_016,metastable,16,93,150096,0.15,0.3,0.0,128,6,train
9598,metastable_016,metastable,16,94,150096,0.15,0.3,0.0,128,6,train
9599,metastable_016,metastable,16,95,150096,0.15,0.3,0.0,128,6,train
9600,metastable_016,metastable,16,96,150096,0.15,0.3,0.0,128,6,train
9601,metastable_016,metastable,16,97,150096,0.15,0.3,0.0,128,6,train
9602,metastable_016,metastable,16,98,150096,0.15,0.3,0.0,128,6,train
9603,metastable_017,metastable,17,0,150097,0.15,0.3,0.0,128,6,test
9604,metastable_017,metastable,17,1,150097,0.15,0.3,0.0,128,6,test
9605,metastable_017,metastable,17,2,150097,0.15,0.3,0.0,128,6,test
9606,metastable_017,metastable,17,3,150097,0.15,0.3,0.0,128,6,test
9607,metastable_017,metastable,17,4,150097,0.15,0.3,0.0,128,6,test
9608,metastable_017,metastable,17,5,150097,0.15,0.3,0.0,128,6,test
9609,metastable_017,metastable,17,6,150097,0.15,0.3,0.0,128,6,test
9610,metastable_017,metastable,17,7,150097,0.15,0.3,0.0,128,6,test
9611,metastable_017,metastable,17,8,150097,0.15,0.3,0.0,128,6,test
9612,metastable_017,metastable,17,9,150097,0.15,0.3,0.0,128,6,test
9613,metastable_017,metastable,17,10,150097,0.15,0.3,0.0,128,6,test
9614,metastable_017,metastable,17,11,150097,0.15,0.3,0.0,128,6,test
9615,metastable_017,metastable,17,12,150097,0.15,0.3,0.0,128,6,test
9616,metastable_017,metastable,17,13,150097,0.15,0.3,0.0,128,6,test
9617,metastable_017,metastable,17,14,150097,0.15,0.3,0.0,128,6,test
9618,metastable_017,metastable,17,15,150097,0.15,0.3,0.0,128,6,test
9619,metastable_017,metastable,17,16,150097,0.15,0.3,0.0,128,6,test
9620,metastable_017,metastable,17,17,150097,0.15,0.3,0.0,128,6,test
9621,metastable_017,metastable,17,18,150097,0.15,0.3,0.0,128,6,test
9622,metastable_017,metastable,17,19,150097,0.15,0.3,0.0,128,6,test
9623,metastable_017,metastable,17,20,150097,0.15,0.3,0.0,128,6,test
9624,metastable_017,metastable,17,21,150097,0.15,0.3,0.0,128,6,test
9625,metastable_017,metastable,17,22,150097,0.15,0.3,0.0,128,6,test
9626,metastable_017,metastable,17,23,150097,0.15,0.3,0.0,128,6,test
9627,metastable_017,metastable,17,24,150097,0.15,0.3,0.0,128,6,test
9628,metastable_017,metastable,17,25,150097,0.15,0.3,0.0,128,6,test
9629,metastable_017,metastable,17,26,150097,0.15,0.3,0.0,128,6,test
9630,metastable_017,metastable,17,27,150097,0.15,0.3,0.0,128,6,test
9631,metastable_017,metastable,17,28,150097,0.15,0.3,0.0,128,6,test
9632,metastable_017,metastable,17,29,150097,0.15,0.3,0.0,128,6,test
9633,metastable_017,metastable,17,30,150097,0.15,0.3,0.0,128,6,test
9634,metastable_017,metastable,17,31,150097,0.15,0.3,0.0,128,6,test
9635,metastable_017,metastable,17,32,150097,0.15,0.3,0.0,128,6,test
9636,metastable_017,metastable,17,33,150097,0.15,0.3,0.0,128,6,test
9637,metastable_017,metastable,17,34,150097,0.15,0.3,0.0,128,6,test
9638,metastable_017,metastable,17,35,150097,0.15,0.3,0.0,128,6,test
9639,metastable_017,metastable,17,36,150097,0.15,0.3,0.0,128,6,test
9640,metastable_017,metastable,17,37,150097,0.15,0.3,0.0,128,6,test
9641,metastable_017,metastable,17,38,150097,0.15,0.3,0.0,128,6,test
9642,metastable_017,metastable,17,39,150097,0.15,0.3,0.0,128,6,test
9643,metastable_017,metastable,17,40,150097,0.15,0.3,0.0,128,6,test
9644,metastable_017,metastable,17,41,150097,0.15,0.3,0.0,128,6,test
9645,metastable_017,metastable,17,42,150097,0.15,0.3,0.0,128,6,test
9646,metastable_017,metastable,17,43,150097,0.15,0.3,0.0,128,6,test
9647,metastable_017,metastable,17,44,150097,0.15,0.3,0.0,128,6,test
9648,metastable_017,metastable,17,45,150097,0.15,0.3,0.0,128,6,test
9649,metastable_017,metastable,17,46,150097,0.15,0.3,0.0,128,6,test
9650,metastable_017,metastable,17,47,150097,0.15,0.3,0.0,128,6,test
9651,metastable_017,metastable,17,48,150097,0.15,0.3,0.0,128,6,test
9652,metastable_017,metastable,17,49,150097,0.15,0.3,0.0,128,6,test
9653,metastable_017,metastable,17,50,150097,0.15,0.3,0.0,128,6,test
9654,metastable_017,metastable,17,51,150097,0.15,0.3,0.0,128,6,test
9655,metastable_017,metastable,17,52,150097,0.15,0.3,0.0,128,6,test
9656,metastable_017,metastable,17,53,150097,0.15,0.3,0.0,128,6,test
9657,metastable_017,metastable,17,54,150097,0.15,0.3,0.0,128,6,test
9658,metastable_017,metastable,17,55,150097,0.15,0.3,0.0,128,6,test
9659,metastable_017,metastable,17,56,150097,0.15,0.3,0.0,128,6,test
9660,metastable_017,metastable,17,57,150097,0.15,0.3,0.0,128,6,test
9661,metastable_017,metastable,17,58,150097,0.15,0.3,0.0,128,6,test
9662,metastable_017,metastable,17,59,150097,0.15,0.3,0.0,128,6,test
9663,metastable_017,metastable,17,60,150097,0.15,0.3,0.0,128,6,test
9664,metastable_017,metastable,17,61,150097,0.15,0.3,0.0,128,6,test
9665,metastable_017,metastable,17,62,150097,0.15,0.3,0.0,128,6,test
9666,metastable_017,metastable,17,63,150097,0.15,0.3,0.0,128,6,test
9667,metastable_017,metastable,17,64,150097,0.15,0.3,0.0,128,6,test
9668,metastable_017,metastable,17,65,150097,0.15,0.3,0.0,128,6,test
9669,metastable_017,metastable,17,66,150097,0.15,0.3,0.0,128,6,test
9670,metastable_017,metastable,17,67,150097,0.15,0.3,0.0,128,6,test
9671,metastable_017,metastable,17,68,150097,0.15,0.3,0.0,128,6,test
9672,metastable_017,metastable,17,69,150097,0.15,0.3,0.0,128,6,test
9673,metastable_017,metastable,17,70,150097,0.15,0.3,0.0,128,6,test
9674,metastable_017,metastable,17,71,150097,0.15,0.3,0.0,128,6,test
9675,metastable_017,metastable,17,72,150097,0.15,0.3,0.0,128,6,test
9676,metastable_017,metastable,17,73,150097,0.15,0.3,0.0,128,6,test
9677,metastable_017,metastable,17,74,150097,0.15,0.3,0.0,128,6,test
9678,metastable_017,metastable,17,75,150097,0.15,0.3,0.0,128,6,test
9679,metastable_017,metastable,17,76,150097,0.15,0.3,0.0,128,6,test
9680,metastable_017,metastable,17,77,150097,0.15,0.3,0.0,128,6,test
9681,metastable_017,metastable,17,78,150097,0.15,0.3,0.0,128,6,test
9682,metastable_017,metastable,17,79,150097,0.15,0.3,0.0,128,6,test
9683,metastable_017,metastable,17,80,150097,0.15,0.3,0.0,128,6,test
9684,metastable_017,metastable,17,81,150097,0.15,0.3,0.0,128,6,test
9685,metastable_017,metastable,17,82,150097,0.15,0.3,0.0,128,6,test
9686,metastable_017,metastable,17,83,150097,0.15,0.3,0.0,128,6,test
9687,metastable_017,metastable,17,84,150097,0.15,0.3,0.0,128,6,test
9688,metastable_017,metastable,17,85,150097,0.15,0.3,0.0,128,6,test
9689,metastable_017,metastable,17,86,150097,0.15,0.3,0.0,128,6,test
9690,metastable_017,metastable,17,87,150097,0.15,0.3,0.0,128,6,test
9691,metastable_017,metastable,17,88,150097,0.15,0.3,0.0,128,6,test
9692,metastable_017,metastable,17,89,150097,0.15,0.3,0.0,128,6,test
9693,metastable_017,metastable,17,90,150097,0.15,0.3,0.0,128,6,test
9694,metastable_017,metastable,17,91,150097,0.15,0.3,0.0,128,6,test
9695,metastable_017,metastable,17,92,150097,0.15,0.3,0.0,128,6,test
9696,metastable_017,metastable,17,93,150097,0.15,0.3,0.0,128,6,test
9697,metastable_017,metastable,17,94,150097,0.15,0.3,0.0,128,6,test
9698,metastable_017,metastable,17,95,150097,0.15,0.3,0.0,128,6,test
9699,metastable_017,metastable,17,96,150097,0.15,0.3,0.0,128,6,test
9700,metastable_017,metastable,17,97,150097,0.15,0.3,0.0,128,6,test
9701,metastable_017,metastable,17,98,150097,0.15,0.3,0.0,128,6,test
9702,metastable_018,metastable,18,0,150098,0.15,0.3,0.0,128,6,train
9703,metastable_018,metastable,18,1,150098,0.15,0.3,0.0,128,6,train
9704,metastable_018,metastable,18,2,150098,0.15,0.3,0.0,128,6,train
9705,metastable_018,metastable,18,3,150098,0.15,0.3,0.0,128,6,train
9706,metastable_018,metastable,18,4,150098,0.15,0.3,0.0,128,6,train
9707,metastable_018,metastable,18,5,150098,0.15,0.3,0.0,128,6,train
9708,metastable_018,metastable,18,6,150098,0.15,0.3,0.0,128,6,train
9709,metastable_018,metastable,18,7,150098,0.15,0.3,0.0,128,6,train
9710,metastable_018,metastable,18,8,150098,0.15,0.3,0.0,128,6,train
9711,metastable_018,metastable,18,9,150098,0.15,0.3,0.0,128,6,train
9712,metastable_018,metastable,18,10,150098,0.15,0.3,0.0,128,6,train
9713,metastable_018,metastable,18,11,150098,0.15,0.3,0.0,128,6,train
9714,metastable_018,metastable,18,12,150098,0.15,0.3,0.0,128,6,train
9715,metastable_018,metastable,18,13,150098,0.15,0.3,0.0,128,6,train
9716,metastable_018,metastable,18,14,150098,0.15,0.3,0.0,128,6,train
9717,metastable_018,metastable,18,15,150098,0.15,0.3,0.0,128,6,train
9718,metastable_018,metastable,18,16,150098,0.15,0.3,0.0,128,6,train
9719,metastable_018,metastable,18,17,150098,0.15,0.3,0.0,128,6,train
9720,metastable_018,metastable,18,18,150098,0.15,0.3,0.0,128,6,train
9721,metastable_018,metastable,18,19,150098,0.15,0.3,0.0,128,6,train
9722,metastable_018,metastable,18,20,150098,0.15,0.3,0.0,128,6,train
9723,metastable_018,metastable,18,21,150098,0.15,0.3,0.0,128,6,train
9724,metastable_018,metastable,18,22,150098,0.15,0.3,0.0,128,6,train
9725,metastable_018,metastable,18,23,150098,0.15,0.3,0.0,128,6,train
9726,metastable_018,metastable,18,24,150098,0.15,0.3,0.0,128,6,train
9727,metastable_018,metastable,18,25,150098,0.15,0.3,0.0,128,6,train
9728,metastable_018,metastable,18,26,150098,0.15,0.3,0.0,128,6,train
9729,metastable_018,metastable,18,27,150098,0.15,0.3,0.0,128,6,train
9730,metastable_018,metastable,18,28,150098,0.15,0.3,0.0,128,6,train
9731,metastable_018,metastable,18,29,150098,0.15,0.3,0.0,128,6,train
9732,metastable_018,metastable,18,30,150098,0.15,0.3,0.0,128,6,train
9733,metastable_018,metastable,18,31,150098,0.15,0.3,0.0,128,6,train
9734,metastable_018,metastable,18,32,150098,0.15,0.3,0.0,128,6,train
9735,metastable_018,metastable,18,33,150098,0.15,0.3,0.0,128,6,train
9736,metastable_018,metastable,18,34,150098,0.15,0.3,0.0,128,6,train
9737,metastable_018,metastable,18,35,150098,0.15,0.3,0.0,128,6,train
9738,metastable_018,metastable,18,36,150098,0.15,0.3,0.0,128,6,train
9739,metastable_018,metastable,18,37,150098,0.15,0.3,0.0,128,6,train
9740,metastable_018,metastable,18,38,150098,0.15,0.3,0.0,128,6,train
9741,metastable_018,metastable,18,39,150098,0.15,0.3,0.0,128,6,train
9742,metastable_018,metastable,18,40,150098,0.15,0.3,0.0,128,6,train
9743,metastable_018,metastable,18,41,150098,0.15,0.3,0.0,128,6,train
9744,metastable_018,metastable,18,42,150098,0.15,0.3,0.0,128,6,train
9745,metastable_018,metastable,18,43,150098,0.15,0.3,0.0,128,6,train
9746,metastable_018,metastable,18,44,150098,0.15,0.3,0.0,128,6,train
9747,metastable_018,metastable,18,45,150098,0.15,0.3,0.0,128,6,train
9748,metastable_018,metastable,18,46,150098,0.15,0.3,0.0,128,6,train
9749,metastable_018,metastable,18,47,150098,0.15,0.3,0.0,128,6,train
9750,metastable_018,metastable,18,48,150098,0.15,0.3,0.0,128,6,train
9751,metastable_018,metastable,18,49,150098,0.15,0.3,0.0,128,6,train
9752,metastable_018,metastable,18,50,150098,0.15,0.3,0.0,128,6,train
9753,metastable_018,metastable,18,51,150098,0.15,0.3,0.0,128,6,train
9754,metastable_018,metastable,18,52,150098,0.15,0.3,0.0,128,6,train
9755,metastable_018,metastable,18,53,150098,0.15,0.3,0.0,128,6,train
9756,metastable_018,metastable,18,54,150098,0.15,0.3,0.0,128,6,train
9757,metastable_018,metastable,18,55,150098,0.15,0.3,0.0,128,6,train
9758,metastable_018,metastable,18,56,150098,0.15,0.3,0.0,128,6,train
9759,metastable_018,metastable,18,57,150098,0.15,0.3,0.0,128,6,train
9760,metastable_018,metastable,18,58,150098,0.15,0.3,0.0,128,6,train
9761,metastable_018,metastable,18,59,150098,0.15,0.3,0.0,128,6,train
9762,metastable_018,metastable,18,60,150098,0.15,0.3,0.0,128,6,train
9763,metastable_018,metastable,18,61,150098,0.15,0.3,0.0,128,6,train
9764,metastable_018,metastable,18,62,150098,0.15,0.3,0.0,128,6,train
9765,metastable_018,metastable,18,63,150098,0.15,0.3,0.0,128,6,train
9766,metastable_018,metastable,18,64,150098,0.15,0.3,0.0,128,6,train
9767,metastable_018,metastable,18,65,150098,0.15,0.3,0.0,128,6,train
9768,metastable_018,metastable,18,66,150098,0.15,0.3,0.0,128,6,train
9769,metastable_018,metastable,18,67,150098,0.15,0.3,0.0,128,6,train
9770,metastable_018,metastable,18,68,150098,0.15,0.3,0.0,128,6,train
9771,metastable_018,metastable,18,69,150098,0.15,0.3,0.0,128,6,train
9772,metastable_018,metastable,18,70,150098,0.15,0.3,0.0,128,6,train
9773,metastable_018,metastable,18,71,150098,0.15,0.3,0.0,128,6,train
9774,metastable_018,metastable,18,72,150098,0.15,0.3,0.0,128,6,train
9775,metastable_018,metastable,18,73,150098,0.15,0.3,0.0,128,6,train
9776,metastable_018,metastable,18,74,150098,0.15,0.3,0.0,128,6,train
9777,metastable_018,metastable,18,75,150098,0.15,0.3,0.0,128,6,train
9778,metastable_018,metastable,18,76,150098,0.15,0.3,0.0,128,6,train
9779,metastable_018,metastable,18,77,150098,0.15,0.3,0.0,128,6,train
9780,metastable_018,metastable,18,78,150098,0.15,0.3,0.0,128,6,train
9781,metastable_018,metastable,18,79,150098,0.15,0.3,0.0,128,6,train
9782,metastable_018,metastable,18,80,150098,0.15,0.3,0.0,128,6,train
9783,metastable_018,metastable,18,81,150098,0.15,0.3,0.0,128,6,train
9784,metastable_018,metastable,18,82,150098,0.15,0.3,0.0,128,6,train
9785,metastable_018,metastable,18,83,150098,0.15,0.3,0.0,128,6,train
9786,metastable_018,metastable,18,84,150098,0.15,0.3,0.0,128,6,train
9787,metastable_018,metastable,18,85,150098,0.15,0.3,0.0,128,6,train
9788,metastable_018,metastable,18,86,150098,0.15,0.3,0.0,128,6,train
9789,metastable_018,metastable,18,87,150098,0.15,0.3,0.0,128,6,train
9790,metastable_018,metastable,18,88,150098,0.15,0.3,0.0,128,6,train
9791,metastable_018,metastable,18,89,150098,0.15,0.3,0.0,128,6,train
9792,metastable_018,metastable,18,90,150098,0.15,0.3,0.0,128,6,train
9793,metastable_018,metastable,18,91,150098,0.15,0.3,0.0,128,6,train
9794,metastable_018,metastable,18,92,150098,0.15,0.3,0.0,128,6,train
9795,metastable_018,metastable,18,93,150098,0.15,0.3,0.0,128,6,train
9796,metastable_018,metastable,18,94,150098,0.15,0.3,0.0,128,6,train
9797,metastable_018,metastable,18,95,150098,0.15,0.3,0.0,128,6,train
9798,metastable_018,metastable,18,96,150098,0.15,0.3,0.0,128,6,train
9799,metastable_018,metastable,18,97,150098,0.15,0.3,0.0,128,6,train
9800,metastable_018,metastable,18,98,150098,0.15,0.3,0.0,128,6,train
9801,metastable_019,metastable,19,0,150099,0.15,0.3,0.0,128,6,train
9802,metastable_019,metastable,19,1,150099,0.15,0.3,0.0,128,6,train
9803,metastable_019,metastable,19,2,150099,0.15,0.3,0.0,128,6,train
9804,metastable_019,metastable,19,3,150099,0.15,0.3,0.0,128,6,train
9805,metastable_019,metastable,19,4,150099,0.15,0.3,0.0,128,6,train
9806,metastable_019,metastable,19,5,150099,0.15,0.3,0.0,128,6,train
9807,metastable_019,metastable,19,6,150099,0.15,0.3,0.0,128,6,train
9808,metastable_019,metastable,19,7,150099,0.15,0.3,0.0,128,6,train
9809,metastable_019,metastable,19,8,150099,0.15,0.3,0.0,128,6,train
9810,metastable_019,metastable,19,9,150099,0.15,0.3,0.0,128,6,train
9811,metastable_019,metastable,19,10,150099,0.15,0.3,0.0,128,6,train
9812,metastable_019,metastable,19,11,150099,0.15,0.3,0.0,128,6,train
9813,metastable_019,metastable,19,12,150099,0.15,0.3,0.0,128,6,train
9814,metastable_019,metastable,19,13,150099,0.15,0.3,0.0,128,6,train
9815,metastable_019,metastable,19,14,150099,0.15,0.3,0.0,128,6,train
9816,metastable_019,metastable,19,15,150099,0.15,0.3,0.0,128,6,train
9817,metastable_019,metastable,19,16,150099,0.15,0.3,0.0,128,6,train
9818,metastable_019,metastable,19,17,150099,0.15,0.3,0.0,128,6,train
9819,metastable_019,metastable,19,18,150099,0.15,0.3,0.0,128,6,train
9820,metastable_019,metastable,19,19,150099,0.15,0.3,0.0,128,6,train
9821,metastable_019,metastable,19,20,150099,0.15,0.3,0.0,128,6,train
9822,metastable_019,metastable,19,21,150099,0.15,0.3,0.0,128,6,train
9823,metastable_019,metastable,19,22,150099,0.15,0.3,0.0,128,6,train
9824,metastable_019,metastable,19,23,150099,0.15,0.3,0.0,128,6,train
9825,metastable_019,metastable,19,24,150099,0.15,0.3,0.0,128,6,train
9826,metastable_019,metastable,19,25,150099,0.15,0.3,0.0,128,6,train
9827,metastable_019,metastable,19,26,150099,0.15,0.3,0.0,128,6,train
9828,metastable_019,metastable,19,27,150099,0.15,0.3,0.0,128,6,train
9829,metastable_019,metastable,19,28,150099,0.15,0.3,0.0,128,6,train
9830,metastable_019,metastable,19,29,150099,0.15,0.3,0.0,128,6,train
9831,metastable_019,metastable,19,30,150099,0.15,0.3,0.0,128,6,train
9832,metastable_019,metastable,19,31,150099,0.15,0.3,0.0,128,6,train
9833,metastable_019,metastable,19,32,150099,0.15,0.3,0.0,128,6,train
9834,metastable_019,metastable,19,33,150099,0.15,0.3,0.0,128,6,train
9835,metastable_019,metastable,19,34,150099,0.15,0.3,0.0,128,6,train
9836,metastable_019,metastable,19,35,150099,0.15,0.3,0.0,128,6,train
9837,metastable_019,metastable,19,36,150099,0.15,0.3,0.0,128,6,train
9838,metastable_019,metastable,19,37,150099,0.15,0.3,0.0,128,6,train
9839,metastable_019,metastable,19,38,150099,0.15,0.3,0.0,128,6,train
9840,metastable_019,metastable,19,39,150099,0.15,0.3,0.0,128,6,train
9841,metastable_019,metastable,19,40,150099,0.15,0.3,0.0,128,6,train
9842,metastable_019,metastable,19,41,150099,0.15,0.3,0.0,128,6,train
9843,metastable_019,metastable,19,42,150099,0.15,0.3,0.0,128,6,train
9844,metastable_019,metastable,19,43,150099,0.15,0.3,0.0,128,6,train
9845,metastable_019,metastable,19,44,150099,0.15,0.3,0.0,128,6,train
9846,metastable_019,metastable,19,45,150099,0.15,0.3,0.0,128,6,train
9847,metastable_019,metastable,19,46,150099,0.15,0.3,0.0,128,6,train
9848,metastable_019,metastable,19,47,150099,0.15,0.3,0.0,128,6,train
9849,metastable_019,metastable,19,48,150099,0.15,0.3,0.0,128,6,train
9850,metastable_019,metastable,19,49,150099,0.15,0.3,0.0,128,6,train
9851,metastable_019,metastable,19,50,150099,0.15,0.3,0.0,128,6,train
9852,metastable_019,metastable,19,51,150099,0.15,0.3,0.0,128,6,train
9853,metastable_019,metastable,19,52,150099,0.15,0.3,0.0,128,6,train
9854,metastable_019,metastable,19,53,150099,0.15,0.3,0.0,128,6,train
9855,metastable_019,metastable,19,54,150099,0.15,0.3,0.0,128,6,train
9856,metastable_019,metastable,19,55,150099,0.15,0.3,0.0,128,6,train
9857,metastable_019,metastable,19,56,150099,0.15,0.3,0.0,128,6,train
9858,metastable_019,metastable,19,57,150099,0.15,0.3,0.0,128,6,train
9859,metastable_019,metastable,19,58,150099,0.15,0.3,0.0,128,6,train
9860,metastable_019,metastable,19,59,150099,0.15,0.3,0.0,128,6,train
9861,metastable_019,metastable,19,60,150099,0.15,0.3,0.0,128,6,train
9862,metastable_019,metastable,19,61,150099,0.15,0.3,0.0,128,6,train
9863,metastable_019,metastable,19,62,150099,0.15,0.3,0.0,128,6,train
9864,metastable_019,metastable,19,63,150099,0.15,0.3,0.0,128,6,train
9865,metastable_019,metastable,19,64,150099,0.15,0.3,0.0,128,6,train
9866,metastable_019,metastable,19,65,150099,0.15,0.3,0.0,128,6,train
9867,metastable_019,metastable,19,66,150099,0.15,0.3,0.0,128,6,train
9868,metastable_019,metastable,19,67,150099,0.15,0.3,0.0,128,6,train
9869,metastable_019,metastable,19,68,150099,0.15,0.3,0.0,128,6,train
9870,metastable_019,metastable,19,69,150099,0.15,0.3,0.0,128,6,train
9871,metastable_019,metastable,19,70,150099,0.15,0.3,0.0,128,6,train
9872,metastable_019,metastable,19,71,150099,0.15,0.3,0.0,128,6,train
9873,metastable_019,metastable,19,72,150099,0.15,0.3,0.0,128,6,train
9874,metastable_019,metastable,19,73,150099,0.15,0.3,0.0,128,6,train
9875,metastable_019,metastable,19,74,150099,0.15,0.3,0.0,128,6,train
9876,metastable_019,metastable,19,75,150099,0.15,0.3,0.0,128,6,train
9877,metastable_019,metastable,19,76,150099,0.15,0.3,0.0,128,6,train
9878,metastable_019,metastable,19,77,150099,0.15,0.3,0.0,128,6,train
9879,metastable_019,metastable,19,78,150099,0.15,0.3,0.0,128,6,train
9880,metastable_019,metastable,19,79,150099,0.15,0.3,0.0,128,6,train
9881,metastable_019,metastable,19,80,150099,0.15,0.3,0.0,128,6,train
9882,metastable_019,metastable,19,81,150099,0.15,0.3,0.0,128,6,train
9883,metastable_019,metastable,19,82,150099,0.15,0.3,0.0,128,6,train
9884,metastable_019,metastable,19,83,150099,0.15,0.3,0.0,128,6,train
9885,metastable_019,metastable,19,84,150099,0.15,0.3,0.0,128,6,train
9886,metastable_019,metastable,19,85,150099,0.15,0.3,0.0,128,6,train
9887,metastable_019,metastable,19,86,150099,0.15,0.3,0.0,128,6,train
9888,metastable_019,metastable,19,87,150099,0.15,0.3,0.0,128,6,train
9889,metastable_019,metastable,19,88,150099,0.15,0.3,0.0,128,6,train
9890,metastable_019,metastable,19,89,150099,0.15,0.3,0.0,128,6,train
9891,metastable_019,metastable,19,90,150099,0.15,0.3,0.0,128,6,train
9892,metastable_019,metastable,19,91,150099,0.15,0.3,0.0,128,6,train
9893,metastable_019,metastable,19,92,150099,0.15,0.3,0.0,128,6,train
9894,metastable_019,metastable,19,93,150099,0.15,0.3,0.0,128,6,train
9895,metastable_019,metastable,19,94,150099,0.15,0.3,0.0,128,6,train
9896,metastable_019,metastable,19,95,150099,0.15,0.3,0.0,128,6,train
9897,metastable_019,metastable,19,96,150099,0.15,0.3,0.0,128,6,train
9898,metastable_019,metastable,19,97,150099,0.15,0.3,0.0,128,6,train
9899,metastable_019,metastable,19,98,150099,0.15,0.3,0.0,128,6,train
