regime,model,step,R_norm,mean_trace_error,max_trace_error,minimum_eigenvalue,negative_eigenvalue_fraction,finite,amplitude_norm
low_noise,FNO,1,24.868404388427734,0.013670610263943672,0.1497417688369751,-0.7173731327056885,0.37187498807907104,True,38.13637924194336
low_noise,FNO,2,24.851280212402344,0.012135104276239872,0.07819890975952148,-0.5286418199539185,0.3695312440395355,True,30.697175979614258
low_noise,FNO,3,24.77704620361328,0.011033679358661175,0.062407493591308594,-0.309549480676651,0.3658854067325592,True,28.12786865234375
low_noise,FNO,4,24.867454528808594,0.012259756214916706,0.21967846155166626,-0.8603014349937439,0.3635416626930237,True,27.912946701049805
low_noise,FNO,5,24.903879165649414,0.012821247801184654,0.32036393880844116,-1.4317008256912231,0.3596354126930237,True,26.947084426879883
low_noise,FNO,6,24.981014251708984,0.013068834319710732,0.3054847717285156,-1.9714772701263428,0.35494792461395264,True,26.207382202148438
low_noise,FNO,7,24.97952651977539,0.012271452695131302,0.18312692642211914,-2.0769968032836914,0.35624998807907104,True,25.0196533203125
low_noise,FNO,8,24.993270874023438,0.01230533141642809,0.11318343877792358,-1.7887502908706665,0.3567708432674408,True,24.548629760742188
low_noise,FNO,9,25.00351905822754,0.012418136931955814,0.19970166683197021,-1.8018133640289307,0.3541666567325592,True,24.302183151245117
low_noise,FNO,10,24.979717254638672,0.01215818990021944,0.20370173454284668,-1.9108617305755615,0.3515625,True,24.07550048828125
low_noise,FNO,11,24.935850143432617,0.011687010526657104,0.1737501621246338,-1.8403397798538208,0.34713542461395264,True,23.836332321166992
low_noise,FNO,12,24.949508666992188,0.011836415156722069,0.11981725692749023,-1.7648221254348755,0.34453123807907104,True,23.621856689453125
low_noise,FNO,13,25.015947341918945,0.012168713845312595,0.10361003875732422,-1.6494028568267822,0.3427083194255829,True,23.452430725097656
low_noise,FNO,14,25.11064338684082,0.012357918545603752,0.09186434745788574,-1.4947640895843506,0.34166666865348816,True,23.271442413330078
low_noise,FNO,15,25.231653213500977,0.012682070024311543,0.09097158908843994,-1.414694905281067,0.3401041626930237,True,23.095651626586914
low_noise,FNO,16,25.393211364746094,0.012977449223399162,0.09946715831756592,-1.5591413974761963,0.33984375,True,22.95233917236328
low_noise,FNO,17,25.625558853149414,0.01317946333438158,0.10517120361328125,-1.6675211191177368,0.3388020694255829,True,22.86565589904785
low_noise,FNO,18,25.95466423034668,0.013246787711977959,0.10901480913162231,-1.7486131191253662,0.34062498807907104,True,22.82396697998047
low_noise,FNO,19,26.3826961517334,0.01344379223883152,0.13769161701202393,-1.8108618259429932,0.3375000059604645,True,22.763565063476562
low_noise,FNO,20,26.848438262939453,0.013723507523536682,0.16065555810928345,-2.0130138397216797,0.33776041865348816,True,22.603561401367188
low_noise,FNO,21,27.339689254760742,0.014302822761237621,0.16135060787200928,-2.1607894897460938,0.3361979126930237,True,22.39202308654785
low_noise,FNO,22,27.926176071166992,0.014853140339255333,0.1673269271850586,-2.2480571269989014,0.34062498807907104,True,22.147258758544922
low_noise,FNO,23,28.62277603149414,0.015149039216339588,0.18840789794921875,-2.262333631515503,0.3421874940395355,True,21.885740280151367
low_noise,FNO,24,29.413936614990234,0.015440818853676319,0.1982743740081787,-2.3845646381378174,0.3486979305744171,True,21.696680068969727
low_noise,FNO,25,30.253414154052734,0.015755601227283478,0.19702696800231934,-2.514801025390625,0.35234373807907104,True,21.627944946289062
low_noise,FNO,26,31.072784423828125,0.016315225511789322,0.18811273574829102,-2.626671314239502,0.3557291626930237,True,21.670978546142578
low_noise,FNO,27,31.83340072631836,0.01672797091305256,0.18021678924560547,-2.722825765609741,0.3583333194255829,True,21.82315444946289
low_noise,FNO,28,32.52665710449219,0.01717960834503174,0.18730264902114868,-2.8045380115509033,0.3552083373069763,True,22.04297637939453
low_noise,FNO,29,33.08773422241211,0.017941340804100037,0.2003348469734192,-2.872723340988159,0.35468751192092896,True,22.219263076782227
low_noise,FNO,30,33.448577880859375,0.018156571313738823,0.20786720514297485,-2.9279143810272217,0.3567708432674408,True,22.367366790771484
low_noise,FNO,31,33.63174819946289,0.01822630688548088,0.20734328031539917,-2.970214366912842,0.3565104305744171,True,22.495065689086914
low_noise,FNO,32,33.655723571777344,0.018124908208847046,0.19032281637191772,-2.999776840209961,0.35755208134651184,True,22.600650787353516
low_noise,FNO,33,33.52488708496094,0.01810990646481514,0.15920794010162354,-3.017355442047119,0.3591145873069763,True,22.687740325927734
low_noise,FNO,34,33.24842834472656,0.017969632521271706,0.149816632270813,-3.0244290828704834,0.36276042461395264,True,22.766111373901367
low_noise,FNO,35,32.85198211669922,0.017771977931261063,0.13812577724456787,-3.02287220954895,0.3617187440395355,True,22.845149993896484
low_noise,FNO,36,32.37734603881836,0.017785854637622833,0.11298143863677979,-3.0141775608062744,0.36119791865348816,True,22.941587448120117
low_noise,FNO,37,31.864782333374023,0.018000993877649307,0.11491936445236206,-3.0022900104522705,0.3619791567325592,True,23.103309631347656
low_noise,FNO,38,31.339941024780273,0.01847202703356743,0.13062238693237305,-3.009570837020874,0.3617187440395355,True,23.426300048828125
low_noise,FNO,39,30.813573837280273,0.01916174590587616,0.15445780754089355,-3.004072904586792,0.3604166805744171,True,23.992094039916992
low_noise,FNO,40,30.305316925048828,0.01938229240477085,0.1725391149520874,-2.985672950744629,0.36328125,True,24.735767364501953
low_noise,FNO,41,29.824460983276367,0.01965239644050598,0.1776583194732666,-2.953934907913208,0.36536458134651184,True,25.5069580078125
low_noise,FNO,42,29.3875675201416,0.01998300477862358,0.17274188995361328,-2.907878875732422,0.36666667461395264,True,26.175933837890625
low_noise,FNO,43,29.029407501220703,0.020395668223500252,0.17880094051361084,-2.8458619117736816,0.3674479126930237,True,26.7397403717041
low_noise,FNO,44,28.81132698059082,0.021124135702848434,0.19754838943481445,-2.7656097412109375,0.36145833134651184,True,27.32678985595703
low_noise,FNO,45,28.759679794311523,0.02242218144237995,0.21249902248382568,-2.7539899349212646,0.3630208373069763,True,28.141023635864258
low_noise,FNO,46,28.83914566040039,0.02425636351108551,0.22363269329071045,-2.8262779712677,0.3656249940395355,True,29.44451904296875
low_noise,FNO,47,29.070316314697266,0.02670241892337799,0.2443157434463501,-2.8888914585113525,0.36536458134651184,True,31.525524139404297
low_noise,FNO,48,29.63861656188965,0.029373537749052048,0.26638197898864746,-2.940455198287964,0.3700520694255829,True,34.36503219604492
low_noise,FNO,49,30.656404495239258,0.03197934105992317,0.34382879734039307,-2.9810376167297363,0.37552082538604736,True,37.47068786621094
low_noise,FNO,50,32.010684967041016,0.03626652806997299,0.4126375913619995,-3.0114903450012207,0.38463541865348816,True,40.61888122558594
low_noise,FNO,51,33.553497314453125,0.04181893914937973,0.4635077714920044,-3.0332107543945312,0.38619792461395264,True,43.45267868041992
low_noise,FNO,52,35.14839553833008,0.04755251109600067,0.5042986869812012,-3.0478334426879883,0.3919270932674408,True,46.18391418457031
low_noise,FNO,53,36.577117919921875,0.051405321806669235,0.5098727345466614,-3.056952714920044,0.3916666805744171,True,48.977745056152344
low_noise,FNO,54,37.77815246582031,0.054844580590724945,0.631084680557251,-3.1149487495422363,0.3882812559604645,True,52.112735748291016
low_noise,FNO,55,39.169525146484375,0.05748733878135681,0.6725503206253052,-4.0971503257751465,0.3856770694255829,True,56.624149322509766
low_noise,FNO,56,41.19011688232422,0.06184704974293709,0.836650550365448,-4.8608832359313965,0.3854166567325592,True,63.418941497802734
low_noise,FNO,57,44.004573822021484,0.06883320957422256,0.8794981241226196,-5.320717811584473,0.3841145932674408,True,73.1585464477539
low_noise,FNO,58,47.625152587890625,0.0779590979218483,0.990044355392456,-5.602941513061523,0.3841145932674408,True,86.56721496582031
low_noise,FNO,59,52.22815704345703,0.09036444127559662,1.127103567123413,-5.495327949523926,0.3856770694255829,True,103.79989624023438
low_noise,FNO,60,58.135040283203125,0.10615982115268707,1.3049097061157227,-6.188880920410156,0.38072916865348816,True,125.06314086914062
low_noise,FNO,61,65.66532897949219,0.12475595623254776,1.5158696174621582,-7.213642597198486,0.3825520873069763,True,150.6754913330078
low_noise,FNO,62,75.40267944335938,0.1436844766139984,1.748497486114502,-8.092510223388672,0.3825520873069763,True,180.82003784179688
low_noise,FNO,63,87.18435668945312,0.16293512284755707,2.106525421142578,-9.057498931884766,0.3791666626930237,True,213.5489959716797
low_noise,FNO,64,101.09080505371094,0.19221973419189453,2.494328498840332,-10.750137329101562,0.3815104067325592,True,248.4491424560547
low_noise,FNO,65,116.20671081542969,0.2274644672870636,2.802297830581665,-12.940584182739258,0.3880208432674408,True,287.7378234863281
low_noise,FNO,66,132.31365966796875,0.26507332921028137,3.3719663619995117,-14.023903846740723,0.39010417461395264,True,332.73883056640625
low_noise,FNO,67,150.56459045410156,0.310263454914093,3.905979633331299,-14.42017936706543,0.38749998807907104,True,386.29962158203125
low_noise,FNO,68,173.025146484375,0.3573360741138458,4.4954729080200195,-15.990645408630371,0.3893229067325592,True,452.27496337890625
low_noise,FNO,69,199.2414093017578,0.4144754409790039,5.069766998291016,-18.542722702026367,0.3942708373069763,True,531.1483154296875
low_noise,FNO,70,231.08753967285156,0.4820902943611145,6.191466331481934,-21.11006736755371,0.3971354067325592,True,623.6524047851562
low_noise,FNO,71,270.542236328125,0.5663823485374451,7.72242546081543,-25.81625747680664,0.4036458432674408,True,736.759521484375
low_noise,FNO,72,315.9653015136719,0.6703189611434937,9.147856712341309,-29.926197052001953,0.4104166626930237,True,876.6080322265625
low_noise,FNO,73,370.3993225097656,0.7930718660354614,10.475399017333984,-33.09148025512695,0.421875,True,1036.7799072265625
low_noise,FNO,74,433.5022277832031,0.9457534551620483,12.194485664367676,-39.426055908203125,0.4299479126930237,True,1222.6787109375
low_noise,FNO,75,507.71435546875,1.1476503610610962,14.075535774230957,-44.6541862487793,0.4372395873069763,True,1440.2420654296875
low_noise,FNO,76,593.9415283203125,1.3753292560577393,16.849960327148438,-51.237823486328125,0.44348958134651184,True,1695.083740234375
low_noise,FNO,77,692.8867797851562,1.607944130897522,20.82962417602539,-58.849693298339844,0.4437499940395355,True,1999.4073486328125
low_noise,FNO,78,816.3128051757812,1.870261788368225,25.603946685791016,-71.72013854980469,0.4455729126930237,True,2363.74853515625
low_noise,FNO,79,962.2997436523438,2.206470012664795,29.222076416015625,-85.60411071777344,0.4453125,True,2794.9169921875
low_noise,FNO,80,1140.6898193359375,2.673344850540161,34.139198303222656,-100.84199523925781,0.4424479305744171,True,3312.12158203125
low_noise,FNO,81,1347.2574462890625,3.235597610473633,39.590065002441406,-116.40460205078125,0.4440104067325592,True,3925.51904296875
low_noise,FNO,82,1583.6143798828125,3.8328545093536377,48.63884735107422,-138.9091796875,0.4416666626930237,True,4654.5751953125
low_noise,FNO,83,1876.8446044921875,4.5432610511779785,59.19395446777344,-170.2426300048828,0.4361979067325592,True,5549.98583984375
low_noise,FNO,84,2225.053466796875,5.367985725402832,66.70626068115234,-207.48345947265625,0.4333333373069763,True,6617.072265625
low_noise,FNO,85,2651.310546875,6.431439399719238,78.65015411376953,-246.6148681640625,0.42890626192092896,True,7882.4951171875
low_noise,FNO,86,3176.513427734375,7.8592705726623535,98.63388061523438,-279.7991027832031,0.4208333194255829,True,9408.458984375
low_noise,FNO,87,3784.177001953125,9.461901664733887,118.07408905029297,-331.5461730957031,0.4156250059604645,True,11211.8486328125
low_noise,FNO,88,4482.05419921875,11.357439041137695,138.51217651367188,-410.2666015625,0.41458332538604736,True,13435.94921875
low_noise,FNO,89,5313.61083984375,13.348306655883789,163.7682342529297,-496.1938781738281,0.41874998807907104,True,16118.685546875
low_noise,FNO,90,6332.9169921875,15.865972518920898,194.62481689453125,-576.6150512695312,0.42526042461395264,True,19300.25
low_noise,FNO,91,7583.3564453125,19.40908432006836,241.39512634277344,-667.2091064453125,0.42890626192092896,True,23080.482421875
low_noise,FNO,92,9095.7177734375,23.397506713867188,293.65985107421875,-787.197998046875,0.4307291805744171,True,27518.666015625
low_noise,FNO,93,10806.3115234375,28.11700439453125,352.7265930175781,-1000.780517578125,0.4312500059604645,True,32968.1640625
low_noise,FNO,94,12765.404296875,33.3408203125,439.28643798828125,-1149.565185546875,0.43802082538604736,True,39663.328125
low_noise,FNO,95,15162.376953125,39.57732009887695,493.88970947265625,-1335.636962890625,0.44218748807907104,True,47523.70703125
low_noise,FNO,96,18144.40234375,48.12065887451172,593.6202392578125,-1541.742431640625,0.44088542461395264,True,56851.48046875
low_noise,FNO,97,21808.544921875,58.01619338989258,733.8884887695312,-1863.1953125,0.44088542461395264,True,67885.828125
low_noise,FNO,98,26000.640625,69.20722961425781,882.2559204101562,-2327.82080078125,0.44192707538604736,True,81189.4609375
low_noise,FNO,99,30788.203125,82.34375,1035.670166015625,-2761.1884765625,0.44583332538604736,True,97641.390625
low_noise,FNO,100,36572.76171875,99.25179290771484,1280.1636962890625,-3052.16943359375,0.4520833194255829,True,117489.3046875
low_noise,LNO,1,25.117351531982422,1.7601996304961176e-08,1.1920928955078125e-07,-1.8537801338425197e-07,0.0,True,37.834529876708984
low_noise,LNO,2,25.107105255126953,1.927837800508314e-08,1.1920928955078125e-07,-2.4935030751294107e-07,0.0,True,31.180578231811523
low_noise,LNO,3,25.111799240112305,1.6298145055770874e-08,1.1920928955078125e-07,-2.0403993516993069e-07,0.0,True,27.759004592895508
low_noise,LNO,4,25.05794906616211,1.6484410281236705e-08,1.1920928955078125e-07,-1.6947106473708118e-07,0.0,True,26.51521110534668
low_noise,LNO,5,25.027618408203125,1.6577541117612782e-08,1.1920928955078125e-07,-2.2466383597929962e-07,0.0,True,25.354568481445312
low_noise,LNO,6,25.01289939880371,1.4435499906539917e-08,1.1920928955078125e-07,-2.1044769482614356e-07,0.0,True,24.296405792236328
low_noise,LNO,7,24.97258186340332,1.685693895581153e-08,1.1920928955078125e-07,-1.757853027584133e-07,0.0,True,23.572181701660156
low_noise,LNO,8,24.90229606628418,1.685693895581153e-08,1.1920928955078125e-07,-2.1200347077865445e-07,0.0,True,22.917083740234375
low_noise,LNO,9,24.83199119567871,1.8719584105042486e-08,1.1920928955078125e-07,-2.2849826564197429e-07,0.0,True,22.262529373168945
low_noise,LNO,10,24.784337997436523,1.527368986842248e-08,1.1920928955078125e-07,-2.465703232701344e-07,0.0,True,21.674978256225586
low_noise,LNO,11,24.7613468170166,1.6111879830305043e-08,1.1920928955078125e-07,-1.7747768765730143e-07,0.0,True,21.287376403808594
low_noise,LNO,12,24.743717193603516,1.7415732855852184e-08,1.1920928955078125e-07,-2.1509764280835952e-07,0.0,True,21.202770233154297
low_noise,LNO,13,24.701831817626953,1.639127766850379e-08,1.1920928955078125e-07,-1.709852739395501e-07,0.0,True,21.189123153686523
low_noise,LNO,14,24.63700294494629,1.6484410281236705e-08,1.1920928955078125e-07,-2.2893527784617618e-07,0.0,True,21.0732479095459
low_noise,LNO,15,24.539775848388672,1.6205012443037958e-08,1.1920928955078125e-07,-2.7772478006227175e-07,0.0,True,21.108633041381836
low_noise,LNO,16,24.446348190307617,1.527368986842248e-08,1.1920928955078125e-07,-1.9247184468440537e-07,0.0,True,21.113161087036133
low_noise,LNO,17,24.376901626586914,1.7788261530427008e-08,1.1920928955078125e-07,-1.4794161984355014e-07,0.0,True,21.194913864135742
low_noise,LNO,18,24.34049415588379,1.4249235569252505e-08,1.1920928955078125e-07,-1.8709543780914828e-07,0.0,True,21.320613861083984
low_noise,LNO,19,24.318693161010742,1.816079020500183e-08,1.1920928955078125e-07,-1.9667963613301254e-07,0.0,True,21.593326568603516
low_noise,LNO,20,24.30292510986328,1.3969838619232178e-08,1.1920928955078125e-07,-1.7802615559503465e-07,0.0,True,21.987104415893555
low_noise,LNO,21,24.28016471862793,1.5646218542997303e-08,1.1920928955078125e-07,-1.6959103277258691e-07,0.0,True,22.413175582885742
low_noise,LNO,22,24.256072998046875,1.685693895581153e-08,1.1920928955078125e-07,-1.7711752775539935e-07,0.0,True,22.750112533569336
low_noise,LNO,23,24.231964111328125,1.6111879830305043e-08,1.1920928955078125e-07,-1.9504044246332342e-07,0.0,True,22.973552703857422
low_noise,LNO,24,24.21609115600586,1.7695128917694092e-08,1.1920928955078125e-07,-2.0112014453843585e-07,0.0,True,23.12380027770996
low_noise,LNO,25,24.20929718017578,1.8347055430467663e-08,1.1920928955078125e-07,-1.9621390379143122e-07,0.0,True,23.232379913330078
low_noise,LNO,26,24.21135139465332,1.6577541117612782e-08,1.1920928955078125e-07,-1.757941703317556e-07,0.0,True,23.315664291381836
low_noise,LNO,27,24.220355987548828,1.685693895581153e-08,1.1920928955078125e-07,-1.939775557957546e-07,0.0,True,23.381946563720703
low_noise,LNO,28,24.230514526367188,1.527368986842248e-08,1.1920928955078125e-07,-2.3861943532210717e-07,0.0,True,23.43562889099121
low_noise,LNO,29,24.239364624023438,1.7788261530427008e-08,1.1920928955078125e-07,-1.8751889285795187e-07,0.0,True,23.485431671142578
low_noise,LNO,30,24.24242401123047,1.927837800508314e-08,1.1920928955078125e-07,-2.4257980157926795e-07,0.0,True,23.5280704498291
low_noise,LNO,31,24.241907119750977,1.7974524979536e-08,1.1920928955078125e-07,-1.751014906403725e-07,0.0,True,23.565217971801758
low_noise,LNO,32,24.239870071411133,1.6111879830305043e-08,1.1920928955078125e-07,-1.4771589462725387e-07,0.0,True,23.594411849975586
low_noise,LNO,33,24.238636016845703,1.7229467630386353e-08,1.1920928955078125e-07,-1.6765081056746567e-07,0.0,True,23.614011764526367
low_noise,LNO,34,24.237829208374023,1.8905847554151478e-08,1.1920928955078125e-07,-1.960794691058254e-07,0.0,True,23.625221252441406
low_noise,LNO,35,24.23486328125,1.750886369222826e-08,1.1920928955078125e-07,-1.8600181306283048e-07,0.0,True,23.633655548095703
low_noise,LNO,36,24.229686737060547,1.6018748993928966e-08,1.1920928955078125e-07,-2.0333663997007534e-07,0.0,True,23.647300720214844
low_noise,LNO,37,24.22252655029297,1.7415732855852184e-08,1.1920928955078125e-07,-1.6068383956735488e-07,0.0,True,23.676822662353516
low_noise,LNO,38,24.21425437927246,1.639127766850379e-08,1.1920928955078125e-07,-1.7013319109082659e-07,0.0,True,23.73136329650879
low_noise,LNO,39,24.20479965209961,1.6298145055770874e-08,1.1920928955078125e-07,-1.5416955534419685e-07,0.0,True,23.818374633789062
low_noise,LNO,40,24.197402954101562,1.5366822481155396e-08,1.1920928955078125e-07,-1.732624639316782e-07,0.0,True,23.93914031982422
low_noise,LNO,41,24.189619064331055,1.955777406692505e-08,1.1920928955078125e-07,-1.8623464370648435e-07,0.0,True,24.092300415039062
low_noise,LNO,42,24.17350959777832,1.7229467630386353e-08,1.1920928955078125e-07,-1.6556101911646692e-07,0.0,True,24.27398109436035
low_noise,LNO,43,24.15465545654297,1.7788261530427008e-08,1.1920928955078125e-07,-1.9132772877128446e-07,0.0,True,24.460277557373047
low_noise,LNO,44,24.13829803466797,1.480802858111474e-08,1.1920928955078125e-07,-1.6733173424654524e-07,0.0,True,24.6374568939209
low_noise,LNO,45,24.125041961669922,1.5832483768463135e-08,1.1920928955078125e-07,-1.4890548527546343e-07,0.0,True,24.81777572631836
low_noise,LNO,46,24.109447479248047,1.5832483768463135e-08,1.1920928955078125e-07,-2.1761339041859173e-07,0.0,True,25.022655487060547
low_noise,LNO,47,24.090621948242188,1.4342367293807001e-08,1.1920928955078125e-07,-1.7865126267224696e-07,0.0,True,25.266817092895508
low_noise,LNO,48,24.064231872558594,1.7415732855852184e-08,1.1920928955078125e-07,-2.2542562305716274e-07,0.0,True,25.556251525878906
low_noise,LNO,49,24.033342361450195,1.8533318879576655e-08,1.1920928955078125e-07,-1.7414946285043698e-07,0.0,True,25.88574981689453
low_noise,LNO,50,23.994474411010742,1.8905847554151478e-08,1.1920928955078125e-07,-1.5866180547163822e-07,0.0,True,26.24135971069336
low_noise,LNO,51,23.942216873168945,1.5832483768463135e-08,1.1920928955078125e-07,-1.866570329411843e-07,0.0,True,26.584514617919922
low_noise,LNO,52,23.886798858642578,1.7322600243119268e-08,1.1920928955078125e-07,-1.7268004626203037e-07,0.0,True,26.86504364013672
low_noise,LNO,53,23.84161949157715,1.8253922817734747e-08,1.1920928955078125e-07,-1.7203876723215217e-07,0.0,True,27.04340171813965
low_noise,LNO,54,23.81132698059082,1.7601996304961176e-08,1.1920928955078125e-07,-1.829676534725877e-07,0.0,True,27.110376358032227
low_noise,LNO,55,23.796728134155273,1.5366822481155396e-08,1.1920928955078125e-07,-1.96081884951127e-07,0.0,True,27.069368362426758
low_noise,LNO,56,23.791112899780273,1.7415732855852184e-08,1.1920928955078125e-07,-1.6593109819496021e-07,0.0,True,26.930992126464844
low_noise,LNO,57,23.793432235717773,1.7974524979536e-08,1.1920928955078125e-07,-1.7870470969683083e-07,0.0,True,26.715675354003906
low_noise,LNO,58,23.79526710510254,1.592561638119605e-08,1.1920928955078125e-07,-2.2261554022406926e-07,0.0,True,26.47397232055664
low_noise,LNO,59,23.784666061401367,1.862645149230957e-08,1.1920928955078125e-07,-1.7531020546357468e-07,0.0,True,26.24665069580078
low_noise,LNO,60,23.78239631652832,1.592561638119605e-08,1.1920928955078125e-07,-1.6972018102023867e-07,0.0,True,26.018590927124023
low_noise,LNO,61,23.787384033203125,1.6018748993928966e-08,1.1920928955078125e-07,-1.2572473906402593e-07,0.0,True,25.80381202697754
low_noise,LNO,62,23.80251121520996,1.6670673730345698e-08,1.1920928955078125e-07,-2.1766072677564807e-07,0.0,True,25.611597061157227
low_noise,LNO,63,23.826297760009766,1.685693895581153e-08,1.1920928955078125e-07,-2.753563137503079e-07,0.0,True,25.451231002807617
low_noise,LNO,64,23.8583927154541,1.9650906679657965e-08,1.1920928955078125e-07,-2.0114362087042537e-07,0.0,True,25.332794189453125
low_noise,LNO,65,23.891605377197266,1.8533318879576655e-08,1.1920928955078125e-07,-1.8085722786054248e-07,0.0,True,25.258872985839844
low_noise,LNO,66,23.9163818359375,1.6205012443037958e-08,1.1920928955078125e-07,-2.186638994317036e-07,0.0,True,25.208538055419922
low_noise,LNO,67,23.93914794921875,1.9837170128766957e-08,1.1920928955078125e-07,-2.6890410254054586e-07,0.0,True,25.134340286254883
low_noise,LNO,68,23.958595275878906,1.8533318879576655e-08,1.1920928955078125e-07,-2.280844313418129e-07,0.0,True,25.029672622680664
low_noise,LNO,69,23.975051879882812,1.6950071568544445e-08,1.1920928955078125e-07,-2.0790139387827367e-07,0.0,True,24.898988723754883
low_noise,LNO,70,23.99327850341797,1.9185245392350225e-08,1.1920928955078125e-07,-2.2496348606182437e-07,0.0,True,24.739408493041992
low_noise,LNO,71,24.014062881469727,2.1141023154314098e-08,1.1920928955078125e-07,-2.0270512379738648e-07,0.0,True,24.55141258239746
low_noise,LNO,72,24.03919792175293,1.7788261530427008e-08,1.1920928955078125e-07,-2.2703673607793462e-07,0.0,True,24.338069915771484
low_noise,LNO,73,24.06711769104004,1.6484410281236705e-08,1.1920928955078125e-07,-1.887821241552956e-07,0.0,True,24.11724853515625
low_noise,LNO,74,24.093358993530273,1.7788261530427008e-08,1.1920928955078125e-07,-2.0925450883169106e-07,0.0,True,23.944231033325195
low_noise,LNO,75,24.121564865112305,1.6950071568544445e-08,1.1920928955078125e-07,-1.7510201644199697e-07,0.0,True,23.838584899902344
low_noise,LNO,76,24.15453338623047,1.5553087706621227e-08,1.1920928955078125e-07,-1.7647501238116092e-07,0.0,True,23.811573028564453
low_noise,LNO,77,24.19778060913086,1.7601996304961176e-08,1.1920928955078125e-07,-1.7266103213842143e-07,0.0,True,23.886503219604492
low_noise,LNO,78,24.25368309020996,1.639127766850379e-08,1.1920928955078125e-07,-2.409112482837372e-07,0.0,True,24.007999420166016
low_noise,LNO,79,24.318796157836914,1.6205012443037958e-08,1.1920928955078125e-07,-1.8295396841949696e-07,0.0,True,24.066974639892578
low_noise,LNO,80,24.369768142700195,1.8812716717775402e-08,1.1920928955078125e-07,-1.995290688228124e-07,0.0,True,24.020488739013672
low_noise,LNO,81,24.393482208251953,1.6298145055770874e-08,1.1920928955078125e-07,-2.019968547983808e-07,0.0,True,23.871732711791992
low_noise,LNO,82,24.41144561767578,1.7136335017653437e-08,1.1920928955078125e-07,-2.834431995779596e-07,0.0,True,23.652132034301758
low_noise,LNO,83,24.41741371154785,1.8998980166884394e-08,1.1920928955078125e-07,-1.9756959090955206e-07,0.0,True,23.433345794677734
low_noise,LNO,84,24.41022300720215,1.7415732855852184e-08,1.1920928955078125e-07,-1.6784139234005124e-07,0.0,True,23.301973342895508
low_noise,LNO,85,24.397214889526367,1.6670673730345698e-08,1.1920928955078125e-07,-1.8296162807018845e-07,0.0,True,23.297548294067383
low_noise,LNO,86,24.380434036254883,1.6670673730345698e-08,1.1920928955078125e-07,-1.8197272311226698e-07,0.0,True,23.3975887298584
low_noise,LNO,87,24.361095428466797,1.750886369222826e-08,1.1920928955078125e-07,-1.8375926913449803e-07,0.0,True,23.555313110351562
low_noise,LNO,88,24.342981338500977,1.6111879830305043e-08,1.1920928955078125e-07,-1.8554595726527623e-07,0.0,True,23.724750518798828
low_noise,LNO,89,24.325336456298828,1.9185245392350225e-08,1.1920928955078125e-07,-1.8155350289816852e-07,0.0,True,23.886642456054688
low_noise,LNO,90,24.309581756591797,1.7322600243119268e-08,1.1920928955078125e-07,-2.3186791509033355e-07,0.0,True,24.034116744995117
low_noise,LNO,91,24.291921615600586,1.6205012443037958e-08,1.1920928955078125e-07,-2.0170178061107435e-07,0.0,True,24.173940658569336
low_noise,LNO,92,24.27366828918457,1.8347055430467663e-08,1.1920928955078125e-07,-2.022641893972832e-07,0.0,True,24.341571807861328
low_noise,LNO,93,24.25644302368164,1.750886369222826e-08,1.1920928955078125e-07,-1.6915299738684553e-07,0.0,True,24.587949752807617
low_noise,LNO,94,24.24923324584961,1.7695128917694092e-08,1.1920928955078125e-07,-2.516924553219724e-07,0.0,True,24.88298988342285
low_noise,LNO,95,24.247926712036133,1.545995509388831e-08,1.1920928955078125e-07,-2.6610155146045145e-07,0.0,True,25.15884780883789
low_noise,LNO,96,24.244094848632812,1.6763806343078613e-08,1.1920928955078125e-07,-1.9264660977569292e-07,0.0,True,25.37586784362793
low_noise,LNO,97,24.240114212036133,1.6670673730345698e-08,1.1920928955078125e-07,-1.5956382526383095e-07,0.0,True,25.518171310424805
low_noise,LNO,98,24.243122100830078,1.7881394143159923e-08,1.1920928955078125e-07,-1.607441504347662e-07,0.0,True,25.56999397277832
low_noise,LNO,99,24.248111724853516,1.704320240492052e-08,1.1920928955078125e-07,-1.788432086868852e-07,0.0,True,25.53409194946289
low_noise,LNO,100,24.25505828857422,1.7322600243119268e-08,1.1920928955078125e-07,-1.9298802556022565e-07,0.0,True,25.417278289794922
stochastic,FNO,1,20.172224044799805,0.014482554979622364,0.11585879325866699,-0.6531134247779846,0.3348958194255829,True,36.76653289794922
stochastic,FNO,2,20.248279571533203,0.01199238933622837,0.08372890949249268,-0.45697739720344543,0.34843748807907104,True,29.060407638549805
stochastic,FNO,3,20.234460830688477,0.0114535391330719,0.10351800918579102,-0.4358753561973572,0.3479166626930237,True,26.73511505126953
stochastic,FNO,4,20.164209365844727,0.011720741167664528,0.0854792594909668,-0.5480312705039978,0.3421874940395355,True,26.082128524780273
stochastic,FNO,5,19.991436004638672,0.011177622713148594,0.09962451457977295,-0.6198747754096985,0.3408854305744171,True,24.495817184448242
stochastic,FNO,6,19.85982894897461,0.010912894271314144,0.06823253631591797,-0.3182988166809082,0.34557291865348816,True,22.570837020874023
stochastic,FNO,7,19.79974365234375,0.010815889574587345,0.07428991794586182,-0.2532038390636444,0.34557291865348816,True,21.255586624145508
stochastic,FNO,8,19.770353317260742,0.011203535832464695,0.08015215396881104,-0.26265662908554077,0.3414062559604645,True,20.390151977539062
stochastic,FNO,9,19.751489639282227,0.011317873373627663,0.07878804206848145,-0.27821075916290283,0.34166666865348816,True,19.69773292541504
stochastic,FNO,10,19.701955795288086,0.011134703643620014,0.07753562927246094,-0.2920919358730316,0.3411458432674408,True,19.093685150146484
stochastic,FNO,11,19.62923812866211,0.01103136409074068,0.07873904705047607,-0.33861497044563293,0.34036457538604736,True,18.637571334838867
stochastic,FNO,12,19.551401138305664,0.011161086149513721,0.08028149604797363,-0.39894652366638184,0.3369791805744171,True,18.311676025390625
stochastic,FNO,13,19.472911834716797,0.011437035165727139,0.09749782085418701,-0.4690960943698883,0.3335937559604645,True,18.078086853027344
stochastic,FNO,14,19.39554214477539,0.011678352952003479,0.11973893642425537,-0.5478531122207642,0.32864582538604736,True,17.928298950195312
stochastic,FNO,15,19.327205657958984,0.011978203430771828,0.12830787897109985,-0.6564526557922363,0.3226562440395355,True,17.885608673095703
stochastic,FNO,16,19.27693748474121,0.01234712265431881,0.11761742830276489,-0.7790946364402771,0.31822916865348816,True,17.963285446166992
stochastic,FNO,17,19.247783660888672,0.012654328718781471,0.12922793626785278,-0.8205462098121643,0.31458333134651184,True,18.149477005004883
stochastic,FNO,18,19.23813247680664,0.012944892048835754,0.1402515172958374,-0.8698568940162659,0.31197917461395264,True,18.43411636352539
stochastic,FNO,19,19.244274139404297,0.013265907764434814,0.14903295040130615,-0.9299452900886536,0.3096354305744171,True,18.808183670043945
stochastic,FNO,20,19.260801315307617,0.01366762351244688,0.15292692184448242,-0.9771087169647217,0.3111979067325592,True,19.25851058959961
stochastic,FNO,21,19.281322479248047,0.014144396409392357,0.151272714138031,-1.0116714239120483,0.3088541626930237,True,19.775224685668945
stochastic,FNO,22,19.29458236694336,0.014643793925642967,0.169364333152771,-1.035172462463379,0.3059895932674408,True,20.353290557861328
stochastic,FNO,23,19.28940773010254,0.015235240571200848,0.19966906309127808,-1.1453776359558105,0.30390626192092896,True,20.996755599975586
stochastic,FNO,24,19.265260696411133,0.015881266444921494,0.21105295419692993,-1.2740544080734253,0.3005208373069763,True,21.723445892333984
stochastic,FNO,25,19.229373931884766,0.016534486785531044,0.20851874351501465,-1.3340517282485962,0.29765623807907104,True,22.54416847229004
stochastic,FNO,26,19.193504333496094,0.017147105187177658,0.19753694534301758,-1.3209033012390137,0.2953124940395355,True,23.46042823791504
stochastic,FNO,27,19.169546127319336,0.017741641029715538,0.1946887969970703,-1.2476741075515747,0.29244792461395264,True,24.47199249267578
stochastic,FNO,28,19.160268783569336,0.018330570310354233,0.19783401489257812,-1.1334148645401,0.2893229126930237,True,25.55601692199707
stochastic,FNO,29,19.17496109008789,0.018922273069620132,0.21672368049621582,-1.0851854085922241,0.2854166626930237,True,26.69392204284668
stochastic,FNO,30,19.226871490478516,0.019597355276346207,0.22643792629241943,-1.1079751253128052,0.2825520932674408,True,27.932907104492188
stochastic,FNO,31,19.335649490356445,0.020489245653152466,0.24617701768875122,-1.137120246887207,0.28125,True,29.410306930541992
stochastic,FNO,32,19.560924530029297,0.022010397166013718,0.2789360284805298,-1.1605079174041748,0.27786457538604736,True,31.402830123901367
stochastic,FNO,33,20.087621688842773,0.024163728579878807,0.2956136465072632,-1.1777729988098145,0.27682292461395264,True,34.32381820678711
stochastic,FNO,34,21.354928970336914,0.027814721688628197,0.29487180709838867,-1.2457880973815918,0.2786458432674408,True,38.51565170288086
stochastic,FNO,35,23.780179977416992,0.03389068320393562,0.34961700439453125,-1.7030701637268066,0.28307291865348816,True,44.000022888183594
stochastic,FNO,36,27.10562515258789,0.04103703051805496,0.4425930976867676,-2.1333253383636475,0.28593748807907104,True,50.5374755859375
stochastic,FNO,37,30.573280334472656,0.04842750355601311,0.5430847406387329,-2.583641529083252,0.28723958134651184,True,57.71739959716797
stochastic,FNO,38,33.74911117553711,0.055109091103076935,0.6459313631057739,-2.9172909259796143,0.2874999940395355,True,65.49159240722656
stochastic,FNO,39,36.79665756225586,0.06206966191530228,0.738196611404419,-3.463538646697998,0.2874999940395355,True,74.36565399169922
stochastic,FNO,40,40.16254806518555,0.06983508169651031,0.7948964834213257,-3.984219789505005,0.28567707538604736,True,84.81099700927734
stochastic,FNO,41,44.346153259277344,0.07891447842121124,0.8816219568252563,-4.406510353088379,0.2864583432674408,True,97.5535659790039
stochastic,FNO,42,49.674007415771484,0.0897226482629776,1.010387897491455,-5.183870315551758,0.28984373807907104,True,112.99097442626953
stochastic,FNO,43,56.4050178527832,0.10202126204967499,1.179781436920166,-6.203884124755859,0.28854167461395264,True,131.30230712890625
stochastic,FNO,44,64.35292053222656,0.11769409477710724,1.4284729957580566,-7.6666388511657715,0.2861979305744171,True,152.91932678222656
stochastic,FNO,45,73.39016723632812,0.13858315348625183,1.6896812915802002,-9.295684814453125,0.2864583432674408,True,178.02793884277344
stochastic,FNO,46,83.82257843017578,0.16217155754566193,2.0160224437713623,-10.098636627197266,0.28854167461395264,True,207.32785034179688
stochastic,FNO,47,95.56658935546875,0.18709588050842285,2.4209446907043457,-10.392374038696289,0.2867187559604645,True,241.42465209960938
stochastic,FNO,48,109.637451171875,0.21468229591846466,2.8924922943115234,-12.22265625,0.28697916865348816,True,282.0351257324219
stochastic,FNO,49,125.7373046875,0.24353942275047302,3.3019609451293945,-14.071499824523926,0.2901041805744171,True,329.7618713378906
stochastic,FNO,50,144.75453186035156,0.28026461601257324,3.613406181335449,-15.244138717651367,0.2903645932674408,True,383.1393127441406
stochastic,FNO,51,166.14686584472656,0.3222760558128357,4.354438304901123,-15.819002151489258,0.29218751192092896,True,444.1586608886719
stochastic,FNO,52,191.27903747558594,0.37970665097236633,5.221461296081543,-18.753156661987305,0.29088541865348816,True,516.7788696289062
stochastic,FNO,53,221.55027770996094,0.44577160477638245,5.99951171875,-22.47184944152832,0.2945312559604645,True,602.4901733398438
stochastic,FNO,54,255.248291015625,0.5260211825370789,6.609735488891602,-24.78848648071289,0.2932291626930237,True,701.895751953125
stochastic,FNO,55,295.3590393066406,0.6307600140571594,7.874321937561035,-25.88933563232422,0.29244792461395264,True,817.9125366210938
stochastic,FNO,56,340.9104919433594,0.752484142780304,9.494416236877441,-29.35420036315918,0.2942708432674408,True,955.1264038085938
stochastic,FNO,57,392.3919677734375,0.863980770111084,11.484053611755371,-33.15641784667969,0.2955729067325592,True,1115.15283203125
stochastic,FNO,58,457.1164855957031,1.0083945989608765,13.607248306274414,-39.888267517089844,0.2966145873069763,True,1307.613525390625
stochastic,FNO,59,537.7293701171875,1.2030019760131836,15.638298034667969,-47.879669189453125,0.3005208373069763,True,1546.3607177734375
stochastic,FNO,60,634.2522583007812,1.4517782926559448,18.678464889526367,-57.030059814453125,0.30078125,True,1838.2977294921875
stochastic,FNO,61,749.2034301757812,1.7413791418075562,21.87226676940918,-64.30075073242188,0.30078125,True,2183.495361328125
stochastic,FNO,62,879.4972534179688,2.0514917373657227,26.51099967956543,-75.46686553955078,0.3023437559604645,True,2581.5966796875
stochastic,FNO,63,1041.6812744140625,2.4711570739746094,31.87285614013672,-93.62448120117188,0.3046875,True,3059.186767578125
stochastic,FNO,64,1232.023193359375,2.9359688758850098,36.71034240722656,-113.88662719726562,0.3057291805744171,True,3640.500732421875
stochastic,FNO,65,1464.04931640625,3.4998984336853027,43.214935302734375,-136.33685302734375,0.30651041865348816,True,4334.55224609375
stochastic,FNO,66,1752.8702392578125,4.1825642585754395,51.36117172241211,-156.4046630859375,0.3083333373069763,True,5162.03173828125
stochastic,FNO,67,2089.65673828125,5.037016868591309,62.256431579589844,-182.92967224121094,0.30937498807907104,True,6137.38427734375
stochastic,FNO,68,2475.18017578125,6.045075416564941,75.44915771484375,-225.98934936523438,0.3122395873069763,True,7309.388671875
stochastic,FNO,69,2931.52099609375,7.1719512939453125,90.66409301757812,-272.7610778808594,0.3151041567325592,True,8750.51171875
stochastic,FNO,70,3480.3037109375,8.50162124633789,105.11443328857422,-322.1244201660156,0.3166666626930237,True,10475.439453125
stochastic,FNO,71,4154.16357421875,10.190993309020996,124.53837585449219,-373.6419677734375,0.31640625,True,12505.640625
stochastic,FNO,72,4980.35791015625,12.49146842956543,153.29092407226562,-439.6173095703125,0.3153645694255829,True,14892.2939453125
stochastic,FNO,73,5932.341796875,15.064005851745605,187.2774200439453,-520.0578002929688,0.3179687559604645,True,17768.3359375
stochastic,FNO,74,6999.73291015625,17.96656608581543,227.44882202148438,-655.5831298828125,0.3218750059604645,True,21334.451171875
stochastic,FNO,75,8321.4111328125,21.25802230834961,271.04913330078125,-745.634033203125,0.3265624940395355,True,25637.78515625
stochastic,FNO,76,9917.0244140625,25.29697036743164,316.2127685546875,-876.8294067382812,0.3278645873069763,True,30731.755859375
stochastic,FNO,77,11905.43359375,30.82328224182129,384.67218017578125,-1015.093017578125,0.3294270932674408,True,36656.84375
stochastic,FNO,78,14227.056640625,37.27653884887695,462.443603515625,-1223.923095703125,0.3304687440395355,True,43743.640625
stochastic,FNO,79,16852.072265625,44.29395294189453,567.0654296875,-1543.866455078125,0.3317708373069763,True,52436.55859375
stochastic,FNO,80,19985.638671875,53.16942596435547,701.2708129882812,-1730.0809326171875,0.3356770873069763,True,63064.03125
stochastic,FNO,81,23695.919921875,63.3963623046875,811.785888671875,-2047.4920654296875,0.3385416567325592,True,75775.09375
stochastic,FNO,82,28414.09765625,76.25927734375,950.5287475585938,-2290.25341796875,0.34062498807907104,True,90528.7265625
stochastic,FNO,83,34220.96875,92.1063232421875,1171.035400390625,-2863.278076171875,0.34375,True,108107.8203125
stochastic,FNO,84,40626.96484375,109.5365982055664,1377.479736328125,-3564.779296875,0.3440104126930237,True,129525.9921875
stochastic,FNO,85,48375.02734375,130.3061981201172,1683.3309326171875,-4144.779296875,0.3479166626930237,True,155531.9375
stochastic,FNO,86,57446.8671875,157.63514709472656,1976.300537109375,-4708.0771484375,0.35104167461395264,True,187055.890625
stochastic,FNO,87,68366.4296875,187.8324432373047,2376.5068359375,-5620.69482421875,0.3567708432674408,True,224109.765625
stochastic,FNO,88,82191.9921875,224.70468139648438,2848.603759765625,-6759.71484375,0.35859376192092896,True,267587.65625
stochastic,FNO,89,98331.65625,269.39251708984375,3450.87548828125,-8098.48193359375,0.36145833134651184,True,320218.46875
stochastic,FNO,90,117340.65625,319.2193603515625,4121.60302734375,-9855.474609375,0.3635416626930237,True,383880.46875
stochastic,FNO,91,139919.609375,380.53753662109375,4948.06640625,-11070.9521484375,0.36796873807907104,True,459908.625
stochastic,FNO,92,166505.34375,459.2665100097656,5764.79296875,-13480.4189453125,0.37317708134651184,True,550567.8125
stochastic,FNO,93,198701.75,546.6666259765625,6708.20556640625,-16669.47265625,0.3791666626930237,True,656930.0
stochastic,FNO,94,237782.3125,652.5672607421875,8256.607421875,-19759.208984375,0.38203126192092896,True,784837.625
stochastic,FNO,95,283703.65625,780.7800903320312,9977.8544921875,-23344.044921875,0.38671875,True,939306.0625
stochastic,FNO,96,338759.6875,928.0017700195312,11920.0546875,-27020.11328125,0.38984376192092896,True,1124170.375
stochastic,FNO,97,404840.5625,1107.141357421875,14208.09375,-31692.833984375,0.3934895694255829,True,1344184.5
stochastic,FNO,98,483026.375,1326.2191162109375,16745.115234375,-38656.140625,0.39375001192092896,True,1605655.5
stochastic,FNO,99,576458.5625,1582.7294921875,19280.21875,-46462.2265625,0.39531248807907104,True,1915479.875
stochastic,FNO,100,688098.5625,1893.889892578125,23389.505859375,-54929.9609375,0.3932291567325592,True,2287975.0
stochastic,LNO,1,20.453414916992188,7.916241884231567e-09,1.1920928955078125e-07,-1.8840930238184228e-07,0.0,True,36.691368103027344
stochastic,LNO,2,20.082441329956055,6.6123901909520555e-09,1.1920928955078125e-07,-1.5152426158238086e-07,0.0,True,29.695188522338867
stochastic,LNO,3,19.957820892333984,6.705522359595761e-09,1.1920928955078125e-07,-1.7872108060146275e-07,0.0,True,26.4656925201416
stochastic,LNO,4,19.89998435974121,8.847564458847046e-09,1.1920928955078125e-07,-1.978535379976165e-07,0.0,True,25.177263259887695
stochastic,LNO,5,19.902620315551758,6.984919309616089e-09,1.1920928955078125e-07,-1.73201399888967e-07,0.0,True,23.799013137817383
stochastic,LNO,6,19.88922119140625,7.63684493421124e-09,1.1920928955078125e-07,-1.8980580307470518e-07,0.0,True,22.778078079223633
stochastic,LNO,7,19.85848617553711,8.381903171539307e-09,1.1920928955078125e-07,-1.6806768599053612e-07,0.0,True,21.798507690429688
stochastic,LNO,8,19.810579299926758,8.475035784272222e-09,1.1920928955078125e-07,-2.1631161928326037e-07,0.0,True,20.84520721435547
stochastic,LNO,9,19.768598556518555,7.63684493421124e-09,1.1920928955078125e-07,-2.1754088663783477e-07,0.0,True,20.014936447143555
stochastic,LNO,10,19.725658416748047,7.450580596923828e-09,1.1920928955078125e-07,-2.011484099284644e-07,0.0,True,19.44917106628418
stochastic,LNO,11,19.674043655395508,8.75443184611413e-09,1.1920928955078125e-07,-1.473496524795337e-07,0.0,True,19.181203842163086
stochastic,LNO,12,19.6225643157959,6.984919309616089e-09,1.1920928955078125e-07,-1.400484990199402e-07,0.0,True,19.082550048828125
stochastic,LNO,13,19.572599411010742,7.264316259636416e-09,1.1920928955078125e-07,-1.690034139301133e-07,0.0,True,18.93440818786621
stochastic,LNO,14,19.532276153564453,7.63684493421124e-09,1.1920928955078125e-07,-1.553077169091921e-07,0.0,True,18.625083923339844
stochastic,LNO,15,19.507558822631836,7.823109271498652e-09,1.1920928955078125e-07,-1.8091451181589946e-07,0.0,True,18.168834686279297
stochastic,LNO,16,19.5003719329834,7.916241884231567e-09,1.1920928955078125e-07,-2.1897949409321882e-07,0.0,True,17.64048194885254
stochastic,LNO,17,19.516653060913086,8.475035784272222e-09,1.1920928955078125e-07,-2.0758380969709833e-07,0.0,True,17.07640266418457
stochastic,LNO,18,19.558902740478516,6.51925802230835e-09,1.1920928955078125e-07,-2.7168147198608494e-07,0.0,True,16.48867416381836
stochastic,LNO,19,19.618980407714844,8.847564458847046e-09,1.1920928955078125e-07,-1.8480474750504072e-07,0.0,True,15.909855842590332
stochastic,LNO,20,19.666973114013672,7.078051478259795e-09,1.1920928955078125e-07,-1.8147039781979402e-07,0.0,True,15.377140998840332
stochastic,LNO,21,19.6864070892334,1.0151415708037348e-08,1.1920928955078125e-07,-2.198092943217489e-07,0.0,True,14.92862319946289
stochastic,LNO,22,19.685136795043945,8.288770558806391e-09,1.1920928955078125e-07,-1.7344135017083318e-07,0.0,True,14.587715148925781
stochastic,LNO,23,19.674829483032227,7.171183646903501e-09,1.1920928955078125e-07,-2.4503356144123245e-07,0.0,True,14.344959259033203
stochastic,LNO,24,19.65938949584961,5.681067616336577e-09,1.1920928955078125e-07,-1.762317651810008e-07,0.0,True,14.195542335510254
stochastic,LNO,25,19.639616012573242,8.568167508826718e-09,1.1920928955078125e-07,-1.4357085831306904e-07,0.0,True,14.135583877563477
stochastic,LNO,26,19.621475219726562,9.033828796134458e-09,1.1920928955078125e-07,-1.9975863096988178e-07,0.0,True,14.155587196350098
stochastic,LNO,27,19.60462760925293,7.543713209656744e-09,1.1920928955078125e-07,-1.2608893484866712e-07,0.0,True,14.252986907958984
stochastic,LNO,28,19.584922790527344,8.195638834251895e-09,1.1920928955078125e-07,-1.2123727799462358e-07,0.0,True,14.418567657470703
stochastic,LNO,29,19.555194854736328,9.499490083442197e-09,1.1920928955078125e-07,-1.5723917101695406e-07,0.0,True,14.621114730834961
stochastic,LNO,30,19.51760482788086,9.406358358887701e-09,1.1920928955078125e-07,-1.5857312973821536e-07,0.0,True,14.801197052001953
stochastic,LNO,31,19.47820281982422,8.381903171539307e-09,1.1920928955078125e-07,-1.4086276678426657e-07,0.0,True,14.92151165008545
stochastic,LNO,32,19.44105339050293,7.171183646903501e-09,1.1920928955078125e-07,-2.7321596007823246e-07,0.0,True,15.010732650756836
stochastic,LNO,33,19.406715393066406,6.705522359595761e-09,1.1920928955078125e-07,-1.3637271933930606e-07,0.0,True,15.07205867767334
stochastic,LNO,34,19.378999710083008,7.357448428280122e-09,1.1920928955078125e-07,-1.6944562730714097e-07,0.0,True,15.099056243896484
stochastic,LNO,35,19.357009887695312,6.798654972328677e-09,1.1920928955078125e-07,-2.0417338930656115e-07,0.0,True,15.109285354614258
stochastic,LNO,36,19.338356018066406,7.63684493421124e-09,1.1920928955078125e-07,-1.5225711536004383e-07,0.0,True,15.139364242553711
stochastic,LNO,37,19.306554794311523,7.916241884231567e-09,1.1920928955078125e-07,-1.509309726088759e-07,0.0,True,15.243390083312988
stochastic,LNO,38,19.28622817993164,7.171183646903501e-09,1.1920928955078125e-07,-1.255121304666318e-07,0.0,True,15.308279991149902
stochastic,LNO,39,19.26369857788086,8.661300121559634e-09,1.1920928955078125e-07,-1.2516917990978982e-07,0.0,True,15.340542793273926
stochastic,LNO,40,19.244787216186523,9.592622696175113e-09,1.1920928955078125e-07,-1.4335155640310404e-07,0.0,True,15.344521522521973
stochastic,LNO,41,19.235292434692383,7.357448428280122e-09,1.1920928955078125e-07,-1.5386154927909956e-07,0.0,True,15.330698013305664
stochastic,LNO,42,19.23194122314453,7.264316259636416e-09,1.1920928955078125e-07,-1.1608381811356594e-07,0.0,True,15.28090763092041
stochastic,LNO,43,19.23185920715332,8.009374496964483e-09,1.1920928955078125e-07,-1.32343956238401e-07,0.0,True,15.184030532836914
stochastic,LNO,44,19.236934661865234,7.450580596923828e-09,1.1920928955078125e-07,-1.3884233851513272e-07,0.0,True,15.048223495483398
stochastic,LNO,45,19.2460880279541,1.0058283983482852e-08,1.1920928955078125e-07,-1.5076957993187534e-07,0.0,True,14.881698608398438
stochastic,LNO,46,19.264404296875,9.126961408867373e-09,1.1920928955078125e-07,-1.3883514782264683e-07,0.0,True,14.735279083251953
stochastic,LNO,47,19.28789710998535,9.592622696175113e-09,1.1920928955078125e-07,-1.7737039570420166e-07,0.0,True,14.656197547912598
stochastic,LNO,48,19.31866455078125,8.381903171539307e-09,1.1920928955078125e-07,-1.3707602875001612e-07,0.0,True,14.612135887145996
stochastic,LNO,49,19.33514976501465,9.778887033462524e-09,1.1920928955078125e-07,-1.20527957392369e-07,0.0,True,14.561944007873535
stochastic,LNO,50,19.352088928222656,7.729977546944156e-09,1.1920928955078125e-07,-1.2618150435628195e-07,0.0,True,14.494093894958496
stochastic,LNO,51,19.371238708496094,8.195638834251895e-09,1.1920928955078125e-07,-1.2940141402850713e-07,0.0,True,14.415678977966309
stochastic,LNO,52,19.39141845703125,9.685754420729609e-09,1.1920928955078125e-07,-1.4602352393922047e-07,0.0,True,14.3333101272583
stochastic,LNO,53,19.410032272338867,8.381903171539307e-09,1.1920928955078125e-07,-1.6484551679241122e-07,0.0,True,14.247140884399414
stochastic,LNO,54,19.426294326782227,9.126961408867373e-09,1.1920928955078125e-07,-1.5094155969563872e-07,0.0,True,14.16269302368164
stochastic,LNO,55,19.439359664916992,8.847564458847046e-09,1.1920928955078125e-07,-1.4328557540466136e-07,0.0,True,14.082429885864258
stochastic,LNO,56,19.44952392578125,8.661300121559634e-09,1.1920928955078125e-07,-1.492054195750825e-07,0.0,True,14.013482093811035
stochastic,LNO,57,19.456167221069336,8.75443184611413e-09,1.1920928955078125e-07,-1.1915116004956872e-07,0.0,True,13.963266372680664
stochastic,LNO,58,19.462369918823242,7.264316259636416e-09,1.1920928955078125e-07,-1.7681934139091027e-07,0.0,True,13.938872337341309
stochastic,LNO,59,19.467607498168945,1.033768093350318e-08,1.1920928955078125e-07,-1.1589929016508904e-07,0.0,True,13.947402000427246
stochastic,LNO,60,19.47332191467285,7.078051478259795e-09,1.1920928955078125e-07,-1.3184204306071479e-07,0.0,True,13.99059009552002
stochastic,LNO,61,19.479778289794922,8.288770558806391e-09,1.1920928955078125e-07,-1.3269513488012308e-07,0.0,True,14.066835403442383
stochastic,LNO,62,19.483247756958008,8.661300121559634e-09,1.1920928955078125e-07,-2.0489991925387585e-07,0.0,True,14.174431800842285
stochastic,LNO,63,19.48262596130371,1.0151415708037348e-08,1.1920928955078125e-07,-1.4066793596612115e-07,0.0,True,14.304753303527832
stochastic,LNO,64,19.480653762817383,7.450580596923828e-09,1.1920928955078125e-07,-2.0195700756175938e-07,0.0,True,14.449016571044922
stochastic,LNO,65,19.479257583618164,8.288770558806391e-09,1.1920928955078125e-07,-1.241679825625397e-07,0.0,True,14.600902557373047
stochastic,LNO,66,19.478477478027344,8.75443184611413e-09,1.1920928955078125e-07,-1.4809766923917778e-07,0.0,True,14.74618911743164
stochastic,LNO,67,19.476839065551758,8.195638834251895e-09,1.1920928955078125e-07,-1.309631585399984e-07,0.0,True,14.879623413085938
stochastic,LNO,68,19.4732608795166,8.009374496964483e-09,1.1920928955078125e-07,-1.5136957642880589e-07,0.0,True,15.000916481018066
stochastic,LNO,69,19.46990394592285,8.102506221518979e-09,1.1920928955078125e-07,-1.2915661784518306e-07,0.0,True,15.106451034545898
stochastic,LNO,70,19.46822166442871,6.239861072288022e-09,1.1920928955078125e-07,-2.051663727797859e-07,0.0,True,15.184087753295898
stochastic,LNO,71,19.469728469848633,6.146728903644316e-09,1.1920928955078125e-07,-1.2895554846181767e-07,0.0,True,15.224556922912598
stochastic,LNO,72,19.472719192504883,9.313225746154785e-09,1.1920928955078125e-07,-1.63399931807362e-07,0.0,True,15.2268648147583
stochastic,LNO,73,19.47504425048828,9.778887033462524e-09,1.1920928955078125e-07,-1.4097994949224812e-07,0.0,True,15.201447486877441
stochastic,LNO,74,19.474687576293945,7.264316259636416e-09,1.1920928955078125e-07,-1.2784067848770064e-07,0.0,True,15.16168212890625
stochastic,LNO,75,19.473764419555664,9.499490083442197e-09,1.1920928955078125e-07,-1.615374145558235e-07,0.0,True,15.10411262512207
stochastic,LNO,76,19.475446701049805,6.891787140972383e-09,1.1920928955078125e-07,-1.5245908002725628e-07,0.0,True,15.032319068908691
stochastic,LNO,77,19.47570037841797,8.009374496964483e-09,1.1920928955078125e-07,-1.8570551674201852e-07,0.0,True,14.984908103942871
stochastic,LNO,78,19.478927612304688,8.009374496964483e-09,1.1920928955078125e-07,-1.2690645689872326e-07,0.0,True,14.946006774902344
stochastic,LNO,79,19.47600746154785,7.264316259636416e-09,1.1920928955078125e-07,-1.4546600368703366e-07,0.0,True,14.862800598144531
stochastic,LNO,80,19.469741821289062,1.0430812658057675e-08,1.1920928955078125e-07,-1.9169499410054414e-07,0.0,True,14.750968933105469
stochastic,LNO,81,19.46383285522461,9.22009313342187e-09,1.1920928955078125e-07,-1.4284911742379336e-07,0.0,True,14.634748458862305
stochastic,LNO,82,19.463993072509766,6.705522359595761e-09,1.1920928955078125e-07,-1.2627462808723067e-07,0.0,True,14.521721839904785
stochastic,LNO,83,19.468399047851562,8.195638834251895e-09,1.1920928955078125e-07,-1.4471177678387903e-07,0.0,True,14.413614273071289
stochastic,LNO,84,19.46409797668457,1.0244548320770264e-08,1.1920928955078125e-07,-1.427627864813985e-07,0.0,True,14.404582023620605
stochastic,LNO,85,19.454105377197266,9.592622696175113e-09,1.1920928955078125e-07,-1.308424657509022e-07,0.0,True,14.534385681152344
stochastic,LNO,86,19.438663482666016,7.450580596923828e-09,1.1920928955078125e-07,-1.6027337323976099e-07,0.0,True,14.551290512084961
stochastic,LNO,87,19.420188903808594,8.475035784272222e-09,1.1920928955078125e-07,-1.3083393923807307e-07,0.0,True,14.442342758178711
stochastic,LNO,88,19.406997680664062,8.009374496964483e-09,1.1920928955078125e-07,-1.2809300642402377e-07,0.0,True,14.305426597595215
stochastic,LNO,89,19.387147903442383,7.543713209656744e-09,1.1920928955078125e-07,-1.525838086990916e-07,0.0,True,14.320656776428223
stochastic,LNO,90,19.361995697021484,8.195638834251895e-09,1.1920928955078125e-07,-1.5531057329098985e-07,0.0,True,14.508225440979004
stochastic,LNO,91,19.345069885253906,8.288770558806391e-09,1.1920928955078125e-07,-1.219604683910802e-07,0.0,True,14.70644474029541
stochastic,LNO,92,19.345766067504883,8.847564458847046e-09,1.1920928955078125e-07,-1.3413541921636352e-07,0.0,True,14.891700744628906
stochastic,LNO,93,19.36301612854004,6.426125853664644e-09,1.1920928955078125e-07,-1.6336235830749501e-07,0.0,True,15.031082153320312
stochastic,LNO,94,19.393333435058594,7.543713209656744e-09,1.1920928955078125e-07,-2.0212274876030278e-07,0.0,True,15.100495338439941
stochastic,LNO,95,19.421607971191406,8.568167508826718e-09,1.1920928955078125e-07,-1.3958421618553984e-07,0.0,True,15.14024829864502
stochastic,LNO,96,19.45256996154785,6.705522359595761e-09,1.1920928955078125e-07,-1.2949955419117032e-07,0.0,True,15.182271957397461
stochastic,LNO,97,19.486358642578125,8.475035784272222e-09,1.1920928955078125e-07,-1.2833255880195793e-07,0.0,True,15.031746864318848
stochastic,LNO,98,19.525053024291992,6.798654972328677e-09,1.1920928955078125e-07,-1.2373594415748812e-07,0.0,True,14.810725212097168
stochastic,LNO,99,19.55401611328125,7.543713209656744e-09,1.1920928955078125e-07,-1.0685131712762086e-07,0.0,True,14.654314041137695
stochastic,LNO,100,19.57533836364746,9.406358358887701e-09,1.1920928955078125e-07,-1.4700189865379798e-07,0.0,True,14.467568397521973
heavy_dissipation,FNO,1,23.19622039794922,0.013795365579426289,0.12654554843902588,-0.6934691071510315,0.34583333134651184,True,37.97096633911133
heavy_dissipation,FNO,2,23.19655990600586,0.011364554055035114,0.07849752902984619,-0.4917933940887451,0.33541667461395264,True,30.53510856628418
heavy_dissipation,FNO,3,23.1262149810791,0.010216363705694675,0.07462751865386963,-0.3018951416015625,0.3348958194255829,True,28.263072967529297
heavy_dissipation,FNO,4,23.124727249145508,0.01139078289270401,0.21431076526641846,-0.5611104965209961,0.32421875,True,27.855560302734375
heavy_dissipation,FNO,5,23.11679458618164,0.011891421861946583,0.34131813049316406,-1.1979326009750366,0.3192708194255829,True,26.935848236083984
heavy_dissipation,FNO,6,23.12430763244629,0.011590024456381798,0.3286668062210083,-1.586884617805481,0.3125,True,25.78522300720215
heavy_dissipation,FNO,7,23.067974090576172,0.010962968692183495,0.16725754737854004,-1.6195865869522095,0.31197917461395264,True,24.87154197692871
heavy_dissipation,FNO,8,23.02058219909668,0.010480931960046291,0.08578568696975708,-1.4205530881881714,0.3059895932674408,True,24.333961486816406
heavy_dissipation,FNO,9,22.949390411376953,0.010622701607644558,0.11565941572189331,-1.2054086923599243,0.30416667461395264,True,23.939577102661133
heavy_dissipation,FNO,10,22.866527557373047,0.010474920272827148,0.1333538293838501,-1.1785321235656738,0.3005208373069763,True,23.556285858154297
heavy_dissipation,FNO,11,22.788713455200195,0.010357724502682686,0.13970208168029785,-1.1960874795913696,0.2940104305744171,True,23.229455947875977
heavy_dissipation,FNO,12,22.720247268676758,0.010626742616295815,0.13043075799942017,-1.1700855493545532,0.28854167461395264,True,22.99932098388672
heavy_dissipation,FNO,13,22.663076400756836,0.010830974206328392,0.11700654029846191,-1.0940556526184082,0.2867187559604645,True,22.821826934814453
heavy_dissipation,FNO,14,22.609031677246094,0.010886654257774353,0.10643762350082397,-0.9700339436531067,0.28567707538604736,True,22.63795280456543
heavy_dissipation,FNO,15,22.561365127563477,0.010945011861622334,0.09889024496078491,-1.011562705039978,0.2825520932674408,True,22.453857421875
heavy_dissipation,FNO,16,22.522363662719727,0.010986154899001122,0.09108996391296387,-1.0475389957427979,0.2809895873069763,True,22.273927688598633
heavy_dissipation,FNO,17,22.496129989624023,0.010965912602841854,0.08224254846572876,-1.0799881219863892,0.27812498807907104,True,22.100454330444336
heavy_dissipation,FNO,18,22.48797607421875,0.010882453992962837,0.07109785079956055,-1.110321044921875,0.2760416567325592,True,21.93109130859375
heavy_dissipation,FNO,19,22.506315231323242,0.0107576297596097,0.07125943899154663,-1.139352798461914,0.2721354067325592,True,21.766237258911133
heavy_dissipation,FNO,20,22.556360244750977,0.010687419213354588,0.07897645235061646,-1.167383074760437,0.2692708373069763,True,21.609745025634766
heavy_dissipation,FNO,21,22.63652801513672,0.010662032291293144,0.08767545223236084,-1.1943461894989014,0.26953125,True,21.46742820739746
heavy_dissipation,FNO,22,22.744020462036133,0.01067389827221632,0.09270840883255005,-1.2199947834014893,0.2697916626930237,True,21.34285545349121
heavy_dissipation,FNO,23,22.877559661865234,0.01067428570240736,0.09344691038131714,-1.3394181728363037,0.27031248807907104,True,21.2401065826416
heavy_dissipation,FNO,24,23.036649703979492,0.010700026527047157,0.09150505065917969,-1.5018343925476074,0.2763020694255829,True,21.160400390625
heavy_dissipation,FNO,25,23.221349716186523,0.01082863099873066,0.08855801820755005,-1.671587586402893,0.27734375,True,21.10257339477539
heavy_dissipation,FNO,26,23.432756423950195,0.010993735864758492,0.08567678928375244,-1.8407492637634277,0.2802083194255829,True,21.069406509399414
heavy_dissipation,FNO,27,23.673723220825195,0.01117329765111208,0.08429622650146484,-2.001263380050659,0.2825520932674408,True,21.07177734375
heavy_dissipation,FNO,28,23.951148986816406,0.011386835016310215,0.08178174495697021,-2.1469008922576904,0.2854166626930237,True,21.122438430786133
heavy_dissipation,FNO,29,24.27776527404785,0.011712329462170601,0.08476030826568604,-2.2745046615600586,0.2890625,True,21.231897354125977
heavy_dissipation,FNO,30,24.66502571105957,0.01218956895172596,0.10490798950195312,-2.3839683532714844,0.2916666567325592,True,21.41834831237793
heavy_dissipation,FNO,31,25.113815307617188,0.012869467958807945,0.12922894954681396,-2.4771876335144043,0.29479166865348816,True,21.70830726623535
heavy_dissipation,FNO,32,25.621429443359375,0.013687620870769024,0.15793967247009277,-2.5567991733551025,0.2994791567325592,True,22.12073516845703
heavy_dissipation,FNO,33,26.189544677734375,0.01456575095653534,0.18815630674362183,-2.6253600120544434,0.30781251192092896,True,22.657798767089844
heavy_dissipation,FNO,34,26.81619644165039,0.015422999858856201,0.2052430510520935,-2.6850526332855225,0.3140625059604645,True,23.310256958007812
heavy_dissipation,FNO,35,27.49464225769043,0.016305942088365555,0.1861107349395752,-2.7375950813293457,0.31692707538604736,True,24.07066535949707
heavy_dissipation,FNO,36,28.245927810668945,0.017425503581762314,0.15536385774612427,-2.7840781211853027,0.32213541865348816,True,24.935985565185547
heavy_dissipation,FNO,37,29.131488800048828,0.01886364445090294,0.1713869571685791,-2.8247342109680176,0.3252604305744171,True,25.92372703552246
heavy_dissipation,FNO,38,30.209182739257812,0.020589005202054977,0.1947842240333557,-2.8589653968811035,0.3296875059604645,True,27.071325302124023
heavy_dissipation,FNO,39,31.513931274414062,0.022592857480049133,0.1972811222076416,-2.885847330093384,0.3333333432674408,True,28.447004318237305
heavy_dissipation,FNO,40,33.06838607788086,0.02438274398446083,0.2202000617980957,-2.904855251312256,0.3411458432674408,True,30.1461181640625
heavy_dissipation,FNO,41,34.85190200805664,0.026189949363470078,0.20688581466674805,-2.916264772415161,0.34557291865348816,True,32.246673583984375
heavy_dissipation,FNO,42,36.81816101074219,0.028538893908262253,0.24222838878631592,-2.9210269451141357,0.3466145694255829,True,34.71643829345703
heavy_dissipation,FNO,43,38.866455078125,0.031484246253967285,0.2842983603477478,-2.920431613922119,0.3473958373069763,True,37.54602813720703
heavy_dissipation,FNO,44,40.8814582824707,0.03545558825135231,0.3393767476081848,-2.9158124923706055,0.34583333134651184,True,40.84593963623047
heavy_dissipation,FNO,45,42.865474700927734,0.04111746698617935,0.43545210361480713,-2.908388376235962,0.3526041805744171,True,44.744197845458984
heavy_dissipation,FNO,46,44.80463790893555,0.04769941419363022,0.5344879627227783,-2.8991353511810303,0.36328125,True,49.24458694458008
heavy_dissipation,FNO,47,46.620914459228516,0.05588262155652046,0.5158436298370361,-3.1136622428894043,0.3752604126930237,True,53.73356246948242
heavy_dissipation,FNO,48,48.31782913208008,0.06102626398205757,0.5960046052932739,-3.2709603309631348,0.37838542461395264,True,57.16127395629883
heavy_dissipation,FNO,49,49.47673797607422,0.06644126027822495,0.6208295822143555,-3.0826146602630615,0.38072916865348816,True,59.95572280883789
heavy_dissipation,FNO,50,49.998626708984375,0.071503646671772,0.639122486114502,-3.1239712238311768,0.3843750059604645,True,63.964080810546875
heavy_dissipation,FNO,51,50.217647552490234,0.07497172057628632,0.6248167753219604,-2.980916976928711,0.3869791626930237,True,70.28569793701172
heavy_dissipation,FNO,52,50.90473175048828,0.0780114084482193,0.7437573671340942,-3.834005832672119,0.3841145932674408,True,79.28731536865234
heavy_dissipation,FNO,53,52.873252868652344,0.0845646858215332,0.922459602355957,-4.567975044250488,0.3880208432674408,True,91.22769927978516
heavy_dissipation,FNO,54,56.1846809387207,0.09475576877593994,1.1623117923736572,-5.091817378997803,0.38854166865348816,True,106.40079498291016
heavy_dissipation,FNO,55,60.98347091674805,0.10817734152078629,1.4109277725219727,-5.803508281707764,0.3893229067325592,True,125.05715942382812
heavy_dissipation,FNO,56,67.35795593261719,0.12320210784673691,1.5096526145935059,-6.6863908767700195,0.39140623807907104,True,147.6415252685547
heavy_dissipation,FNO,57,75.08218383789062,0.14277960360050201,1.9069757461547852,-7.806710720062256,0.39114582538604736,True,174.36656188964844
heavy_dissipation,FNO,58,85.03164672851562,0.16655266284942627,2.2428386211395264,-8.958185195922852,0.3903645873069763,True,205.6101837158203
heavy_dissipation,FNO,59,97.70443725585938,0.19047828018665314,2.5623202323913574,-10.324270248413086,0.3929687440395355,True,242.0677947998047
heavy_dissipation,FNO,60,113.1378173828125,0.22413067519664764,3.047451972961426,-11.318534851074219,0.3921875059604645,True,285.0874938964844
heavy_dissipation,FNO,61,130.13565063476562,0.2626711428165436,3.614230155944824,-12.680574417114258,0.39010417461395264,True,334.7972717285156
heavy_dissipation,FNO,62,148.36692810058594,0.30068665742874146,4.2218451499938965,-13.657427787780762,0.39010417461395264,True,390.42315673828125
heavy_dissipation,FNO,63,170.10118103027344,0.34790346026420593,5.269979953765869,-15.743598937988281,0.38723957538604736,True,453.8398132324219
heavy_dissipation,FNO,64,197.39370727539062,0.4092864394187927,6.263452529907227,-18.331039428710938,0.3869791626930237,True,533.1123046875
heavy_dissipation,FNO,65,231.18817138671875,0.4864620566368103,7.154775619506836,-21.022066116333008,0.37968748807907104,True,629.6300048828125
heavy_dissipation,FNO,66,270.7669982910156,0.5909126996994019,7.63169002532959,-24.36905860900879,0.37708333134651184,True,742.8992309570312
heavy_dissipation,FNO,67,316.0342712402344,0.706463098526001,8.483687400817871,-27.65226936340332,0.3747395873069763,True,874.2666015625
heavy_dissipation,FNO,68,366.78033447265625,0.8285926580429077,10.214456558227539,-31.35211181640625,0.3721354305744171,True,1027.236328125
heavy_dissipation,FNO,69,425.55303955078125,0.9592119455337524,12.329488754272461,-37.278499603271484,0.37578123807907104,True,1207.4322509765625
heavy_dissipation,FNO,70,499.2319030761719,1.1137325763702393,14.414908409118652,-44.83704376220703,0.3747395873069763,True,1427.2998046875
heavy_dissipation,FNO,71,590.9742431640625,1.3510222434997559,17.16014862060547,-53.762474060058594,0.37291666865348816,True,1696.7109375
heavy_dissipation,FNO,72,701.10888671875,1.6420409679412842,20.525348663330078,-63.74467849731445,0.3708333373069763,True,2021.960205078125
heavy_dissipation,FNO,73,828.1015014648438,1.9568071365356445,23.93791389465332,-70.33448028564453,0.36796873807907104,True,2400.7060546875
heavy_dissipation,FNO,74,973.8734130859375,2.3124518394470215,29.109575271606445,-84.15275573730469,0.3635416626930237,True,2841.484130859375
heavy_dissipation,FNO,75,1151.6136474609375,2.7651963233947754,34.441993713378906,-104.02513885498047,0.3622395694255829,True,3374.788330078125
heavy_dissipation,FNO,76,1360.2352294921875,3.278200626373291,40.574005126953125,-124.35517120361328,0.3570312559604645,True,4017.948486328125
heavy_dissipation,FNO,77,1618.4957275390625,3.9307265281677246,47.79071807861328,-148.51654052734375,0.3565104305744171,True,4784.12939453125
heavy_dissipation,FNO,78,1931.729736328125,4.685988426208496,57.52520751953125,-169.25546264648438,0.3580729067325592,True,5689.0927734375
heavy_dissipation,FNO,79,2295.55908203125,5.646519660949707,68.54790496826172,-197.75233459472656,0.3578124940395355,True,6764.37548828125
heavy_dissipation,FNO,80,2719.7392578125,6.795286655426025,83.32403564453125,-247.5100860595703,0.3617187440395355,True,8070.8125
heavy_dissipation,FNO,81,3222.92138671875,8.035116195678711,100.28207397460938,-295.341796875,0.36406248807907104,True,9674.0537109375
heavy_dissipation,FNO,82,3831.856201171875,9.554762840270996,117.33557891845703,-350.85845947265625,0.36901041865348816,True,11573.9794921875
heavy_dissipation,FNO,83,4572.65185546875,11.461206436157227,137.7859344482422,-405.0503234863281,0.37031251192092896,True,13801.94921875
heavy_dissipation,FNO,84,5474.263671875,14.033244132995605,170.0673065185547,-476.60455322265625,0.36640626192092896,True,16438.37109375
heavy_dissipation,FNO,85,6517.33154296875,16.832258224487305,210.56192016601562,-577.439697265625,0.36901041865348816,True,19615.759765625
heavy_dissipation,FNO,86,7682.15380859375,20.071044921875,252.5662841796875,-718.143310546875,0.37578123807907104,True,23549.466796875
heavy_dissipation,FNO,87,9130.3935546875,23.751758575439453,300.60797119140625,-815.3761596679688,0.38072916865348816,True,28285.15234375
heavy_dissipation,FNO,88,10881.3388671875,28.38711929321289,348.89593505859375,-953.9024658203125,0.3799479305744171,True,33869.859375
heavy_dissipation,FNO,89,13079.447265625,34.49275588989258,426.6980285644531,-1119.401611328125,0.38072916865348816,True,40417.2265625
heavy_dissipation,FNO,90,15627.306640625,41.59345245361328,510.1313171386719,-1358.5037841796875,0.3812499940395355,True,48270.28125
heavy_dissipation,FNO,91,18507.552734375,49.3436164855957,630.96142578125,-1713.4599609375,0.3812499940395355,True,57868.55859375
heavy_dissipation,FNO,92,21933.470703125,59.32973098754883,771.0137329101562,-1903.298095703125,0.3841145932674408,True,69631.890625
heavy_dissipation,FNO,93,26029.1328125,70.74344635009766,893.1309204101562,-2216.2724609375,0.38489583134651184,True,83620.1171875
heavy_dissipation,FNO,94,31271.32421875,85.33499145507812,1045.1826171875,-2549.167236328125,0.3864583373069763,True,99805.8125
heavy_dissipation,FNO,95,37578.30859375,102.81755065917969,1294.76025390625,-3168.6435546875,0.3856770694255829,True,119212.6484375
heavy_dissipation,FNO,96,44614.71875,121.75211334228516,1536.6806640625,-3946.2001953125,0.38359373807907104,True,142921.015625
heavy_dissipation,FNO,97,53054.2421875,145.10336303710938,1859.5107421875,-4518.376953125,0.38723957538604736,True,171624.078125
heavy_dissipation,FNO,98,63143.08984375,175.62948608398438,2187.052490234375,-5180.970703125,0.38749998807907104,True,206412.28125
heavy_dissipation,FNO,99,75233.2109375,209.14419555664062,2581.2373046875,-6234.43994140625,0.38749998807907104,True,247142.453125
heavy_dissipation,FNO,100,90456.234375,250.44412231445312,3166.123046875,-7367.24365234375,0.38984376192092896,True,295226.8125
heavy_dissipation,LNO,1,23.192157745361328,1.2200326082734136e-08,1.1920928955078125e-07,-3.360702010013483e-07,0.0,True,37.76589584350586
heavy_dissipation,LNO,2,23.074758529663086,1.3504177331924438e-08,1.1920928955078125e-07,-2.0284342383547482e-07,0.0,True,31.03543472290039
heavy_dissipation,LNO,3,23.02095603942871,1.3131648657349615e-08,1.1920928955078125e-07,-2.0744576545439486e-07,0.0,True,27.856929779052734
heavy_dissipation,LNO,4,22.95248031616211,1.3317912994637027e-08,1.1920928955078125e-07,-1.5872625169777166e-07,0.0,True,26.701433181762695
heavy_dissipation,LNO,5,22.90106201171875,1.5087426419313488e-08,1.1920928955078125e-07,-1.8778868593471998e-07,0.0,True,25.42536735534668
heavy_dissipation,LNO,6,22.850095748901367,1.4249235569252505e-08,1.1920928955078125e-07,-1.7908821803303e-07,0.0,True,24.332487106323242
heavy_dissipation,LNO,7,22.792827606201172,1.3504177331924438e-08,1.1920928955078125e-07,-1.7465593771248678e-07,0.0,True,23.531803131103516
heavy_dissipation,LNO,8,22.74469757080078,1.3597309944657354e-08,1.1920928955078125e-07,-1.7172422417388589e-07,0.0,True,22.781383514404297
heavy_dissipation,LNO,9,22.69547462463379,1.2945383431883783e-08,1.1920928955078125e-07,-1.9402649797939375e-07,0.0,True,22.090797424316406
heavy_dissipation,LNO,10,22.653432846069336,1.415610295651959e-08,1.1920928955078125e-07,-1.7349155712054198e-07,0.0,True,21.467453002929688
heavy_dissipation,LNO,11,22.634056091308594,1.3969838619232178e-08,1.1920928955078125e-07,-1.5887022186689137e-07,0.0,True,20.96715545654297
heavy_dissipation,LNO,12,22.605361938476562,1.257285475730896e-08,1.1920928955078125e-07,-1.8212807617601356e-07,0.0,True,20.701820373535156
heavy_dissipation,LNO,13,22.573671340942383,1.3317912994637027e-08,1.1920928955078125e-07,-1.8047271055365854e-07,0.0,True,20.63516616821289
heavy_dissipation,LNO,14,22.527873992919922,1.4621764243827329e-08,1.1920928955078125e-07,-2.0521241594906314e-07,0.0,True,20.662639617919922
heavy_dissipation,LNO,15,22.468795776367188,1.4342367293807001e-08,1.1920928955078125e-07,-2.0492046814979403e-07,0.0,True,20.768939971923828
heavy_dissipation,LNO,16,22.414512634277344,1.1920929132713809e-08,1.1920928955078125e-07,-2.1280453665895038e-07,0.0,True,20.92768096923828
heavy_dissipation,LNO,17,22.371978759765625,1.2386590420021548e-08,1.1920928955078125e-07,-2.7495718768477673e-07,0.0,True,21.10588836669922
heavy_dissipation,LNO,18,22.341737747192383,1.210719347000122e-08,1.1920928955078125e-07,-1.70376722508081e-07,0.0,True,21.301288604736328
heavy_dissipation,LNO,19,22.32478141784668,1.415610295651959e-08,1.1920928955078125e-07,-1.7225050896740868e-07,0.0,True,21.498018264770508
heavy_dissipation,LNO,20,22.308454513549805,1.2665987370041876e-08,1.1920928955078125e-07,-1.7467866086917638e-07,0.0,True,21.665992736816406
heavy_dissipation,LNO,21,22.2936954498291,1.2665987370041876e-08,1.1920928955078125e-07,-1.5179321621872077e-07,0.0,True,21.781396865844727
heavy_dissipation,LNO,22,22.28693199157715,1.2665987370041876e-08,1.1920928955078125e-07,-2.2437771463046374e-07,0.0,True,21.821382522583008
heavy_dissipation,LNO,23,22.287118911743164,1.5087426419313488e-08,1.1920928955078125e-07,-1.9065427636633103e-07,0.0,True,21.74535369873047
heavy_dissipation,LNO,24,22.28084373474121,1.3597309944657354e-08,1.1920928955078125e-07,-1.7341571378892695e-07,0.0,True,21.586040496826172
heavy_dissipation,LNO,25,22.213409423828125,1.2852251707329287e-08,1.1920928955078125e-07,-1.7188573053772416e-07,0.0,True,21.728696823120117
heavy_dissipation,LNO,26,22.182931900024414,1.257285475730896e-08,1.1920928955078125e-07,-1.6036476324643445e-07,0.0,True,21.97681999206543
heavy_dissipation,LNO,27,22.203779220581055,1.3131648657349615e-08,1.1920928955078125e-07,-1.6766931310030486e-07,0.0,True,22.14888572692871
heavy_dissipation,LNO,28,22.21328353881836,1.210719347000122e-08,1.1920928955078125e-07,-1.4403013892660965e-07,0.0,True,22.323795318603516
heavy_dissipation,LNO,29,22.20473289489746,1.0523945270790591e-08,1.1920928955078125e-07,-1.2311383557062072e-07,0.0,True,22.456199645996094
heavy_dissipation,LNO,30,22.18903350830078,1.4621764243827329e-08,1.1920928955078125e-07,-1.5460058477856364e-07,0.0,True,22.4642276763916
heavy_dissipation,LNO,31,22.17327117919922,1.369044166921185e-08,1.1920928955078125e-07,-1.8602975160320057e-07,0.0,True,22.37654685974121
heavy_dissipation,LNO,32,22.162607192993164,1.1920929132713809e-08,1.1920928955078125e-07,-1.3208448024215613e-07,0.0,True,22.267995834350586
heavy_dissipation,LNO,33,22.157947540283203,1.3783574281944766e-08,1.1920928955078125e-07,-1.5039195488952828e-07,0.0,True,22.181047439575195
heavy_dissipation,LNO,34,22.157730102539062,1.2479722144576044e-08,1.1920928955078125e-07,-1.8904728449342656e-07,0.0,True,22.11469268798828
heavy_dissipation,LNO,35,22.156949996948242,1.4528632519272833e-08,1.1920928955078125e-07,-1.8867383744236577e-07,0.0,True,22.05913734436035
heavy_dissipation,LNO,36,22.15728187561035,1.2479722144576044e-08,1.1920928955078125e-07,-1.7620780567995098e-07,0.0,True,22.016159057617188
heavy_dissipation,LNO,37,22.15824317932129,1.2665987370041876e-08,1.1920928955078125e-07,-2.013844522252839e-07,0.0,True,21.9897403717041
heavy_dissipation,LNO,38,22.16039276123047,1.5087426419313488e-08,1.1920928955078125e-07,-1.4656146163360972e-07,0.0,True,21.991191864013672
heavy_dissipation,LNO,39,22.163599014282227,1.4249235569252505e-08,1.1920928955078125e-07,-1.7303786137290444e-07,0.0,True,22.03441619873047
heavy_dissipation,LNO,40,22.162761688232422,1.0896473945365415e-08,1.1920928955078125e-07,-1.8754816721866518e-07,0.0,True,22.133255004882812
heavy_dissipation,LNO,41,22.154752731323242,1.257285475730896e-08,1.1920928955078125e-07,-1.4585327789973235e-07,0.0,True,22.291250228881836
heavy_dissipation,LNO,42,22.147411346435547,1.210719347000122e-08,1.1920928955078125e-07,-2.3461802811652888e-07,0.0,True,22.506717681884766
heavy_dissipation,LNO,43,22.142210006713867,1.3597309944657354e-08,1.1920928955078125e-07,-1.373957161376893e-07,0.0,True,22.7779483795166
heavy_dissipation,LNO,44,22.14454460144043,1.1920929132713809e-08,1.1920928955078125e-07,-1.3953926725207566e-07,0.0,True,23.099523544311523
heavy_dissipation,LNO,45,22.143949508666992,1.415610295651959e-08,1.1920928955078125e-07,-1.8095140319474012e-07,0.0,True,23.468597412109375
heavy_dissipation,LNO,46,22.13529396057129,1.1641532182693481e-08,1.1920928955078125e-07,-1.7788667605600494e-07,0.0,True,23.877920150756836
heavy_dissipation,LNO,47,22.12563133239746,1.3783574281944766e-08,1.1920928955078125e-07,-1.1193628068895123e-07,0.0,True,24.31609344482422
heavy_dissipation,LNO,48,22.117523193359375,1.257285475730896e-08,1.1920928955078125e-07,-1.97096511556083e-07,0.0,True,24.769027709960938
heavy_dissipation,LNO,49,22.10788917541504,1.2665987370041876e-08,1.1920928955078125e-07,-1.4699236317028408e-07,0.0,True,25.223798751831055
heavy_dissipation,LNO,50,22.116844177246094,1.1548399569960566e-08,1.1920928955078125e-07,-2.3684505379151233e-07,0.0,True,25.649789810180664
heavy_dissipation,LNO,51,22.134490966796875,1.1920929132713809e-08,1.1920928955078125e-07,-1.901234725210088e-07,0.0,True,26.006011962890625
heavy_dissipation,LNO,52,22.151643753051758,1.3783574281944766e-08,1.1920928955078125e-07,-1.5232625116823328e-07,0.0,True,26.243627548217773
heavy_dissipation,LNO,53,22.157779693603516,1.4901161193847656e-08,1.1920928955078125e-07,-1.6922649592743255e-07,0.0,True,26.346132278442383
heavy_dissipation,LNO,54,22.160795211791992,1.2665987370041876e-08,1.1920928955078125e-07,-1.4201575027072977e-07,0.0,True,26.344364166259766
heavy_dissipation,LNO,55,22.1625919342041,1.3876706006499262e-08,1.1920928955078125e-07,-1.7192617463024362e-07,0.0,True,26.27734375
heavy_dissipation,LNO,56,22.164306640625,1.4062971231965093e-08,1.1920928955078125e-07,-1.6620924725430086e-07,0.0,True,26.185726165771484
heavy_dissipation,LNO,57,22.162996292114258,1.3224780381904111e-08,1.1920928955078125e-07,-1.5574900658066326e-07,0.0,True,26.096160888671875
heavy_dissipation,LNO,58,22.1563777923584,1.415610295651959e-08,1.1920928955078125e-07,-1.7483723979694332e-07,0.0,True,26.017990112304688
heavy_dissipation,LNO,59,22.144140243530273,1.6670673730345698e-08,1.1920928955078125e-07,-1.6542603020752722e-07,0.0,True,25.95118522644043
heavy_dissipation,LNO,60,22.12649917602539,1.3876706006499262e-08,1.1920928955078125e-07,-1.5607533043748845e-07,0.0,True,25.900537490844727
heavy_dissipation,LNO,61,22.108476638793945,1.3783574281944766e-08,1.1920928955078125e-07,-1.651027474736111e-07,0.0,True,25.859567642211914
heavy_dissipation,LNO,62,22.09394073486328,1.257285475730896e-08,1.1920928955078125e-07,-1.870936898740183e-07,0.0,True,25.818513870239258
heavy_dissipation,LNO,63,22.08135223388672,1.3969838619232178e-08,1.1920928955078125e-07,-2.1636218150433706e-07,0.0,True,25.771501541137695
heavy_dissipation,LNO,64,22.06505012512207,1.4249235569252505e-08,1.1920928955078125e-07,-1.8017753689036908e-07,0.0,True,25.715341567993164
heavy_dissipation,LNO,65,22.046710968017578,1.6111879830305043e-08,1.1920928955078125e-07,-1.845640156261652e-07,0.0,True,25.660085678100586
heavy_dissipation,LNO,66,22.032690048217773,1.4994293806580572e-08,1.1920928955078125e-07,-2.118575110898746e-07,0.0,True,25.61305046081543
heavy_dissipation,LNO,67,22.014869689941406,1.5832483768463135e-08,1.1920928955078125e-07,-2.0302077530232054e-07,0.0,True,25.58950424194336
heavy_dissipation,LNO,68,21.99793243408203,1.4062971231965093e-08,1.1920928955078125e-07,-2.2182206294019124e-07,0.0,True,25.59853744506836
heavy_dissipation,LNO,69,21.98883056640625,1.573935115573022e-08,1.1920928955078125e-07,-1.6109034106648323e-07,0.0,True,25.639516830444336
heavy_dissipation,LNO,70,21.99306297302246,1.2945383431883783e-08,1.1920928955078125e-07,-1.87560701192524e-07,0.0,True,25.68589210510254
heavy_dissipation,LNO,71,22.002283096313477,1.4342367293807001e-08,1.1920928955078125e-07,-1.9325696598571085e-07,0.0,True,25.741893768310547
heavy_dissipation,LNO,72,22.00908660888672,1.6670673730345698e-08,1.1920928955078125e-07,-2.0395808064677112e-07,0.0,True,25.80016326904297
heavy_dissipation,LNO,73,22.028196334838867,1.5366822481155396e-08,1.1920928955078125e-07,-1.6449786244265852e-07,0.0,True,25.807353973388672
heavy_dissipation,LNO,74,22.054841995239258,1.5180557255689564e-08,1.1920928955078125e-07,-1.5242375184243429e-07,0.0,True,25.773141860961914
heavy_dissipation,LNO,75,22.083635330200195,1.6484410281236705e-08,1.1920928955078125e-07,-1.875134927331601e-07,0.0,True,25.734283447265625
heavy_dissipation,LNO,76,22.112342834472656,1.369044166921185e-08,1.1920928955078125e-07,-2.0830520952586085e-07,0.0,True,25.656787872314453
heavy_dissipation,LNO,77,22.138071060180664,1.4062971231965093e-08,1.1920928955078125e-07,-2.0279878754081437e-07,0.0,True,25.537944793701172
heavy_dissipation,LNO,78,22.163436889648438,1.6298145055770874e-08,1.1920928955078125e-07,-1.611916502497479e-07,0.0,True,25.395801544189453
heavy_dissipation,LNO,79,22.19352912902832,1.5087426419313488e-08,1.1920928955078125e-07,-1.7847456490471814e-07,0.0,True,25.240676879882812
heavy_dissipation,LNO,80,22.227258682250977,1.3783574281944766e-08,1.1920928955078125e-07,-1.847418218403618e-07,0.0,True,25.052597045898438
heavy_dissipation,LNO,81,22.260732650756836,1.3969838619232178e-08,1.1920928955078125e-07,-1.7498553006589646e-07,0.0,True,24.84103775024414
heavy_dissipation,LNO,82,22.285303115844727,1.4249235569252505e-08,1.1920928955078125e-07,-1.819790043100511e-07,0.0,True,24.621923446655273
heavy_dissipation,LNO,83,22.30951499938965,1.527368986842248e-08,1.1920928955078125e-07,-1.5196116009974503e-07,0.0,True,24.405803680419922
heavy_dissipation,LNO,84,22.33316993713379,1.7415732855852184e-08,1.1920928955078125e-07,-1.5672391384669027e-07,0.0,True,24.2287654876709
heavy_dissipation,LNO,85,22.352006912231445,1.369044166921185e-08,1.1920928955078125e-07,-1.531172841851003e-07,0.0,True,24.061521530151367
heavy_dissipation,LNO,86,22.368125915527344,1.4901161193847656e-08,1.1920928955078125e-07,-1.9384636118502385e-07,0.0,True,23.86038589477539
heavy_dissipation,LNO,87,22.37769889831543,1.592561638119605e-08,1.1920928955078125e-07,-1.3480055827130855e-07,0.0,True,23.63761329650879
heavy_dissipation,LNO,88,22.38759994506836,1.4901161193847656e-08,1.1920928955078125e-07,-1.8187715511430724e-07,0.0,True,23.43368911743164
heavy_dissipation,LNO,89,22.399818420410156,1.573935115573022e-08,1.1920928955078125e-07,-2.1414592765722773e-07,0.0,True,23.279403686523438
heavy_dissipation,LNO,90,22.413375854492188,1.6950071568544445e-08,1.1920928955078125e-07,-1.820231290139418e-07,0.0,True,23.19706153869629
heavy_dissipation,LNO,91,22.421249389648438,1.6763806343078613e-08,1.1920928955078125e-07,-1.664938480416822e-07,0.0,True,23.15927505493164
heavy_dissipation,LNO,92,22.43501091003418,1.639127766850379e-08,1.1920928955078125e-07,-1.9202721546207613e-07,0.0,True,23.076732635498047
heavy_dissipation,LNO,93,22.461217880249023,1.6298145055770874e-08,1.1920928955078125e-07,-2.037061221926706e-07,0.0,True,22.984451293945312
heavy_dissipation,LNO,94,22.49065399169922,1.4435499906539917e-08,1.1920928955078125e-07,-2.6695454380387673e-07,0.0,True,22.905044555664062
heavy_dissipation,LNO,95,22.534282684326172,1.6484410281236705e-08,1.1920928955078125e-07,-1.5666007868730958e-07,0.0,True,22.891061782836914
heavy_dissipation,LNO,96,22.60053253173828,1.527368986842248e-08,1.1920928955078125e-07,-1.657156047940589e-07,0.0,True,23.048053741455078
heavy_dissipation,LNO,97,22.647663116455078,1.5646218542997303e-08,1.1920928955078125e-07,-1.865552263780046e-07,0.0,True,23.300952911376953
heavy_dissipation,LNO,98,22.66788673400879,1.639127766850379e-08,1.1920928955078125e-07,-1.5458844870863686e-07,0.0,True,23.48264503479004
heavy_dissipation,LNO,99,22.686185836791992,1.4249235569252505e-08,1.1920928955078125e-07,-1.8252927702633315e-07,0.0,True,23.501209259033203
heavy_dissipation,LNO,100,22.707603454589844,1.6950071568544445e-08,1.1920928955078125e-07,-1.8835980597486923e-07,0.0,True,23.426311492919922
collapse,FNO,1,19.73340606689453,0.0162312351167202,0.12666451930999756,-0.6247181296348572,0.3531250059604645,True,37.16679763793945
collapse,FNO,2,19.666929244995117,0.012544281780719757,0.07159459590911865,-0.4437694847583771,0.36770832538604736,True,30.140613555908203
collapse,FNO,3,19.465288162231445,0.01230377983301878,0.10945558547973633,-0.590269148349762,0.35494792461395264,True,28.119400024414062
collapse,FNO,4,19.231843948364258,0.012042547576129436,0.07037436962127686,-0.8236935138702393,0.3401041626930237,True,27.035247802734375
collapse,FNO,5,18.954669952392578,0.011356642469763756,0.07458722591400146,-0.9923077821731567,0.3333333432674408,True,25.30516815185547
collapse,FNO,6,18.774375915527344,0.011454814113676548,0.06544071435928345,-1.0329433679580688,0.32499998807907104,True,23.592144012451172
collapse,FNO,7,18.63433074951172,0.011681901291012764,0.05399727821350098,-0.9661787152290344,0.31979167461395264,True,22.3260440826416
collapse,FNO,8,18.502952575683594,0.01190381683409214,0.05828750133514404,-0.8061928153038025,0.31562501192092896,True,21.422027587890625
collapse,FNO,9,18.390737533569336,0.012093531899154186,0.06405866146087646,-0.6442301869392395,0.31197917461395264,True,20.713565826416016
collapse,FNO,10,18.295930862426758,0.0122362170368433,0.06681293249130249,-0.49306607246398926,0.3127604126930237,True,20.12789535522461
collapse,FNO,11,18.223661422729492,0.012403998523950577,0.07787460088729858,-0.4275975227355957,0.30781251192092896,True,19.666481018066406
collapse,FNO,12,18.180402755737305,0.012573624961078167,0.08841836452484131,-0.49835777282714844,0.3062500059604645,True,19.349292755126953
collapse,FNO,13,18.173192977905273,0.012741021811962128,0.08659148216247559,-0.5751288533210754,0.3072916567325592,True,19.197513580322266
collapse,FNO,14,18.207971572875977,0.012913450598716736,0.07442855834960938,-0.6494063138961792,0.3083333373069763,True,19.210371017456055
collapse,FNO,15,18.28410530090332,0.013130242936313152,0.06908231973648071,-0.7136503458023071,0.3088541626930237,True,19.346399307250977
collapse,FNO,16,18.393898010253906,0.013389493338763714,0.07634085416793823,-0.760364830493927,0.3153645694255829,True,19.54861831665039
collapse,FNO,17,18.526935577392578,0.013676193542778492,0.08080542087554932,-0.7835662961006165,0.31953126192092896,True,19.778457641601562
collapse,FNO,18,18.67296600341797,0.014008162543177605,0.08222496509552002,-0.7803390622138977,0.32343751192092896,True,20.022838592529297
collapse,FNO,19,18.82356834411621,0.01437557302415371,0.08287811279296875,-0.7817064523696899,0.3307291567325592,True,20.28775405883789
collapse,FNO,20,18.973661422729492,0.014759724959731102,0.09331929683685303,-0.8125527501106262,0.3346354067325592,True,20.58970069885254
collapse,FNO,21,19.1214542388916,0.015177260152995586,0.10322439670562744,-0.8214362859725952,0.3382812440395355,True,20.946781158447266
collapse,FNO,22,19.267169952392578,0.015634754672646523,0.11238324642181396,-0.8123953342437744,0.3401041626930237,True,21.371788024902344
collapse,FNO,23,19.411075592041016,0.016155175864696503,0.12112557888031006,-0.7912706136703491,0.34036457538604736,True,21.87102508544922
collapse,FNO,24,19.55235481262207,0.01673559471964836,0.13000893592834473,-0.8164055347442627,0.34192708134651184,True,22.44839096069336
collapse,FNO,25,19.689796447753906,0.017326677218079567,0.13921892642974854,-0.8746799230575562,0.3440104126930237,True,23.110679626464844
collapse,FNO,26,19.82472038269043,0.017978673800826073,0.14822149276733398,-1.0206602811813354,0.34166666865348816,True,23.87334632873535
collapse,FNO,27,19.967538833618164,0.018697842955589294,0.15594100952148438,-1.1173770427703857,0.3408854305744171,True,24.766372680664062
collapse,FNO,28,20.147716522216797,0.01952466368675232,0.164381742477417,-1.1682627201080322,0.34062498807907104,True,25.83802604675293
collapse,FNO,29,20.423879623413086,0.020481770858168602,0.19334548711776733,-1.1834625005722046,0.34036457538604736,True,27.149276733398438
collapse,FNO,30,20.888662338256836,0.021660562604665756,0.22560220956802368,-1.171738624572754,0.33776041865348816,True,28.74947166442871
collapse,FNO,31,21.65544319152832,0.023412346839904785,0.25834721326828003,-1.3754464387893677,0.3414062559604645,True,30.65555763244629
collapse,FNO,32,22.79793930053711,0.02570473589003086,0.28432220220565796,-1.6437709331512451,0.34713542461395264,True,32.88410186767578
collapse,FNO,33,24.25432777404785,0.02829086408019066,0.2946785092353821,-1.8458775281906128,0.34817707538604736,True,35.477439880371094
collapse,FNO,34,25.781105041503906,0.03122607432305813,0.301288366317749,-1.9736542701721191,0.34765625,True,38.45187759399414
collapse,FNO,35,27.17552375793457,0.03456651791930199,0.362307071685791,-2.0628576278686523,0.3460937440395355,True,41.797096252441406
collapse,FNO,36,28.462297439575195,0.0380912609398365,0.4130350351333618,-2.2304065227508545,0.3489583432674408,True,45.56739807128906
collapse,FNO,37,29.677053451538086,0.04162362590432167,0.45059776306152344,-2.35139799118042,0.3473958373069763,True,49.851688385009766
collapse,FNO,38,30.91754150390625,0.04600558429956436,0.5105974674224854,-2.460524082183838,0.34713542461395264,True,54.8982048034668
collapse,FNO,39,32.414794921875,0.05156019330024719,0.6458995342254639,-2.823471784591675,0.34713542461395264,True,61.02834701538086
collapse,FNO,40,34.31920623779297,0.058521818369627,0.7986178398132324,-3.1678543090820312,0.3479166626930237,True,68.46595764160156
collapse,FNO,41,36.79741668701172,0.06680373847484589,0.9429951906204224,-3.4958608150482178,0.3502604067325592,True,77.47834777832031
collapse,FNO,42,40.047611236572266,0.07569558918476105,1.0738797187805176,-4.024641990661621,0.35234373807907104,True,88.50626373291016
collapse,FNO,43,44.335182189941406,0.08600132912397385,1.2086360454559326,-4.613399982452393,0.3531250059604645,True,102.07685852050781
collapse,FNO,44,49.66554260253906,0.09906205534934998,1.3482041358947754,-5.244448184967041,0.3541666567325592,True,118.68354034423828
collapse,FNO,45,56.2906379699707,0.11478453874588013,1.4732916355133057,-5.8912434577941895,0.35859376192092896,True,138.8876495361328
collapse,FNO,46,64.52088928222656,0.13349542021751404,1.6031436920166016,-6.60877799987793,0.35989582538604736,True,162.9176483154297
collapse,FNO,47,74.44405364990234,0.15436707437038422,1.8267478942871094,-7.583851337432861,0.36328125,True,190.8440399169922
collapse,FNO,48,86.10723114013672,0.17789460718631744,2.107675790786743,-8.998029708862305,0.36536458134651184,True,223.31019592285156
collapse,FNO,49,99.2175064086914,0.20028583705425262,2.3635458946228027,-10.832012176513672,0.3687500059604645,True,260.39306640625
collapse,FNO,50,114.5595932006836,0.23588307201862335,2.8725814819335938,-12.165498733520508,0.36901041865348816,True,303.7234802246094
collapse,FNO,51,133.73248291015625,0.28375399112701416,3.37369441986084,-13.280729293823242,0.3708333373069763,True,356.10418701171875
collapse,FNO,52,156.22637939453125,0.3370380103588104,4.152637481689453,-14.430619239807129,0.3752604126930237,True,420.2109680175781
collapse,FNO,53,181.04827880859375,0.3977469503879547,4.97829008102417,-16.478530883789062,0.3763020932674408,True,494.280517578125
collapse,FNO,54,210.76361083984375,0.46723541617393494,5.635994911193848,-18.843801498413086,0.37708333134651184,True,582.2847290039062
collapse,FNO,55,248.54864501953125,0.5518938899040222,6.941530227661133,-22.089086532592773,0.3773437440395355,True,693.1590576171875
collapse,FNO,56,292.74481201171875,0.6522380113601685,8.3764066696167,-26.368919372558594,0.38098958134651184,True,829.7551879882812
collapse,FNO,57,346.0074768066406,0.775905430316925,9.982868194580078,-31.269004821777344,0.38098958134651184,True,989.4840698242188
collapse,FNO,58,409.1262512207031,0.9256942868232727,11.987232208251953,-36.750999450683594,0.3791666626930237,True,1176.2501220703125
collapse,FNO,59,481.8193054199219,1.1244319677352905,13.959300994873047,-41.146827697753906,0.37890625,True,1394.713623046875
collapse,FNO,60,566.1470947265625,1.34513258934021,16.137439727783203,-49.3336296081543,0.3804687559604645,True,1647.984130859375
collapse,FNO,61,666.8440551757812,1.5770764350891113,20.635475158691406,-58.161155700683594,0.3802083432674408,True,1953.0782470703125
collapse,FNO,62,791.109375,1.8659206628799438,24.340944290161133,-70.57194519042969,0.3799479305744171,True,2318.2548828125
collapse,FNO,63,938.815673828125,2.2034902572631836,28.927236557006836,-84.79940032958984,0.3812499940395355,True,2749.032958984375
collapse,FNO,64,1117.9283447265625,2.68637752532959,33.88871765136719,-97.12275695800781,0.37890625,True,3264.42333984375
collapse,FNO,65,1323.0029296875,3.225861072540283,39.4434928894043,-116.58007049560547,0.37942707538604736,True,3879.637451171875
collapse,FNO,66,1560.1319580078125,3.8398048877716064,48.44321060180664,-140.7811279296875,0.37890625,True,4628.3369140625
collapse,FNO,67,1855.8929443359375,4.565621852874756,58.14875411987305,-168.69122314453125,0.3786458373069763,True,5535.11865234375
collapse,FNO,68,2202.3232421875,5.357232093811035,66.91387939453125,-203.63182067871094,0.37812501192092896,True,6604.869140625
collapse,FNO,69,2627.776611328125,6.489729881286621,80.43702697753906,-238.05918884277344,0.3776041567325592,True,7872.837890625
collapse,FNO,70,3145.57421875,7.896340370178223,98.35844421386719,-274.6852722167969,0.37447917461395264,True,9385.224609375
collapse,FNO,71,3742.946044921875,9.487406730651855,118.45372009277344,-338.12274169921875,0.37421876192092896,True,11218.4609375
collapse,FNO,72,4432.97509765625,11.347936630249023,141.479248046875,-405.5510559082031,0.3739583194255829,True,13492.5849609375
collapse,FNO,73,5264.55126953125,13.280899047851562,165.7744140625,-483.92535400390625,0.37421876192092896,True,16171.716796875
collapse,FNO,74,6279.74658203125,16.0676212310791,194.0294952392578,-556.2664184570312,0.3723958432674408,True,19324.587890625
collapse,FNO,75,7530.56005859375,19.589326858520508,245.2789306640625,-646.7216796875,0.3721354305744171,True,23059.3984375
collapse,FNO,76,8993.2177734375,23.32855796813965,300.61859130859375,-794.7513427734375,0.37421876192092896,True,27531.6875
collapse,FNO,77,10665.77734375,28.02008628845215,360.2522888183594,-975.060302734375,0.37812501192092896,True,33047.1875
collapse,FNO,78,12626.5048828125,33.330684661865234,439.83740234375,-1119.346435546875,0.38229167461395264,True,39769.37890625
collapse,FNO,79,14992.73828125,39.9488525390625,501.6669006347656,-1284.972412109375,0.3830729126930237,True,47609.6640625
collapse,FNO,80,18035.544921875,48.367652893066406,602.3472900390625,-1474.572998046875,0.3856770694255829,True,56896.79296875
collapse,FNO,81,21590.490234375,57.870574951171875,733.646484375,-1837.590087890625,0.3841145932674408,True,68060.3984375
collapse,FNO,82,25707.703125,69.03944396972656,886.6424560546875,-2291.175537109375,0.3828125,True,81467.3671875
collapse,FNO,83,30506.494140625,82.36919403076172,1040.231201171875,-2623.357421875,0.38489583134651184,True,98001.203125
collapse,FNO,84,36190.83984375,99.42063903808594,1263.74951171875,-2943.4052734375,0.3869791626930237,True,117850.7265625
collapse,FNO,85,43312.7109375,118.3742904663086,1487.070068359375,-3606.57568359375,0.3877604305744171,True,140975.578125
collapse,FNO,86,52034.421875,142.53977966308594,1799.730224609375,-4193.576171875,0.39010417461395264,True,168347.53125
collapse,FNO,87,62159.3203125,169.685302734375,2167.5341796875,-5344.1943359375,0.3903645873069763,True,201545.78125
collapse,FNO,88,73933.4296875,201.11485290527344,2614.482421875,-6282.9287109375,0.3877604305744171,True,241578.453125
collapse,FNO,89,88034.296875,240.6746063232422,3091.342529296875,-6986.11572265625,0.38854166865348816,True,289462.15625
collapse,FNO,90,105017.546875,290.59210205078125,3524.88916015625,-8744.1162109375,0.3895833194255829,True,346456.8125
collapse,FNO,91,125524.453125,344.6338195800781,4315.00341796875,-10485.90234375,0.3880208432674408,True,413559.0
collapse,FNO,92,150062.53125,413.19024658203125,5289.0546875,-12377.2431640625,0.3903645873069763,True,494634.1875
collapse,FNO,93,178856.15625,491.751708984375,6323.8388671875,-14529.2685546875,0.38984376192092896,True,592013.0625
collapse,FNO,94,213956.65625,584.6288452148438,7568.2900390625,-16705.330078125,0.3916666805744171,True,708645.25
collapse,FNO,95,255141.84375,700.815185546875,8973.171875,-20252.2109375,0.3903645873069763,True,847382.75
collapse,FNO,96,304604.5,838.9532470703125,10405.55078125,-24397.296875,0.38671875,True,1012092.8125
collapse,FNO,97,363869.21875,1002.5983276367188,12263.611328125,-29357.796875,0.3841145932674408,True,1208350.375
collapse,FNO,98,434181.5625,1197.966552734375,14847.150390625,-34611.4765625,0.3843750059604645,True,1444205.0
collapse,FNO,99,518453.65625,1427.599365234375,17886.326171875,-40470.796875,0.38333332538604736,True,1726610.25
collapse,FNO,100,619475.125,1699.3072509765625,21297.2421875,-47460.65625,0.38072916865348816,True,2063608.625
collapse,LNO,1,19.87203025817871,4.93600982309772e-09,1.1920928955078125e-07,-1.2450597353108606e-07,0.0,True,36.82350540161133
collapse,LNO,2,19.66826820373535,5.215406329028838e-09,1.1920928955078125e-07,-1.9388204464121372e-07,0.0,True,30.139686584472656
collapse,LNO,3,19.56059455871582,6.332993685020938e-09,1.1920928955078125e-07,-1.6656528600833553e-07,0.0,True,27.403562545776367
collapse,LNO,4,19.479862213134766,5.494803279049165e-09,1.1920928955078125e-07,-1.4622330013480678e-07,0.0,True,25.974498748779297
collapse,LNO,5,19.455995559692383,5.494803279049165e-09,1.1920928955078125e-07,-1.4291914851582987e-07,0.0,True,24.39409637451172
collapse,LNO,6,19.42548179626465,6.51925802230835e-09,1.1920928955078125e-07,-1.3246915386844194e-07,0.0,True,23.085268020629883
collapse,LNO,7,19.369281768798828,6.332993685020938e-09,1.1920928955078125e-07,-1.9437420917256532e-07,0.0,True,21.979936599731445
collapse,LNO,8,19.304655075073242,6.146728903644316e-09,1.1920928955078125e-07,-1.6521258316970489e-07,0.0,True,21.014663696289062
collapse,LNO,9,19.236942291259766,5.401671110405459e-09,1.1920928955078125e-07,-2.042452251771465e-07,0.0,True,20.197311401367188
collapse,LNO,10,19.168861389160156,6.798654972328677e-09,1.1920928955078125e-07,-2.2939505583963182e-07,0.0,True,19.548097610473633
collapse,LNO,11,19.115154266357422,6.239861072288022e-09,1.1920928955078125e-07,-1.5526765650974994e-07,0.0,True,19.05078887939453
collapse,LNO,12,19.07935905456543,6.705522359595761e-09,1.1920928955078125e-07,-1.5078745718710707e-07,0.0,True,18.65791130065918
collapse,LNO,13,19.06028938293457,6.891787140972383e-09,1.1920928955078125e-07,-1.407291279065248e-07,0.0,True,18.30653190612793
collapse,LNO,14,19.054296493530273,6.6123901909520555e-09,1.1920928955078125e-07,-1.8192176298725826e-07,0.0,True,17.951955795288086
collapse,LNO,15,19.05542755126953,5.867332397713199e-09,1.1920928955078125e-07,-1.6540501235340344e-07,0.0,True,17.562870025634766
collapse,LNO,16,19.05879020690918,6.146728903644316e-09,1.1920928955078125e-07,-1.5850943668738182e-07,0.0,True,17.130491256713867
collapse,LNO,17,19.062376022338867,5.587935447692871e-09,1.1920928955078125e-07,-1.5918816131943458e-07,0.0,True,16.67275047302246
collapse,LNO,18,19.066492080688477,6.51925802230835e-09,1.1920928955078125e-07,-1.9688131658313068e-07,0.0,True,16.221166610717773
collapse,LNO,19,19.073284149169922,6.798654972328677e-09,1.1920928955078125e-07,-1.8211653696198482e-07,0.0,True,15.850597381591797
collapse,LNO,20,19.08099365234375,6.05359673500061e-09,1.1920928955078125e-07,-2.5792380142775073e-07,0.0,True,15.561552047729492
collapse,LNO,21,19.08527946472168,5.029141991741426e-09,1.1920928955078125e-07,-1.748000073575895e-07,0.0,True,15.316908836364746
collapse,LNO,22,19.08876609802246,7.171183646903501e-09,1.1920928955078125e-07,-1.9787141525284824e-07,0.0,True,15.1120023727417
collapse,LNO,23,19.088335037231445,5.215406329028838e-09,1.1920928955078125e-07,-2.0295645697387954e-07,0.0,True,14.979887962341309
collapse,LNO,24,19.081846237182617,5.401671110405459e-09,1.1920928955078125e-07,-2.0526850619262405e-07,0.0,True,14.88956356048584
collapse,LNO,25,19.0728702545166,4.563480704433687e-09,1.1920928955078125e-07,-1.6724945339774422e-07,0.0,True,14.807251930236816
collapse,LNO,26,19.06235122680664,4.842877210364804e-09,1.1920928955078125e-07,-2.1609029943192581e-07,0.0,True,14.718870162963867
collapse,LNO,27,19.048973083496094,5.587935447692871e-09,1.1920928955078125e-07,-2.1330239974304277e-07,0.0,True,14.625751495361328
collapse,LNO,28,19.032739639282227,5.681067616336577e-09,1.1920928955078125e-07,-1.813223207136616e-07,0.0,True,14.53710651397705
collapse,LNO,29,19.014665603637695,4.190951585769653e-09,1.1920928955078125e-07,-1.9807555418083211e-07,0.0,True,14.462770462036133
collapse,LNO,30,18.99628448486328,5.867332397713199e-09,1.1920928955078125e-07,-1.759765666520252e-07,0.0,True,14.413421630859375
collapse,LNO,31,18.97787094116211,6.332993685020938e-09,1.1920928955078125e-07,-1.3210330962465378e-07,0.0,True,14.390810012817383
collapse,LNO,32,18.96048355102539,5.681067616336577e-09,1.1920928955078125e-07,-1.3473243143380387e-07,0.0,True,14.390021324157715
collapse,LNO,33,18.944684982299805,6.705522359595761e-09,1.1920928955078125e-07,-2.1877104927625624e-07,0.0,True,14.403759002685547
collapse,LNO,34,18.931135177612305,6.426125853664644e-09,1.1920928955078125e-07,-1.3529741238471615e-07,0.0,True,14.424898147583008
collapse,LNO,35,18.92085075378418,5.494803279049165e-09,1.1920928955078125e-07,-1.494850323524588e-07,0.0,True,14.449102401733398
collapse,LNO,36,18.913541793823242,5.9604645663569045e-09,1.1920928955078125e-07,-1.6182359274807823e-07,0.0,True,14.471673011779785
collapse,LNO,37,18.906448364257812,4.842877210364804e-09,1.1920928955078125e-07,-1.270755944915436e-07,0.0,True,14.486767768859863
collapse,LNO,38,18.899255752563477,5.029141991741426e-09,1.1920928955078125e-07,-1.3951662936051434e-07,0.0,True,14.485665321350098
collapse,LNO,39,18.893821716308594,5.774199784980283e-09,1.1920928955078125e-07,-1.3934274534221913e-07,0.0,True,14.462775230407715
collapse,LNO,40,18.888999938964844,6.51925802230835e-09,1.1920928955078125e-07,-1.4913894119672477e-07,0.0,True,14.417365074157715
collapse,LNO,41,18.884458541870117,4.7497450417210985e-09,1.1920928955078125e-07,-1.617405587239773e-07,0.0,True,14.350678443908691
collapse,LNO,42,18.876968383789062,5.308538497672544e-09,1.1920928955078125e-07,-1.5709164813415555e-07,0.0,True,14.26388931274414
collapse,LNO,43,18.86829948425293,4.6566128730773926e-09,1.1920928955078125e-07,-1.4816390603300533e-07,0.0,True,14.154640197753906
collapse,LNO,44,18.86029815673828,6.51925802230835e-09,1.1920928955078125e-07,-1.4702655448672886e-07,0.0,True,14.030852317810059
collapse,LNO,45,18.85405158996582,5.308538497672544e-09,1.1920928955078125e-07,-1.2742252408770582e-07,0.0,True,13.907868385314941
collapse,LNO,46,18.849403381347656,5.867332397713199e-09,1.1920928955078125e-07,-1.5113624840523698e-07,0.0,True,13.799882888793945
collapse,LNO,47,18.845869064331055,5.774199784980283e-09,1.1920928955078125e-07,-1.8341526697440713e-07,0.0,True,13.712428092956543
collapse,LNO,48,18.842653274536133,8.195638834251895e-09,1.1920928955078125e-07,-2.2703332547280297e-07,0.0,True,13.642638206481934
collapse,LNO,49,18.83982276916504,5.215406329028838e-09,1.1920928955078125e-07,-1.4183147811763774e-07,0.0,True,13.583431243896484
collapse,LNO,50,18.83902359008789,5.9604645663569045e-09,1.1920928955078125e-07,-1.6529472190995875e-07,0.0,True,13.52942180633545
collapse,LNO,51,18.840370178222656,4.470348535789981e-09,1.1920928955078125e-07,-1.295139213652874e-07,0.0,True,13.4791259765625
collapse,LNO,52,18.84438133239746,4.842877210364804e-09,1.1920928955078125e-07,-1.4268495363012335e-07,0.0,True,13.434004783630371
collapse,LNO,53,18.85056495666504,4.6566128730773926e-09,1.1920928955078125e-07,-1.403578124836713e-07,0.0,True,13.39958667755127
collapse,LNO,54,18.859127044677734,5.774199784980283e-09,1.1920928955078125e-07,-1.3585444946784264e-07,0.0,True,13.386466979980469
collapse,LNO,55,18.86723518371582,4.563480704433687e-09,1.1920928955078125e-07,-1.2714264130408992e-07,0.0,True,13.396398544311523
collapse,LNO,56,18.877588272094727,6.05359673500061e-09,1.1920928955078125e-07,-1.6383108913942124e-07,0.0,True,13.404598236083984
collapse,LNO,57,18.885896682739258,6.05359673500061e-09,1.1920928955078125e-07,-1.279389891806204e-07,0.0,True,13.397202491760254
collapse,LNO,58,18.891590118408203,7.450580596923828e-09,1.1920928955078125e-07,-1.3499750650680653e-07,0.0,True,13.36723518371582
collapse,LNO,59,18.89777946472168,6.05359673500061e-09,1.1920928955078125e-07,-1.2588637332555663e-07,0.0,True,13.318347930908203
collapse,LNO,60,18.904687881469727,7.078051478259795e-09,1.1920928955078125e-07,-2.1537215388889308e-07,0.0,True,13.257326126098633
collapse,LNO,61,18.908706665039062,6.146728903644316e-09,1.1920928955078125e-07,-1.740334738542515e-07,0.0,True,13.200303077697754
collapse,LNO,62,18.910255432128906,5.494803279049165e-09,1.1920928955078125e-07,-1.4924354729828337e-07,0.0,True,13.15363883972168
collapse,LNO,63,18.905868530273438,5.9604645663569045e-09,1.1920928955078125e-07,-1.4232826117677178e-07,0.0,True,13.129593849182129
collapse,LNO,64,18.9034366607666,4.842877210364804e-09,1.1920928955078125e-07,-1.4195396147442807e-07,0.0,True,13.123151779174805
collapse,LNO,65,18.904010772705078,5.774199784980283e-09,1.1920928955078125e-07,-1.6397170554682816e-07,0.0,True,13.1160249710083
collapse,LNO,66,18.90506935119629,3.632158129818208e-09,1.1920928955078125e-07,-1.654642431958564e-07,0.0,True,13.096038818359375
collapse,LNO,67,18.90706443786621,4.93600982309772e-09,1.1920928955078125e-07,-1.5885306936525012e-07,0.0,True,13.05927562713623
collapse,LNO,68,18.91153907775879,4.563480704433687e-09,1.1920928955078125e-07,-1.4014321436661703e-07,0.0,True,13.01464557647705
collapse,LNO,69,18.920166015625,7.729977546944156e-09,1.1920928955078125e-07,-1.2545972083444212e-07,0.0,True,12.984070777893066
collapse,LNO,70,18.929792404174805,5.308538497672544e-09,1.1920928955078125e-07,-1.602446957349457e-07,0.0,True,12.997686386108398
collapse,LNO,71,18.941682815551758,6.426125853664644e-09,1.1920928955078125e-07,-1.4239505219393322e-07,0.0,True,13.037392616271973
collapse,LNO,72,18.94563865661621,4.93600982309772e-09,1.1920928955078125e-07,-1.571904988395545e-07,0.0,True,13.093911170959473
collapse,LNO,73,18.94594383239746,5.029141991741426e-09,1.1920928955078125e-07,-1.318274769346317e-07,0.0,True,13.147414207458496
collapse,LNO,74,18.943347930908203,5.9604645663569045e-09,1.1920928955078125e-07,-1.3147500510513055e-07,0.0,True,13.186226844787598
collapse,LNO,75,18.942359924316406,5.494803279049165e-09,1.1920928955078125e-07,-1.3476007154622494e-07,0.0,True,13.186610221862793
collapse,LNO,76,18.942323684692383,5.215406329028838e-09,1.1920928955078125e-07,-1.3054747682872403e-07,0.0,True,13.152543067932129
collapse,LNO,77,18.944013595581055,6.984919309616089e-09,1.1920928955078125e-07,-1.5991736290743575e-07,0.0,True,13.096380233764648
collapse,LNO,78,18.946937561035156,4.93600982309772e-09,1.1920928955078125e-07,-1.548713584043071e-07,0.0,True,13.030750274658203
collapse,LNO,79,18.949527740478516,7.171183646903501e-09,1.1920928955078125e-07,-1.6452041506909154e-07,0.0,True,12.964555740356445
collapse,LNO,80,18.950803756713867,5.122274160385132e-09,1.1920928955078125e-07,-1.5191538693670736e-07,0.0,True,12.908940315246582
collapse,LNO,81,18.953157424926758,5.401671110405459e-09,1.1920928955078125e-07,-1.5114198959054193e-07,0.0,True,12.875926971435547
collapse,LNO,82,18.95496940612793,5.9604645663569045e-09,1.1920928955078125e-07,-1.9194868627891992e-07,0.0,True,12.883094787597656
collapse,LNO,83,18.954736709594727,5.308538497672544e-09,1.1920928955078125e-07,-1.654664885109014e-07,0.0,True,12.933426856994629
collapse,LNO,84,18.954113006591797,6.239861072288022e-09,1.1920928955078125e-07,-1.8145331637242634e-07,0.0,True,13.007999420166016
collapse,LNO,85,18.95893096923828,5.401671110405459e-09,1.1920928955078125e-07,-1.7412409647477034e-07,0.0,True,13.060029029846191
collapse,LNO,86,18.965633392333984,6.239861072288022e-09,1.1920928955078125e-07,-1.504423607912031e-07,0.0,True,13.062284469604492
collapse,LNO,87,18.968862533569336,7.171183646903501e-09,1.1920928955078125e-07,-1.509905160901326e-07,0.0,True,13.020845413208008
collapse,LNO,88,18.972578048706055,6.146728903644316e-09,1.1920928955078125e-07,-1.3601139414731733e-07,0.0,True,12.960139274597168
collapse,LNO,89,18.97893714904785,7.078051478259795e-09,1.1920928955078125e-07,-1.4430995065595198e-07,0.0,True,12.888989448547363
collapse,LNO,90,18.981151580810547,6.891787140972383e-09,1.1920928955078125e-07,-1.2125886428293597e-07,0.0,True,12.803752899169922
collapse,LNO,91,18.97825813293457,6.426125853664644e-09,1.1920928955078125e-07,-1.7035159771694453e-07,0.0,True,12.709259986877441
collapse,LNO,92,18.967559814453125,4.7497450417210985e-09,1.1920928955078125e-07,-1.3104582308187673e-07,0.0,True,12.621307373046875
collapse,LNO,93,18.954771041870117,5.215406329028838e-09,1.1920928955078125e-07,-1.2124941406455036e-07,0.0,True,12.570916175842285
collapse,LNO,94,18.944265365600586,5.308538497672544e-09,1.1920928955078125e-07,-2.1333332256290305e-07,0.0,True,12.565596580505371
collapse,LNO,95,18.935890197753906,5.9604645663569045e-09,1.1920928955078125e-07,-1.296597531563748e-07,0.0,True,12.59311580657959
collapse,LNO,96,18.92703628540039,6.705522359595761e-09,1.1920928955078125e-07,-1.3282493682709173e-07,0.0,True,12.634821891784668
collapse,LNO,97,18.918048858642578,5.401671110405459e-09,1.1920928955078125e-07,-1.5992304724932183e-07,0.0,True,12.675058364868164
collapse,LNO,98,18.911216735839844,5.587935447692871e-09,1.1920928955078125e-07,-1.2749909217291133e-07,0.0,True,12.712186813354492
collapse,LNO,99,18.90371322631836,6.705522359595761e-09,1.1920928955078125e-07,-1.8220227104848163e-07,0.0,True,12.758146286010742
collapse,LNO,100,18.893930435180664,4.842877210364804e-09,1.1920928955078125e-07,-2.0468054628963728e-07,0.0,True,12.805171012878418
metastable,FNO,1,21.371055603027344,0.014369604177772999,0.12617820501327515,-0.6803396344184875,0.3388020694255829,True,37.1109619140625
metastable,FNO,2,21.43222427368164,0.011542065069079399,0.09218722581863403,-0.48090261220932007,0.3489583432674408,True,29.633867263793945
metastable,FNO,3,21.443300247192383,0.01058267243206501,0.08077293634414673,-0.31241777539253235,0.3447916805744171,True,27.367393493652344
metastable,FNO,4,21.414546966552734,0.011402552947402,0.13416707515716553,-0.36502453684806824,0.3359375,True,26.826210021972656
metastable,FNO,5,21.28196144104004,0.01140415109694004,0.14987093210220337,-0.35633718967437744,0.32760417461395264,True,25.718564987182617
metastable,FNO,6,21.24174690246582,0.010866744443774223,0.10587060451507568,-0.403778612613678,0.32604166865348816,True,24.196311950683594
metastable,FNO,7,21.194412231445312,0.010033609345555305,0.07019281387329102,-0.38610467314720154,0.32734376192092896,True,22.91023826599121
metastable,FNO,8,21.16086196899414,0.010208274237811565,0.06753170490264893,-0.4195249378681183,0.32473957538604736,True,22.09541130065918
metastable,FNO,9,21.10752296447754,0.010331625118851662,0.07304871082305908,-0.4665473699569702,0.32890623807907104,True,21.413673400878906
metastable,FNO,10,21.03801918029785,0.01010644156485796,0.08694446086883545,-0.5261430740356445,0.3270833194255829,True,20.84489631652832
metastable,FNO,11,20.971729278564453,0.010250518098473549,0.104042649269104,-0.5837743282318115,0.3255208432674408,True,20.51368522644043
metastable,FNO,12,20.936464309692383,0.01076041255146265,0.14763414859771729,-0.7671945095062256,0.3213541805744171,True,20.414709091186523
metastable,FNO,13,20.922937393188477,0.011514515615999699,0.18994736671447754,-1.140028476715088,0.32109373807907104,True,20.496814727783203
metastable,FNO,14,20.9365291595459,0.012336930260062218,0.2178661823272705,-1.530839204788208,0.32083332538604736,True,20.70766258239746
metastable,FNO,15,20.972118377685547,0.013090340420603752,0.239524245262146,-1.7535392045974731,0.31692707538604736,True,21.070022583007812
metastable,FNO,16,21.030067443847656,0.01383951585739851,0.2572528123855591,-1.742799997329712,0.31692707538604736,True,21.624406814575195
metastable,FNO,17,21.10184097290039,0.014411071315407753,0.2661591172218323,-1.5347810983657837,0.31718748807907104,True,22.339359283447266
metastable,FNO,18,21.167146682739258,0.014848468825221062,0.26564455032348633,-1.2971621751785278,0.31588542461395264,True,23.129724502563477
metastable,FNO,19,21.205595016479492,0.015206312760710716,0.2571854591369629,-1.388026475906372,0.3125,True,23.95551300048828
metastable,FNO,20,21.211271286010742,0.015666276216506958,0.2408621907234192,-1.4090800285339355,0.30859375,True,24.80828857421875
metastable,FNO,21,21.201885223388672,0.016173362731933594,0.22783130407333374,-1.360702395439148,0.3057291805744171,True,25.674205780029297
metastable,FNO,22,21.2059268951416,0.016713116317987442,0.20402264595031738,-1.2812689542770386,0.3018229305744171,True,26.544532775878906
metastable,FNO,23,21.25398063659668,0.017344066873192787,0.175750732421875,-1.2679481506347656,0.2997395694255829,True,27.45694351196289
metastable,FNO,24,21.366296768188477,0.01789047382771969,0.1733161211013794,-1.3397550582885742,0.29739582538604736,True,28.4556941986084
metastable,FNO,25,21.53534507751465,0.01848936267197132,0.17073625326156616,-1.4563555717468262,0.2953124940395355,True,29.496112823486328
metastable,FNO,26,21.749713897705078,0.019147168844938278,0.18835902214050293,-1.5640523433685303,0.2966145873069763,True,30.48670196533203
metastable,FNO,27,22.020904541015625,0.019886186346411705,0.19405865669250488,-1.6611061096191406,0.29765623807907104,True,31.420812606811523
metastable,FNO,28,22.354000091552734,0.02078511193394661,0.194488525390625,-1.7458548545837402,0.29609376192092896,True,32.35605239868164
metastable,FNO,29,22.745498657226562,0.02172018587589264,0.19671320915222168,-1.816624402999878,0.2958333194255829,True,33.34185028076172
metastable,FNO,30,23.197376251220703,0.022954490035772324,0.2029104232788086,-1.8716762065887451,0.29505208134651184,True,34.44062805175781
metastable,FNO,31,23.727514266967773,0.024524101987481117,0.2122631072998047,-1.909271240234375,0.29296875,True,35.74356460571289
metastable,FNO,32,24.373193740844727,0.02640637196600437,0.2426447868347168,-1.9279050827026367,0.29114583134651184,True,37.32718276977539
metastable,FNO,33,25.215778350830078,0.029155109077692032,0.287365198135376,-1.9266152381896973,0.29114583134651184,True,39.24327850341797
metastable,FNO,34,26.450010299682617,0.03289009630680084,0.33743929862976074,-2.0102169513702393,0.29609376192092896,True,41.61579895019531
metastable,FNO,35,28.31106185913086,0.037262074649333954,0.3888174295425415,-2.3314361572265625,0.2997395694255829,True,44.82672119140625
metastable,FNO,36,30.966175079345703,0.042252738028764725,0.46397775411605835,-2.691765069961548,0.3059895932674408,True,49.432186126708984
metastable,FNO,37,34.24150466918945,0.048434000462293625,0.4749051332473755,-3.4679298400878906,0.3075520694255829,True,55.588768005371094
metastable,FNO,38,37.899051666259766,0.05523686856031418,0.5931222438812256,-4.346060276031494,0.3114583194255829,True,63.140193939208984
metastable,FNO,39,41.93880081176758,0.0628785640001297,0.7135428190231323,-5.295154571533203,0.31562501192092896,True,72.06819152832031
metastable,FNO,40,46.38649368286133,0.0717339813709259,0.8242454528808594,-6.073695659637451,0.31692707538604736,True,82.80805969238281
metastable,FNO,41,51.08159637451172,0.081626757979393,1.029815912246704,-6.552687644958496,0.3200520873069763,True,95.84748077392578
metastable,FNO,42,55.90248107910156,0.09298627078533173,1.1866087913513184,-6.642330646514893,0.32473957538604736,True,111.3581314086914
metastable,FNO,43,61.65299987792969,0.10593880712985992,1.246509075164795,-6.957494735717773,0.3265624940395355,True,129.25022888183594
metastable,FNO,44,69.04703521728516,0.12090809643268585,1.304565191268921,-7.620491981506348,0.32994791865348816,True,150.31248474121094
metastable,FNO,45,78.12115478515625,0.13759121298789978,1.616013526916504,-8.410479545593262,0.3330729305744171,True,175.3449249267578
metastable,FNO,46,89.09710693359375,0.15646205842494965,1.9798545837402344,-10.058197021484375,0.3346354067325592,True,204.65931701660156
metastable,FNO,47,102.00870513916016,0.18326053023338318,2.324392080307007,-12.263578414916992,0.33776041865348816,True,238.4342803955078
metastable,FNO,48,115.69246673583984,0.21936242282390594,2.647467851638794,-14.459768295288086,0.3424479067325592,True,277.4537658691406
metastable,FNO,49,131.30511474609375,0.25576674938201904,3.078700065612793,-15.456465721130371,0.3479166626930237,True,322.83428955078125
metastable,FNO,50,149.4193878173828,0.2951996922492981,3.4790430068969727,-16.383949279785156,0.3499999940395355,True,375.5120849609375
metastable,FNO,51,170.93565368652344,0.3325832784175873,4.013171195983887,-17.980731964111328,0.34843748807907104,True,437.923583984375
metastable,FNO,52,195.46160888671875,0.37352079153060913,4.769278526306152,-20.08055877685547,0.3505208194255829,True,510.69622802734375
metastable,FNO,53,224.2245330810547,0.4271795153617859,5.762451171875,-21.65966033935547,0.3539062440395355,True,591.9757080078125
metastable,FNO,54,256.6961669921875,0.4930453300476074,6.862497329711914,-24.600500106811523,0.35755208134651184,True,685.4596557617188
metastable,FNO,55,295.8890380859375,0.5864979028701782,8.02746295928955,-29.57540512084961,0.3580729067325592,True,796.822265625
metastable,FNO,56,342.6684265136719,0.6890265941619873,9.037951469421387,-35.034339904785156,0.3591145873069763,True,928.859375
metastable,FNO,57,394.2740478515625,0.8204219937324524,10.389623641967773,-36.9952392578125,0.3557291626930237,True,1082.1007080078125
metastable,FNO,58,455.5152282714844,0.9800370335578918,12.324989318847656,-39.601707458496094,0.3578124940395355,True,1262.697998046875
metastable,FNO,59,525.6427001953125,1.1538610458374023,14.9729585647583,-45.12425994873047,0.3583333194255829,True,1476.4583740234375
metastable,FNO,60,606.791015625,1.3304615020751953,17.987598419189453,-51.81468200683594,0.3617187440395355,True,1725.6090087890625
metastable,FNO,61,710.0362548828125,1.5577644109725952,21.146657943725586,-62.625370025634766,0.3684895932674408,True,2030.1883544921875
metastable,FNO,62,834.5975952148438,1.8635470867156982,24.185134887695312,-73.82252502441406,0.37161457538604736,True,2401.66845703125
metastable,FNO,63,983.4197998046875,2.2600271701812744,28.50019645690918,-87.58036041259766,0.37031251192092896,True,2853.49755859375
metastable,FNO,64,1156.3919677734375,2.6744887828826904,33.822715759277344,-98.9515380859375,0.3697916567325592,True,3376.745361328125
metastable,FNO,65,1361.239501953125,3.1697189807891846,41.580589294433594,-118.59260559082031,0.37447917461395264,True,3986.866455078125
metastable,FNO,66,1609.7130126953125,3.79498553276062,48.43478775024414,-146.8017578125,0.37421876192092896,True,4732.06787109375
metastable,FNO,67,1908.0892333984375,4.514675140380859,54.95588684082031,-175.51364135742188,0.37109375,True,5632.6533203125
metastable,FNO,68,2275.807861328125,5.418760299682617,66.96488189697266,-208.4417724609375,0.3669270873069763,True,6706.712890625
metastable,FNO,69,2719.50537109375,6.473487854003906,79.43700408935547,-237.17889404296875,0.3656249940395355,True,7969.2236328125
metastable,FNO,70,3223.2861328125,7.755513668060303,95.93289184570312,-285.4079895019531,0.3656249940395355,True,9471.9501953125
metastable,FNO,71,3818.460693359375,9.33275032043457,117.85389709472656,-354.5341796875,0.37057292461395264,True,11309.373046875
metastable,FNO,72,4523.611328125,10.972156524658203,137.4500732421875,-421.47015380859375,0.3697916567325592,True,13550.1572265625
metastable,FNO,73,5393.376953125,13.136632919311523,162.8205108642578,-496.2080078125,0.3658854067325592,True,16182.93359375
metastable,FNO,74,6458.193359375,15.886625289916992,193.09854125976562,-571.9384155273438,0.3674479126930237,True,19287.888671875
metastable,FNO,75,7707.63037109375,19.3918514251709,239.2700653076172,-673.278564453125,0.3713541626930237,True,22995.326171875
metastable,FNO,76,9148.140625,23.257545471191406,289.5434875488281,-824.3206787109375,0.3799479305744171,True,27508.53515625
metastable,FNO,77,10827.43359375,27.586755752563477,348.5631103515625,-991.6153564453125,0.3828125,True,33047.4765625
metastable,FNO,78,12889.7431640625,32.565391540527344,412.6896667480469,-1157.158935546875,0.3841145932674408,True,39661.22265625
metastable,FNO,79,15397.1005859375,39.44440460205078,492.3291320800781,-1356.552978515625,0.38671875,True,47404.83984375
metastable,FNO,80,18465.69140625,47.855010986328125,592.7469482421875,-1596.95654296875,0.3890624940395355,True,56537.91796875
metastable,FNO,81,21994.22265625,57.54023361206055,722.813232421875,-1949.1854248046875,0.3893229067325592,True,67565.484375
metastable,FNO,82,25993.876953125,68.40750885009766,897.760986328125,-2404.3720703125,0.39635416865348816,True,81091.734375
metastable,FNO,83,30816.708984375,81.74607849121094,1055.872314453125,-2702.75244140625,0.40052083134651184,True,97536.5703125
metastable,FNO,84,36715.44921875,97.60826110839844,1218.028564453125,-3093.403076171875,0.4033854305744171,True,116827.4375
metastable,FNO,85,44248.96875,118.56910705566406,1490.2943115234375,-3682.54541015625,0.4049479067325592,True,139476.515625
metastable,FNO,86,52805.6875,142.3283233642578,1785.9019775390625,-4522.1240234375,0.40416666865348816,True,166699.640625
metastable,FNO,87,62809.26171875,168.5348358154297,2180.763671875,-5649.9423828125,0.40234375,True,200025.71875
metastable,FNO,88,74503.6640625,201.4707794189453,2565.65966796875,-6183.53564453125,0.4052083194255829,True,240451.734375
metastable,FNO,89,88584.609375,243.78665161132812,3109.7470703125,-7329.9619140625,0.40677082538604736,True,289116.03125
metastable,FNO,90,106018.875,290.24853515625,3605.3974609375,-8692.212890625,0.4085937440395355,True,345470.5
metastable,FNO,91,127589.0703125,349.0997009277344,4444.2177734375,-10591.76171875,0.4098958373069763,True,412897.90625
metastable,FNO,92,151757.546875,413.0135192871094,5337.5517578125,-12978.900390625,0.4085937440395355,True,493963.09375
metastable,FNO,93,181017.984375,492.5791015625,6447.01513671875,-15090.9609375,0.4104166626930237,True,592563.0
metastable,FNO,94,215547.796875,592.427490234375,7495.8134765625,-17570.044921875,0.4127604067325592,True,710338.8125
metastable,FNO,95,257277.0625,711.4951171875,8622.3173828125,-21141.998046875,0.4140625,True,849906.1875
metastable,FNO,96,307606.84375,845.5338134765625,10625.58203125,-25204.3359375,0.4164062440395355,True,1014912.1875
metastable,FNO,97,367526.90625,1011.53857421875,12928.73046875,-29601.45703125,0.41484373807907104,True,1214244.5
metastable,FNO,98,439034.15625,1204.3896484375,15494.7109375,-35034.37890625,0.421875,True,1453579.5
metastable,FNO,99,524398.75,1434.350830078125,18483.37109375,-40428.77734375,0.4234375059604645,True,1739853.5
metastable,FNO,100,625618.875,1720.3121337890625,21892.921875,-49051.3984375,0.4260416626930237,True,2080482.125
metastable,LNO,1,21.435396194458008,9.965151370749936e-09,1.1920928955078125e-07,-2.291573082402465e-07,0.0,True,36.977054595947266
metastable,LNO,2,21.145925521850586,8.195638834251895e-09,1.1920928955078125e-07,-1.7175534594571218e-07,0.0,True,30.153942108154297
metastable,LNO,3,21.05081558227539,8.75443184611413e-09,1.1920928955078125e-07,-1.7082311387639493e-07,0.0,True,26.952791213989258
metastable,LNO,4,20.993505477905273,7.916241884231567e-09,1.1920928955078125e-07,-2.2863537196826655e-07,0.0,True,25.807527542114258
metastable,LNO,5,20.962303161621094,9.313225746154785e-09,1.1920928955078125e-07,-2.139232293529858e-07,0.0,True,24.53705406188965
metastable,LNO,6,20.933774948120117,8.847564458847046e-09,1.1920928955078125e-07,-2.639993397224316e-07,0.0,True,23.48866844177246
metastable,LNO,7,20.916933059692383,9.685754420729609e-09,1.1920928955078125e-07,-1.8178570826421492e-07,0.0,True,22.58327865600586
metastable,LNO,8,20.89677619934082,9.685754420729609e-09,1.1920928955078125e-07,-1.524207817737988e-07,0.0,True,21.733736038208008
metastable,LNO,9,20.87522315979004,8.75443184611413e-09,1.1920928955078125e-07,-2.3215935129883292e-07,0.0,True,20.993928909301758
metastable,LNO,10,20.873687744140625,9.499490083442197e-09,1.1920928955078125e-07,-2.2255551357375225e-07,0.0,True,20.440879821777344
metastable,LNO,11,20.869258880615234,1.033768093350318e-08,1.1920928955078125e-07,-1.513168683686672e-07,0.0,True,20.1140193939209
metastable,LNO,12,20.85828399658203,9.87201964619544e-09,1.1920928955078125e-07,-1.8135696677745727e-07,0.0,True,19.80413055419922
metastable,LNO,13,20.83786964416504,1.0710209608078003e-08,1.1920928955078125e-07,-1.6981567796392483e-07,0.0,True,19.36269760131836
metastable,LNO,14,20.791139602661133,1.1362135232673154e-08,1.1920928955078125e-07,-1.6825896409500274e-07,0.0,True,18.81894874572754
metastable,LNO,15,20.697940826416016,9.313225746154785e-09,1.1920928955078125e-07,-1.5062347813454835e-07,0.0,True,18.350706100463867
metastable,LNO,16,20.664445877075195,9.778887033462524e-09,1.1920928955078125e-07,-1.9659802319438313e-07,0.0,True,18.125680923461914
metastable,LNO,17,20.683752059936523,1.033768093350318e-08,1.1920928955078125e-07,-1.518509122888645e-07,0.0,True,18.00704574584961
metastable,LNO,18,20.70012092590332,9.126961408867373e-09,1.1920928955078125e-07,-1.871600545655383e-07,0.0,True,17.855411529541016
metastable,LNO,19,20.683143615722656,1.0617076995345087e-08,1.1920928955078125e-07,-1.3727151326747844e-07,0.0,True,17.772920608520508
metastable,LNO,20,20.643779754638672,9.22009313342187e-09,1.1920928955078125e-07,-1.6050955764512764e-07,0.0,True,17.7803955078125
metastable,LNO,21,20.601533889770508,9.126961408867373e-09,1.1920928955078125e-07,-2.06373400146731e-07,0.0,True,17.883453369140625
metastable,LNO,22,20.57010269165039,1.1641532182693481e-08,1.1920928955078125e-07,-1.5662641317248926e-07,0.0,True,18.094499588012695
metastable,LNO,23,20.5419979095459,9.685754420729609e-09,1.1920928955078125e-07,-1.215070710713917e-07,0.0,True,18.405044555664062
metastable,LNO,24,20.530290603637695,1.0244548320770264e-08,1.1920928955078125e-07,-1.6016591075640463e-07,0.0,True,18.797679901123047
metastable,LNO,25,20.5301456451416,1.033768093350318e-08,1.1920928955078125e-07,-1.534268108116521e-07,0.0,True,19.25384521484375
metastable,LNO,26,20.544893264770508,9.685754420729609e-09,1.1920928955078125e-07,-1.540255567533677e-07,0.0,True,19.68682098388672
metastable,LNO,27,20.57329559326172,1.0430812658057675e-08,1.1920928955078125e-07,-1.9087853786459164e-07,0.0,True,20.022628784179688
metastable,LNO,28,20.591951370239258,8.847564458847046e-09,1.1920928955078125e-07,-1.480517966001571e-07,0.0,True,20.24571990966797
metastable,LNO,29,20.60202407836914,1.0430812658057675e-08,1.1920928955078125e-07,-1.475238065040685e-07,0.0,True,20.3880558013916
metastable,LNO,30,20.603042602539062,1.145526784540607e-08,1.1920928955078125e-07,-1.6480748854519334e-07,0.0,True,20.493175506591797
metastable,LNO,31,20.59897232055664,1.0617076995345087e-08,1.1920928955078125e-07,-1.712103880890936e-07,0.0,True,20.578771591186523
metastable,LNO,32,20.599571228027344,1.0244548320770264e-08,1.1920928955078125e-07,-1.5558626387246477e-07,0.0,True,20.6529598236084
metastable,LNO,33,20.601642608642578,1.0896473945365415e-08,1.1920928955078125e-07,-1.612812070561631e-07,0.0,True,20.740020751953125
metastable,LNO,34,20.615610122680664,1.0803342220810919e-08,1.1920928955078125e-07,-1.6423661008957424e-07,0.0,True,20.85242462158203
metastable,LNO,35,20.63688850402832,9.87201964619544e-09,1.1920928955078125e-07,-2.009045374506968e-07,0.0,True,21.00840187072754
metastable,LNO,36,20.65366554260254,1.0617076995345087e-08,1.1920928955078125e-07,-1.8267432722041121e-07,0.0,True,21.234106063842773
metastable,LNO,37,20.665180206298828,1.0896473945365415e-08,1.1920928955078125e-07,-1.5460778968190425e-07,0.0,True,21.52926254272461
metastable,LNO,38,20.674808502197266,1.0058283983482852e-08,1.1920928955078125e-07,-2.157336496111384e-07,0.0,True,21.863040924072266
metastable,LNO,39,20.688053131103516,8.568167508826718e-09,1.1920928955078125e-07,-1.6710367845007568e-07,0.0,True,22.20188331604004
metastable,LNO,40,20.70296287536621,1.0896473945365415e-08,1.1920928955078125e-07,-1.4279197557698353e-07,0.0,True,22.519948959350586
metastable,LNO,41,20.7172908782959,1.0244548320770264e-08,1.1920928955078125e-07,-1.3866502968085115e-07,0.0,True,22.803333282470703
metastable,LNO,42,20.72989273071289,1.2479722144576044e-08,1.1920928955078125e-07,-1.65436119914375e-07,0.0,True,23.04514503479004
metastable,LNO,43,20.73909568786621,1.0617076995345087e-08,1.1920928955078125e-07,-1.8304366733445931e-07,0.0,True,23.261892318725586
metastable,LNO,44,20.739887237548828,1.145526784540607e-08,1.1920928955078125e-07,-1.7133783103417954e-07,0.0,True,23.463483810424805
metastable,LNO,45,20.739543914794922,1.1082738282652826e-08,1.1920928955078125e-07,-1.599114369810195e-07,0.0,True,23.638525009155273
metastable,LNO,46,20.749528884887695,1.0896473945365415e-08,1.1920928955078125e-07,-1.8015046521213662e-07,0.0,True,23.785961151123047
metastable,LNO,47,20.771453857421875,9.313225746154785e-09,1.1920928955078125e-07,-1.633481332419251e-07,0.0,True,23.926881790161133
metastable,LNO,48,20.804180145263672,1.033768093350318e-08,1.1920928955078125e-07,-1.4656183111583232e-07,0.0,True,24.091188430786133
metastable,LNO,49,20.853527069091797,1.1082738282652826e-08,1.1920928955078125e-07,-1.4493242872504197e-07,0.0,True,24.296335220336914
metastable,LNO,50,20.92393684387207,1.0617076995345087e-08,1.1920928955078125e-07,-1.9017920749320183e-07,0.0,True,24.536823272705078
metastable,LNO,51,21.003589630126953,1.2945383431883783e-08,1.1920928955078125e-07,-1.8942724011594692e-07,0.0,True,24.788314819335938
metastable,LNO,52,21.095842361450195,9.499490083442197e-09,1.1920928955078125e-07,-2.1124021998275566e-07,0.0,True,25.01176643371582
metastable,LNO,53,21.19887924194336,1.0244548320770264e-08,1.1920928955078125e-07,-1.4703232409374323e-07,0.0,True,25.165359497070312
metastable,LNO,54,21.320816040039062,1.0523945270790591e-08,1.1920928955078125e-07,-1.9133494788547978e-07,0.0,True,25.19508171081543
metastable,LNO,55,21.44020652770996,1.1269003508118658e-08,1.1920928955078125e-07,-1.9980404886155156e-07,0.0,True,25.075397491455078
metastable,LNO,56,21.54239273071289,1.0710209608078003e-08,1.1920928955078125e-07,-2.0576256076765276e-07,0.0,True,24.839900970458984
metastable,LNO,57,21.623788833618164,1.1827796519980893e-08,1.1920928955078125e-07,-2.1550569329065183e-07,0.0,True,24.53251838684082
metastable,LNO,58,21.688541412353516,1.0896473945365415e-08,1.1920928955078125e-07,-2.400776679678529e-07,0.0,True,24.2010440826416
metastable,LNO,59,21.730941772460938,1.1175870895385742e-08,1.1920928955078125e-07,-2.149757278857578e-07,0.0,True,23.904455184936523
metastable,LNO,60,21.741926193237305,1.0710209608078003e-08,1.1920928955078125e-07,-2.023388816496663e-07,0.0,True,23.74252700805664
metastable,LNO,61,21.75069236755371,1.1920929132713809e-08,1.1920928955078125e-07,-1.793541883898797e-07,0.0,True,23.768362045288086
metastable,LNO,62,21.76569366455078,1.1269003508118658e-08,1.1920928955078125e-07,-2.184486902478966e-07,0.0,True,23.90330696105957
metastable,LNO,63,21.781646728515625,1.0896473945365415e-08,1.1920928955078125e-07,-2.143523119002566e-07,0.0,True,24.066516876220703
metastable,LNO,64,21.78828239440918,1.2200326082734136e-08,1.1920928955078125e-07,-2.4938282194852945e-07,0.0,True,24.230022430419922
metastable,LNO,65,21.79956817626953,1.3131648657349615e-08,1.1920928955078125e-07,-1.917319849553678e-07,0.0,True,24.328754425048828
metastable,LNO,66,21.800268173217773,9.499490083442197e-09,1.1920928955078125e-07,-2.1469111288752174e-07,0.0,True,24.387170791625977
metastable,LNO,67,21.79145050048828,9.778887033462524e-09,1.1920928955078125e-07,-1.623256480343116e-07,0.0,True,24.408273696899414
metastable,LNO,68,21.779157638549805,9.685754420729609e-09,1.1920928955078125e-07,-2.1276929373925668e-07,0.0,True,24.368032455444336
metastable,LNO,69,21.765350341796875,1.210719347000122e-08,1.1920928955078125e-07,-2.0694169222679193e-07,0.0,True,24.23790740966797
metastable,LNO,70,21.729198455810547,1.0523945270790591e-08,1.1920928955078125e-07,-2.5116213464571047e-07,0.0,True,24.002580642700195
metastable,LNO,71,21.69883155822754,1.033768093350318e-08,1.1920928955078125e-07,-1.852723983120086e-07,0.0,True,23.640888214111328
metastable,LNO,72,21.647872924804688,1.0058283983482852e-08,1.1920928955078125e-07,-1.9840462073261733e-07,0.0,True,23.346893310546875
metastable,LNO,73,21.594900131225586,1.0710209608078003e-08,1.1920928955078125e-07,-1.918516261412151e-07,0.0,True,23.165040969848633
metastable,LNO,74,21.557331085205078,1.098960655809833e-08,1.1920928955078125e-07,-2.3422251160809537e-07,0.0,True,23.078502655029297
metastable,LNO,75,21.521198272705078,1.1362135232673154e-08,1.1920928955078125e-07,-1.9149352681324672e-07,0.0,True,23.066389083862305
metastable,LNO,76,21.488170623779297,1.1920929132713809e-08,1.1920928955078125e-07,-1.8756404074338207e-07,0.0,True,23.077329635620117
metastable,LNO,77,21.454240798950195,9.499490083442197e-09,1.1920928955078125e-07,-2.0740871775615233e-07,0.0,True,23.07953643798828
metastable,LNO,78,21.420185089111328,1.0617076995345087e-08,1.1920928955078125e-07,-2.1402907179890462e-07,0.0,True,23.049243927001953
metastable,LNO,79,21.395261764526367,1.0430812658057675e-08,1.1920928955078125e-07,-2.0023804836455383e-07,0.0,True,22.983671188354492
metastable,LNO,80,21.36670684814453,1.1734664795426397e-08,1.1920928955078125e-07,-2.295867602697399e-07,0.0,True,22.904964447021484
metastable,LNO,81,21.333715438842773,9.592622696175113e-09,1.1920928955078125e-07,-2.1552719431383593e-07,0.0,True,22.84840202331543
metastable,LNO,82,21.304088592529297,1.1641532182693481e-08,1.1920928955078125e-07,-1.7602368984626082e-07,0.0,True,22.847379684448242
metastable,LNO,83,21.277667999267578,9.778887033462524e-09,1.1920928955078125e-07,-1.8349987840338144e-07,0.0,True,22.906618118286133
metastable,LNO,84,21.254894256591797,9.592622696175113e-09,1.1920928955078125e-07,-1.717005773116398e-07,0.0,True,22.99547576904297
metastable,LNO,85,21.233177185058594,1.0430812658057675e-08,1.1920928955078125e-07,-2.238058556258693e-07,0.0,True,23.069509506225586
metastable,LNO,86,21.218034744262695,1.0710209608078003e-08,1.1920928955078125e-07,-1.6519160794814525e-07,0.0,True,23.09124755859375
metastable,LNO,87,21.213214874267578,1.0710209608078003e-08,1.1920928955078125e-07,-1.7369266913647152e-07,0.0,True,23.051084518432617
metastable,LNO,88,21.21747589111328,1.2386590420021548e-08,1.1920928955078125e-07,-1.6250612588919466e-07,0.0,True,22.968442916870117
metastable,LNO,89,21.218650817871094,8.75443184611413e-09,1.1920928955078125e-07,-1.7919224148954527e-07,0.0,True,22.888647079467773
metastable,LNO,90,21.222265243530273,8.847564458847046e-09,1.1920928955078125e-07,-2.2519125764119963e-07,0.0,True,22.865530014038086
metastable,LNO,91,21.230941772460938,1.1175870895385742e-08,1.1920928955078125e-07,-3.071423009259888e-07,0.0,True,22.898860931396484
metastable,LNO,92,21.2362060546875,1.0430812658057675e-08,1.1920928955078125e-07,-1.635867050708839e-07,0.0,True,22.941125869750977
metastable,LNO,93,21.234176635742188,1.1548399569960566e-08,1.1920928955078125e-07,-2.143245296792884e-07,0.0,True,22.96225929260254
metastable,LNO,94,21.232702255249023,1.1269003508118658e-08,1.1920928955078125e-07,-1.7960120146653935e-07,0.0,True,22.937875747680664
metastable,LNO,95,21.24204444885254,1.1827796519980893e-08,1.1920928955078125e-07,-1.995571068391655e-07,0.0,True,22.85737419128418
metastable,LNO,96,21.259931564331055,1.1082738282652826e-08,1.1920928955078125e-07,-1.8207484231425042e-07,0.0,True,22.73204803466797
metastable,LNO,97,21.276140213012695,1.1827796519980893e-08,1.1920928955078125e-07,-2.4575757606726256e-07,0.0,True,22.59122085571289
metastable,LNO,98,21.290157318115234,1.2386590420021548e-08,1.1920928955078125e-07,-2.2100233820765425e-07,0.0,True,22.449462890625
metastable,LNO,99,21.301559448242188,1.1734664795426397e-08,1.1920928955078125e-07,-1.6344154118996812e-07,0.0,True,22.321842193603516
metastable,LNO,100,21.312171936035156,9.313225746154785e-09,1.1920928955078125e-07,-1.8367242660133343e-07,0.0,True,22.22007942199707
