dataset_index,trajectory_id,regime,trajectory_index,timestep,noise_seed,gamma,noise_sigma,reference_gamma,spatial_points,information_dimension
0,low_noise_000,low_noise,0,0,150000,0.01,0.02,0.0,128,6
1,low_noise_000,low_noise,0,1,150000,0.01,0.02,0.0,128,6
2,low_noise_000,low_noise,0,2,150000,0.01,0.02,0.0,128,6
3,low_noise_000,low_noise,0,3,150000,0.01,0.02,0.0,128,6
4,low_noise_000,low_noise,0,4,150000,0.01,0.02,0.0,128,6
5,low_noise_000,low_noise,0,5,150000,0.01,0.02,0.0,128,6
6,low_noise_000,low_noise,0,6,150000,0.01,0.02,0.0,128,6
7,low_noise_000,low_noise,0,7,150000,0.01,0.02,0.0,128,6
8,low_noise_000,low_noise,0,8,150000,0.01,0.02,0.0,128,6
9,low_noise_000,low_noise,0,9,150000,0.01,0.02,0.0,128,6
10,low_noise_000,low_noise,0,10,150000,0.01,0.02,0.0,128,6
11,low_noise_000,low_noise,0,11,150000,0.01,0.02,0.0,128,6
12,low_noise_000,low_noise,0,12,150000,0.01,0.02,0.0,128,6
13,low_noise_000,low_noise,0,13,150000,0.01,0.02,0.0,128,6
14,low_noise_000,low_noise,0,14,150000,0.01,0.02,0.0,128,6
15,low_noise_000,low_noise,0,15,150000,0.01,0.02,0.0,128,6
16,low_noise_000,low_noise,0,16,150000,0.01,0.02,0.0,128,6
17,low_noise_000,low_noise,0,17,150000,0.01,0.02,0.0,128,6
18,low_noise_000,low_noise,0,18,150000,0.01,0.02,0.0,128,6
19,low_noise_000,low_noise,0,19,150000,0.01,0.02,0.0,128,6
20,low_noise_000,low_noise,0,20,150000,0.01,0.02,0.0,128,6
21,low_noise_000,low_noise,0,21,150000,0.01,0.02,0.0,128,6
22,low_noise_000,low_noise,0,22,150000,0.01,0.02,0.0,128,6
23,low_noise_000,low_noise,0,23,150000,0.01,0.02,0.0,128,6
24,low_noise_000,low_noise,0,24,150000,0.01,0.02,0.0,128,6
25,low_noise_000,low_noise,0,25,150000,0.01,0.02,0.0,128,6
26,low_noise_000,low_noise,0,26,150000,0.01,0.02,0.0,128,6
27,low_noise_000,low_noise,0,27,150000,0.01,0.02,0.0,128,6
28,low_noise_000,low_noise,0,28,150000,0.01,0.02,0.0,128,6
29,low_noise_000,low_noise,0,29,150000,0.01,0.02,0.0,128,6
30,low_noise_000,low_noise,0,30,150000,0.01,0.02,0.0,128,6
31,low_noise_000,low_noise,0,31,150000,0.01,0.02,0.0,128,6
32,low_noise_000,low_noise,0,32,150000,0.01,0.02,0.0,128,6
33,low_noise_000,low_noise,0,33,150000,0.01,0.02,0.0,128,6
34,low_noise_000,low_noise,0,34,150000,0.01,0.02,0.0,128,6
35,low_noise_000,low_noise,0,35,150000,0.01,0.02,0.0,128,6
36,low_noise_000,low_noise,0,36,150000,0.01,0.02,0.0,128,6
37,low_noise_000,low_noise,0,37,150000,0.01,0.02,0.0,128,6
38,low_noise_000,low_noise,0,38,150000,0.01,0.02,0.0,128,6
39,low_noise_000,low_noise,0,39,150000,0.01,0.02,0.0,128,6
40,low_noise_000,low_noise,0,40,150000,0.01,0.02,0.0,128,6
41,low_noise_000,low_noise,0,41,150000,0.01,0.02,0.0,128,6
42,low_noise_000,low_noise,0,42,150000,0.01,0.02,0.0,128,6
43,low_noise_000,low_noise,0,43,150000,0.01,0.02,0.0,128,6
44,low_noise_000,low_noise,0,44,150000,0.01,0.02,0.0,128,6
45,low_noise_000,low_noise,0,45,150000,0.01,0.02,0.0,128,6
46,low_noise_000,low_noise,0,46,150000,0.01,0.02,0.0,128,6
47,low_noise_000,low_noise,0,47,150000,0.01,0.02,0.0,128,6
48,low_noise_000,low_noise,0,48,150000,0.01,0.02,0.0,128,6
49,low_noise_000,low_noise,0,49,150000,0.01,0.02,0.0,128,6
50,low_noise_000,low_noise,0,50,150000,0.01,0.02,0.0,128,6
51,low_noise_000,low_noise,0,51,150000,0.01,0.02,0.0,128,6
52,low_noise_000,low_noise,0,52,150000,0.01,0.02,0.0,128,6
53,low_noise_000,low_noise,0,53,150000,0.01,0.02,0.0,128,6
54,low_noise_000,low_noise,0,54,150000,0.01,0.02,0.0,128,6
55,low_noise_000,low_noise,0,55,150000,0.01,0.02,0.0,128,6
56,low_noise_000,low_noise,0,56,150000,0.01,0.02,0.0,128,6
57,low_noise_000,low_noise,0,57,150000,0.01,0.02,0.0,128,6
58,low_noise_000,low_noise,0,58,150000,0.01,0.02,0.0,128,6
59,low_noise_000,low_noise,0,59,150000,0.01,0.02,0.0,128,6
60,low_noise_000,low_noise,0,60,150000,0.01,0.02,0.0,128,6
61,low_noise_000,low_noise,0,61,150000,0.01,0.02,0.0,128,6
62,low_noise_000,low_noise,0,62,150000,0.01,0.02,0.0,128,6
63,low_noise_000,low_noise,0,63,150000,0.01,0.02,0.0,128,6
64,low_noise_000,low_noise,0,64,150000,0.01,0.02,0.0,128,6
65,low_noise_000,low_noise,0,65,150000,0.01,0.02,0.0,128,6
66,low_noise_000,low_noise,0,66,150000,0.01,0.02,0.0,128,6
67,low_noise_000,low_noise,0,67,150000,0.01,0.02,0.0,128,6
68,low_noise_000,low_noise,0,68,150000,0.01,0.02,0.0,128,6
69,low_noise_000,low_noise,0,69,150000,0.01,0.02,0.0,128,6
70,low_noise_000,low_noise,0,70,150000,0.01,0.02,0.0,128,6
71,low_noise_000,low_noise,0,71,150000,0.01,0.02,0.0,128,6
72,low_noise_000,low_noise,0,72,150000,0.01,0.02,0.0,128,6
73,low_noise_000,low_noise,0,73,150000,0.01,0.02,0.0,128,6
74,low_noise_000,low_noise,0,74,150000,0.01,0.02,0.0,128,6
75,low_noise_000,low_noise,0,75,150000,0.01,0.02,0.0,128,6
76,low_noise_000,low_noise,0,76,150000,0.01,0.02,0.0,128,6
77,low_noise_000,low_noise,0,77,150000,0.01,0.02,0.0,128,6
78,low_noise_000,low_noise,0,78,150000,0.01,0.02,0.0,128,6
79,low_noise_000,low_noise,0,79,150000,0.01,0.02,0.0,128,6
80,low_noise_000,low_noise,0,80,150000,0.01,0.02,0.0,128,6
81,low_noise_000,low_noise,0,81,150000,0.01,0.02,0.0,128,6
82,low_noise_000,low_noise,0,82,150000,0.01,0.02,0.0,128,6
83,low_noise_000,low_noise,0,83,150000,0.01,0.02,0.0,128,6
84,low_noise_000,low_noise,0,84,150000,0.01,0.02,0.0,128,6
85,low_noise_000,low_noise,0,85,150000,0.01,0.02,0.0,128,6
86,low_noise_000,low_noise,0,86,150000,0.01,0.02,0.0,128,6
87,low_noise_000,low_noise,0,87,150000,0.01,0.02,0.0,128,6
88,low_noise_000,low_noise,0,88,150000,0.01,0.02,0.0,128,6
89,low_noise_000,low_noise,0,89,150000,0.01,0.02,0.0,128,6
90,low_noise_000,low_noise,0,90,150000,0.01,0.02,0.0,128,6
91,low_noise_000,low_noise,0,91,150000,0.01,0.02,0.0,128,6
92,low_noise_000,low_noise,0,92,150000,0.01,0.02,0.0,128,6
93,low_noise_000,low_noise,0,93,150000,0.01,0.02,0.0,128,6
94,low_noise_000,low_noise,0,94,150000,0.01,0.02,0.0,128,6
95,low_noise_000,low_noise,0,95,150000,0.01,0.02,0.0,128,6
96,low_noise_000,low_noise,0,96,150000,0.01,0.02,0.0,128,6
97,low_noise_000,low_noise,0,97,150000,0.01,0.02,0.0,128,6
98,low_noise_000,low_noise,0,98,150000,0.01,0.02,0.0,128,6
99,low_noise_001,low_noise,1,0,150001,0.01,0.02,0.0,128,6
100,low_noise_001,low_noise,1,1,150001,0.01,0.02,0.0,128,6
101,low_noise_001,low_noise,1,2,150001,0.01,0.02,0.0,128,6
102,low_noise_001,low_noise,1,3,150001,0.01,0.02,0.0,128,6
103,low_noise_001,low_noise,1,4,150001,0.01,0.02,0.0,128,6
104,low_noise_001,low_noise,1,5,150001,0.01,0.02,0.0,128,6
105,low_noise_001,low_noise,1,6,150001,0.01,0.02,0.0,128,6
106,low_noise_001,low_noise,1,7,150001,0.01,0.02,0.0,128,6
107,low_noise_001,low_noise,1,8,150001,0.01,0.02,0.0,128,6
108,low_noise_001,low_noise,1,9,150001,0.01,0.02,0.0,128,6
109,low_noise_001,low_noise,1,10,150001,0.01,0.02,0.0,128,6
110,low_noise_001,low_noise,1,11,150001,0.01,0.02,0.0,128,6
111,low_noise_001,low_noise,1,12,150001,0.01,0.02,0.0,128,6
112,low_noise_001,low_noise,1,13,150001,0.01,0.02,0.0,128,6
113,low_noise_001,low_noise,1,14,150001,0.01,0.02,0.0,128,6
114,low_noise_001,low_noise,1,15,150001,0.01,0.02,0.0,128,6
115,low_noise_001,low_noise,1,16,150001,0.01,0.02,0.0,128,6
116,low_noise_001,low_noise,1,17,150001,0.01,0.02,0.0,128,6
117,low_noise_001,low_noise,1,18,150001,0.01,0.02,0.0,128,6
118,low_noise_001,low_noise,1,19,150001,0.01,0.02,0.0,128,6
119,low_noise_001,low_noise,1,20,150001,0.01,0.02,0.0,128,6
120,low_noise_001,low_noise,1,21,150001,0.01,0.02,0.0,128,6
121,low_noise_001,low_noise,1,22,150001,0.01,0.02,0.0,128,6
122,low_noise_001,low_noise,1,23,150001,0.01,0.02,0.0,128,6
123,low_noise_001,low_noise,1,24,150001,0.01,0.02,0.0,128,6
124,low_noise_001,low_noise,1,25,150001,0.01,0.02,0.0,128,6
125,low_noise_001,low_noise,1,26,150001,0.01,0.02,0.0,128,6
126,low_noise_001,low_noise,1,27,150001,0.01,0.02,0.0,128,6
127,low_noise_001,low_noise,1,28,150001,0.01,0.02,0.0,128,6
128,low_noise_001,low_noise,1,29,150001,0.01,0.02,0.0,128,6
129,low_noise_001,low_noise,1,30,150001,0.01,0.02,0.0,128,6
130,low_noise_001,low_noise,1,31,150001,0.01,0.02,0.0,128,6
131,low_noise_001,low_noise,1,32,150001,0.01,0.02,0.0,128,6
132,low_noise_001,low_noise,1,33,150001,0.01,0.02,0.0,128,6
133,low_noise_001,low_noise,1,34,150001,0.01,0.02,0.0,128,6
134,low_noise_001,low_noise,1,35,150001,0.01,0.02,0.0,128,6
135,low_noise_001,low_noise,1,36,150001,0.01,0.02,0.0,128,6
136,low_noise_001,low_noise,1,37,150001,0.01,0.02,0.0,128,6
137,low_noise_001,low_noise,1,38,150001,0.01,0.02,0.0,128,6
138,low_noise_001,low_noise,1,39,150001,0.01,0.02,0.0,128,6
139,low_noise_001,low_noise,1,40,150001,0.01,0.02,0.0,128,6
140,low_noise_001,low_noise,1,41,150001,0.01,0.02,0.0,128,6
141,low_noise_001,low_noise,1,42,150001,0.01,0.02,0.0,128,6
142,low_noise_001,low_noise,1,43,150001,0.01,0.02,0.0,128,6
143,low_noise_001,low_noise,1,44,150001,0.01,0.02,0.0,128,6
144,low_noise_001,low_noise,1,45,150001,0.01,0.02,0.0,128,6
145,low_noise_001,low_noise,1,46,150001,0.01,0.02,0.0,128,6
146,low_noise_001,low_noise,1,47,150001,0.01,0.02,0.0,128,6
147,low_noise_001,low_noise,1,48,150001,0.01,0.02,0.0,128,6
148,low_noise_001,low_noise,1,49,150001,0.01,0.02,0.0,128,6
149,low_noise_001,low_noise,1,50,150001,0.01,0.02,0.0,128,6
150,low_noise_001,low_noise,1,51,150001,0.01,0.02,0.0,128,6
151,low_noise_001,low_noise,1,52,150001,0.01,0.02,0.0,128,6
152,low_noise_001,low_noise,1,53,150001,0.01,0.02,0.0,128,6
153,low_noise_001,low_noise,1,54,150001,0.01,0.02,0.0,128,6
154,low_noise_001,low_noise,1,55,150001,0.01,0.02,0.0,128,6
155,low_noise_001,low_noise,1,56,150001,0.01,0.02,0.0,128,6
156,low_noise_001,low_noise,1,57,150001,0.01,0.02,0.0,128,6
157,low_noise_001,low_noise,1,58,150001,0.01,0.02,0.0,128,6
158,low_noise_001,low_noise,1,59,150001,0.01,0.02,0.0,128,6
159,low_noise_001,low_noise,1,60,150001,0.01,0.02,0.0,128,6
160,low_noise_001,low_noise,1,61,150001,0.01,0.02,0.0,128,6
161,low_noise_001,low_noise,1,62,150001,0.01,0.02,0.0,128,6
162,low_noise_001,low_noise,1,63,150001,0.01,0.02,0.0,128,6
163,low_noise_001,low_noise,1,64,150001,0.01,0.02,0.0,128,6
164,low_noise_001,low_noise,1,65,150001,0.01,0.02,0.0,128,6
165,low_noise_001,low_noise,1,66,150001,0.01,0.02,0.0,128,6
166,low_noise_001,low_noise,1,67,150001,0.01,0.02,0.0,128,6
167,low_noise_001,low_noise,1,68,150001,0.01,0.02,0.0,128,6
168,low_noise_001,low_noise,1,69,150001,0.01,0.02,0.0,128,6
169,low_noise_001,low_noise,1,70,150001,0.01,0.02,0.0,128,6
170,low_noise_001,low_noise,1,71,150001,0.01,0.02,0.0,128,6
171,low_noise_001,low_noise,1,72,150001,0.01,0.02,0.0,128,6
172,low_noise_001,low_noise,1,73,150001,0.01,0.02,0.0,128,6
173,low_noise_001,low_noise,1,74,150001,0.01,0.02,0.0,128,6
174,low_noise_001,low_noise,1,75,150001,0.01,0.02,0.0,128,6
175,low_noise_001,low_noise,1,76,150001,0.01,0.02,0.0,128,6
176,low_noise_001,low_noise,1,77,150001,0.01,0.02,0.0,128,6
177,low_noise_001,low_noise,1,78,150001,0.01,0.02,0.0,128,6
178,low_noise_001,low_noise,1,79,150001,0.01,0.02,0.0,128,6
179,low_noise_001,low_noise,1,80,150001,0.01,0.02,0.0,128,6
180,low_noise_001,low_noise,1,81,150001,0.01,0.02,0.0,128,6
181,low_noise_001,low_noise,1,82,150001,0.01,0.02,0.0,128,6
182,low_noise_001,low_noise,1,83,150001,0.01,0.02,0.0,128,6
183,low_noise_001,low_noise,1,84,150001,0.01,0.02,0.0,128,6
184,low_noise_001,low_noise,1,85,150001,0.01,0.02,0.0,128,6
185,low_noise_001,low_noise,1,86,150001,0.01,0.02,0.0,128,6
186,low_noise_001,low_noise,1,87,150001,0.01,0.02,0.0,128,6
187,low_noise_001,low_noise,1,88,150001,0.01,0.02,0.0,128,6
188,low_noise_001,low_noise,1,89,150001,0.01,0.02,0.0,128,6
189,low_noise_001,low_noise,1,90,150001,0.01,0.02,0.0,128,6
190,low_noise_001,low_noise,1,91,150001,0.01,0.02,0.0,128,6
191,low_noise_001,low_noise,1,92,150001,0.01,0.02,0.0,128,6
192,low_noise_001,low_noise,1,93,150001,0.01,0.02,0.0,128,6
193,low_noise_001,low_noise,1,94,150001,0.01,0.02,0.0,128,6
194,low_noise_001,low_noise,1,95,150001,0.01,0.02,0.0,128,6
195,low_noise_001,low_noise,1,96,150001,0.01,0.02,0.0,128,6
196,low_noise_001,low_noise,1,97,150001,0.01,0.02,0.0,128,6
197,low_noise_001,low_noise,1,98,150001,0.01,0.02,0.0,128,6
198,low_noise_002,low_noise,2,0,150002,0.01,0.02,0.0,128,6
199,low_noise_002,low_noise,2,1,150002,0.01,0.02,0.0,128,6
200,low_noise_002,low_noise,2,2,150002,0.01,0.02,0.0,128,6
201,low_noise_002,low_noise,2,3,150002,0.01,0.02,0.0,128,6
202,low_noise_002,low_noise,2,4,150002,0.01,0.02,0.0,128,6
203,low_noise_002,low_noise,2,5,150002,0.01,0.02,0.0,128,6
204,low_noise_002,low_noise,2,6,150002,0.01,0.02,0.0,128,6
205,low_noise_002,low_noise,2,7,150002,0.01,0.02,0.0,128,6
206,low_noise_002,low_noise,2,8,150002,0.01,0.02,0.0,128,6
207,low_noise_002,low_noise,2,9,150002,0.01,0.02,0.0,128,6
208,low_noise_002,low_noise,2,10,150002,0.01,0.02,0.0,128,6
209,low_noise_002,low_noise,2,11,150002,0.01,0.02,0.0,128,6
210,low_noise_002,low_noise,2,12,150002,0.01,0.02,0.0,128,6
211,low_noise_002,low_noise,2,13,150002,0.01,0.02,0.0,128,6
212,low_noise_002,low_noise,2,14,150002,0.01,0.02,0.0,128,6
213,low_noise_002,low_noise,2,15,150002,0.01,0.02,0.0,128,6
214,low_noise_002,low_noise,2,16,150002,0.01,0.02,0.0,128,6
215,low_noise_002,low_noise,2,17,150002,0.01,0.02,0.0,128,6
216,low_noise_002,low_noise,2,18,150002,0.01,0.02,0.0,128,6
217,low_noise_002,low_noise,2,19,150002,0.01,0.02,0.0,128,6
218,low_noise_002,low_noise,2,20,150002,0.01,0.02,0.0,128,6
219,low_noise_002,low_noise,2,21,150002,0.01,0.02,0.0,128,6
220,low_noise_002,low_noise,2,22,150002,0.01,0.02,0.0,128,6
221,low_noise_002,low_noise,2,23,150002,0.01,0.02,0.0,128,6
222,low_noise_002,low_noise,2,24,150002,0.01,0.02,0.0,128,6
223,low_noise_002,low_noise,2,25,150002,0.01,0.02,0.0,128,6
224,low_noise_002,low_noise,2,26,150002,0.01,0.02,0.0,128,6
225,low_noise_002,low_noise,2,27,150002,0.01,0.02,0.0,128,6
226,low_noise_002,low_noise,2,28,150002,0.01,0.02,0.0,128,6
227,low_noise_002,low_noise,2,29,150002,0.01,0.02,0.0,128,6
228,low_noise_002,low_noise,2,30,150002,0.01,0.02,0.0,128,6
229,low_noise_002,low_noise,2,31,150002,0.01,0.02,0.0,128,6
230,low_noise_002,low_noise,2,32,150002,0.01,0.02,0.0,128,6
231,low_noise_002,low_noise,2,33,150002,0.01,0.02,0.0,128,6
232,low_noise_002,low_noise,2,34,150002,0.01,0.02,0.0,128,6
233,low_noise_002,low_noise,2,35,150002,0.01,0.02,0.0,128,6
234,low_noise_002,low_noise,2,36,150002,0.01,0.02,0.0,128,6
235,low_noise_002,low_noise,2,37,150002,0.01,0.02,0.0,128,6
236,low_noise_002,low_noise,2,38,150002,0.01,0.02,0.0,128,6
237,low_noise_002,low_noise,2,39,150002,0.01,0.02,0.0,128,6
238,low_noise_002,low_noise,2,40,150002,0.01,0.02,0.0,128,6
239,low_noise_002,low_noise,2,41,150002,0.01,0.02,0.0,128,6
240,low_noise_002,low_noise,2,42,150002,0.01,0.02,0.0,128,6
241,low_noise_002,low_noise,2,43,150002,0.01,0.02,0.0,128,6
242,low_noise_002,low_noise,2,44,150002,0.01,0.02,0.0,128,6
243,low_noise_002,low_noise,2,45,150002,0.01,0.02,0.0,128,6
244,low_noise_002,low_noise,2,46,150002,0.01,0.02,0.0,128,6
245,low_noise_002,low_noise,2,47,150002,0.01,0.02,0.0,128,6
246,low_noise_002,low_noise,2,48,150002,0.01,0.02,0.0,128,6
247,low_noise_002,low_noise,2,49,150002,0.01,0.02,0.0,128,6
248,low_noise_002,low_noise,2,50,150002,0.01,0.02,0.0,128,6
249,low_noise_002,low_noise,2,51,150002,0.01,0.02,0.0,128,6
250,low_noise_002,low_noise,2,52,150002,0.01,0.02,0.0,128,6
251,low_noise_002,low_noise,2,53,150002,0.01,0.02,0.0,128,6
252,low_noise_002,low_noise,2,54,150002,0.01,0.02,0.0,128,6
253,low_noise_002,low_noise,2,55,150002,0.01,0.02,0.0,128,6
254,low_noise_002,low_noise,2,56,150002,0.01,0.02,0.0,128,6
255,low_noise_002,low_noise,2,57,150002,0.01,0.02,0.0,128,6
256,low_noise_002,low_noise,2,58,150002,0.01,0.02,0.0,128,6
257,low_noise_002,low_noise,2,59,150002,0.01,0.02,0.0,128,6
258,low_noise_002,low_noise,2,60,150002,0.01,0.02,0.0,128,6
259,low_noise_002,low_noise,2,61,150002,0.01,0.02,0.0,128,6
260,low_noise_002,low_noise,2,62,150002,0.01,0.02,0.0,128,6
261,low_noise_002,low_noise,2,63,150002,0.01,0.02,0.0,128,6
262,low_noise_002,low_noise,2,64,150002,0.01,0.02,0.0,128,6
263,low_noise_002,low_noise,2,65,150002,0.01,0.02,0.0,128,6
264,low_noise_002,low_noise,2,66,150002,0.01,0.02,0.0,128,6
265,low_noise_002,low_noise,2,67,150002,0.01,0.02,0.0,128,6
266,low_noise_002,low_noise,2,68,150002,0.01,0.02,0.0,128,6
267,low_noise_002,low_noise,2,69,150002,0.01,0.02,0.0,128,6
268,low_noise_002,low_noise,2,70,150002,0.01,0.02,0.0,128,6
269,low_noise_002,low_noise,2,71,150002,0.01,0.02,0.0,128,6
270,low_noise_002,low_noise,2,72,150002,0.01,0.02,0.0,128,6
271,low_noise_002,low_noise,2,73,150002,0.01,0.02,0.0,128,6
272,low_noise_002,low_noise,2,74,150002,0.01,0.02,0.0,128,6
273,low_noise_002,low_noise,2,75,150002,0.01,0.02,0.0,128,6
274,low_noise_002,low_noise,2,76,150002,0.01,0.02,0.0,128,6
275,low_noise_002,low_noise,2,77,150002,0.01,0.02,0.0,128,6
276,low_noise_002,low_noise,2,78,150002,0.01,0.02,0.0,128,6
277,low_noise_002,low_noise,2,79,150002,0.01,0.02,0.0,128,6
278,low_noise_002,low_noise,2,80,150002,0.01,0.02,0.0,128,6
279,low_noise_002,low_noise,2,81,150002,0.01,0.02,0.0,128,6
280,low_noise_002,low_noise,2,82,150002,0.01,0.02,0.0,128,6
281,low_noise_002,low_noise,2,83,150002,0.01,0.02,0.0,128,6
282,low_noise_002,low_noise,2,84,150002,0.01,0.02,0.0,128,6
283,low_noise_002,low_noise,2,85,150002,0.01,0.02,0.0,128,6
284,low_noise_002,low_noise,2,86,150002,0.01,0.02,0.0,128,6
285,low_noise_002,low_noise,2,87,150002,0.01,0.02,0.0,128,6
286,low_noise_002,low_noise,2,88,150002,0.01,0.02,0.0,128,6
287,low_noise_002,low_noise,2,89,150002,0.01,0.02,0.0,128,6
288,low_noise_002,low_noise,2,90,150002,0.01,0.02,0.0,128,6
289,low_noise_002,low_noise,2,91,150002,0.01,0.02,0.0,128,6
290,low_noise_002,low_noise,2,92,150002,0.01,0.02,0.0,128,6
291,low_noise_002,low_noise,2,93,150002,0.01,0.02,0.0,128,6
292,low_noise_002,low_noise,2,94,150002,0.01,0.02,0.0,128,6
293,low_noise_002,low_noise,2,95,150002,0.01,0.02,0.0,128,6
294,low_noise_002,low_noise,2,96,150002,0.01,0.02,0.0,128,6
295,low_noise_002,low_noise,2,97,150002,0.01,0.02,0.0,128,6
296,low_noise_002,low_noise,2,98,150002,0.01,0.02,0.0,128,6
297,low_noise_003,low_noise,3,0,150003,0.01,0.02,0.0,128,6
298,low_noise_003,low_noise,3,1,150003,0.01,0.02,0.0,128,6
299,low_noise_003,low_noise,3,2,150003,0.01,0.02,0.0,128,6
300,low_noise_003,low_noise,3,3,150003,0.01,0.02,0.0,128,6
301,low_noise_003,low_noise,3,4,150003,0.01,0.02,0.0,128,6
302,low_noise_003,low_noise,3,5,150003,0.01,0.02,0.0,128,6
303,low_noise_003,low_noise,3,6,150003,0.01,0.02,0.0,128,6
304,low_noise_003,low_noise,3,7,150003,0.01,0.02,0.0,128,6
305,low_noise_003,low_noise,3,8,150003,0.01,0.02,0.0,128,6
306,low_noise_003,low_noise,3,9,150003,0.01,0.02,0.0,128,6
307,low_noise_003,low_noise,3,10,150003,0.01,0.02,0.0,128,6
308,low_noise_003,low_noise,3,11,150003,0.01,0.02,0.0,128,6
309,low_noise_003,low_noise,3,12,150003,0.01,0.02,0.0,128,6
310,low_noise_003,low_noise,3,13,150003,0.01,0.02,0.0,128,6
311,low_noise_003,low_noise,3,14,150003,0.01,0.02,0.0,128,6
312,low_noise_003,low_noise,3,15,150003,0.01,0.02,0.0,128,6
313,low_noise_003,low_noise,3,16,150003,0.01,0.02,0.0,128,6
314,low_noise_003,low_noise,3,17,150003,0.01,0.02,0.0,128,6
315,low_noise_003,low_noise,3,18,150003,0.01,0.02,0.0,128,6
316,low_noise_003,low_noise,3,19,150003,0.01,0.02,0.0,128,6
317,low_noise_003,low_noise,3,20,150003,0.01,0.02,0.0,128,6
318,low_noise_003,low_noise,3,21,150003,0.01,0.02,0.0,128,6
319,low_noise_003,low_noise,3,22,150003,0.01,0.02,0.0,128,6
320,low_noise_003,low_noise,3,23,150003,0.01,0.02,0.0,128,6
321,low_noise_003,low_noise,3,24,150003,0.01,0.02,0.0,128,6
322,low_noise_003,low_noise,3,25,150003,0.01,0.02,0.0,128,6
323,low_noise_003,low_noise,3,26,150003,0.01,0.02,0.0,128,6
324,low_noise_003,low_noise,3,27,150003,0.01,0.02,0.0,128,6
325,low_noise_003,low_noise,3,28,150003,0.01,0.02,0.0,128,6
326,low_noise_003,low_noise,3,29,150003,0.01,0.02,0.0,128,6
327,low_noise_003,low_noise,3,30,150003,0.01,0.02,0.0,128,6
328,low_noise_003,low_noise,3,31,150003,0.01,0.02,0.0,128,6
329,low_noise_003,low_noise,3,32,150003,0.01,0.02,0.0,128,6
330,low_noise_003,low_noise,3,33,150003,0.01,0.02,0.0,128,6
331,low_noise_003,low_noise,3,34,150003,0.01,0.02,0.0,128,6
332,low_noise_003,low_noise,3,35,150003,0.01,0.02,0.0,128,6
333,low_noise_003,low_noise,3,36,150003,0.01,0.02,0.0,128,6
334,low_noise_003,low_noise,3,37,150003,0.01,0.02,0.0,128,6
335,low_noise_003,low_noise,3,38,150003,0.01,0.02,0.0,128,6
336,low_noise_003,low_noise,3,39,150003,0.01,0.02,0.0,128,6
337,low_noise_003,low_noise,3,40,150003,0.01,0.02,0.0,128,6
338,low_noise_003,low_noise,3,41,150003,0.01,0.02,0.0,128,6
339,low_noise_003,low_noise,3,42,150003,0.01,0.02,0.0,128,6
340,low_noise_003,low_noise,3,43,150003,0.01,0.02,0.0,128,6
341,low_noise_003,low_noise,3,44,150003,0.01,0.02,0.0,128,6
342,low_noise_003,low_noise,3,45,150003,0.01,0.02,0.0,128,6
343,low_noise_003,low_noise,3,46,150003,0.01,0.02,0.0,128,6
344,low_noise_003,low_noise,3,47,150003,0.01,0.02,0.0,128,6
345,low_noise_003,low_noise,3,48,150003,0.01,0.02,0.0,128,6
346,low_noise_003,low_noise,3,49,150003,0.01,0.02,0.0,128,6
347,low_noise_003,low_noise,3,50,150003,0.01,0.02,0.0,128,6
348,low_noise_003,low_noise,3,51,150003,0.01,0.02,0.0,128,6
349,low_noise_003,low_noise,3,52,150003,0.01,0.02,0.0,128,6
350,low_noise_003,low_noise,3,53,150003,0.01,0.02,0.0,128,6
351,low_noise_003,low_noise,3,54,150003,0.01,0.02,0.0,128,6
352,low_noise_003,low_noise,3,55,150003,0.01,0.02,0.0,128,6
353,low_noise_003,low_noise,3,56,150003,0.01,0.02,0.0,128,6
354,low_noise_003,low_noise,3,57,150003,0.01,0.02,0.0,128,6
355,low_noise_003,low_noise,3,58,150003,0.01,0.02,0.0,128,6
356,low_noise_003,low_noise,3,59,150003,0.01,0.02,0.0,128,6
357,low_noise_003,low_noise,3,60,150003,0.01,0.02,0.0,128,6
358,low_noise_003,low_noise,3,61,150003,0.01,0.02,0.0,128,6
359,low_noise_003,low_noise,3,62,150003,0.01,0.02,0.0,128,6
360,low_noise_003,low_noise,3,63,150003,0.01,0.02,0.0,128,6
361,low_noise_003,low_noise,3,64,150003,0.01,0.02,0.0,128,6
362,low_noise_003,low_noise,3,65,150003,0.01,0.02,0.0,128,6
363,low_noise_003,low_noise,3,66,150003,0.01,0.02,0.0,128,6
364,low_noise_003,low_noise,3,67,150003,0.01,0.02,0.0,128,6
365,low_noise_003,low_noise,3,68,150003,0.01,0.02,0.0,128,6
366,low_noise_003,low_noise,3,69,150003,0.01,0.02,0.0,128,6
367,low_noise_003,low_noise,3,70,150003,0.01,0.02,0.0,128,6
368,low_noise_003,low_noise,3,71,150003,0.01,0.02,0.0,128,6
369,low_noise_003,low_noise,3,72,150003,0.01,0.02,0.0,128,6
370,low_noise_003,low_noise,3,73,150003,0.01,0.02,0.0,128,6
371,low_noise_003,low_noise,3,74,150003,0.01,0.02,0.0,128,6
372,low_noise_003,low_noise,3,75,150003,0.01,0.02,0.0,128,6
373,low_noise_003,low_noise,3,76,150003,0.01,0.02,0.0,128,6
374,low_noise_003,low_noise,3,77,150003,0.01,0.02,0.0,128,6
375,low_noise_003,low_noise,3,78,150003,0.01,0.02,0.0,128,6
376,low_noise_003,low_noise,3,79,150003,0.01,0.02,0.0,128,6
377,low_noise_003,low_noise,3,80,150003,0.01,0.02,0.0,128,6
378,low_noise_003,low_noise,3,81,150003,0.01,0.02,0.0,128,6
379,low_noise_003,low_noise,3,82,150003,0.01,0.02,0.0,128,6
380,low_noise_003,low_noise,3,83,150003,0.01,0.02,0.0,128,6
381,low_noise_003,low_noise,3,84,150003,0.01,0.02,0.0,128,6
382,low_noise_003,low_noise,3,85,150003,0.01,0.02,0.0,128,6
383,low_noise_003,low_noise,3,86,150003,0.01,0.02,0.0,128,6
384,low_noise_003,low_noise,3,87,150003,0.01,0.02,0.0,128,6
385,low_noise_003,low_noise,3,88,150003,0.01,0.02,0.0,128,6
386,low_noise_003,low_noise,3,89,150003,0.01,0.02,0.0,128,6
387,low_noise_003,low_noise,3,90,150003,0.01,0.02,0.0,128,6
388,low_noise_003,low_noise,3,91,150003,0.01,0.02,0.0,128,6
389,low_noise_003,low_noise,3,92,150003,0.01,0.02,0.0,128,6
390,low_noise_003,low_noise,3,93,150003,0.01,0.02,0.0,128,6
391,low_noise_003,low_noise,3,94,150003,0.01,0.02,0.0,128,6
392,low_noise_003,low_noise,3,95,150003,0.01,0.02,0.0,128,6
393,low_noise_003,low_noise,3,96,150003,0.01,0.02,0.0,128,6
394,low_noise_003,low_noise,3,97,150003,0.01,0.02,0.0,128,6
395,low_noise_003,low_noise,3,98,150003,0.01,0.02,0.0,128,6
396,low_noise_004,low_noise,4,0,150004,0.01,0.02,0.0,128,6
397,low_noise_004,low_noise,4,1,150004,0.01,0.02,0.0,128,6
398,low_noise_004,low_noise,4,2,150004,0.01,0.02,0.0,128,6
399,low_noise_004,low_noise,4,3,150004,0.01,0.02,0.0,128,6
400,low_noise_004,low_noise,4,4,150004,0.01,0.02,0.0,128,6
401,low_noise_004,low_noise,4,5,150004,0.01,0.02,0.0,128,6
402,low_noise_004,low_noise,4,6,150004,0.01,0.02,0.0,128,6
403,low_noise_004,low_noise,4,7,150004,0.01,0.02,0.0,128,6
404,low_noise_004,low_noise,4,8,150004,0.01,0.02,0.0,128,6
405,low_noise_004,low_noise,4,9,150004,0.01,0.02,0.0,128,6
406,low_noise_004,low_noise,4,10,150004,0.01,0.02,0.0,128,6
407,low_noise_004,low_noise,4,11,150004,0.01,0.02,0.0,128,6
408,low_noise_004,low_noise,4,12,150004,0.01,0.02,0.0,128,6
409,low_noise_004,low_noise,4,13,150004,0.01,0.02,0.0,128,6
410,low_noise_004,low_noise,4,14,150004,0.01,0.02,0.0,128,6
411,low_noise_004,low_noise,4,15,150004,0.01,0.02,0.0,128,6
412,low_noise_004,low_noise,4,16,150004,0.01,0.02,0.0,128,6
413,low_noise_004,low_noise,4,17,150004,0.01,0.02,0.0,128,6
414,low_noise_004,low_noise,4,18,150004,0.01,0.02,0.0,128,6
415,low_noise_004,low_noise,4,19,150004,0.01,0.02,0.0,128,6
416,low_noise_004,low_noise,4,20,150004,0.01,0.02,0.0,128,6
417,low_noise_004,low_noise,4,21,150004,0.01,0.02,0.0,128,6
418,low_noise_004,low_noise,4,22,150004,0.01,0.02,0.0,128,6
419,low_noise_004,low_noise,4,23,150004,0.01,0.02,0.0,128,6
420,low_noise_004,low_noise,4,24,150004,0.01,0.02,0.0,128,6
421,low_noise_004,low_noise,4,25,150004,0.01,0.02,0.0,128,6
422,low_noise_004,low_noise,4,26,150004,0.01,0.02,0.0,128,6
423,low_noise_004,low_noise,4,27,150004,0.01,0.02,0.0,128,6
424,low_noise_004,low_noise,4,28,150004,0.01,0.02,0.0,128,6
425,low_noise_004,low_noise,4,29,150004,0.01,0.02,0.0,128,6
426,low_noise_004,low_noise,4,30,150004,0.01,0.02,0.0,128,6
427,low_noise_004,low_noise,4,31,150004,0.01,0.02,0.0,128,6
428,low_noise_004,low_noise,4,32,150004,0.01,0.02,0.0,128,6
429,low_noise_004,low_noise,4,33,150004,0.01,0.02,0.0,128,6
430,low_noise_004,low_noise,4,34,150004,0.01,0.02,0.0,128,6
431,low_noise_004,low_noise,4,35,150004,0.01,0.02,0.0,128,6
432,low_noise_004,low_noise,4,36,150004,0.01,0.02,0.0,128,6
433,low_noise_004,low_noise,4,37,150004,0.01,0.02,0.0,128,6
434,low_noise_004,low_noise,4,38,150004,0.01,0.02,0.0,128,6
435,low_noise_004,low_noise,4,39,150004,0.01,0.02,0.0,128,6
436,low_noise_004,low_noise,4,40,150004,0.01,0.02,0.0,128,6
437,low_noise_004,low_noise,4,41,150004,0.01,0.02,0.0,128,6
438,low_noise_004,low_noise,4,42,150004,0.01,0.02,0.0,128,6
439,low_noise_004,low_noise,4,43,150004,0.01,0.02,0.0,128,6
440,low_noise_004,low_noise,4,44,150004,0.01,0.02,0.0,128,6
441,low_noise_004,low_noise,4,45,150004,0.01,0.02,0.0,128,6
442,low_noise_004,low_noise,4,46,150004,0.01,0.02,0.0,128,6
443,low_noise_004,low_noise,4,47,150004,0.01,0.02,0.0,128,6
444,low_noise_004,low_noise,4,48,150004,0.01,0.02,0.0,128,6
445,low_noise_004,low_noise,4,49,150004,0.01,0.02,0.0,128,6
446,low_noise_004,low_noise,4,50,150004,0.01,0.02,0.0,128,6
447,low_noise_004,low_noise,4,51,150004,0.01,0.02,0.0,128,6
448,low_noise_004,low_noise,4,52,150004,0.01,0.02,0.0,128,6
449,low_noise_004,low_noise,4,53,150004,0.01,0.02,0.0,128,6
450,low_noise_004,low_noise,4,54,150004,0.01,0.02,0.0,128,6
451,low_noise_004,low_noise,4,55,150004,0.01,0.02,0.0,128,6
452,low_noise_004,low_noise,4,56,150004,0.01,0.02,0.0,128,6
453,low_noise_004,low_noise,4,57,150004,0.01,0.02,0.0,128,6
454,low_noise_004,low_noise,4,58,150004,0.01,0.02,0.0,128,6
455,low_noise_004,low_noise,4,59,150004,0.01,0.02,0.0,128,6
456,low_noise_004,low_noise,4,60,150004,0.01,0.02,0.0,128,6
457,low_noise_004,low_noise,4,61,150004,0.01,0.02,0.0,128,6
458,low_noise_004,low_noise,4,62,150004,0.01,0.02,0.0,128,6
459,low_noise_004,low_noise,4,63,150004,0.01,0.02,0.0,128,6
460,low_noise_004,low_noise,4,64,150004,0.01,0.02,0.0,128,6
461,low_noise_004,low_noise,4,65,150004,0.01,0.02,0.0,128,6
462,low_noise_004,low_noise,4,66,150004,0.01,0.02,0.0,128,6
463,low_noise_004,low_noise,4,67,150004,0.01,0.02,0.0,128,6
464,low_noise_004,low_noise,4,68,150004,0.01,0.02,0.0,128,6
465,low_noise_004,low_noise,4,69,150004,0.01,0.02,0.0,128,6
466,low_noise_004,low_noise,4,70,150004,0.01,0.02,0.0,128,6
467,low_noise_004,low_noise,4,71,150004,0.01,0.02,0.0,128,6
468,low_noise_004,low_noise,4,72,150004,0.01,0.02,0.0,128,6
469,low_noise_004,low_noise,4,73,150004,0.01,0.02,0.0,128,6
470,low_noise_004,low_noise,4,74,150004,0.01,0.02,0.0,128,6
471,low_noise_004,low_noise,4,75,150004,0.01,0.02,0.0,128,6
472,low_noise_004,low_noise,4,76,150004,0.01,0.02,0.0,128,6
473,low_noise_004,low_noise,4,77,150004,0.01,0.02,0.0,128,6
474,low_noise_004,low_noise,4,78,150004,0.01,0.02,0.0,128,6
475,low_noise_004,low_noise,4,79,150004,0.01,0.02,0.0,128,6
476,low_noise_004,low_noise,4,80,150004,0.01,0.02,0.0,128,6
477,low_noise_004,low_noise,4,81,150004,0.01,0.02,0.0,128,6
478,low_noise_004,low_noise,4,82,150004,0.01,0.02,0.0,128,6
479,low_noise_004,low_noise,4,83,150004,0.01,0.02,0.0,128,6
480,low_noise_004,low_noise,4,84,150004,0.01,0.02,0.0,128,6
481,low_noise_004,low_noise,4,85,150004,0.01,0.02,0.0,128,6
482,low_noise_004,low_noise,4,86,150004,0.01,0.02,0.0,128,6
483,low_noise_004,low_noise,4,87,150004,0.01,0.02,0.0,128,6
484,low_noise_004,low_noise,4,88,150004,0.01,0.02,0.0,128,6
485,low_noise_004,low_noise,4,89,150004,0.01,0.02,0.0,128,6
486,low_noise_004,low_noise,4,90,150004,0.01,0.02,0.0,128,6
487,low_noise_004,low_noise,4,91,150004,0.01,0.02,0.0,128,6
488,low_noise_004,low_noise,4,92,150004,0.01,0.02,0.0,128,6
489,low_noise_004,low_noise,4,93,150004,0.01,0.02,0.0,128,6
490,low_noise_004,low_noise,4,94,150004,0.01,0.02,0.0,128,6
491,low_noise_004,low_noise,4,95,150004,0.01,0.02,0.0,128,6
492,low_noise_004,low_noise,4,96,150004,0.01,0.02,0.0,128,6
493,low_noise_004,low_noise,4,97,150004,0.01,0.02,0.0,128,6
494,low_noise_004,low_noise,4,98,150004,0.01,0.02,0.0,128,6
495,low_noise_005,low_noise,5,0,150005,0.01,0.02,0.0,128,6
496,low_noise_005,low_noise,5,1,150005,0.01,0.02,0.0,128,6
497,low_noise_005,low_noise,5,2,150005,0.01,0.02,0.0,128,6
498,low_noise_005,low_noise,5,3,150005,0.01,0.02,0.0,128,6
499,low_noise_005,low_noise,5,4,150005,0.01,0.02,0.0,128,6
500,low_noise_005,low_noise,5,5,150005,0.01,0.02,0.0,128,6
501,low_noise_005,low_noise,5,6,150005,0.01,0.02,0.0,128,6
502,low_noise_005,low_noise,5,7,150005,0.01,0.02,0.0,128,6
503,low_noise_005,low_noise,5,8,150005,0.01,0.02,0.0,128,6
504,low_noise_005,low_noise,5,9,150005,0.01,0.02,0.0,128,6
505,low_noise_005,low_noise,5,10,150005,0.01,0.02,0.0,128,6
506,low_noise_005,low_noise,5,11,150005,0.01,0.02,0.0,128,6
507,low_noise_005,low_noise,5,12,150005,0.01,0.02,0.0,128,6
508,low_noise_005,low_noise,5,13,150005,0.01,0.02,0.0,128,6
509,low_noise_005,low_noise,5,14,150005,0.01,0.02,0.0,128,6
510,low_noise_005,low_noise,5,15,150005,0.01,0.02,0.0,128,6
511,low_noise_005,low_noise,5,16,150005,0.01,0.02,0.0,128,6
512,low_noise_005,low_noise,5,17,150005,0.01,0.02,0.0,128,6
513,low_noise_005,low_noise,5,18,150005,0.01,0.02,0.0,128,6
514,low_noise_005,low_noise,5,19,150005,0.01,0.02,0.0,128,6
515,low_noise_005,low_noise,5,20,150005,0.01,0.02,0.0,128,6
516,low_noise_005,low_noise,5,21,150005,0.01,0.02,0.0,128,6
517,low_noise_005,low_noise,5,22,150005,0.01,0.02,0.0,128,6
518,low_noise_005,low_noise,5,23,150005,0.01,0.02,0.0,128,6
519,low_noise_005,low_noise,5,24,150005,0.01,0.02,0.0,128,6
520,low_noise_005,low_noise,5,25,150005,0.01,0.02,0.0,128,6
521,low_noise_005,low_noise,5,26,150005,0.01,0.02,0.0,128,6
522,low_noise_005,low_noise,5,27,150005,0.01,0.02,0.0,128,6
523,low_noise_005,low_noise,5,28,150005,0.01,0.02,0.0,128,6
524,low_noise_005,low_noise,5,29,150005,0.01,0.02,0.0,128,6
525,low_noise_005,low_noise,5,30,150005,0.01,0.02,0.0,128,6
526,low_noise_005,low_noise,5,31,150005,0.01,0.02,0.0,128,6
527,low_noise_005,low_noise,5,32,150005,0.01,0.02,0.0,128,6
528,low_noise_005,low_noise,5,33,150005,0.01,0.02,0.0,128,6
529,low_noise_005,low_noise,5,34,150005,0.01,0.02,0.0,128,6
530,low_noise_005,low_noise,5,35,150005,0.01,0.02,0.0,128,6
531,low_noise_005,low_noise,5,36,150005,0.01,0.02,0.0,128,6
532,low_noise_005,low_noise,5,37,150005,0.01,0.02,0.0,128,6
533,low_noise_005,low_noise,5,38,150005,0.01,0.02,0.0,128,6
534,low_noise_005,low_noise,5,39,150005,0.01,0.02,0.0,128,6
535,low_noise_005,low_noise,5,40,150005,0.01,0.02,0.0,128,6
536,low_noise_005,low_noise,5,41,150005,0.01,0.02,0.0,128,6
537,low_noise_005,low_noise,5,42,150005,0.01,0.02,0.0,128,6
538,low_noise_005,low_noise,5,43,150005,0.01,0.02,0.0,128,6
539,low_noise_005,low_noise,5,44,150005,0.01,0.02,0.0,128,6
540,low_noise_005,low_noise,5,45,150005,0.01,0.02,0.0,128,6
541,low_noise_005,low_noise,5,46,150005,0.01,0.02,0.0,128,6
542,low_noise_005,low_noise,5,47,150005,0.01,0.02,0.0,128,6
543,low_noise_005,low_noise,5,48,150005,0.01,0.02,0.0,128,6
544,low_noise_005,low_noise,5,49,150005,0.01,0.02,0.0,128,6
545,low_noise_005,low_noise,5,50,150005,0.01,0.02,0.0,128,6
546,low_noise_005,low_noise,5,51,150005,0.01,0.02,0.0,128,6
547,low_noise_005,low_noise,5,52,150005,0.01,0.02,0.0,128,6
548,low_noise_005,low_noise,5,53,150005,0.01,0.02,0.0,128,6
549,low_noise_005,low_noise,5,54,150005,0.01,0.02,0.0,128,6
550,low_noise_005,low_noise,5,55,150005,0.01,0.02,0.0,128,6
551,low_noise_005,low_noise,5,56,150005,0.01,0.02,0.0,128,6
552,low_noise_005,low_noise,5,57,150005,0.01,0.02,0.0,128,6
553,low_noise_005,low_noise,5,58,150005,0.01,0.02,0.0,128,6
554,low_noise_005,low_noise,5,59,150005,0.01,0.02,0.0,128,6
555,low_noise_005,low_noise,5,60,150005,0.01,0.02,0.0,128,6
556,low_noise_005,low_noise,5,61,150005,0.01,0.02,0.0,128,6
557,low_noise_005,low_noise,5,62,150005,0.01,0.02,0.0,128,6
558,low_noise_005,low_noise,5,63,150005,0.01,0.02,0.0,128,6
559,low_noise_005,low_noise,5,64,150005,0.01,0.02,0.0,128,6
560,low_noise_005,low_noise,5,65,150005,0.01,0.02,0.0,128,6
561,low_noise_005,low_noise,5,66,150005,0.01,0.02,0.0,128,6
562,low_noise_005,low_noise,5,67,150005,0.01,0.02,0.0,128,6
563,low_noise_005,low_noise,5,68,150005,0.01,0.02,0.0,128,6
564,low_noise_005,low_noise,5,69,150005,0.01,0.02,0.0,128,6
565,low_noise_005,low_noise,5,70,150005,0.01,0.02,0.0,128,6
566,low_noise_005,low_noise,5,71,150005,0.01,0.02,0.0,128,6
567,low_noise_005,low_noise,5,72,150005,0.01,0.02,0.0,128,6
568,low_noise_005,low_noise,5,73,150005,0.01,0.02,0.0,128,6
569,low_noise_005,low_noise,5,74,150005,0.01,0.02,0.0,128,6
570,low_noise_005,low_noise,5,75,150005,0.01,0.02,0.0,128,6
571,low_noise_005,low_noise,5,76,150005,0.01,0.02,0.0,128,6
572,low_noise_005,low_noise,5,77,150005,0.01,0.02,0.0,128,6
573,low_noise_005,low_noise,5,78,150005,0.01,0.02,0.0,128,6
574,low_noise_005,low_noise,5,79,150005,0.01,0.02,0.0,128,6
575,low_noise_005,low_noise,5,80,150005,0.01,0.02,0.0,128,6
576,low_noise_005,low_noise,5,81,150005,0.01,0.02,0.0,128,6
577,low_noise_005,low_noise,5,82,150005,0.01,0.02,0.0,128,6
578,low_noise_005,low_noise,5,83,150005,0.01,0.02,0.0,128,6
579,low_noise_005,low_noise,5,84,150005,0.01,0.02,0.0,128,6
580,low_noise_005,low_noise,5,85,150005,0.01,0.02,0.0,128,6
581,low_noise_005,low_noise,5,86,150005,0.01,0.02,0.0,128,6
582,low_noise_005,low_noise,5,87,150005,0.01,0.02,0.0,128,6
583,low_noise_005,low_noise,5,88,150005,0.01,0.02,0.0,128,6
584,low_noise_005,low_noise,5,89,150005,0.01,0.02,0.0,128,6
585,low_noise_005,low_noise,5,90,150005,0.01,0.02,0.0,128,6
586,low_noise_005,low_noise,5,91,150005,0.01,0.02,0.0,128,6
587,low_noise_005,low_noise,5,92,150005,0.01,0.02,0.0,128,6
588,low_noise_005,low_noise,5,93,150005,0.01,0.02,0.0,128,6
589,low_noise_005,low_noise,5,94,150005,0.01,0.02,0.0,128,6
590,low_noise_005,low_noise,5,95,150005,0.01,0.02,0.0,128,6
591,low_noise_005,low_noise,5,96,150005,0.01,0.02,0.0,128,6
592,low_noise_005,low_noise,5,97,150005,0.01,0.02,0.0,128,6
593,low_noise_005,low_noise,5,98,150005,0.01,0.02,0.0,128,6
594,low_noise_006,low_noise,6,0,150006,0.01,0.02,0.0,128,6
595,low_noise_006,low_noise,6,1,150006,0.01,0.02,0.0,128,6
596,low_noise_006,low_noise,6,2,150006,0.01,0.02,0.0,128,6
597,low_noise_006,low_noise,6,3,150006,0.01,0.02,0.0,128,6
598,low_noise_006,low_noise,6,4,150006,0.01,0.02,0.0,128,6
599,low_noise_006,low_noise,6,5,150006,0.01,0.02,0.0,128,6
600,low_noise_006,low_noise,6,6,150006,0.01,0.02,0.0,128,6
601,low_noise_006,low_noise,6,7,150006,0.01,0.02,0.0,128,6
602,low_noise_006,low_noise,6,8,150006,0.01,0.02,0.0,128,6
603,low_noise_006,low_noise,6,9,150006,0.01,0.02,0.0,128,6
604,low_noise_006,low_noise,6,10,150006,0.01,0.02,0.0,128,6
605,low_noise_006,low_noise,6,11,150006,0.01,0.02,0.0,128,6
606,low_noise_006,low_noise,6,12,150006,0.01,0.02,0.0,128,6
607,low_noise_006,low_noise,6,13,150006,0.01,0.02,0.0,128,6
608,low_noise_006,low_noise,6,14,150006,0.01,0.02,0.0,128,6
609,low_noise_006,low_noise,6,15,150006,0.01,0.02,0.0,128,6
610,low_noise_006,low_noise,6,16,150006,0.01,0.02,0.0,128,6
611,low_noise_006,low_noise,6,17,150006,0.01,0.02,0.0,128,6
612,low_noise_006,low_noise,6,18,150006,0.01,0.02,0.0,128,6
613,low_noise_006,low_noise,6,19,150006,0.01,0.02,0.0,128,6
614,low_noise_006,low_noise,6,20,150006,0.01,0.02,0.0,128,6
615,low_noise_006,low_noise,6,21,150006,0.01,0.02,0.0,128,6
616,low_noise_006,low_noise,6,22,150006,0.01,0.02,0.0,128,6
617,low_noise_006,low_noise,6,23,150006,0.01,0.02,0.0,128,6
618,low_noise_006,low_noise,6,24,150006,0.01,0.02,0.0,128,6
619,low_noise_006,low_noise,6,25,150006,0.01,0.02,0.0,128,6
620,low_noise_006,low_noise,6,26,150006,0.01,0.02,0.0,128,6
621,low_noise_006,low_noise,6,27,150006,0.01,0.02,0.0,128,6
622,low_noise_006,low_noise,6,28,150006,0.01,0.02,0.0,128,6
623,low_noise_006,low_noise,6,29,150006,0.01,0.02,0.0,128,6
624,low_noise_006,low_noise,6,30,150006,0.01,0.02,0.0,128,6
625,low_noise_006,low_noise,6,31,150006,0.01,0.02,0.0,128,6
626,low_noise_006,low_noise,6,32,150006,0.01,0.02,0.0,128,6
627,low_noise_006,low_noise,6,33,150006,0.01,0.02,0.0,128,6
628,low_noise_006,low_noise,6,34,150006,0.01,0.02,0.0,128,6
629,low_noise_006,low_noise,6,35,150006,0.01,0.02,0.0,128,6
630,low_noise_006,low_noise,6,36,150006,0.01,0.02,0.0,128,6
631,low_noise_006,low_noise,6,37,150006,0.01,0.02,0.0,128,6
632,low_noise_006,low_noise,6,38,150006,0.01,0.02,0.0,128,6
633,low_noise_006,low_noise,6,39,150006,0.01,0.02,0.0,128,6
634,low_noise_006,low_noise,6,40,150006,0.01,0.02,0.0,128,6
635,low_noise_006,low_noise,6,41,150006,0.01,0.02,0.0,128,6
636,low_noise_006,low_noise,6,42,150006,0.01,0.02,0.0,128,6
637,low_noise_006,low_noise,6,43,150006,0.01,0.02,0.0,128,6
638,low_noise_006,low_noise,6,44,150006,0.01,0.02,0.0,128,6
639,low_noise_006,low_noise,6,45,150006,0.01,0.02,0.0,128,6
640,low_noise_006,low_noise,6,46,150006,0.01,0.02,0.0,128,6
641,low_noise_006,low_noise,6,47,150006,0.01,0.02,0.0,128,6
642,low_noise_006,low_noise,6,48,150006,0.01,0.02,0.0,128,6
643,low_noise_006,low_noise,6,49,150006,0.01,0.02,0.0,128,6
644,low_noise_006,low_noise,6,50,150006,0.01,0.02,0.0,128,6
645,low_noise_006,low_noise,6,51,150006,0.01,0.02,0.0,128,6
646,low_noise_006,low_noise,6,52,150006,0.01,0.02,0.0,128,6
647,low_noise_006,low_noise,6,53,150006,0.01,0.02,0.0,128,6
648,low_noise_006,low_noise,6,54,150006,0.01,0.02,0.0,128,6
649,low_noise_006,low_noise,6,55,150006,0.01,0.02,0.0,128,6
650,low_noise_006,low_noise,6,56,150006,0.01,0.02,0.0,128,6
651,low_noise_006,low_noise,6,57,150006,0.01,0.02,0.0,128,6
652,low_noise_006,low_noise,6,58,150006,0.01,0.02,0.0,128,6
653,low_noise_006,low_noise,6,59,150006,0.01,0.02,0.0,128,6
654,low_noise_006,low_noise,6,60,150006,0.01,0.02,0.0,128,6
655,low_noise_006,low_noise,6,61,150006,0.01,0.02,0.0,128,6
656,low_noise_006,low_noise,6,62,150006,0.01,0.02,0.0,128,6
657,low_noise_006,low_noise,6,63,150006,0.01,0.02,0.0,128,6
658,low_noise_006,low_noise,6,64,150006,0.01,0.02,0.0,128,6
659,low_noise_006,low_noise,6,65,150006,0.01,0.02,0.0,128,6
660,low_noise_006,low_noise,6,66,150006,0.01,0.02,0.0,128,6
661,low_noise_006,low_noise,6,67,150006,0.01,0.02,0.0,128,6
662,low_noise_006,low_noise,6,68,150006,0.01,0.02,0.0,128,6
663,low_noise_006,low_noise,6,69,150006,0.01,0.02,0.0,128,6
664,low_noise_006,low_noise,6,70,150006,0.01,0.02,0.0,128,6
665,low_noise_006,low_noise,6,71,150006,0.01,0.02,0.0,128,6
666,low_noise_006,low_noise,6,72,150006,0.01,0.02,0.0,128,6
667,low_noise_006,low_noise,6,73,150006,0.01,0.02,0.0,128,6
668,low_noise_006,low_noise,6,74,150006,0.01,0.02,0.0,128,6
669,low_noise_006,low_noise,6,75,150006,0.01,0.02,0.0,128,6
670,low_noise_006,low_noise,6,76,150006,0.01,0.02,0.0,128,6
671,low_noise_006,low_noise,6,77,150006,0.01,0.02,0.0,128,6
672,low_noise_006,low_noise,6,78,150006,0.01,0.02,0.0,128,6
673,low_noise_006,low_noise,6,79,150006,0.01,0.02,0.0,128,6
674,low_noise_006,low_noise,6,80,150006,0.01,0.02,0.0,128,6
675,low_noise_006,low_noise,6,81,150006,0.01,0.02,0.0,128,6
676,low_noise_006,low_noise,6,82,150006,0.01,0.02,0.0,128,6
677,low_noise_006,low_noise,6,83,150006,0.01,0.02,0.0,128,6
678,low_noise_006,low_noise,6,84,150006,0.01,0.02,0.0,128,6
679,low_noise_006,low_noise,6,85,150006,0.01,0.02,0.0,128,6
680,low_noise_006,low_noise,6,86,150006,0.01,0.02,0.0,128,6
681,low_noise_006,low_noise,6,87,150006,0.01,0.02,0.0,128,6
682,low_noise_006,low_noise,6,88,150006,0.01,0.02,0.0,128,6
683,low_noise_006,low_noise,6,89,150006,0.01,0.02,0.0,128,6
684,low_noise_006,low_noise,6,90,150006,0.01,0.02,0.0,128,6
685,low_noise_006,low_noise,6,91,150006,0.01,0.02,0.0,128,6
686,low_noise_006,low_noise,6,92,150006,0.01,0.02,0.0,128,6
687,low_noise_006,low_noise,6,93,150006,0.01,0.02,0.0,128,6
688,low_noise_006,low_noise,6,94,150006,0.01,0.02,0.0,128,6
689,low_noise_006,low_noise,6,95,150006,0.01,0.02,0.0,128,6
690,low_noise_006,low_noise,6,96,150006,0.01,0.02,0.0,128,6
691,low_noise_006,low_noise,6,97,150006,0.01,0.02,0.0,128,6
692,low_noise_006,low_noise,6,98,150006,0.01,0.02,0.0,128,6
693,low_noise_007,low_noise,7,0,150007,0.01,0.02,0.0,128,6
694,low_noise_007,low_noise,7,1,150007,0.01,0.02,0.0,128,6
695,low_noise_007,low_noise,7,2,150007,0.01,0.02,0.0,128,6
696,low_noise_007,low_noise,7,3,150007,0.01,0.02,0.0,128,6
697,low_noise_007,low_noise,7,4,150007,0.01,0.02,0.0,128,6
698,low_noise_007,low_noise,7,5,150007,0.01,0.02,0.0,128,6
699,low_noise_007,low_noise,7,6,150007,0.01,0.02,0.0,128,6
700,low_noise_007,low_noise,7,7,150007,0.01,0.02,0.0,128,6
701,low_noise_007,low_noise,7,8,150007,0.01,0.02,0.0,128,6
702,low_noise_007,low_noise,7,9,150007,0.01,0.02,0.0,128,6
703,low_noise_007,low_noise,7,10,150007,0.01,0.02,0.0,128,6
704,low_noise_007,low_noise,7,11,150007,0.01,0.02,0.0,128,6
705,low_noise_007,low_noise,7,12,150007,0.01,0.02,0.0,128,6
706,low_noise_007,low_noise,7,13,150007,0.01,0.02,0.0,128,6
707,low_noise_007,low_noise,7,14,150007,0.01,0.02,0.0,128,6
708,low_noise_007,low_noise,7,15,150007,0.01,0.02,0.0,128,6
709,low_noise_007,low_noise,7,16,150007,0.01,0.02,0.0,128,6
710,low_noise_007,low_noise,7,17,150007,0.01,0.02,0.0,128,6
711,low_noise_007,low_noise,7,18,150007,0.01,0.02,0.0,128,6
712,low_noise_007,low_noise,7,19,150007,0.01,0.02,0.0,128,6
713,low_noise_007,low_noise,7,20,150007,0.01,0.02,0.0,128,6
714,low_noise_007,low_noise,7,21,150007,0.01,0.02,0.0,128,6
715,low_noise_007,low_noise,7,22,150007,0.01,0.02,0.0,128,6
716,low_noise_007,low_noise,7,23,150007,0.01,0.02,0.0,128,6
717,low_noise_007,low_noise,7,24,150007,0.01,0.02,0.0,128,6
718,low_noise_007,low_noise,7,25,150007,0.01,0.02,0.0,128,6
719,low_noise_007,low_noise,7,26,150007,0.01,0.02,0.0,128,6
720,low_noise_007,low_noise,7,27,150007,0.01,0.02,0.0,128,6
721,low_noise_007,low_noise,7,28,150007,0.01,0.02,0.0,128,6
722,low_noise_007,low_noise,7,29,150007,0.01,0.02,0.0,128,6
723,low_noise_007,low_noise,7,30,150007,0.01,0.02,0.0,128,6
724,low_noise_007,low_noise,7,31,150007,0.01,0.02,0.0,128,6
725,low_noise_007,low_noise,7,32,150007,0.01,0.02,0.0,128,6
726,low_noise_007,low_noise,7,33,150007,0.01,0.02,0.0,128,6
727,low_noise_007,low_noise,7,34,150007,0.01,0.02,0.0,128,6
728,low_noise_007,low_noise,7,35,150007,0.01,0.02,0.0,128,6
729,low_noise_007,low_noise,7,36,150007,0.01,0.02,0.0,128,6
730,low_noise_007,low_noise,7,37,150007,0.01,0.02,0.0,128,6
731,low_noise_007,low_noise,7,38,150007,0.01,0.02,0.0,128,6
732,low_noise_007,low_noise,7,39,150007,0.01,0.02,0.0,128,6
733,low_noise_007,low_noise,7,40,150007,0.01,0.02,0.0,128,6
734,low_noise_007,low_noise,7,41,150007,0.01,0.02,0.0,128,6
735,low_noise_007,low_noise,7,42,150007,0.01,0.02,0.0,128,6
736,low_noise_007,low_noise,7,43,150007,0.01,0.02,0.0,128,6
737,low_noise_007,low_noise,7,44,150007,0.01,0.02,0.0,128,6
738,low_noise_007,low_noise,7,45,150007,0.01,0.02,0.0,128,6
739,low_noise_007,low_noise,7,46,150007,0.01,0.02,0.0,128,6
740,low_noise_007,low_noise,7,47,150007,0.01,0.02,0.0,128,6
741,low_noise_007,low_noise,7,48,150007,0.01,0.02,0.0,128,6
742,low_noise_007,low_noise,7,49,150007,0.01,0.02,0.0,128,6
743,low_noise_007,low_noise,7,50,150007,0.01,0.02,0.0,128,6
744,low_noise_007,low_noise,7,51,150007,0.01,0.02,0.0,128,6
745,low_noise_007,low_noise,7,52,150007,0.01,0.02,0.0,128,6
746,low_noise_007,low_noise,7,53,150007,0.01,0.02,0.0,128,6
747,low_noise_007,low_noise,7,54,150007,0.01,0.02,0.0,128,6
748,low_noise_007,low_noise,7,55,150007,0.01,0.02,0.0,128,6
749,low_noise_007,low_noise,7,56,150007,0.01,0.02,0.0,128,6
750,low_noise_007,low_noise,7,57,150007,0.01,0.02,0.0,128,6
751,low_noise_007,low_noise,7,58,150007,0.01,0.02,0.0,128,6
752,low_noise_007,low_noise,7,59,150007,0.01,0.02,0.0,128,6
753,low_noise_007,low_noise,7,60,150007,0.01,0.02,0.0,128,6
754,low_noise_007,low_noise,7,61,150007,0.01,0.02,0.0,128,6
755,low_noise_007,low_noise,7,62,150007,0.01,0.02,0.0,128,6
756,low_noise_007,low_noise,7,63,150007,0.01,0.02,0.0,128,6
757,low_noise_007,low_noise,7,64,150007,0.01,0.02,0.0,128,6
758,low_noise_007,low_noise,7,65,150007,0.01,0.02,0.0,128,6
759,low_noise_007,low_noise,7,66,150007,0.01,0.02,0.0,128,6
760,low_noise_007,low_noise,7,67,150007,0.01,0.02,0.0,128,6
761,low_noise_007,low_noise,7,68,150007,0.01,0.02,0.0,128,6
762,low_noise_007,low_noise,7,69,150007,0.01,0.02,0.0,128,6
763,low_noise_007,low_noise,7,70,150007,0.01,0.02,0.0,128,6
764,low_noise_007,low_noise,7,71,150007,0.01,0.02,0.0,128,6
765,low_noise_007,low_noise,7,72,150007,0.01,0.02,0.0,128,6
766,low_noise_007,low_noise,7,73,150007,0.01,0.02,0.0,128,6
767,low_noise_007,low_noise,7,74,150007,0.01,0.02,0.0,128,6
768,low_noise_007,low_noise,7,75,150007,0.01,0.02,0.0,128,6
769,low_noise_007,low_noise,7,76,150007,0.01,0.02,0.0,128,6
770,low_noise_007,low_noise,7,77,150007,0.01,0.02,0.0,128,6
771,low_noise_007,low_noise,7,78,150007,0.01,0.02,0.0,128,6
772,low_noise_007,low_noise,7,79,150007,0.01,0.02,0.0,128,6
773,low_noise_007,low_noise,7,80,150007,0.01,0.02,0.0,128,6
774,low_noise_007,low_noise,7,81,150007,0.01,0.02,0.0,128,6
775,low_noise_007,low_noise,7,82,150007,0.01,0.02,0.0,128,6
776,low_noise_007,low_noise,7,83,150007,0.01,0.02,0.0,128,6
777,low_noise_007,low_noise,7,84,150007,0.01,0.02,0.0,128,6
778,low_noise_007,low_noise,7,85,150007,0.01,0.02,0.0,128,6
779,low_noise_007,low_noise,7,86,150007,0.01,0.02,0.0,128,6
780,low_noise_007,low_noise,7,87,150007,0.01,0.02,0.0,128,6
781,low_noise_007,low_noise,7,88,150007,0.01,0.02,0.0,128,6
782,low_noise_007,low_noise,7,89,150007,0.01,0.02,0.0,128,6
783,low_noise_007,low_noise,7,90,150007,0.01,0.02,0.0,128,6
784,low_noise_007,low_noise,7,91,150007,0.01,0.02,0.0,128,6
785,low_noise_007,low_noise,7,92,150007,0.01,0.02,0.0,128,6
786,low_noise_007,low_noise,7,93,150007,0.01,0.02,0.0,128,6
787,low_noise_007,low_noise,7,94,150007,0.01,0.02,0.0,128,6
788,low_noise_007,low_noise,7,95,150007,0.01,0.02,0.0,128,6
789,low_noise_007,low_noise,7,96,150007,0.01,0.02,0.0,128,6
790,low_noise_007,low_noise,7,97,150007,0.01,0.02,0.0,128,6
791,low_noise_007,low_noise,7,98,150007,0.01,0.02,0.0,128,6
792,low_noise_008,low_noise,8,0,150008,0.01,0.02,0.0,128,6
793,low_noise_008,low_noise,8,1,150008,0.01,0.02,0.0,128,6
794,low_noise_008,low_noise,8,2,150008,0.01,0.02,0.0,128,6
795,low_noise_008,low_noise,8,3,150008,0.01,0.02,0.0,128,6
796,low_noise_008,low_noise,8,4,150008,0.01,0.02,0.0,128,6
797,low_noise_008,low_noise,8,5,150008,0.01,0.02,0.0,128,6
798,low_noise_008,low_noise,8,6,150008,0.01,0.02,0.0,128,6
799,low_noise_008,low_noise,8,7,150008,0.01,0.02,0.0,128,6
800,low_noise_008,low_noise,8,8,150008,0.01,0.02,0.0,128,6
801,low_noise_008,low_noise,8,9,150008,0.01,0.02,0.0,128,6
802,low_noise_008,low_noise,8,10,150008,0.01,0.02,0.0,128,6
803,low_noise_008,low_noise,8,11,150008,0.01,0.02,0.0,128,6
804,low_noise_008,low_noise,8,12,150008,0.01,0.02,0.0,128,6
805,low_noise_008,low_noise,8,13,150008,0.01,0.02,0.0,128,6
806,low_noise_008,low_noise,8,14,150008,0.01,0.02,0.0,128,6
807,low_noise_008,low_noise,8,15,150008,0.01,0.02,0.0,128,6
808,low_noise_008,low_noise,8,16,150008,0.01,0.02,0.0,128,6
809,low_noise_008,low_noise,8,17,150008,0.01,0.02,0.0,128,6
810,low_noise_008,low_noise,8,18,150008,0.01,0.02,0.0,128,6
811,low_noise_008,low_noise,8,19,150008,0.01,0.02,0.0,128,6
812,low_noise_008,low_noise,8,20,150008,0.01,0.02,0.0,128,6
813,low_noise_008,low_noise,8,21,150008,0.01,0.02,0.0,128,6
814,low_noise_008,low_noise,8,22,150008,0.01,0.02,0.0,128,6
815,low_noise_008,low_noise,8,23,150008,0.01,0.02,0.0,128,6
816,low_noise_008,low_noise,8,24,150008,0.01,0.02,0.0,128,6
817,low_noise_008,low_noise,8,25,150008,0.01,0.02,0.0,128,6
818,low_noise_008,low_noise,8,26,150008,0.01,0.02,0.0,128,6
819,low_noise_008,low_noise,8,27,150008,0.01,0.02,0.0,128,6
820,low_noise_008,low_noise,8,28,150008,0.01,0.02,0.0,128,6
821,low_noise_008,low_noise,8,29,150008,0.01,0.02,0.0,128,6
822,low_noise_008,low_noise,8,30,150008,0.01,0.02,0.0,128,6
823,low_noise_008,low_noise,8,31,150008,0.01,0.02,0.0,128,6
824,low_noise_008,low_noise,8,32,150008,0.01,0.02,0.0,128,6
825,low_noise_008,low_noise,8,33,150008,0.01,0.02,0.0,128,6
826,low_noise_008,low_noise,8,34,150008,0.01,0.02,0.0,128,6
827,low_noise_008,low_noise,8,35,150008,0.01,0.02,0.0,128,6
828,low_noise_008,low_noise,8,36,150008,0.01,0.02,0.0,128,6
829,low_noise_008,low_noise,8,37,150008,0.01,0.02,0.0,128,6
830,low_noise_008,low_noise,8,38,150008,0.01,0.02,0.0,128,6
831,low_noise_008,low_noise,8,39,150008,0.01,0.02,0.0,128,6
832,low_noise_008,low_noise,8,40,150008,0.01,0.02,0.0,128,6
833,low_noise_008,low_noise,8,41,150008,0.01,0.02,0.0,128,6
834,low_noise_008,low_noise,8,42,150008,0.01,0.02,0.0,128,6
835,low_noise_008,low_noise,8,43,150008,0.01,0.02,0.0,128,6
836,low_noise_008,low_noise,8,44,150008,0.01,0.02,0.0,128,6
837,low_noise_008,low_noise,8,45,150008,0.01,0.02,0.0,128,6
838,low_noise_008,low_noise,8,46,150008,0.01,0.02,0.0,128,6
839,low_noise_008,low_noise,8,47,150008,0.01,0.02,0.0,128,6
840,low_noise_008,low_noise,8,48,150008,0.01,0.02,0.0,128,6
841,low_noise_008,low_noise,8,49,150008,0.01,0.02,0.0,128,6
842,low_noise_008,low_noise,8,50,150008,0.01,0.02,0.0,128,6
843,low_noise_008,low_noise,8,51,150008,0.01,0.02,0.0,128,6
844,low_noise_008,low_noise,8,52,150008,0.01,0.02,0.0,128,6
845,low_noise_008,low_noise,8,53,150008,0.01,0.02,0.0,128,6
846,low_noise_008,low_noise,8,54,150008,0.01,0.02,0.0,128,6
847,low_noise_008,low_noise,8,55,150008,0.01,0.02,0.0,128,6
848,low_noise_008,low_noise,8,56,150008,0.01,0.02,0.0,128,6
849,low_noise_008,low_noise,8,57,150008,0.01,0.02,0.0,128,6
850,low_noise_008,low_noise,8,58,150008,0.01,0.02,0.0,128,6
851,low_noise_008,low_noise,8,59,150008,0.01,0.02,0.0,128,6
852,low_noise_008,low_noise,8,60,150008,0.01,0.02,0.0,128,6
853,low_noise_008,low_noise,8,61,150008,0.01,0.02,0.0,128,6
854,low_noise_008,low_noise,8,62,150008,0.01,0.02,0.0,128,6
855,low_noise_008,low_noise,8,63,150008,0.01,0.02,0.0,128,6
856,low_noise_008,low_noise,8,64,150008,0.01,0.02,0.0,128,6
857,low_noise_008,low_noise,8,65,150008,0.01,0.02,0.0,128,6
858,low_noise_008,low_noise,8,66,150008,0.01,0.02,0.0,128,6
859,low_noise_008,low_noise,8,67,150008,0.01,0.02,0.0,128,6
860,low_noise_008,low_noise,8,68,150008,0.01,0.02,0.0,128,6
861,low_noise_008,low_noise,8,69,150008,0.01,0.02,0.0,128,6
862,low_noise_008,low_noise,8,70,150008,0.01,0.02,0.0,128,6
863,low_noise_008,low_noise,8,71,150008,0.01,0.02,0.0,128,6
864,low_noise_008,low_noise,8,72,150008,0.01,0.02,0.0,128,6
865,low_noise_008,low_noise,8,73,150008,0.01,0.02,0.0,128,6
866,low_noise_008,low_noise,8,74,150008,0.01,0.02,0.0,128,6
867,low_noise_008,low_noise,8,75,150008,0.01,0.02,0.0,128,6
868,low_noise_008,low_noise,8,76,150008,0.01,0.02,0.0,128,6
869,low_noise_008,low_noise,8,77,150008,0.01,0.02,0.0,128,6
870,low_noise_008,low_noise,8,78,150008,0.01,0.02,0.0,128,6
871,low_noise_008,low_noise,8,79,150008,0.01,0.02,0.0,128,6
872,low_noise_008,low_noise,8,80,150008,0.01,0.02,0.0,128,6
873,low_noise_008,low_noise,8,81,150008,0.01,0.02,0.0,128,6
874,low_noise_008,low_noise,8,82,150008,0.01,0.02,0.0,128,6
875,low_noise_008,low_noise,8,83,150008,0.01,0.02,0.0,128,6
876,low_noise_008,low_noise,8,84,150008,0.01,0.02,0.0,128,6
877,low_noise_008,low_noise,8,85,150008,0.01,0.02,0.0,128,6
878,low_noise_008,low_noise,8,86,150008,0.01,0.02,0.0,128,6
879,low_noise_008,low_noise,8,87,150008,0.01,0.02,0.0,128,6
880,low_noise_008,low_noise,8,88,150008,0.01,0.02,0.0,128,6
881,low_noise_008,low_noise,8,89,150008,0.01,0.02,0.0,128,6
882,low_noise_008,low_noise,8,90,150008,0.01,0.02,0.0,128,6
883,low_noise_008,low_noise,8,91,150008,0.01,0.02,0.0,128,6
884,low_noise_008,low_noise,8,92,150008,0.01,0.02,0.0,128,6
885,low_noise_008,low_noise,8,93,150008,0.01,0.02,0.0,128,6
886,low_noise_008,low_noise,8,94,150008,0.01,0.02,0.0,128,6
887,low_noise_008,low_noise,8,95,150008,0.01,0.02,0.0,128,6
888,low_noise_008,low_noise,8,96,150008,0.01,0.02,0.0,128,6
889,low_noise_008,low_noise,8,97,150008,0.01,0.02,0.0,128,6
890,low_noise_008,low_noise,8,98,150008,0.01,0.02,0.0,128,6
891,low_noise_009,low_noise,9,0,150009,0.01,0.02,0.0,128,6
892,low_noise_009,low_noise,9,1,150009,0.01,0.02,0.0,128,6
893,low_noise_009,low_noise,9,2,150009,0.01,0.02,0.0,128,6
894,low_noise_009,low_noise,9,3,150009,0.01,0.02,0.0,128,6
895,low_noise_009,low_noise,9,4,150009,0.01,0.02,0.0,128,6
896,low_noise_009,low_noise,9,5,150009,0.01,0.02,0.0,128,6
897,low_noise_009,low_noise,9,6,150009,0.01,0.02,0.0,128,6
898,low_noise_009,low_noise,9,7,150009,0.01,0.02,0.0,128,6
899,low_noise_009,low_noise,9,8,150009,0.01,0.02,0.0,128,6
900,low_noise_009,low_noise,9,9,150009,0.01,0.02,0.0,128,6
901,low_noise_009,low_noise,9,10,150009,0.01,0.02,0.0,128,6
902,low_noise_009,low_noise,9,11,150009,0.01,0.02,0.0,128,6
903,low_noise_009,low_noise,9,12,150009,0.01,0.02,0.0,128,6
904,low_noise_009,low_noise,9,13,150009,0.01,0.02,0.0,128,6
905,low_noise_009,low_noise,9,14,150009,0.01,0.02,0.0,128,6
906,low_noise_009,low_noise,9,15,150009,0.01,0.02,0.0,128,6
907,low_noise_009,low_noise,9,16,150009,0.01,0.02,0.0,128,6
908,low_noise_009,low_noise,9,17,150009,0.01,0.02,0.0,128,6
909,low_noise_009,low_noise,9,18,150009,0.01,0.02,0.0,128,6
910,low_noise_009,low_noise,9,19,150009,0.01,0.02,0.0,128,6
911,low_noise_009,low_noise,9,20,150009,0.01,0.02,0.0,128,6
912,low_noise_009,low_noise,9,21,150009,0.01,0.02,0.0,128,6
913,low_noise_009,low_noise,9,22,150009,0.01,0.02,0.0,128,6
914,low_noise_009,low_noise,9,23,150009,0.01,0.02,0.0,128,6
915,low_noise_009,low_noise,9,24,150009,0.01,0.02,0.0,128,6
916,low_noise_009,low_noise,9,25,150009,0.01,0.02,0.0,128,6
917,low_noise_009,low_noise,9,26,150009,0.01,0.02,0.0,128,6
918,low_noise_009,low_noise,9,27,150009,0.01,0.02,0.0,128,6
919,low_noise_009,low_noise,9,28,150009,0.01,0.02,0.0,128,6
920,low_noise_009,low_noise,9,29,150009,0.01,0.02,0.0,128,6
921,low_noise_009,low_noise,9,30,150009,0.01,0.02,0.0,128,6
922,low_noise_009,low_noise,9,31,150009,0.01,0.02,0.0,128,6
923,low_noise_009,low_noise,9,32,150009,0.01,0.02,0.0,128,6
924,low_noise_009,low_noise,9,33,150009,0.01,0.02,0.0,128,6
925,low_noise_009,low_noise,9,34,150009,0.01,0.02,0.0,128,6
926,low_noise_009,low_noise,9,35,150009,0.01,0.02,0.0,128,6
927,low_noise_009,low_noise,9,36,150009,0.01,0.02,0.0,128,6
928,low_noise_009,low_noise,9,37,150009,0.01,0.02,0.0,128,6
929,low_noise_009,low_noise,9,38,150009,0.01,0.02,0.0,128,6
930,low_noise_009,low_noise,9,39,150009,0.01,0.02,0.0,128,6
931,low_noise_009,low_noise,9,40,150009,0.01,0.02,0.0,128,6
932,low_noise_009,low_noise,9,41,150009,0.01,0.02,0.0,128,6
933,low_noise_009,low_noise,9,42,150009,0.01,0.02,0.0,128,6
934,low_noise_009,low_noise,9,43,150009,0.01,0.02,0.0,128,6
935,low_noise_009,low_noise,9,44,150009,0.01,0.02,0.0,128,6
936,low_noise_009,low_noise,9,45,150009,0.01,0.02,0.0,128,6
937,low_noise_009,low_noise,9,46,150009,0.01,0.02,0.0,128,6
938,low_noise_009,low_noise,9,47,150009,0.01,0.02,0.0,128,6
939,low_noise_009,low_noise,9,48,150009,0.01,0.02,0.0,128,6
940,low_noise_009,low_noise,9,49,150009,0.01,0.02,0.0,128,6
941,low_noise_009,low_noise,9,50,150009,0.01,0.02,0.0,128,6
942,low_noise_009,low_noise,9,51,150009,0.01,0.02,0.0,128,6
943,low_noise_009,low_noise,9,52,150009,0.01,0.02,0.0,128,6
944,low_noise_009,low_noise,9,53,150009,0.01,0.02,0.0,128,6
945,low_noise_009,low_noise,9,54,150009,0.01,0.02,0.0,128,6
946,low_noise_009,low_noise,9,55,150009,0.01,0.02,0.0,128,6
947,low_noise_009,low_noise,9,56,150009,0.01,0.02,0.0,128,6
948,low_noise_009,low_noise,9,57,150009,0.01,0.02,0.0,128,6
949,low_noise_009,low_noise,9,58,150009,0.01,0.02,0.0,128,6
950,low_noise_009,low_noise,9,59,150009,0.01,0.02,0.0,128,6
951,low_noise_009,low_noise,9,60,150009,0.01,0.02,0.0,128,6
952,low_noise_009,low_noise,9,61,150009,0.01,0.02,0.0,128,6
953,low_noise_009,low_noise,9,62,150009,0.01,0.02,0.0,128,6
954,low_noise_009,low_noise,9,63,150009,0.01,0.02,0.0,128,6
955,low_noise_009,low_noise,9,64,150009,0.01,0.02,0.0,128,6
956,low_noise_009,low_noise,9,65,150009,0.01,0.02,0.0,128,6
957,low_noise_009,low_noise,9,66,150009,0.01,0.02,0.0,128,6
958,low_noise_009,low_noise,9,67,150009,0.01,0.02,0.0,128,6
959,low_noise_009,low_noise,9,68,150009,0.01,0.02,0.0,128,6
960,low_noise_009,low_noise,9,69,150009,0.01,0.02,0.0,128,6
961,low_noise_009,low_noise,9,70,150009,0.01,0.02,0.0,128,6
962,low_noise_009,low_noise,9,71,150009,0.01,0.02,0.0,128,6
963,low_noise_009,low_noise,9,72,150009,0.01,0.02,0.0,128,6
964,low_noise_009,low_noise,9,73,150009,0.01,0.02,0.0,128,6
965,low_noise_009,low_noise,9,74,150009,0.01,0.02,0.0,128,6
966,low_noise_009,low_noise,9,75,150009,0.01,0.02,0.0,128,6
967,low_noise_009,low_noise,9,76,150009,0.01,0.02,0.0,128,6
968,low_noise_009,low_noise,9,77,150009,0.01,0.02,0.0,128,6
969,low_noise_009,low_noise,9,78,150009,0.01,0.02,0.0,128,6
970,low_noise_009,low_noise,9,79,150009,0.01,0.02,0.0,128,6
971,low_noise_009,low_noise,9,80,150009,0.01,0.02,0.0,128,6
972,low_noise_009,low_noise,9,81,150009,0.01,0.02,0.0,128,6
973,low_noise_009,low_noise,9,82,150009,0.01,0.02,0.0,128,6
974,low_noise_009,low_noise,9,83,150009,0.01,0.02,0.0,128,6
975,low_noise_009,low_noise,9,84,150009,0.01,0.02,0.0,128,6
976,low_noise_009,low_noise,9,85,150009,0.01,0.02,0.0,128,6
977,low_noise_009,low_noise,9,86,150009,0.01,0.02,0.0,128,6
978,low_noise_009,low_noise,9,87,150009,0.01,0.02,0.0,128,6
979,low_noise_009,low_noise,9,88,150009,0.01,0.02,0.0,128,6
980,low_noise_009,low_noise,9,89,150009,0.01,0.02,0.0,128,6
981,low_noise_009,low_noise,9,90,150009,0.01,0.02,0.0,128,6
982,low_noise_009,low_noise,9,91,150009,0.01,0.02,0.0,128,6
983,low_noise_009,low_noise,9,92,150009,0.01,0.02,0.0,128,6
984,low_noise_009,low_noise,9,93,150009,0.01,0.02,0.0,128,6
985,low_noise_009,low_noise,9,94,150009,0.01,0.02,0.0,128,6
986,low_noise_009,low_noise,9,95,150009,0.01,0.02,0.0,128,6
987,low_noise_009,low_noise,9,96,150009,0.01,0.02,0.0,128,6
988,low_noise_009,low_noise,9,97,150009,0.01,0.02,0.0,128,6
989,low_noise_009,low_noise,9,98,150009,0.01,0.02,0.0,128,6
990,low_noise_010,low_noise,10,0,150010,0.01,0.02,0.0,128,6
991,low_noise_010,low_noise,10,1,150010,0.01,0.02,0.0,128,6
992,low_noise_010,low_noise,10,2,150010,0.01,0.02,0.0,128,6
993,low_noise_010,low_noise,10,3,150010,0.01,0.02,0.0,128,6
994,low_noise_010,low_noise,10,4,150010,0.01,0.02,0.0,128,6
995,low_noise_010,low_noise,10,5,150010,0.01,0.02,0.0,128,6
996,low_noise_010,low_noise,10,6,150010,0.01,0.02,0.0,128,6
997,low_noise_010,low_noise,10,7,150010,0.01,0.02,0.0,128,6
998,low_noise_010,low_noise,10,8,150010,0.01,0.02,0.0,128,6
999,low_noise_010,low_noise,10,9,150010,0.01,0.02,0.0,128,6
1000,low_noise_010,low_noise,10,10,150010,0.01,0.02,0.0,128,6
1001,low_noise_010,low_noise,10,11,150010,0.01,0.02,0.0,128,6
1002,low_noise_010,low_noise,10,12,150010,0.01,0.02,0.0,128,6
1003,low_noise_010,low_noise,10,13,150010,0.01,0.02,0.0,128,6
1004,low_noise_010,low_noise,10,14,150010,0.01,0.02,0.0,128,6
1005,low_noise_010,low_noise,10,15,150010,0.01,0.02,0.0,128,6
1006,low_noise_010,low_noise,10,16,150010,0.01,0.02,0.0,128,6
1007,low_noise_010,low_noise,10,17,150010,0.01,0.02,0.0,128,6
1008,low_noise_010,low_noise,10,18,150010,0.01,0.02,0.0,128,6
1009,low_noise_010,low_noise,10,19,150010,0.01,0.02,0.0,128,6
1010,low_noise_010,low_noise,10,20,150010,0.01,0.02,0.0,128,6
1011,low_noise_010,low_noise,10,21,150010,0.01,0.02,0.0,128,6
1012,low_noise_010,low_noise,10,22,150010,0.01,0.02,0.0,128,6
1013,low_noise_010,low_noise,10,23,150010,0.01,0.02,0.0,128,6
1014,low_noise_010,low_noise,10,24,150010,0.01,0.02,0.0,128,6
1015,low_noise_010,low_noise,10,25,150010,0.01,0.02,0.0,128,6
1016,low_noise_010,low_noise,10,26,150010,0.01,0.02,0.0,128,6
1017,low_noise_010,low_noise,10,27,150010,0.01,0.02,0.0,128,6
1018,low_noise_010,low_noise,10,28,150010,0.01,0.02,0.0,128,6
1019,low_noise_010,low_noise,10,29,150010,0.01,0.02,0.0,128,6
1020,low_noise_010,low_noise,10,30,150010,0.01,0.02,0.0,128,6
1021,low_noise_010,low_noise,10,31,150010,0.01,0.02,0.0,128,6
1022,low_noise_010,low_noise,10,32,150010,0.01,0.02,0.0,128,6
1023,low_noise_010,low_noise,10,33,150010,0.01,0.02,0.0,128,6
1024,low_noise_010,low_noise,10,34,150010,0.01,0.02,0.0,128,6
1025,low_noise_010,low_noise,10,35,150010,0.01,0.02,0.0,128,6
1026,low_noise_010,low_noise,10,36,150010,0.01,0.02,0.0,128,6
1027,low_noise_010,low_noise,10,37,150010,0.01,0.02,0.0,128,6
1028,low_noise_010,low_noise,10,38,150010,0.01,0.02,0.0,128,6
1029,low_noise_010,low_noise,10,39,150010,0.01,0.02,0.0,128,6
1030,low_noise_010,low_noise,10,40,150010,0.01,0.02,0.0,128,6
1031,low_noise_010,low_noise,10,41,150010,0.01,0.02,0.0,128,6
1032,low_noise_010,low_noise,10,42,150010,0.01,0.02,0.0,128,6
1033,low_noise_010,low_noise,10,43,150010,0.01,0.02,0.0,128,6
1034,low_noise_010,low_noise,10,44,150010,0.01,0.02,0.0,128,6
1035,low_noise_010,low_noise,10,45,150010,0.01,0.02,0.0,128,6
1036,low_noise_010,low_noise,10,46,150010,0.01,0.02,0.0,128,6
1037,low_noise_010,low_noise,10,47,150010,0.01,0.02,0.0,128,6
1038,low_noise_010,low_noise,10,48,150010,0.01,0.02,0.0,128,6
1039,low_noise_010,low_noise,10,49,150010,0.01,0.02,0.0,128,6
1040,low_noise_010,low_noise,10,50,150010,0.01,0.02,0.0,128,6
1041,low_noise_010,low_noise,10,51,150010,0.01,0.02,0.0,128,6
1042,low_noise_010,low_noise,10,52,150010,0.01,0.02,0.0,128,6
1043,low_noise_010,low_noise,10,53,150010,0.01,0.02,0.0,128,6
1044,low_noise_010,low_noise,10,54,150010,0.01,0.02,0.0,128,6
1045,low_noise_010,low_noise,10,55,150010,0.01,0.02,0.0,128,6
1046,low_noise_010,low_noise,10,56,150010,0.01,0.02,0.0,128,6
1047,low_noise_010,low_noise,10,57,150010,0.01,0.02,0.0,128,6
1048,low_noise_010,low_noise,10,58,150010,0.01,0.02,0.0,128,6
1049,low_noise_010,low_noise,10,59,150010,0.01,0.02,0.0,128,6
1050,low_noise_010,low_noise,10,60,150010,0.01,0.02,0.0,128,6
1051,low_noise_010,low_noise,10,61,150010,0.01,0.02,0.0,128,6
1052,low_noise_010,low_noise,10,62,150010,0.01,0.02,0.0,128,6
1053,low_noise_010,low_noise,10,63,150010,0.01,0.02,0.0,128,6
1054,low_noise_010,low_noise,10,64,150010,0.01,0.02,0.0,128,6
1055,low_noise_010,low_noise,10,65,150010,0.01,0.02,0.0,128,6
1056,low_noise_010,low_noise,10,66,150010,0.01,0.02,0.0,128,6
1057,low_noise_010,low_noise,10,67,150010,0.01,0.02,0.0,128,6
1058,low_noise_010,low_noise,10,68,150010,0.01,0.02,0.0,128,6
1059,low_noise_010,low_noise,10,69,150010,0.01,0.02,0.0,128,6
1060,low_noise_010,low_noise,10,70,150010,0.01,0.02,0.0,128,6
1061,low_noise_010,low_noise,10,71,150010,0.01,0.02,0.0,128,6
1062,low_noise_010,low_noise,10,72,150010,0.01,0.02,0.0,128,6
1063,low_noise_010,low_noise,10,73,150010,0.01,0.02,0.0,128,6
1064,low_noise_010,low_noise,10,74,150010,0.01,0.02,0.0,128,6
1065,low_noise_010,low_noise,10,75,150010,0.01,0.02,0.0,128,6
1066,low_noise_010,low_noise,10,76,150010,0.01,0.02,0.0,128,6
1067,low_noise_010,low_noise,10,77,150010,0.01,0.02,0.0,128,6
1068,low_noise_010,low_noise,10,78,150010,0.01,0.02,0.0,128,6
1069,low_noise_010,low_noise,10,79,150010,0.01,0.02,0.0,128,6
1070,low_noise_010,low_noise,10,80,150010,0.01,0.02,0.0,128,6
1071,low_noise_010,low_noise,10,81,150010,0.01,0.02,0.0,128,6
1072,low_noise_010,low_noise,10,82,150010,0.01,0.02,0.0,128,6
1073,low_noise_010,low_noise,10,83,150010,0.01,0.02,0.0,128,6
1074,low_noise_010,low_noise,10,84,150010,0.01,0.02,0.0,128,6
1075,low_noise_010,low_noise,10,85,150010,0.01,0.02,0.0,128,6
1076,low_noise_010,low_noise,10,86,150010,0.01,0.02,0.0,128,6
1077,low_noise_010,low_noise,10,87,150010,0.01,0.02,0.0,128,6
1078,low_noise_010,low_noise,10,88,150010,0.01,0.02,0.0,128,6
1079,low_noise_010,low_noise,10,89,150010,0.01,0.02,0.0,128,6
1080,low_noise_010,low_noise,10,90,150010,0.01,0.02,0.0,128,6
1081,low_noise_010,low_noise,10,91,150010,0.01,0.02,0.0,128,6
1082,low_noise_010,low_noise,10,92,150010,0.01,0.02,0.0,128,6
1083,low_noise_010,low_noise,10,93,150010,0.01,0.02,0.0,128,6
1084,low_noise_010,low_noise,10,94,150010,0.01,0.02,0.0,128,6
1085,low_noise_010,low_noise,10,95,150010,0.01,0.02,0.0,128,6
1086,low_noise_010,low_noise,10,96,150010,0.01,0.02,0.0,128,6
1087,low_noise_010,low_noise,10,97,150010,0.01,0.02,0.0,128,6
1088,low_noise_010,low_noise,10,98,150010,0.01,0.02,0.0,128,6
1089,low_noise_011,low_noise,11,0,150011,0.01,0.02,0.0,128,6
1090,low_noise_011,low_noise,11,1,150011,0.01,0.02,0.0,128,6
1091,low_noise_011,low_noise,11,2,150011,0.01,0.02,0.0,128,6
1092,low_noise_011,low_noise,11,3,150011,0.01,0.02,0.0,128,6
1093,low_noise_011,low_noise,11,4,150011,0.01,0.02,0.0,128,6
1094,low_noise_011,low_noise,11,5,150011,0.01,0.02,0.0,128,6
1095,low_noise_011,low_noise,11,6,150011,0.01,0.02,0.0,128,6
1096,low_noise_011,low_noise,11,7,150011,0.01,0.02,0.0,128,6
1097,low_noise_011,low_noise,11,8,150011,0.01,0.02,0.0,128,6
1098,low_noise_011,low_noise,11,9,150011,0.01,0.02,0.0,128,6
1099,low_noise_011,low_noise,11,10,150011,0.01,0.02,0.0,128,6
1100,low_noise_011,low_noise,11,11,150011,0.01,0.02,0.0,128,6
1101,low_noise_011,low_noise,11,12,150011,0.01,0.02,0.0,128,6
1102,low_noise_011,low_noise,11,13,150011,0.01,0.02,0.0,128,6
1103,low_noise_011,low_noise,11,14,150011,0.01,0.02,0.0,128,6
1104,low_noise_011,low_noise,11,15,150011,0.01,0.02,0.0,128,6
1105,low_noise_011,low_noise,11,16,150011,0.01,0.02,0.0,128,6
1106,low_noise_011,low_noise,11,17,150011,0.01,0.02,0.0,128,6
1107,low_noise_011,low_noise,11,18,150011,0.01,0.02,0.0,128,6
1108,low_noise_011,low_noise,11,19,150011,0.01,0.02,0.0,128,6
1109,low_noise_011,low_noise,11,20,150011,0.01,0.02,0.0,128,6
1110,low_noise_011,low_noise,11,21,150011,0.01,0.02,0.0,128,6
1111,low_noise_011,low_noise,11,22,150011,0.01,0.02,0.0,128,6
1112,low_noise_011,low_noise,11,23,150011,0.01,0.02,0.0,128,6
1113,low_noise_011,low_noise,11,24,150011,0.01,0.02,0.0,128,6
1114,low_noise_011,low_noise,11,25,150011,0.01,0.02,0.0,128,6
1115,low_noise_011,low_noise,11,26,150011,0.01,0.02,0.0,128,6
1116,low_noise_011,low_noise,11,27,150011,0.01,0.02,0.0,128,6
1117,low_noise_011,low_noise,11,28,150011,0.01,0.02,0.0,128,6
1118,low_noise_011,low_noise,11,29,150011,0.01,0.02,0.0,128,6
1119,low_noise_011,low_noise,11,30,150011,0.01,0.02,0.0,128,6
1120,low_noise_011,low_noise,11,31,150011,0.01,0.02,0.0,128,6
1121,low_noise_011,low_noise,11,32,150011,0.01,0.02,0.0,128,6
1122,low_noise_011,low_noise,11,33,150011,0.01,0.02,0.0,128,6
1123,low_noise_011,low_noise,11,34,150011,0.01,0.02,0.0,128,6
1124,low_noise_011,low_noise,11,35,150011,0.01,0.02,0.0,128,6
1125,low_noise_011,low_noise,11,36,150011,0.01,0.02,0.0,128,6
1126,low_noise_011,low_noise,11,37,150011,0.01,0.02,0.0,128,6
1127,low_noise_011,low_noise,11,38,150011,0.01,0.02,0.0,128,6
1128,low_noise_011,low_noise,11,39,150011,0.01,0.02,0.0,128,6
1129,low_noise_011,low_noise,11,40,150011,0.01,0.02,0.0,128,6
1130,low_noise_011,low_noise,11,41,150011,0.01,0.02,0.0,128,6
1131,low_noise_011,low_noise,11,42,150011,0.01,0.02,0.0,128,6
1132,low_noise_011,low_noise,11,43,150011,0.01,0.02,0.0,128,6
1133,low_noise_011,low_noise,11,44,150011,0.01,0.02,0.0,128,6
1134,low_noise_011,low_noise,11,45,150011,0.01,0.02,0.0,128,6
1135,low_noise_011,low_noise,11,46,150011,0.01,0.02,0.0,128,6
1136,low_noise_011,low_noise,11,47,150011,0.01,0.02,0.0,128,6
1137,low_noise_011,low_noise,11,48,150011,0.01,0.02,0.0,128,6
1138,low_noise_011,low_noise,11,49,150011,0.01,0.02,0.0,128,6
1139,low_noise_011,low_noise,11,50,150011,0.01,0.02,0.0,128,6
1140,low_noise_011,low_noise,11,51,150011,0.01,0.02,0.0,128,6
1141,low_noise_011,low_noise,11,52,150011,0.01,0.02,0.0,128,6
1142,low_noise_011,low_noise,11,53,150011,0.01,0.02,0.0,128,6
1143,low_noise_011,low_noise,11,54,150011,0.01,0.02,0.0,128,6
1144,low_noise_011,low_noise,11,55,150011,0.01,0.02,0.0,128,6
1145,low_noise_011,low_noise,11,56,150011,0.01,0.02,0.0,128,6
1146,low_noise_011,low_noise,11,57,150011,0.01,0.02,0.0,128,6
1147,low_noise_011,low_noise,11,58,150011,0.01,0.02,0.0,128,6
1148,low_noise_011,low_noise,11,59,150011,0.01,0.02,0.0,128,6
1149,low_noise_011,low_noise,11,60,150011,0.01,0.02,0.0,128,6
1150,low_noise_011,low_noise,11,61,150011,0.01,0.02,0.0,128,6
1151,low_noise_011,low_noise,11,62,150011,0.01,0.02,0.0,128,6
1152,low_noise_011,low_noise,11,63,150011,0.01,0.02,0.0,128,6
1153,low_noise_011,low_noise,11,64,150011,0.01,0.02,0.0,128,6
1154,low_noise_011,low_noise,11,65,150011,0.01,0.02,0.0,128,6
1155,low_noise_011,low_noise,11,66,150011,0.01,0.02,0.0,128,6
1156,low_noise_011,low_noise,11,67,150011,0.01,0.02,0.0,128,6
1157,low_noise_011,low_noise,11,68,150011,0.01,0.02,0.0,128,6
1158,low_noise_011,low_noise,11,69,150011,0.01,0.02,0.0,128,6
1159,low_noise_011,low_noise,11,70,150011,0.01,0.02,0.0,128,6
1160,low_noise_011,low_noise,11,71,150011,0.01,0.02,0.0,128,6
1161,low_noise_011,low_noise,11,72,150011,0.01,0.02,0.0,128,6
1162,low_noise_011,low_noise,11,73,150011,0.01,0.02,0.0,128,6
1163,low_noise_011,low_noise,11,74,150011,0.01,0.02,0.0,128,6
1164,low_noise_011,low_noise,11,75,150011,0.01,0.02,0.0,128,6
1165,low_noise_011,low_noise,11,76,150011,0.01,0.02,0.0,128,6
1166,low_noise_011,low_noise,11,77,150011,0.01,0.02,0.0,128,6
1167,low_noise_011,low_noise,11,78,150011,0.01,0.02,0.0,128,6
1168,low_noise_011,low_noise,11,79,150011,0.01,0.02,0.0,128,6
1169,low_noise_011,low_noise,11,80,150011,0.01,0.02,0.0,128,6
1170,low_noise_011,low_noise,11,81,150011,0.01,0.02,0.0,128,6
1171,low_noise_011,low_noise,11,82,150011,0.01,0.02,0.0,128,6
1172,low_noise_011,low_noise,11,83,150011,0.01,0.02,0.0,128,6
1173,low_noise_011,low_noise,11,84,150011,0.01,0.02,0.0,128,6
1174,low_noise_011,low_noise,11,85,150011,0.01,0.02,0.0,128,6
1175,low_noise_011,low_noise,11,86,150011,0.01,0.02,0.0,128,6
1176,low_noise_011,low_noise,11,87,150011,0.01,0.02,0.0,128,6
1177,low_noise_011,low_noise,11,88,150011,0.01,0.02,0.0,128,6
1178,low_noise_011,low_noise,11,89,150011,0.01,0.02,0.0,128,6
1179,low_noise_011,low_noise,11,90,150011,0.01,0.02,0.0,128,6
1180,low_noise_011,low_noise,11,91,150011,0.01,0.02,0.0,128,6
1181,low_noise_011,low_noise,11,92,150011,0.01,0.02,0.0,128,6
1182,low_noise_011,low_noise,11,93,150011,0.01,0.02,0.0,128,6
1183,low_noise_011,low_noise,11,94,150011,0.01,0.02,0.0,128,6
1184,low_noise_011,low_noise,11,95,150011,0.01,0.02,0.0,128,6
1185,low_noise_011,low_noise,11,96,150011,0.01,0.02,0.0,128,6
1186,low_noise_011,low_noise,11,97,150011,0.01,0.02,0.0,128,6
1187,low_noise_011,low_noise,11,98,150011,0.01,0.02,0.0,128,6
1188,low_noise_012,low_noise,12,0,150012,0.01,0.02,0.0,128,6
1189,low_noise_012,low_noise,12,1,150012,0.01,0.02,0.0,128,6
1190,low_noise_012,low_noise,12,2,150012,0.01,0.02,0.0,128,6
1191,low_noise_012,low_noise,12,3,150012,0.01,0.02,0.0,128,6
1192,low_noise_012,low_noise,12,4,150012,0.01,0.02,0.0,128,6
1193,low_noise_012,low_noise,12,5,150012,0.01,0.02,0.0,128,6
1194,low_noise_012,low_noise,12,6,150012,0.01,0.02,0.0,128,6
1195,low_noise_012,low_noise,12,7,150012,0.01,0.02,0.0,128,6
1196,low_noise_012,low_noise,12,8,150012,0.01,0.02,0.0,128,6
1197,low_noise_012,low_noise,12,9,150012,0.01,0.02,0.0,128,6
1198,low_noise_012,low_noise,12,10,150012,0.01,0.02,0.0,128,6
1199,low_noise_012,low_noise,12,11,150012,0.01,0.02,0.0,128,6
1200,low_noise_012,low_noise,12,12,150012,0.01,0.02,0.0,128,6
1201,low_noise_012,low_noise,12,13,150012,0.01,0.02,0.0,128,6
1202,low_noise_012,low_noise,12,14,150012,0.01,0.02,0.0,128,6
1203,low_noise_012,low_noise,12,15,150012,0.01,0.02,0.0,128,6
1204,low_noise_012,low_noise,12,16,150012,0.01,0.02,0.0,128,6
1205,low_noise_012,low_noise,12,17,150012,0.01,0.02,0.0,128,6
1206,low_noise_012,low_noise,12,18,150012,0.01,0.02,0.0,128,6
1207,low_noise_012,low_noise,12,19,150012,0.01,0.02,0.0,128,6
1208,low_noise_012,low_noise,12,20,150012,0.01,0.02,0.0,128,6
1209,low_noise_012,low_noise,12,21,150012,0.01,0.02,0.0,128,6
1210,low_noise_012,low_noise,12,22,150012,0.01,0.02,0.0,128,6
1211,low_noise_012,low_noise,12,23,150012,0.01,0.02,0.0,128,6
1212,low_noise_012,low_noise,12,24,150012,0.01,0.02,0.0,128,6
1213,low_noise_012,low_noise,12,25,150012,0.01,0.02,0.0,128,6
1214,low_noise_012,low_noise,12,26,150012,0.01,0.02,0.0,128,6
1215,low_noise_012,low_noise,12,27,150012,0.01,0.02,0.0,128,6
1216,low_noise_012,low_noise,12,28,150012,0.01,0.02,0.0,128,6
1217,low_noise_012,low_noise,12,29,150012,0.01,0.02,0.0,128,6
1218,low_noise_012,low_noise,12,30,150012,0.01,0.02,0.0,128,6
1219,low_noise_012,low_noise,12,31,150012,0.01,0.02,0.0,128,6
1220,low_noise_012,low_noise,12,32,150012,0.01,0.02,0.0,128,6
1221,low_noise_012,low_noise,12,33,150012,0.01,0.02,0.0,128,6
1222,low_noise_012,low_noise,12,34,150012,0.01,0.02,0.0,128,6
1223,low_noise_012,low_noise,12,35,150012,0.01,0.02,0.0,128,6
1224,low_noise_012,low_noise,12,36,150012,0.01,0.02,0.0,128,6
1225,low_noise_012,low_noise,12,37,150012,0.01,0.02,0.0,128,6
1226,low_noise_012,low_noise,12,38,150012,0.01,0.02,0.0,128,6
1227,low_noise_012,low_noise,12,39,150012,0.01,0.02,0.0,128,6
1228,low_noise_012,low_noise,12,40,150012,0.01,0.02,0.0,128,6
1229,low_noise_012,low_noise,12,41,150012,0.01,0.02,0.0,128,6
1230,low_noise_012,low_noise,12,42,150012,0.01,0.02,0.0,128,6
1231,low_noise_012,low_noise,12,43,150012,0.01,0.02,0.0,128,6
1232,low_noise_012,low_noise,12,44,150012,0.01,0.02,0.0,128,6
1233,low_noise_012,low_noise,12,45,150012,0.01,0.02,0.0,128,6
1234,low_noise_012,low_noise,12,46,150012,0.01,0.02,0.0,128,6
1235,low_noise_012,low_noise,12,47,150012,0.01,0.02,0.0,128,6
1236,low_noise_012,low_noise,12,48,150012,0.01,0.02,0.0,128,6
1237,low_noise_012,low_noise,12,49,150012,0.01,0.02,0.0,128,6
1238,low_noise_012,low_noise,12,50,150012,0.01,0.02,0.0,128,6
1239,low_noise_012,low_noise,12,51,150012,0.01,0.02,0.0,128,6
1240,low_noise_012,low_noise,12,52,150012,0.01,0.02,0.0,128,6
1241,low_noise_012,low_noise,12,53,150012,0.01,0.02,0.0,128,6
1242,low_noise_012,low_noise,12,54,150012,0.01,0.02,0.0,128,6
1243,low_noise_012,low_noise,12,55,150012,0.01,0.02,0.0,128,6
1244,low_noise_012,low_noise,12,56,150012,0.01,0.02,0.0,128,6
1245,low_noise_012,low_noise,12,57,150012,0.01,0.02,0.0,128,6
1246,low_noise_012,low_noise,12,58,150012,0.01,0.02,0.0,128,6
1247,low_noise_012,low_noise,12,59,150012,0.01,0.02,0.0,128,6
1248,low_noise_012,low_noise,12,60,150012,0.01,0.02,0.0,128,6
1249,low_noise_012,low_noise,12,61,150012,0.01,0.02,0.0,128,6
1250,low_noise_012,low_noise,12,62,150012,0.01,0.02,0.0,128,6
1251,low_noise_012,low_noise,12,63,150012,0.01,0.02,0.0,128,6
1252,low_noise_012,low_noise,12,64,150012,0.01,0.02,0.0,128,6
1253,low_noise_012,low_noise,12,65,150012,0.01,0.02,0.0,128,6
1254,low_noise_012,low_noise,12,66,150012,0.01,0.02,0.0,128,6
1255,low_noise_012,low_noise,12,67,150012,0.01,0.02,0.0,128,6
1256,low_noise_012,low_noise,12,68,150012,0.01,0.02,0.0,128,6
1257,low_noise_012,low_noise,12,69,150012,0.01,0.02,0.0,128,6
1258,low_noise_012,low_noise,12,70,150012,0.01,0.02,0.0,128,6
1259,low_noise_012,low_noise,12,71,150012,0.01,0.02,0.0,128,6
1260,low_noise_012,low_noise,12,72,150012,0.01,0.02,0.0,128,6
1261,low_noise_012,low_noise,12,73,150012,0.01,0.02,0.0,128,6
1262,low_noise_012,low_noise,12,74,150012,0.01,0.02,0.0,128,6
1263,low_noise_012,low_noise,12,75,150012,0.01,0.02,0.0,128,6
1264,low_noise_012,low_noise,12,76,150012,0.01,0.02,0.0,128,6
1265,low_noise_012,low_noise,12,77,150012,0.01,0.02,0.0,128,6
1266,low_noise_012,low_noise,12,78,150012,0.01,0.02,0.0,128,6
1267,low_noise_012,low_noise,12,79,150012,0.01,0.02,0.0,128,6
1268,low_noise_012,low_noise,12,80,150012,0.01,0.02,0.0,128,6
1269,low_noise_012,low_noise,12,81,150012,0.01,0.02,0.0,128,6
1270,low_noise_012,low_noise,12,82,150012,0.01,0.02,0.0,128,6
1271,low_noise_012,low_noise,12,83,150012,0.01,0.02,0.0,128,6
1272,low_noise_012,low_noise,12,84,150012,0.01,0.02,0.0,128,6
1273,low_noise_012,low_noise,12,85,150012,0.01,0.02,0.0,128,6
1274,low_noise_012,low_noise,12,86,150012,0.01,0.02,0.0,128,6
1275,low_noise_012,low_noise,12,87,150012,0.01,0.02,0.0,128,6
1276,low_noise_012,low_noise,12,88,150012,0.01,0.02,0.0,128,6
1277,low_noise_012,low_noise,12,89,150012,0.01,0.02,0.0,128,6
1278,low_noise_012,low_noise,12,90,150012,0.01,0.02,0.0,128,6
1279,low_noise_012,low_noise,12,91,150012,0.01,0.02,0.0,128,6
1280,low_noise_012,low_noise,12,92,150012,0.01,0.02,0.0,128,6
1281,low_noise_012,low_noise,12,93,150012,0.01,0.02,0.0,128,6
1282,low_noise_012,low_noise,12,94,150012,0.01,0.02,0.0,128,6
1283,low_noise_012,low_noise,12,95,150012,0.01,0.02,0.0,128,6
1284,low_noise_012,low_noise,12,96,150012,0.01,0.02,0.0,128,6
1285,low_noise_012,low_noise,12,97,150012,0.01,0.02,0.0,128,6
1286,low_noise_012,low_noise,12,98,150012,0.01,0.02,0.0,128,6
1287,low_noise_013,low_noise,13,0,150013,0.01,0.02,0.0,128,6
1288,low_noise_013,low_noise,13,1,150013,0.01,0.02,0.0,128,6
1289,low_noise_013,low_noise,13,2,150013,0.01,0.02,0.0,128,6
1290,low_noise_013,low_noise,13,3,150013,0.01,0.02,0.0,128,6
1291,low_noise_013,low_noise,13,4,150013,0.01,0.02,0.0,128,6
1292,low_noise_013,low_noise,13,5,150013,0.01,0.02,0.0,128,6
1293,low_noise_013,low_noise,13,6,150013,0.01,0.02,0.0,128,6
1294,low_noise_013,low_noise,13,7,150013,0.01,0.02,0.0,128,6
1295,low_noise_013,low_noise,13,8,150013,0.01,0.02,0.0,128,6
1296,low_noise_013,low_noise,13,9,150013,0.01,0.02,0.0,128,6
1297,low_noise_013,low_noise,13,10,150013,0.01,0.02,0.0,128,6
1298,low_noise_013,low_noise,13,11,150013,0.01,0.02,0.0,128,6
1299,low_noise_013,low_noise,13,12,150013,0.01,0.02,0.0,128,6
1300,low_noise_013,low_noise,13,13,150013,0.01,0.02,0.0,128,6
1301,low_noise_013,low_noise,13,14,150013,0.01,0.02,0.0,128,6
1302,low_noise_013,low_noise,13,15,150013,0.01,0.02,0.0,128,6
1303,low_noise_013,low_noise,13,16,150013,0.01,0.02,0.0,128,6
1304,low_noise_013,low_noise,13,17,150013,0.01,0.02,0.0,128,6
1305,low_noise_013,low_noise,13,18,150013,0.01,0.02,0.0,128,6
1306,low_noise_013,low_noise,13,19,150013,0.01,0.02,0.0,128,6
1307,low_noise_013,low_noise,13,20,150013,0.01,0.02,0.0,128,6
1308,low_noise_013,low_noise,13,21,150013,0.01,0.02,0.0,128,6
1309,low_noise_013,low_noise,13,22,150013,0.01,0.02,0.0,128,6
1310,low_noise_013,low_noise,13,23,150013,0.01,0.02,0.0,128,6
1311,low_noise_013,low_noise,13,24,150013,0.01,0.02,0.0,128,6
1312,low_noise_013,low_noise,13,25,150013,0.01,0.02,0.0,128,6
1313,low_noise_013,low_noise,13,26,150013,0.01,0.02,0.0,128,6
1314,low_noise_013,low_noise,13,27,150013,0.01,0.02,0.0,128,6
1315,low_noise_013,low_noise,13,28,150013,0.01,0.02,0.0,128,6
1316,low_noise_013,low_noise,13,29,150013,0.01,0.02,0.0,128,6
1317,low_noise_013,low_noise,13,30,150013,0.01,0.02,0.0,128,6
1318,low_noise_013,low_noise,13,31,150013,0.01,0.02,0.0,128,6
1319,low_noise_013,low_noise,13,32,150013,0.01,0.02,0.0,128,6
1320,low_noise_013,low_noise,13,33,150013,0.01,0.02,0.0,128,6
1321,low_noise_013,low_noise,13,34,150013,0.01,0.02,0.0,128,6
1322,low_noise_013,low_noise,13,35,150013,0.01,0.02,0.0,128,6
1323,low_noise_013,low_noise,13,36,150013,0.01,0.02,0.0,128,6
1324,low_noise_013,low_noise,13,37,150013,0.01,0.02,0.0,128,6
1325,low_noise_013,low_noise,13,38,150013,0.01,0.02,0.0,128,6
1326,low_noise_013,low_noise,13,39,150013,0.01,0.02,0.0,128,6
1327,low_noise_013,low_noise,13,40,150013,0.01,0.02,0.0,128,6
1328,low_noise_013,low_noise,13,41,150013,0.01,0.02,0.0,128,6
1329,low_noise_013,low_noise,13,42,150013,0.01,0.02,0.0,128,6
1330,low_noise_013,low_noise,13,43,150013,0.01,0.02,0.0,128,6
1331,low_noise_013,low_noise,13,44,150013,0.01,0.02,0.0,128,6
1332,low_noise_013,low_noise,13,45,150013,0.01,0.02,0.0,128,6
1333,low_noise_013,low_noise,13,46,150013,0.01,0.02,0.0,128,6
1334,low_noise_013,low_noise,13,47,150013,0.01,0.02,0.0,128,6
1335,low_noise_013,low_noise,13,48,150013,0.01,0.02,0.0,128,6
1336,low_noise_013,low_noise,13,49,150013,0.01,0.02,0.0,128,6
1337,low_noise_013,low_noise,13,50,150013,0.01,0.02,0.0,128,6
1338,low_noise_013,low_noise,13,51,150013,0.01,0.02,0.0,128,6
1339,low_noise_013,low_noise,13,52,150013,0.01,0.02,0.0,128,6
1340,low_noise_013,low_noise,13,53,150013,0.01,0.02,0.0,128,6
1341,low_noise_013,low_noise,13,54,150013,0.01,0.02,0.0,128,6
1342,low_noise_013,low_noise,13,55,150013,0.01,0.02,0.0,128,6
1343,low_noise_013,low_noise,13,56,150013,0.01,0.02,0.0,128,6
1344,low_noise_013,low_noise,13,57,150013,0.01,0.02,0.0,128,6
1345,low_noise_013,low_noise,13,58,150013,0.01,0.02,0.0,128,6
1346,low_noise_013,low_noise,13,59,150013,0.01,0.02,0.0,128,6
1347,low_noise_013,low_noise,13,60,150013,0.01,0.02,0.0,128,6
1348,low_noise_013,low_noise,13,61,150013,0.01,0.02,0.0,128,6
1349,low_noise_013,low_noise,13,62,150013,0.01,0.02,0.0,128,6
1350,low_noise_013,low_noise,13,63,150013,0.01,0.02,0.0,128,6
1351,low_noise_013,low_noise,13,64,150013,0.01,0.02,0.0,128,6
1352,low_noise_013,low_noise,13,65,150013,0.01,0.02,0.0,128,6
1353,low_noise_013,low_noise,13,66,150013,0.01,0.02,0.0,128,6
1354,low_noise_013,low_noise,13,67,150013,0.01,0.02,0.0,128,6
1355,low_noise_013,low_noise,13,68,150013,0.01,0.02,0.0,128,6
1356,low_noise_013,low_noise,13,69,150013,0.01,0.02,0.0,128,6
1357,low_noise_013,low_noise,13,70,150013,0.01,0.02,0.0,128,6
1358,low_noise_013,low_noise,13,71,150013,0.01,0.02,0.0,128,6
1359,low_noise_013,low_noise,13,72,150013,0.01,0.02,0.0,128,6
1360,low_noise_013,low_noise,13,73,150013,0.01,0.02,0.0,128,6
1361,low_noise_013,low_noise,13,74,150013,0.01,0.02,0.0,128,6
1362,low_noise_013,low_noise,13,75,150013,0.01,0.02,0.0,128,6
1363,low_noise_013,low_noise,13,76,150013,0.01,0.02,0.0,128,6
1364,low_noise_013,low_noise,13,77,150013,0.01,0.02,0.0,128,6
1365,low_noise_013,low_noise,13,78,150013,0.01,0.02,0.0,128,6
1366,low_noise_013,low_noise,13,79,150013,0.01,0.02,0.0,128,6
1367,low_noise_013,low_noise,13,80,150013,0.01,0.02,0.0,128,6
1368,low_noise_013,low_noise,13,81,150013,0.01,0.02,0.0,128,6
1369,low_noise_013,low_noise,13,82,150013,0.01,0.02,0.0,128,6
1370,low_noise_013,low_noise,13,83,150013,0.01,0.02,0.0,128,6
1371,low_noise_013,low_noise,13,84,150013,0.01,0.02,0.0,128,6
1372,low_noise_013,low_noise,13,85,150013,0.01,0.02,0.0,128,6
1373,low_noise_013,low_noise,13,86,150013,0.01,0.02,0.0,128,6
1374,low_noise_013,low_noise,13,87,150013,0.01,0.02,0.0,128,6
1375,low_noise_013,low_noise,13,88,150013,0.01,0.02,0.0,128,6
1376,low_noise_013,low_noise,13,89,150013,0.01,0.02,0.0,128,6
1377,low_noise_013,low_noise,13,90,150013,0.01,0.02,0.0,128,6
1378,low_noise_013,low_noise,13,91,150013,0.01,0.02,0.0,128,6
1379,low_noise_013,low_noise,13,92,150013,0.01,0.02,0.0,128,6
1380,low_noise_013,low_noise,13,93,150013,0.01,0.02,0.0,128,6
1381,low_noise_013,low_noise,13,94,150013,0.01,0.02,0.0,128,6
1382,low_noise_013,low_noise,13,95,150013,0.01,0.02,0.0,128,6
1383,low_noise_013,low_noise,13,96,150013,0.01,0.02,0.0,128,6
1384,low_noise_013,low_noise,13,97,150013,0.01,0.02,0.0,128,6
1385,low_noise_013,low_noise,13,98,150013,0.01,0.02,0.0,128,6
1386,low_noise_014,low_noise,14,0,150014,0.01,0.02,0.0,128,6
1387,low_noise_014,low_noise,14,1,150014,0.01,0.02,0.0,128,6
1388,low_noise_014,low_noise,14,2,150014,0.01,0.02,0.0,128,6
1389,low_noise_014,low_noise,14,3,150014,0.01,0.02,0.0,128,6
1390,low_noise_014,low_noise,14,4,150014,0.01,0.02,0.0,128,6
1391,low_noise_014,low_noise,14,5,150014,0.01,0.02,0.0,128,6
1392,low_noise_014,low_noise,14,6,150014,0.01,0.02,0.0,128,6
1393,low_noise_014,low_noise,14,7,150014,0.01,0.02,0.0,128,6
1394,low_noise_014,low_noise,14,8,150014,0.01,0.02,0.0,128,6
1395,low_noise_014,low_noise,14,9,150014,0.01,0.02,0.0,128,6
1396,low_noise_014,low_noise,14,10,150014,0.01,0.02,0.0,128,6
1397,low_noise_014,low_noise,14,11,150014,0.01,0.02,0.0,128,6
1398,low_noise_014,low_noise,14,12,150014,0.01,0.02,0.0,128,6
1399,low_noise_014,low_noise,14,13,150014,0.01,0.02,0.0,128,6
1400,low_noise_014,low_noise,14,14,150014,0.01,0.02,0.0,128,6
1401,low_noise_014,low_noise,14,15,150014,0.01,0.02,0.0,128,6
1402,low_noise_014,low_noise,14,16,150014,0.01,0.02,0.0,128,6
1403,low_noise_014,low_noise,14,17,150014,0.01,0.02,0.0,128,6
1404,low_noise_014,low_noise,14,18,150014,0.01,0.02,0.0,128,6
1405,low_noise_014,low_noise,14,19,150014,0.01,0.02,0.0,128,6
1406,low_noise_014,low_noise,14,20,150014,0.01,0.02,0.0,128,6
1407,low_noise_014,low_noise,14,21,150014,0.01,0.02,0.0,128,6
1408,low_noise_014,low_noise,14,22,150014,0.01,0.02,0.0,128,6
1409,low_noise_014,low_noise,14,23,150014,0.01,0.02,0.0,128,6
1410,low_noise_014,low_noise,14,24,150014,0.01,0.02,0.0,128,6
1411,low_noise_014,low_noise,14,25,150014,0.01,0.02,0.0,128,6
1412,low_noise_014,low_noise,14,26,150014,0.01,0.02,0.0,128,6
1413,low_noise_014,low_noise,14,27,150014,0.01,0.02,0.0,128,6
1414,low_noise_014,low_noise,14,28,150014,0.01,0.02,0.0,128,6
1415,low_noise_014,low_noise,14,29,150014,0.01,0.02,0.0,128,6
1416,low_noise_014,low_noise,14,30,150014,0.01,0.02,0.0,128,6
1417,low_noise_014,low_noise,14,31,150014,0.01,0.02,0.0,128,6
1418,low_noise_014,low_noise,14,32,150014,0.01,0.02,0.0,128,6
1419,low_noise_014,low_noise,14,33,150014,0.01,0.02,0.0,128,6
1420,low_noise_014,low_noise,14,34,150014,0.01,0.02,0.0,128,6
1421,low_noise_014,low_noise,14,35,150014,0.01,0.02,0.0,128,6
1422,low_noise_014,low_noise,14,36,150014,0.01,0.02,0.0,128,6
1423,low_noise_014,low_noise,14,37,150014,0.01,0.02,0.0,128,6
1424,low_noise_014,low_noise,14,38,150014,0.01,0.02,0.0,128,6
1425,low_noise_014,low_noise,14,39,150014,0.01,0.02,0.0,128,6
1426,low_noise_014,low_noise,14,40,150014,0.01,0.02,0.0,128,6
1427,low_noise_014,low_noise,14,41,150014,0.01,0.02,0.0,128,6
1428,low_noise_014,low_noise,14,42,150014,0.01,0.02,0.0,128,6
1429,low_noise_014,low_noise,14,43,150014,0.01,0.02,0.0,128,6
1430,low_noise_014,low_noise,14,44,150014,0.01,0.02,0.0,128,6
1431,low_noise_014,low_noise,14,45,150014,0.01,0.02,0.0,128,6
1432,low_noise_014,low_noise,14,46,150014,0.01,0.02,0.0,128,6
1433,low_noise_014,low_noise,14,47,150014,0.01,0.02,0.0,128,6
1434,low_noise_014,low_noise,14,48,150014,0.01,0.02,0.0,128,6
1435,low_noise_014,low_noise,14,49,150014,0.01,0.02,0.0,128,6
1436,low_noise_014,low_noise,14,50,150014,0.01,0.02,0.0,128,6
1437,low_noise_014,low_noise,14,51,150014,0.01,0.02,0.0,128,6
1438,low_noise_014,low_noise,14,52,150014,0.01,0.02,0.0,128,6
1439,low_noise_014,low_noise,14,53,150014,0.01,0.02,0.0,128,6
1440,low_noise_014,low_noise,14,54,150014,0.01,0.02,0.0,128,6
1441,low_noise_014,low_noise,14,55,150014,0.01,0.02,0.0,128,6
1442,low_noise_014,low_noise,14,56,150014,0.01,0.02,0.0,128,6
1443,low_noise_014,low_noise,14,57,150014,0.01,0.02,0.0,128,6
1444,low_noise_014,low_noise,14,58,150014,0.01,0.02,0.0,128,6
1445,low_noise_014,low_noise,14,59,150014,0.01,0.02,0.0,128,6
1446,low_noise_014,low_noise,14,60,150014,0.01,0.02,0.0,128,6
1447,low_noise_014,low_noise,14,61,150014,0.01,0.02,0.0,128,6
1448,low_noise_014,low_noise,14,62,150014,0.01,0.02,0.0,128,6
1449,low_noise_014,low_noise,14,63,150014,0.01,0.02,0.0,128,6
1450,low_noise_014,low_noise,14,64,150014,0.01,0.02,0.0,128,6
1451,low_noise_014,low_noise,14,65,150014,0.01,0.02,0.0,128,6
1452,low_noise_014,low_noise,14,66,150014,0.01,0.02,0.0,128,6
1453,low_noise_014,low_noise,14,67,150014,0.01,0.02,0.0,128,6
1454,low_noise_014,low_noise,14,68,150014,0.01,0.02,0.0,128,6
1455,low_noise_014,low_noise,14,69,150014,0.01,0.02,0.0,128,6
1456,low_noise_014,low_noise,14,70,150014,0.01,0.02,0.0,128,6
1457,low_noise_014,low_noise,14,71,150014,0.01,0.02,0.0,128,6
1458,low_noise_014,low_noise,14,72,150014,0.01,0.02,0.0,128,6
1459,low_noise_014,low_noise,14,73,150014,0.01,0.02,0.0,128,6
1460,low_noise_014,low_noise,14,74,150014,0.01,0.02,0.0,128,6
1461,low_noise_014,low_noise,14,75,150014,0.01,0.02,0.0,128,6
1462,low_noise_014,low_noise,14,76,150014,0.01,0.02,0.0,128,6
1463,low_noise_014,low_noise,14,77,150014,0.01,0.02,0.0,128,6
1464,low_noise_014,low_noise,14,78,150014,0.01,0.02,0.0,128,6
1465,low_noise_014,low_noise,14,79,150014,0.01,0.02,0.0,128,6
1466,low_noise_014,low_noise,14,80,150014,0.01,0.02,0.0,128,6
1467,low_noise_014,low_noise,14,81,150014,0.01,0.02,0.0,128,6
1468,low_noise_014,low_noise,14,82,150014,0.01,0.02,0.0,128,6
1469,low_noise_014,low_noise,14,83,150014,0.01,0.02,0.0,128,6
1470,low_noise_014,low_noise,14,84,150014,0.01,0.02,0.0,128,6
1471,low_noise_014,low_noise,14,85,150014,0.01,0.02,0.0,128,6
1472,low_noise_014,low_noise,14,86,150014,0.01,0.02,0.0,128,6
1473,low_noise_014,low_noise,14,87,150014,0.01,0.02,0.0,128,6
1474,low_noise_014,low_noise,14,88,150014,0.01,0.02,0.0,128,6
1475,low_noise_014,low_noise,14,89,150014,0.01,0.02,0.0,128,6
1476,low_noise_014,low_noise,14,90,150014,0.01,0.02,0.0,128,6
1477,low_noise_014,low_noise,14,91,150014,0.01,0.02,0.0,128,6
1478,low_noise_014,low_noise,14,92,150014,0.01,0.02,0.0,128,6
1479,low_noise_014,low_noise,14,93,150014,0.01,0.02,0.0,128,6
1480,low_noise_014,low_noise,14,94,150014,0.01,0.02,0.0,128,6
1481,low_noise_014,low_noise,14,95,150014,0.01,0.02,0.0,128,6
1482,low_noise_014,low_noise,14,96,150014,0.01,0.02,0.0,128,6
1483,low_noise_014,low_noise,14,97,150014,0.01,0.02,0.0,128,6
1484,low_noise_014,low_noise,14,98,150014,0.01,0.02,0.0,128,6
1485,low_noise_015,low_noise,15,0,150015,0.01,0.02,0.0,128,6
1486,low_noise_015,low_noise,15,1,150015,0.01,0.02,0.0,128,6
1487,low_noise_015,low_noise,15,2,150015,0.01,0.02,0.0,128,6
1488,low_noise_015,low_noise,15,3,150015,0.01,0.02,0.0,128,6
1489,low_noise_015,low_noise,15,4,150015,0.01,0.02,0.0,128,6
1490,low_noise_015,low_noise,15,5,150015,0.01,0.02,0.0,128,6
1491,low_noise_015,low_noise,15,6,150015,0.01,0.02,0.0,128,6
1492,low_noise_015,low_noise,15,7,150015,0.01,0.02,0.0,128,6
1493,low_noise_015,low_noise,15,8,150015,0.01,0.02,0.0,128,6
1494,low_noise_015,low_noise,15,9,150015,0.01,0.02,0.0,128,6
1495,low_noise_015,low_noise,15,10,150015,0.01,0.02,0.0,128,6
1496,low_noise_015,low_noise,15,11,150015,0.01,0.02,0.0,128,6
1497,low_noise_015,low_noise,15,12,150015,0.01,0.02,0.0,128,6
1498,low_noise_015,low_noise,15,13,150015,0.01,0.02,0.0,128,6
1499,low_noise_015,low_noise,15,14,150015,0.01,0.02,0.0,128,6
1500,low_noise_015,low_noise,15,15,150015,0.01,0.02,0.0,128,6
1501,low_noise_015,low_noise,15,16,150015,0.01,0.02,0.0,128,6
1502,low_noise_015,low_noise,15,17,150015,0.01,0.02,0.0,128,6
1503,low_noise_015,low_noise,15,18,150015,0.01,0.02,0.0,128,6
1504,low_noise_015,low_noise,15,19,150015,0.01,0.02,0.0,128,6
1505,low_noise_015,low_noise,15,20,150015,0.01,0.02,0.0,128,6
1506,low_noise_015,low_noise,15,21,150015,0.01,0.02,0.0,128,6
1507,low_noise_015,low_noise,15,22,150015,0.01,0.02,0.0,128,6
1508,low_noise_015,low_noise,15,23,150015,0.01,0.02,0.0,128,6
1509,low_noise_015,low_noise,15,24,150015,0.01,0.02,0.0,128,6
1510,low_noise_015,low_noise,15,25,150015,0.01,0.02,0.0,128,6
1511,low_noise_015,low_noise,15,26,150015,0.01,0.02,0.0,128,6
1512,low_noise_015,low_noise,15,27,150015,0.01,0.02,0.0,128,6
1513,low_noise_015,low_noise,15,28,150015,0.01,0.02,0.0,128,6
1514,low_noise_015,low_noise,15,29,150015,0.01,0.02,0.0,128,6
1515,low_noise_015,low_noise,15,30,150015,0.01,0.02,0.0,128,6
1516,low_noise_015,low_noise,15,31,150015,0.01,0.02,0.0,128,6
1517,low_noise_015,low_noise,15,32,150015,0.01,0.02,0.0,128,6
1518,low_noise_015,low_noise,15,33,150015,0.01,0.02,0.0,128,6
1519,low_noise_015,low_noise,15,34,150015,0.01,0.02,0.0,128,6
1520,low_noise_015,low_noise,15,35,150015,0.01,0.02,0.0,128,6
1521,low_noise_015,low_noise,15,36,150015,0.01,0.02,0.0,128,6
1522,low_noise_015,low_noise,15,37,150015,0.01,0.02,0.0,128,6
1523,low_noise_015,low_noise,15,38,150015,0.01,0.02,0.0,128,6
1524,low_noise_015,low_noise,15,39,150015,0.01,0.02,0.0,128,6
1525,low_noise_015,low_noise,15,40,150015,0.01,0.02,0.0,128,6
1526,low_noise_015,low_noise,15,41,150015,0.01,0.02,0.0,128,6
1527,low_noise_015,low_noise,15,42,150015,0.01,0.02,0.0,128,6
1528,low_noise_015,low_noise,15,43,150015,0.01,0.02,0.0,128,6
1529,low_noise_015,low_noise,15,44,150015,0.01,0.02,0.0,128,6
1530,low_noise_015,low_noise,15,45,150015,0.01,0.02,0.0,128,6
1531,low_noise_015,low_noise,15,46,150015,0.01,0.02,0.0,128,6
1532,low_noise_015,low_noise,15,47,150015,0.01,0.02,0.0,128,6
1533,low_noise_015,low_noise,15,48,150015,0.01,0.02,0.0,128,6
1534,low_noise_015,low_noise,15,49,150015,0.01,0.02,0.0,128,6
1535,low_noise_015,low_noise,15,50,150015,0.01,0.02,0.0,128,6
1536,low_noise_015,low_noise,15,51,150015,0.01,0.02,0.0,128,6
1537,low_noise_015,low_noise,15,52,150015,0.01,0.02,0.0,128,6
1538,low_noise_015,low_noise,15,53,150015,0.01,0.02,0.0,128,6
1539,low_noise_015,low_noise,15,54,150015,0.01,0.02,0.0,128,6
1540,low_noise_015,low_noise,15,55,150015,0.01,0.02,0.0,128,6
1541,low_noise_015,low_noise,15,56,150015,0.01,0.02,0.0,128,6
1542,low_noise_015,low_noise,15,57,150015,0.01,0.02,0.0,128,6
1543,low_noise_015,low_noise,15,58,150015,0.01,0.02,0.0,128,6
1544,low_noise_015,low_noise,15,59,150015,0.01,0.02,0.0,128,6
1545,low_noise_015,low_noise,15,60,150015,0.01,0.02,0.0,128,6
1546,low_noise_015,low_noise,15,61,150015,0.01,0.02,0.0,128,6
1547,low_noise_015,low_noise,15,62,150015,0.01,0.02,0.0,128,6
1548,low_noise_015,low_noise,15,63,150015,0.01,0.02,0.0,128,6
1549,low_noise_015,low_noise,15,64,150015,0.01,0.02,0.0,128,6
1550,low_noise_015,low_noise,15,65,150015,0.01,0.02,0.0,128,6
1551,low_noise_015,low_noise,15,66,150015,0.01,0.02,0.0,128,6
1552,low_noise_015,low_noise,15,67,150015,0.01,0.02,0.0,128,6
1553,low_noise_015,low_noise,15,68,150015,0.01,0.02,0.0,128,6
1554,low_noise_015,low_noise,15,69,150015,0.01,0.02,0.0,128,6
1555,low_noise_015,low_noise,15,70,150015,0.01,0.02,0.0,128,6
1556,low_noise_015,low_noise,15,71,150015,0.01,0.02,0.0,128,6
1557,low_noise_015,low_noise,15,72,150015,0.01,0.02,0.0,128,6
1558,low_noise_015,low_noise,15,73,150015,0.01,0.02,0.0,128,6
1559,low_noise_015,low_noise,15,74,150015,0.01,0.02,0.0,128,6
1560,low_noise_015,low_noise,15,75,150015,0.01,0.02,0.0,128,6
1561,low_noise_015,low_noise,15,76,150015,0.01,0.02,0.0,128,6
1562,low_noise_015,low_noise,15,77,150015,0.01,0.02,0.0,128,6
1563,low_noise_015,low_noise,15,78,150015,0.01,0.02,0.0,128,6
1564,low_noise_015,low_noise,15,79,150015,0.01,0.02,0.0,128,6
1565,low_noise_015,low_noise,15,80,150015,0.01,0.02,0.0,128,6
1566,low_noise_015,low_noise,15,81,150015,0.01,0.02,0.0,128,6
1567,low_noise_015,low_noise,15,82,150015,0.01,0.02,0.0,128,6
1568,low_noise_015,low_noise,15,83,150015,0.01,0.02,0.0,128,6
1569,low_noise_015,low_noise,15,84,150015,0.01,0.02,0.0,128,6
1570,low_noise_015,low_noise,15,85,150015,0.01,0.02,0.0,128,6
1571,low_noise_015,low_noise,15,86,150015,0.01,0.02,0.0,128,6
1572,low_noise_015,low_noise,15,87,150015,0.01,0.02,0.0,128,6
1573,low_noise_015,low_noise,15,88,150015,0.01,0.02,0.0,128,6
1574,low_noise_015,low_noise,15,89,150015,0.01,0.02,0.0,128,6
1575,low_noise_015,low_noise,15,90,150015,0.01,0.02,0.0,128,6
1576,low_noise_015,low_noise,15,91,150015,0.01,0.02,0.0,128,6
1577,low_noise_015,low_noise,15,92,150015,0.01,0.02,0.0,128,6
1578,low_noise_015,low_noise,15,93,150015,0.01,0.02,0.0,128,6
1579,low_noise_015,low_noise,15,94,150015,0.01,0.02,0.0,128,6
1580,low_noise_015,low_noise,15,95,150015,0.01,0.02,0.0,128,6
1581,low_noise_015,low_noise,15,96,150015,0.01,0.02,0.0,128,6
1582,low_noise_015,low_noise,15,97,150015,0.01,0.02,0.0,128,6
1583,low_noise_015,low_noise,15,98,150015,0.01,0.02,0.0,128,6
1584,low_noise_016,low_noise,16,0,150016,0.01,0.02,0.0,128,6
1585,low_noise_016,low_noise,16,1,150016,0.01,0.02,0.0,128,6
1586,low_noise_016,low_noise,16,2,150016,0.01,0.02,0.0,128,6
1587,low_noise_016,low_noise,16,3,150016,0.01,0.02,0.0,128,6
1588,low_noise_016,low_noise,16,4,150016,0.01,0.02,0.0,128,6
1589,low_noise_016,low_noise,16,5,150016,0.01,0.02,0.0,128,6
1590,low_noise_016,low_noise,16,6,150016,0.01,0.02,0.0,128,6
1591,low_noise_016,low_noise,16,7,150016,0.01,0.02,0.0,128,6
1592,low_noise_016,low_noise,16,8,150016,0.01,0.02,0.0,128,6
1593,low_noise_016,low_noise,16,9,150016,0.01,0.02,0.0,128,6
1594,low_noise_016,low_noise,16,10,150016,0.01,0.02,0.0,128,6
1595,low_noise_016,low_noise,16,11,150016,0.01,0.02,0.0,128,6
1596,low_noise_016,low_noise,16,12,150016,0.01,0.02,0.0,128,6
1597,low_noise_016,low_noise,16,13,150016,0.01,0.02,0.0,128,6
1598,low_noise_016,low_noise,16,14,150016,0.01,0.02,0.0,128,6
1599,low_noise_016,low_noise,16,15,150016,0.01,0.02,0.0,128,6
1600,low_noise_016,low_noise,16,16,150016,0.01,0.02,0.0,128,6
1601,low_noise_016,low_noise,16,17,150016,0.01,0.02,0.0,128,6
1602,low_noise_016,low_noise,16,18,150016,0.01,0.02,0.0,128,6
1603,low_noise_016,low_noise,16,19,150016,0.01,0.02,0.0,128,6
1604,low_noise_016,low_noise,16,20,150016,0.01,0.02,0.0,128,6
1605,low_noise_016,low_noise,16,21,150016,0.01,0.02,0.0,128,6
1606,low_noise_016,low_noise,16,22,150016,0.01,0.02,0.0,128,6
1607,low_noise_016,low_noise,16,23,150016,0.01,0.02,0.0,128,6
1608,low_noise_016,low_noise,16,24,150016,0.01,0.02,0.0,128,6
1609,low_noise_016,low_noise,16,25,150016,0.01,0.02,0.0,128,6
1610,low_noise_016,low_noise,16,26,150016,0.01,0.02,0.0,128,6
1611,low_noise_016,low_noise,16,27,150016,0.01,0.02,0.0,128,6
1612,low_noise_016,low_noise,16,28,150016,0.01,0.02,0.0,128,6
1613,low_noise_016,low_noise,16,29,150016,0.01,0.02,0.0,128,6
1614,low_noise_016,low_noise,16,30,150016,0.01,0.02,0.0,128,6
1615,low_noise_016,low_noise,16,31,150016,0.01,0.02,0.0,128,6
1616,low_noise_016,low_noise,16,32,150016,0.01,0.02,0.0,128,6
1617,low_noise_016,low_noise,16,33,150016,0.01,0.02,0.0,128,6
1618,low_noise_016,low_noise,16,34,150016,0.01,0.02,0.0,128,6
1619,low_noise_016,low_noise,16,35,150016,0.01,0.02,0.0,128,6
1620,low_noise_016,low_noise,16,36,150016,0.01,0.02,0.0,128,6
1621,low_noise_016,low_noise,16,37,150016,0.01,0.02,0.0,128,6
1622,low_noise_016,low_noise,16,38,150016,0.01,0.02,0.0,128,6
1623,low_noise_016,low_noise,16,39,150016,0.01,0.02,0.0,128,6
1624,low_noise_016,low_noise,16,40,150016,0.01,0.02,0.0,128,6
1625,low_noise_016,low_noise,16,41,150016,0.01,0.02,0.0,128,6
1626,low_noise_016,low_noise,16,42,150016,0.01,0.02,0.0,128,6
1627,low_noise_016,low_noise,16,43,150016,0.01,0.02,0.0,128,6
1628,low_noise_016,low_noise,16,44,150016,0.01,0.02,0.0,128,6
1629,low_noise_016,low_noise,16,45,150016,0.01,0.02,0.0,128,6
1630,low_noise_016,low_noise,16,46,150016,0.01,0.02,0.0,128,6
1631,low_noise_016,low_noise,16,47,150016,0.01,0.02,0.0,128,6
1632,low_noise_016,low_noise,16,48,150016,0.01,0.02,0.0,128,6
1633,low_noise_016,low_noise,16,49,150016,0.01,0.02,0.0,128,6
1634,low_noise_016,low_noise,16,50,150016,0.01,0.02,0.0,128,6
1635,low_noise_016,low_noise,16,51,150016,0.01,0.02,0.0,128,6
1636,low_noise_016,low_noise,16,52,150016,0.01,0.02,0.0,128,6
1637,low_noise_016,low_noise,16,53,150016,0.01,0.02,0.0,128,6
1638,low_noise_016,low_noise,16,54,150016,0.01,0.02,0.0,128,6
1639,low_noise_016,low_noise,16,55,150016,0.01,0.02,0.0,128,6
1640,low_noise_016,low_noise,16,56,150016,0.01,0.02,0.0,128,6
1641,low_noise_016,low_noise,16,57,150016,0.01,0.02,0.0,128,6
1642,low_noise_016,low_noise,16,58,150016,0.01,0.02,0.0,128,6
1643,low_noise_016,low_noise,16,59,150016,0.01,0.02,0.0,128,6
1644,low_noise_016,low_noise,16,60,150016,0.01,0.02,0.0,128,6
1645,low_noise_016,low_noise,16,61,150016,0.01,0.02,0.0,128,6
1646,low_noise_016,low_noise,16,62,150016,0.01,0.02,0.0,128,6
1647,low_noise_016,low_noise,16,63,150016,0.01,0.02,0.0,128,6
1648,low_noise_016,low_noise,16,64,150016,0.01,0.02,0.0,128,6
1649,low_noise_016,low_noise,16,65,150016,0.01,0.02,0.0,128,6
1650,low_noise_016,low_noise,16,66,150016,0.01,0.02,0.0,128,6
1651,low_noise_016,low_noise,16,67,150016,0.01,0.02,0.0,128,6
1652,low_noise_016,low_noise,16,68,150016,0.01,0.02,0.0,128,6
1653,low_noise_016,low_noise,16,69,150016,0.01,0.02,0.0,128,6
1654,low_noise_016,low_noise,16,70,150016,0.01,0.02,0.0,128,6
1655,low_noise_016,low_noise,16,71,150016,0.01,0.02,0.0,128,6
1656,low_noise_016,low_noise,16,72,150016,0.01,0.02,0.0,128,6
1657,low_noise_016,low_noise,16,73,150016,0.01,0.02,0.0,128,6
1658,low_noise_016,low_noise,16,74,150016,0.01,0.02,0.0,128,6
1659,low_noise_016,low_noise,16,75,150016,0.01,0.02,0.0,128,6
1660,low_noise_016,low_noise,16,76,150016,0.01,0.02,0.0,128,6
1661,low_noise_016,low_noise,16,77,150016,0.01,0.02,0.0,128,6
1662,low_noise_016,low_noise,16,78,150016,0.01,0.02,0.0,128,6
1663,low_noise_016,low_noise,16,79,150016,0.01,0.02,0.0,128,6
1664,low_noise_016,low_noise,16,80,150016,0.01,0.02,0.0,128,6
1665,low_noise_016,low_noise,16,81,150016,0.01,0.02,0.0,128,6
1666,low_noise_016,low_noise,16,82,150016,0.01,0.02,0.0,128,6
1667,low_noise_016,low_noise,16,83,150016,0.01,0.02,0.0,128,6
1668,low_noise_016,low_noise,16,84,150016,0.01,0.02,0.0,128,6
1669,low_noise_016,low_noise,16,85,150016,0.01,0.02,0.0,128,6
1670,low_noise_016,low_noise,16,86,150016,0.01,0.02,0.0,128,6
1671,low_noise_016,low_noise,16,87,150016,0.01,0.02,0.0,128,6
1672,low_noise_016,low_noise,16,88,150016,0.01,0.02,0.0,128,6
1673,low_noise_016,low_noise,16,89,150016,0.01,0.02,0.0,128,6
1674,low_noise_016,low_noise,16,90,150016,0.01,0.02,0.0,128,6
1675,low_noise_016,low_noise,16,91,150016,0.01,0.02,0.0,128,6
1676,low_noise_016,low_noise,16,92,150016,0.01,0.02,0.0,128,6
1677,low_noise_016,low_noise,16,93,150016,0.01,0.02,0.0,128,6
1678,low_noise_016,low_noise,16,94,150016,0.01,0.02,0.0,128,6
1679,low_noise_016,low_noise,16,95,150016,0.01,0.02,0.0,128,6
1680,low_noise_016,low_noise,16,96,150016,0.01,0.02,0.0,128,6
1681,low_noise_016,low_noise,16,97,150016,0.01,0.02,0.0,128,6
1682,low_noise_016,low_noise,16,98,150016,0.01,0.02,0.0,128,6
1683,low_noise_017,low_noise,17,0,150017,0.01,0.02,0.0,128,6
1684,low_noise_017,low_noise,17,1,150017,0.01,0.02,0.0,128,6
1685,low_noise_017,low_noise,17,2,150017,0.01,0.02,0.0,128,6
1686,low_noise_017,low_noise,17,3,150017,0.01,0.02,0.0,128,6
1687,low_noise_017,low_noise,17,4,150017,0.01,0.02,0.0,128,6
1688,low_noise_017,low_noise,17,5,150017,0.01,0.02,0.0,128,6
1689,low_noise_017,low_noise,17,6,150017,0.01,0.02,0.0,128,6
1690,low_noise_017,low_noise,17,7,150017,0.01,0.02,0.0,128,6
1691,low_noise_017,low_noise,17,8,150017,0.01,0.02,0.0,128,6
1692,low_noise_017,low_noise,17,9,150017,0.01,0.02,0.0,128,6
1693,low_noise_017,low_noise,17,10,150017,0.01,0.02,0.0,128,6
1694,low_noise_017,low_noise,17,11,150017,0.01,0.02,0.0,128,6
1695,low_noise_017,low_noise,17,12,150017,0.01,0.02,0.0,128,6
1696,low_noise_017,low_noise,17,13,150017,0.01,0.02,0.0,128,6
1697,low_noise_017,low_noise,17,14,150017,0.01,0.02,0.0,128,6
1698,low_noise_017,low_noise,17,15,150017,0.01,0.02,0.0,128,6
1699,low_noise_017,low_noise,17,16,150017,0.01,0.02,0.0,128,6
1700,low_noise_017,low_noise,17,17,150017,0.01,0.02,0.0,128,6
1701,low_noise_017,low_noise,17,18,150017,0.01,0.02,0.0,128,6
1702,low_noise_017,low_noise,17,19,150017,0.01,0.02,0.0,128,6
1703,low_noise_017,low_noise,17,20,150017,0.01,0.02,0.0,128,6
1704,low_noise_017,low_noise,17,21,150017,0.01,0.02,0.0,128,6
1705,low_noise_017,low_noise,17,22,150017,0.01,0.02,0.0,128,6
1706,low_noise_017,low_noise,17,23,150017,0.01,0.02,0.0,128,6
1707,low_noise_017,low_noise,17,24,150017,0.01,0.02,0.0,128,6
1708,low_noise_017,low_noise,17,25,150017,0.01,0.02,0.0,128,6
1709,low_noise_017,low_noise,17,26,150017,0.01,0.02,0.0,128,6
1710,low_noise_017,low_noise,17,27,150017,0.01,0.02,0.0,128,6
1711,low_noise_017,low_noise,17,28,150017,0.01,0.02,0.0,128,6
1712,low_noise_017,low_noise,17,29,150017,0.01,0.02,0.0,128,6
1713,low_noise_017,low_noise,17,30,150017,0.01,0.02,0.0,128,6
1714,low_noise_017,low_noise,17,31,150017,0.01,0.02,0.0,128,6
1715,low_noise_017,low_noise,17,32,150017,0.01,0.02,0.0,128,6
1716,low_noise_017,low_noise,17,33,150017,0.01,0.02,0.0,128,6
1717,low_noise_017,low_noise,17,34,150017,0.01,0.02,0.0,128,6
1718,low_noise_017,low_noise,17,35,150017,0.01,0.02,0.0,128,6
1719,low_noise_017,low_noise,17,36,150017,0.01,0.02,0.0,128,6
1720,low_noise_017,low_noise,17,37,150017,0.01,0.02,0.0,128,6
1721,low_noise_017,low_noise,17,38,150017,0.01,0.02,0.0,128,6
1722,low_noise_017,low_noise,17,39,150017,0.01,0.02,0.0,128,6
1723,low_noise_017,low_noise,17,40,150017,0.01,0.02,0.0,128,6
1724,low_noise_017,low_noise,17,41,150017,0.01,0.02,0.0,128,6
1725,low_noise_017,low_noise,17,42,150017,0.01,0.02,0.0,128,6
1726,low_noise_017,low_noise,17,43,150017,0.01,0.02,0.0,128,6
1727,low_noise_017,low_noise,17,44,150017,0.01,0.02,0.0,128,6
1728,low_noise_017,low_noise,17,45,150017,0.01,0.02,0.0,128,6
1729,low_noise_017,low_noise,17,46,150017,0.01,0.02,0.0,128,6
1730,low_noise_017,low_noise,17,47,150017,0.01,0.02,0.0,128,6
1731,low_noise_017,low_noise,17,48,150017,0.01,0.02,0.0,128,6
1732,low_noise_017,low_noise,17,49,150017,0.01,0.02,0.0,128,6
1733,low_noise_017,low_noise,17,50,150017,0.01,0.02,0.0,128,6
1734,low_noise_017,low_noise,17,51,150017,0.01,0.02,0.0,128,6
1735,low_noise_017,low_noise,17,52,150017,0.01,0.02,0.0,128,6
1736,low_noise_017,low_noise,17,53,150017,0.01,0.02,0.0,128,6
1737,low_noise_017,low_noise,17,54,150017,0.01,0.02,0.0,128,6
1738,low_noise_017,low_noise,17,55,150017,0.01,0.02,0.0,128,6
1739,low_noise_017,low_noise,17,56,150017,0.01,0.02,0.0,128,6
1740,low_noise_017,low_noise,17,57,150017,0.01,0.02,0.0,128,6
1741,low_noise_017,low_noise,17,58,150017,0.01,0.02,0.0,128,6
1742,low_noise_017,low_noise,17,59,150017,0.01,0.02,0.0,128,6
1743,low_noise_017,low_noise,17,60,150017,0.01,0.02,0.0,128,6
1744,low_noise_017,low_noise,17,61,150017,0.01,0.02,0.0,128,6
1745,low_noise_017,low_noise,17,62,150017,0.01,0.02,0.0,128,6
1746,low_noise_017,low_noise,17,63,150017,0.01,0.02,0.0,128,6
1747,low_noise_017,low_noise,17,64,150017,0.01,0.02,0.0,128,6
1748,low_noise_017,low_noise,17,65,150017,0.01,0.02,0.0,128,6
1749,low_noise_017,low_noise,17,66,150017,0.01,0.02,0.0,128,6
1750,low_noise_017,low_noise,17,67,150017,0.01,0.02,0.0,128,6
1751,low_noise_017,low_noise,17,68,150017,0.01,0.02,0.0,128,6
1752,low_noise_017,low_noise,17,69,150017,0.01,0.02,0.0,128,6
1753,low_noise_017,low_noise,17,70,150017,0.01,0.02,0.0,128,6
1754,low_noise_017,low_noise,17,71,150017,0.01,0.02,0.0,128,6
1755,low_noise_017,low_noise,17,72,150017,0.01,0.02,0.0,128,6
1756,low_noise_017,low_noise,17,73,150017,0.01,0.02,0.0,128,6
1757,low_noise_017,low_noise,17,74,150017,0.01,0.02,0.0,128,6
1758,low_noise_017,low_noise,17,75,150017,0.01,0.02,0.0,128,6
1759,low_noise_017,low_noise,17,76,150017,0.01,0.02,0.0,128,6
1760,low_noise_017,low_noise,17,77,150017,0.01,0.02,0.0,128,6
1761,low_noise_017,low_noise,17,78,150017,0.01,0.02,0.0,128,6
1762,low_noise_017,low_noise,17,79,150017,0.01,0.02,0.0,128,6
1763,low_noise_017,low_noise,17,80,150017,0.01,0.02,0.0,128,6
1764,low_noise_017,low_noise,17,81,150017,0.01,0.02,0.0,128,6
1765,low_noise_017,low_noise,17,82,150017,0.01,0.02,0.0,128,6
1766,low_noise_017,low_noise,17,83,150017,0.01,0.02,0.0,128,6
1767,low_noise_017,low_noise,17,84,150017,0.01,0.02,0.0,128,6
1768,low_noise_017,low_noise,17,85,150017,0.01,0.02,0.0,128,6
1769,low_noise_017,low_noise,17,86,150017,0.01,0.02,0.0,128,6
1770,low_noise_017,low_noise,17,87,150017,0.01,0.02,0.0,128,6
1771,low_noise_017,low_noise,17,88,150017,0.01,0.02,0.0,128,6
1772,low_noise_017,low_noise,17,89,150017,0.01,0.02,0.0,128,6
1773,low_noise_017,low_noise,17,90,150017,0.01,0.02,0.0,128,6
1774,low_noise_017,low_noise,17,91,150017,0.01,0.02,0.0,128,6
1775,low_noise_017,low_noise,17,92,150017,0.01,0.02,0.0,128,6
1776,low_noise_017,low_noise,17,93,150017,0.01,0.02,0.0,128,6
1777,low_noise_017,low_noise,17,94,150017,0.01,0.02,0.0,128,6
1778,low_noise_017,low_noise,17,95,150017,0.01,0.02,0.0,128,6
1779,low_noise_017,low_noise,17,96,150017,0.01,0.02,0.0,128,6
1780,low_noise_017,low_noise,17,97,150017,0.01,0.02,0.0,128,6
1781,low_noise_017,low_noise,17,98,150017,0.01,0.02,0.0,128,6
1782,low_noise_018,low_noise,18,0,150018,0.01,0.02,0.0,128,6
1783,low_noise_018,low_noise,18,1,150018,0.01,0.02,0.0,128,6
1784,low_noise_018,low_noise,18,2,150018,0.01,0.02,0.0,128,6
1785,low_noise_018,low_noise,18,3,150018,0.01,0.02,0.0,128,6
1786,low_noise_018,low_noise,18,4,150018,0.01,0.02,0.0,128,6
1787,low_noise_018,low_noise,18,5,150018,0.01,0.02,0.0,128,6
1788,low_noise_018,low_noise,18,6,150018,0.01,0.02,0.0,128,6
1789,low_noise_018,low_noise,18,7,150018,0.01,0.02,0.0,128,6
1790,low_noise_018,low_noise,18,8,150018,0.01,0.02,0.0,128,6
1791,low_noise_018,low_noise,18,9,150018,0.01,0.02,0.0,128,6
1792,low_noise_018,low_noise,18,10,150018,0.01,0.02,0.0,128,6
1793,low_noise_018,low_noise,18,11,150018,0.01,0.02,0.0,128,6
1794,low_noise_018,low_noise,18,12,150018,0.01,0.02,0.0,128,6
1795,low_noise_018,low_noise,18,13,150018,0.01,0.02,0.0,128,6
1796,low_noise_018,low_noise,18,14,150018,0.01,0.02,0.0,128,6
1797,low_noise_018,low_noise,18,15,150018,0.01,0.02,0.0,128,6
1798,low_noise_018,low_noise,18,16,150018,0.01,0.02,0.0,128,6
1799,low_noise_018,low_noise,18,17,150018,0.01,0.02,0.0,128,6
1800,low_noise_018,low_noise,18,18,150018,0.01,0.02,0.0,128,6
1801,low_noise_018,low_noise,18,19,150018,0.01,0.02,0.0,128,6
1802,low_noise_018,low_noise,18,20,150018,0.01,0.02,0.0,128,6
1803,low_noise_018,low_noise,18,21,150018,0.01,0.02,0.0,128,6
1804,low_noise_018,low_noise,18,22,150018,0.01,0.02,0.0,128,6
1805,low_noise_018,low_noise,18,23,150018,0.01,0.02,0.0,128,6
1806,low_noise_018,low_noise,18,24,150018,0.01,0.02,0.0,128,6
1807,low_noise_018,low_noise,18,25,150018,0.01,0.02,0.0,128,6
1808,low_noise_018,low_noise,18,26,150018,0.01,0.02,0.0,128,6
1809,low_noise_018,low_noise,18,27,150018,0.01,0.02,0.0,128,6
1810,low_noise_018,low_noise,18,28,150018,0.01,0.02,0.0,128,6
1811,low_noise_018,low_noise,18,29,150018,0.01,0.02,0.0,128,6
1812,low_noise_018,low_noise,18,30,150018,0.01,0.02,0.0,128,6
1813,low_noise_018,low_noise,18,31,150018,0.01,0.02,0.0,128,6
1814,low_noise_018,low_noise,18,32,150018,0.01,0.02,0.0,128,6
1815,low_noise_018,low_noise,18,33,150018,0.01,0.02,0.0,128,6
1816,low_noise_018,low_noise,18,34,150018,0.01,0.02,0.0,128,6
1817,low_noise_018,low_noise,18,35,150018,0.01,0.02,0.0,128,6
1818,low_noise_018,low_noise,18,36,150018,0.01,0.02,0.0,128,6
1819,low_noise_018,low_noise,18,37,150018,0.01,0.02,0.0,128,6
1820,low_noise_018,low_noise,18,38,150018,0.01,0.02,0.0,128,6
1821,low_noise_018,low_noise,18,39,150018,0.01,0.02,0.0,128,6
1822,low_noise_018,low_noise,18,40,150018,0.01,0.02,0.0,128,6
1823,low_noise_018,low_noise,18,41,150018,0.01,0.02,0.0,128,6
1824,low_noise_018,low_noise,18,42,150018,0.01,0.02,0.0,128,6
1825,low_noise_018,low_noise,18,43,150018,0.01,0.02,0.0,128,6
1826,low_noise_018,low_noise,18,44,150018,0.01,0.02,0.0,128,6
1827,low_noise_018,low_noise,18,45,150018,0.01,0.02,0.0,128,6
1828,low_noise_018,low_noise,18,46,150018,0.01,0.02,0.0,128,6
1829,low_noise_018,low_noise,18,47,150018,0.01,0.02,0.0,128,6
1830,low_noise_018,low_noise,18,48,150018,0.01,0.02,0.0,128,6
1831,low_noise_018,low_noise,18,49,150018,0.01,0.02,0.0,128,6
1832,low_noise_018,low_noise,18,50,150018,0.01,0.02,0.0,128,6
1833,low_noise_018,low_noise,18,51,150018,0.01,0.02,0.0,128,6
1834,low_noise_018,low_noise,18,52,150018,0.01,0.02,0.0,128,6
1835,low_noise_018,low_noise,18,53,150018,0.01,0.02,0.0,128,6
1836,low_noise_018,low_noise,18,54,150018,0.01,0.02,0.0,128,6
1837,low_noise_018,low_noise,18,55,150018,0.01,0.02,0.0,128,6
1838,low_noise_018,low_noise,18,56,150018,0.01,0.02,0.0,128,6
1839,low_noise_018,low_noise,18,57,150018,0.01,0.02,0.0,128,6
1840,low_noise_018,low_noise,18,58,150018,0.01,0.02,0.0,128,6
1841,low_noise_018,low_noise,18,59,150018,0.01,0.02,0.0,128,6
1842,low_noise_018,low_noise,18,60,150018,0.01,0.02,0.0,128,6
1843,low_noise_018,low_noise,18,61,150018,0.01,0.02,0.0,128,6
1844,low_noise_018,low_noise,18,62,150018,0.01,0.02,0.0,128,6
1845,low_noise_018,low_noise,18,63,150018,0.01,0.02,0.0,128,6
1846,low_noise_018,low_noise,18,64,150018,0.01,0.02,0.0,128,6
1847,low_noise_018,low_noise,18,65,150018,0.01,0.02,0.0,128,6
1848,low_noise_018,low_noise,18,66,150018,0.01,0.02,0.0,128,6
1849,low_noise_018,low_noise,18,67,150018,0.01,0.02,0.0,128,6
1850,low_noise_018,low_noise,18,68,150018,0.01,0.02,0.0,128,6
1851,low_noise_018,low_noise,18,69,150018,0.01,0.02,0.0,128,6
1852,low_noise_018,low_noise,18,70,150018,0.01,0.02,0.0,128,6
1853,low_noise_018,low_noise,18,71,150018,0.01,0.02,0.0,128,6
1854,low_noise_018,low_noise,18,72,150018,0.01,0.02,0.0,128,6
1855,low_noise_018,low_noise,18,73,150018,0.01,0.02,0.0,128,6
1856,low_noise_018,low_noise,18,74,150018,0.01,0.02,0.0,128,6
1857,low_noise_018,low_noise,18,75,150018,0.01,0.02,0.0,128,6
1858,low_noise_018,low_noise,18,76,150018,0.01,0.02,0.0,128,6
1859,low_noise_018,low_noise,18,77,150018,0.01,0.02,0.0,128,6
1860,low_noise_018,low_noise,18,78,150018,0.01,0.02,0.0,128,6
1861,low_noise_018,low_noise,18,79,150018,0.01,0.02,0.0,128,6
1862,low_noise_018,low_noise,18,80,150018,0.01,0.02,0.0,128,6
1863,low_noise_018,low_noise,18,81,150018,0.01,0.02,0.0,128,6
1864,low_noise_018,low_noise,18,82,150018,0.01,0.02,0.0,128,6
1865,low_noise_018,low_noise,18,83,150018,0.01,0.02,0.0,128,6
1866,low_noise_018,low_noise,18,84,150018,0.01,0.02,0.0,128,6
1867,low_noise_018,low_noise,18,85,150018,0.01,0.02,0.0,128,6
1868,low_noise_018,low_noise,18,86,150018,0.01,0.02,0.0,128,6
1869,low_noise_018,low_noise,18,87,150018,0.01,0.02,0.0,128,6
1870,low_noise_018,low_noise,18,88,150018,0.01,0.02,0.0,128,6
1871,low_noise_018,low_noise,18,89,150018,0.01,0.02,0.0,128,6
1872,low_noise_018,low_noise,18,90,150018,0.01,0.02,0.0,128,6
1873,low_noise_018,low_noise,18,91,150018,0.01,0.02,0.0,128,6
1874,low_noise_018,low_noise,18,92,150018,0.01,0.02,0.0,128,6
1875,low_noise_018,low_noise,18,93,150018,0.01,0.02,0.0,128,6
1876,low_noise_018,low_noise,18,94,150018,0.01,0.02,0.0,128,6
1877,low_noise_018,low_noise,18,95,150018,0.01,0.02,0.0,128,6
1878,low_noise_018,low_noise,18,96,150018,0.01,0.02,0.0,128,6
1879,low_noise_018,low_noise,18,97,150018,0.01,0.02,0.0,128,6
1880,low_noise_018,low_noise,18,98,150018,0.01,0.02,0.0,128,6
1881,low_noise_019,low_noise,19,0,150019,0.01,0.02,0.0,128,6
1882,low_noise_019,low_noise,19,1,150019,0.01,0.02,0.0,128,6
1883,low_noise_019,low_noise,19,2,150019,0.01,0.02,0.0,128,6
1884,low_noise_019,low_noise,19,3,150019,0.01,0.02,0.0,128,6
1885,low_noise_019,low_noise,19,4,150019,0.01,0.02,0.0,128,6
1886,low_noise_019,low_noise,19,5,150019,0.01,0.02,0.0,128,6
1887,low_noise_019,low_noise,19,6,150019,0.01,0.02,0.0,128,6
1888,low_noise_019,low_noise,19,7,150019,0.01,0.02,0.0,128,6
1889,low_noise_019,low_noise,19,8,150019,0.01,0.02,0.0,128,6
1890,low_noise_019,low_noise,19,9,150019,0.01,0.02,0.0,128,6
1891,low_noise_019,low_noise,19,10,150019,0.01,0.02,0.0,128,6
1892,low_noise_019,low_noise,19,11,150019,0.01,0.02,0.0,128,6
1893,low_noise_019,low_noise,19,12,150019,0.01,0.02,0.0,128,6
1894,low_noise_019,low_noise,19,13,150019,0.01,0.02,0.0,128,6
1895,low_noise_019,low_noise,19,14,150019,0.01,0.02,0.0,128,6
1896,low_noise_019,low_noise,19,15,150019,0.01,0.02,0.0,128,6
1897,low_noise_019,low_noise,19,16,150019,0.01,0.02,0.0,128,6
1898,low_noise_019,low_noise,19,17,150019,0.01,0.02,0.0,128,6
1899,low_noise_019,low_noise,19,18,150019,0.01,0.02,0.0,128,6
1900,low_noise_019,low_noise,19,19,150019,0.01,0.02,0.0,128,6
1901,low_noise_019,low_noise,19,20,150019,0.01,0.02,0.0,128,6
1902,low_noise_019,low_noise,19,21,150019,0.01,0.02,0.0,128,6
1903,low_noise_019,low_noise,19,22,150019,0.01,0.02,0.0,128,6
1904,low_noise_019,low_noise,19,23,150019,0.01,0.02,0.0,128,6
1905,low_noise_019,low_noise,19,24,150019,0.01,0.02,0.0,128,6
1906,low_noise_019,low_noise,19,25,150019,0.01,0.02,0.0,128,6
1907,low_noise_019,low_noise,19,26,150019,0.01,0.02,0.0,128,6
1908,low_noise_019,low_noise,19,27,150019,0.01,0.02,0.0,128,6
1909,low_noise_019,low_noise,19,28,150019,0.01,0.02,0.0,128,6
1910,low_noise_019,low_noise,19,29,150019,0.01,0.02,0.0,128,6
1911,low_noise_019,low_noise,19,30,150019,0.01,0.02,0.0,128,6
1912,low_noise_019,low_noise,19,31,150019,0.01,0.02,0.0,128,6
1913,low_noise_019,low_noise,19,32,150019,0.01,0.02,0.0,128,6
1914,low_noise_019,low_noise,19,33,150019,0.01,0.02,0.0,128,6
1915,low_noise_019,low_noise,19,34,150019,0.01,0.02,0.0,128,6
1916,low_noise_019,low_noise,19,35,150019,0.01,0.02,0.0,128,6
1917,low_noise_019,low_noise,19,36,150019,0.01,0.02,0.0,128,6
1918,low_noise_019,low_noise,19,37,150019,0.01,0.02,0.0,128,6
1919,low_noise_019,low_noise,19,38,150019,0.01,0.02,0.0,128,6
1920,low_noise_019,low_noise,19,39,150019,0.01,0.02,0.0,128,6
1921,low_noise_019,low_noise,19,40,150019,0.01,0.02,0.0,128,6
1922,low_noise_019,low_noise,19,41,150019,0.01,0.02,0.0,128,6
1923,low_noise_019,low_noise,19,42,150019,0.01,0.02,0.0,128,6
1924,low_noise_019,low_noise,19,43,150019,0.01,0.02,0.0,128,6
1925,low_noise_019,low_noise,19,44,150019,0.01,0.02,0.0,128,6
1926,low_noise_019,low_noise,19,45,150019,0.01,0.02,0.0,128,6
1927,low_noise_019,low_noise,19,46,150019,0.01,0.02,0.0,128,6
1928,low_noise_019,low_noise,19,47,150019,0.01,0.02,0.0,128,6
1929,low_noise_019,low_noise,19,48,150019,0.01,0.02,0.0,128,6
1930,low_noise_019,low_noise,19,49,150019,0.01,0.02,0.0,128,6
1931,low_noise_019,low_noise,19,50,150019,0.01,0.02,0.0,128,6
1932,low_noise_019,low_noise,19,51,150019,0.01,0.02,0.0,128,6
1933,low_noise_019,low_noise,19,52,150019,0.01,0.02,0.0,128,6
1934,low_noise_019,low_noise,19,53,150019,0.01,0.02,0.0,128,6
1935,low_noise_019,low_noise,19,54,150019,0.01,0.02,0.0,128,6
1936,low_noise_019,low_noise,19,55,150019,0.01,0.02,0.0,128,6
1937,low_noise_019,low_noise,19,56,150019,0.01,0.02,0.0,128,6
1938,low_noise_019,low_noise,19,57,150019,0.01,0.02,0.0,128,6
1939,low_noise_019,low_noise,19,58,150019,0.01,0.02,0.0,128,6
1940,low_noise_019,low_noise,19,59,150019,0.01,0.02,0.0,128,6
1941,low_noise_019,low_noise,19,60,150019,0.01,0.02,0.0,128,6
1942,low_noise_019,low_noise,19,61,150019,0.01,0.02,0.0,128,6
1943,low_noise_019,low_noise,19,62,150019,0.01,0.02,0.0,128,6
1944,low_noise_019,low_noise,19,63,150019,0.01,0.02,0.0,128,6
1945,low_noise_019,low_noise,19,64,150019,0.01,0.02,0.0,128,6
1946,low_noise_019,low_noise,19,65,150019,0.01,0.02,0.0,128,6
1947,low_noise_019,low_noise,19,66,150019,0.01,0.02,0.0,128,6
1948,low_noise_019,low_noise,19,67,150019,0.01,0.02,0.0,128,6
1949,low_noise_019,low_noise,19,68,150019,0.01,0.02,0.0,128,6
1950,low_noise_019,low_noise,19,69,150019,0.01,0.02,0.0,128,6
1951,low_noise_019,low_noise,19,70,150019,0.01,0.02,0.0,128,6
1952,low_noise_019,low_noise,19,71,150019,0.01,0.02,0.0,128,6
1953,low_noise_019,low_noise,19,72,150019,0.01,0.02,0.0,128,6
1954,low_noise_019,low_noise,19,73,150019,0.01,0.02,0.0,128,6
1955,low_noise_019,low_noise,19,74,150019,0.01,0.02,0.0,128,6
1956,low_noise_019,low_noise,19,75,150019,0.01,0.02,0.0,128,6
1957,low_noise_019,low_noise,19,76,150019,0.01,0.02,0.0,128,6
1958,low_noise_019,low_noise,19,77,150019,0.01,0.02,0.0,128,6
1959,low_noise_019,low_noise,19,78,150019,0.01,0.02,0.0,128,6
1960,low_noise_019,low_noise,19,79,150019,0.01,0.02,0.0,128,6
1961,low_noise_019,low_noise,19,80,150019,0.01,0.02,0.0,128,6
1962,low_noise_019,low_noise,19,81,150019,0.01,0.02,0.0,128,6
1963,low_noise_019,low_noise,19,82,150019,0.01,0.02,0.0,128,6
1964,low_noise_019,low_noise,19,83,150019,0.01,0.02,0.0,128,6
1965,low_noise_019,low_noise,19,84,150019,0.01,0.02,0.0,128,6
1966,low_noise_019,low_noise,19,85,150019,0.01,0.02,0.0,128,6
1967,low_noise_019,low_noise,19,86,150019,0.01,0.02,0.0,128,6
1968,low_noise_019,low_noise,19,87,150019,0.01,0.02,0.0,128,6
1969,low_noise_019,low_noise,19,88,150019,0.01,0.02,0.0,128,6
1970,low_noise_019,low_noise,19,89,150019,0.01,0.02,0.0,128,6
1971,low_noise_019,low_noise,19,90,150019,0.01,0.02,0.0,128,6
1972,low_noise_019,low_noise,19,91,150019,0.01,0.02,0.0,128,6
1973,low_noise_019,low_noise,19,92,150019,0.01,0.02,0.0,128,6
1974,low_noise_019,low_noise,19,93,150019,0.01,0.02,0.0,128,6
1975,low_noise_019,low_noise,19,94,150019,0.01,0.02,0.0,128,6
1976,low_noise_019,low_noise,19,95,150019,0.01,0.02,0.0,128,6
1977,low_noise_019,low_noise,19,96,150019,0.01,0.02,0.0,128,6
1978,low_noise_019,low_noise,19,97,150019,0.01,0.02,0.0,128,6
1979,low_noise_019,low_noise,19,98,150019,0.01,0.02,0.0,128,6
1980,stochastic_000,stochastic,0,0,150020,0.05,0.45,0.0,128,6
1981,stochastic_000,stochastic,0,1,150020,0.05,0.45,0.0,128,6
1982,stochastic_000,stochastic,0,2,150020,0.05,0.45,0.0,128,6
1983,stochastic_000,stochastic,0,3,150020,0.05,0.45,0.0,128,6
1984,stochastic_000,stochastic,0,4,150020,0.05,0.45,0.0,128,6
1985,stochastic_000,stochastic,0,5,150020,0.05,0.45,0.0,128,6
1986,stochastic_000,stochastic,0,6,150020,0.05,0.45,0.0,128,6
1987,stochastic_000,stochastic,0,7,150020,0.05,0.45,0.0,128,6
1988,stochastic_000,stochastic,0,8,150020,0.05,0.45,0.0,128,6
1989,stochastic_000,stochastic,0,9,150020,0.05,0.45,0.0,128,6
1990,stochastic_000,stochastic,0,10,150020,0.05,0.45,0.0,128,6
1991,stochastic_000,stochastic,0,11,150020,0.05,0.45,0.0,128,6
1992,stochastic_000,stochastic,0,12,150020,0.05,0.45,0.0,128,6
1993,stochastic_000,stochastic,0,13,150020,0.05,0.45,0.0,128,6
1994,stochastic_000,stochastic,0,14,150020,0.05,0.45,0.0,128,6
1995,stochastic_000,stochastic,0,15,150020,0.05,0.45,0.0,128,6
1996,stochastic_000,stochastic,0,16,150020,0.05,0.45,0.0,128,6
1997,stochastic_000,stochastic,0,17,150020,0.05,0.45,0.0,128,6
1998,stochastic_000,stochastic,0,18,150020,0.05,0.45,0.0,128,6
1999,stochastic_000,stochastic,0,19,150020,0.05,0.45,0.0,128,6
2000,stochastic_000,stochastic,0,20,150020,0.05,0.45,0.0,128,6
2001,stochastic_000,stochastic,0,21,150020,0.05,0.45,0.0,128,6
2002,stochastic_000,stochastic,0,22,150020,0.05,0.45,0.0,128,6
2003,stochastic_000,stochastic,0,23,150020,0.05,0.45,0.0,128,6
2004,stochastic_000,stochastic,0,24,150020,0.05,0.45,0.0,128,6
2005,stochastic_000,stochastic,0,25,150020,0.05,0.45,0.0,128,6
2006,stochastic_000,stochastic,0,26,150020,0.05,0.45,0.0,128,6
2007,stochastic_000,stochastic,0,27,150020,0.05,0.45,0.0,128,6
2008,stochastic_000,stochastic,0,28,150020,0.05,0.45,0.0,128,6
2009,stochastic_000,stochastic,0,29,150020,0.05,0.45,0.0,128,6
2010,stochastic_000,stochastic,0,30,150020,0.05,0.45,0.0,128,6
2011,stochastic_000,stochastic,0,31,150020,0.05,0.45,0.0,128,6
2012,stochastic_000,stochastic,0,32,150020,0.05,0.45,0.0,128,6
2013,stochastic_000,stochastic,0,33,150020,0.05,0.45,0.0,128,6
2014,stochastic_000,stochastic,0,34,150020,0.05,0.45,0.0,128,6
2015,stochastic_000,stochastic,0,35,150020,0.05,0.45,0.0,128,6
2016,stochastic_000,stochastic,0,36,150020,0.05,0.45,0.0,128,6
2017,stochastic_000,stochastic,0,37,150020,0.05,0.45,0.0,128,6
2018,stochastic_000,stochastic,0,38,150020,0.05,0.45,0.0,128,6
2019,stochastic_000,stochastic,0,39,150020,0.05,0.45,0.0,128,6
2020,stochastic_000,stochastic,0,40,150020,0.05,0.45,0.0,128,6
2021,stochastic_000,stochastic,0,41,150020,0.05,0.45,0.0,128,6
2022,stochastic_000,stochastic,0,42,150020,0.05,0.45,0.0,128,6
2023,stochastic_000,stochastic,0,43,150020,0.05,0.45,0.0,128,6
2024,stochastic_000,stochastic,0,44,150020,0.05,0.45,0.0,128,6
2025,stochastic_000,stochastic,0,45,150020,0.05,0.45,0.0,128,6
2026,stochastic_000,stochastic,0,46,150020,0.05,0.45,0.0,128,6
2027,stochastic_000,stochastic,0,47,150020,0.05,0.45,0.0,128,6
2028,stochastic_000,stochastic,0,48,150020,0.05,0.45,0.0,128,6
2029,stochastic_000,stochastic,0,49,150020,0.05,0.45,0.0,128,6
2030,stochastic_000,stochastic,0,50,150020,0.05,0.45,0.0,128,6
2031,stochastic_000,stochastic,0,51,150020,0.05,0.45,0.0,128,6
2032,stochastic_000,stochastic,0,52,150020,0.05,0.45,0.0,128,6
2033,stochastic_000,stochastic,0,53,150020,0.05,0.45,0.0,128,6
2034,stochastic_000,stochastic,0,54,150020,0.05,0.45,0.0,128,6
2035,stochastic_000,stochastic,0,55,150020,0.05,0.45,0.0,128,6
2036,stochastic_000,stochastic,0,56,150020,0.05,0.45,0.0,128,6
2037,stochastic_000,stochastic,0,57,150020,0.05,0.45,0.0,128,6
2038,stochastic_000,stochastic,0,58,150020,0.05,0.45,0.0,128,6
2039,stochastic_000,stochastic,0,59,150020,0.05,0.45,0.0,128,6
2040,stochastic_000,stochastic,0,60,150020,0.05,0.45,0.0,128,6
2041,stochastic_000,stochastic,0,61,150020,0.05,0.45,0.0,128,6
2042,stochastic_000,stochastic,0,62,150020,0.05,0.45,0.0,128,6
2043,stochastic_000,stochastic,0,63,150020,0.05,0.45,0.0,128,6
2044,stochastic_000,stochastic,0,64,150020,0.05,0.45,0.0,128,6
2045,stochastic_000,stochastic,0,65,150020,0.05,0.45,0.0,128,6
2046,stochastic_000,stochastic,0,66,150020,0.05,0.45,0.0,128,6
2047,stochastic_000,stochastic,0,67,150020,0.05,0.45,0.0,128,6
2048,stochastic_000,stochastic,0,68,150020,0.05,0.45,0.0,128,6
2049,stochastic_000,stochastic,0,69,150020,0.05,0.45,0.0,128,6
2050,stochastic_000,stochastic,0,70,150020,0.05,0.45,0.0,128,6
2051,stochastic_000,stochastic,0,71,150020,0.05,0.45,0.0,128,6
2052,stochastic_000,stochastic,0,72,150020,0.05,0.45,0.0,128,6
2053,stochastic_000,stochastic,0,73,150020,0.05,0.45,0.0,128,6
2054,stochastic_000,stochastic,0,74,150020,0.05,0.45,0.0,128,6
2055,stochastic_000,stochastic,0,75,150020,0.05,0.45,0.0,128,6
2056,stochastic_000,stochastic,0,76,150020,0.05,0.45,0.0,128,6
2057,stochastic_000,stochastic,0,77,150020,0.05,0.45,0.0,128,6
2058,stochastic_000,stochastic,0,78,150020,0.05,0.45,0.0,128,6
2059,stochastic_000,stochastic,0,79,150020,0.05,0.45,0.0,128,6
2060,stochastic_000,stochastic,0,80,150020,0.05,0.45,0.0,128,6
2061,stochastic_000,stochastic,0,81,150020,0.05,0.45,0.0,128,6
2062,stochastic_000,stochastic,0,82,150020,0.05,0.45,0.0,128,6
2063,stochastic_000,stochastic,0,83,150020,0.05,0.45,0.0,128,6
2064,stochastic_000,stochastic,0,84,150020,0.05,0.45,0.0,128,6
2065,stochastic_000,stochastic,0,85,150020,0.05,0.45,0.0,128,6
2066,stochastic_000,stochastic,0,86,150020,0.05,0.45,0.0,128,6
2067,stochastic_000,stochastic,0,87,150020,0.05,0.45,0.0,128,6
2068,stochastic_000,stochastic,0,88,150020,0.05,0.45,0.0,128,6
2069,stochastic_000,stochastic,0,89,150020,0.05,0.45,0.0,128,6
2070,stochastic_000,stochastic,0,90,150020,0.05,0.45,0.0,128,6
2071,stochastic_000,stochastic,0,91,150020,0.05,0.45,0.0,128,6
2072,stochastic_000,stochastic,0,92,150020,0.05,0.45,0.0,128,6
2073,stochastic_000,stochastic,0,93,150020,0.05,0.45,0.0,128,6
2074,stochastic_000,stochastic,0,94,150020,0.05,0.45,0.0,128,6
2075,stochastic_000,stochastic,0,95,150020,0.05,0.45,0.0,128,6
2076,stochastic_000,stochastic,0,96,150020,0.05,0.45,0.0,128,6
2077,stochastic_000,stochastic,0,97,150020,0.05,0.45,0.0,128,6
2078,stochastic_000,stochastic,0,98,150020,0.05,0.45,0.0,128,6
2079,stochastic_001,stochastic,1,0,150021,0.05,0.45,0.0,128,6
2080,stochastic_001,stochastic,1,1,150021,0.05,0.45,0.0,128,6
2081,stochastic_001,stochastic,1,2,150021,0.05,0.45,0.0,128,6
2082,stochastic_001,stochastic,1,3,150021,0.05,0.45,0.0,128,6
2083,stochastic_001,stochastic,1,4,150021,0.05,0.45,0.0,128,6
2084,stochastic_001,stochastic,1,5,150021,0.05,0.45,0.0,128,6
2085,stochastic_001,stochastic,1,6,150021,0.05,0.45,0.0,128,6
2086,stochastic_001,stochastic,1,7,150021,0.05,0.45,0.0,128,6
2087,stochastic_001,stochastic,1,8,150021,0.05,0.45,0.0,128,6
2088,stochastic_001,stochastic,1,9,150021,0.05,0.45,0.0,128,6
2089,stochastic_001,stochastic,1,10,150021,0.05,0.45,0.0,128,6
2090,stochastic_001,stochastic,1,11,150021,0.05,0.45,0.0,128,6
2091,stochastic_001,stochastic,1,12,150021,0.05,0.45,0.0,128,6
2092,stochastic_001,stochastic,1,13,150021,0.05,0.45,0.0,128,6
2093,stochastic_001,stochastic,1,14,150021,0.05,0.45,0.0,128,6
2094,stochastic_001,stochastic,1,15,150021,0.05,0.45,0.0,128,6
2095,stochastic_001,stochastic,1,16,150021,0.05,0.45,0.0,128,6
2096,stochastic_001,stochastic,1,17,150021,0.05,0.45,0.0,128,6
2097,stochastic_001,stochastic,1,18,150021,0.05,0.45,0.0,128,6
2098,stochastic_001,stochastic,1,19,150021,0.05,0.45,0.0,128,6
2099,stochastic_001,stochastic,1,20,150021,0.05,0.45,0.0,128,6
2100,stochastic_001,stochastic,1,21,150021,0.05,0.45,0.0,128,6
2101,stochastic_001,stochastic,1,22,150021,0.05,0.45,0.0,128,6
2102,stochastic_001,stochastic,1,23,150021,0.05,0.45,0.0,128,6
2103,stochastic_001,stochastic,1,24,150021,0.05,0.45,0.0,128,6
2104,stochastic_001,stochastic,1,25,150021,0.05,0.45,0.0,128,6
2105,stochastic_001,stochastic,1,26,150021,0.05,0.45,0.0,128,6
2106,stochastic_001,stochastic,1,27,150021,0.05,0.45,0.0,128,6
2107,stochastic_001,stochastic,1,28,150021,0.05,0.45,0.0,128,6
2108,stochastic_001,stochastic,1,29,150021,0.05,0.45,0.0,128,6
2109,stochastic_001,stochastic,1,30,150021,0.05,0.45,0.0,128,6
2110,stochastic_001,stochastic,1,31,150021,0.05,0.45,0.0,128,6
2111,stochastic_001,stochastic,1,32,150021,0.05,0.45,0.0,128,6
2112,stochastic_001,stochastic,1,33,150021,0.05,0.45,0.0,128,6
2113,stochastic_001,stochastic,1,34,150021,0.05,0.45,0.0,128,6
2114,stochastic_001,stochastic,1,35,150021,0.05,0.45,0.0,128,6
2115,stochastic_001,stochastic,1,36,150021,0.05,0.45,0.0,128,6
2116,stochastic_001,stochastic,1,37,150021,0.05,0.45,0.0,128,6
2117,stochastic_001,stochastic,1,38,150021,0.05,0.45,0.0,128,6
2118,stochastic_001,stochastic,1,39,150021,0.05,0.45,0.0,128,6
2119,stochastic_001,stochastic,1,40,150021,0.05,0.45,0.0,128,6
2120,stochastic_001,stochastic,1,41,150021,0.05,0.45,0.0,128,6
2121,stochastic_001,stochastic,1,42,150021,0.05,0.45,0.0,128,6
2122,stochastic_001,stochastic,1,43,150021,0.05,0.45,0.0,128,6
2123,stochastic_001,stochastic,1,44,150021,0.05,0.45,0.0,128,6
2124,stochastic_001,stochastic,1,45,150021,0.05,0.45,0.0,128,6
2125,stochastic_001,stochastic,1,46,150021,0.05,0.45,0.0,128,6
2126,stochastic_001,stochastic,1,47,150021,0.05,0.45,0.0,128,6
2127,stochastic_001,stochastic,1,48,150021,0.05,0.45,0.0,128,6
2128,stochastic_001,stochastic,1,49,150021,0.05,0.45,0.0,128,6
2129,stochastic_001,stochastic,1,50,150021,0.05,0.45,0.0,128,6
2130,stochastic_001,stochastic,1,51,150021,0.05,0.45,0.0,128,6
2131,stochastic_001,stochastic,1,52,150021,0.05,0.45,0.0,128,6
2132,stochastic_001,stochastic,1,53,150021,0.05,0.45,0.0,128,6
2133,stochastic_001,stochastic,1,54,150021,0.05,0.45,0.0,128,6
2134,stochastic_001,stochastic,1,55,150021,0.05,0.45,0.0,128,6
2135,stochastic_001,stochastic,1,56,150021,0.05,0.45,0.0,128,6
2136,stochastic_001,stochastic,1,57,150021,0.05,0.45,0.0,128,6
2137,stochastic_001,stochastic,1,58,150021,0.05,0.45,0.0,128,6
2138,stochastic_001,stochastic,1,59,150021,0.05,0.45,0.0,128,6
2139,stochastic_001,stochastic,1,60,150021,0.05,0.45,0.0,128,6
2140,stochastic_001,stochastic,1,61,150021,0.05,0.45,0.0,128,6
2141,stochastic_001,stochastic,1,62,150021,0.05,0.45,0.0,128,6
2142,stochastic_001,stochastic,1,63,150021,0.05,0.45,0.0,128,6
2143,stochastic_001,stochastic,1,64,150021,0.05,0.45,0.0,128,6
2144,stochastic_001,stochastic,1,65,150021,0.05,0.45,0.0,128,6
2145,stochastic_001,stochastic,1,66,150021,0.05,0.45,0.0,128,6
2146,stochastic_001,stochastic,1,67,150021,0.05,0.45,0.0,128,6
2147,stochastic_001,stochastic,1,68,150021,0.05,0.45,0.0,128,6
2148,stochastic_001,stochastic,1,69,150021,0.05,0.45,0.0,128,6
2149,stochastic_001,stochastic,1,70,150021,0.05,0.45,0.0,128,6
2150,stochastic_001,stochastic,1,71,150021,0.05,0.45,0.0,128,6
2151,stochastic_001,stochastic,1,72,150021,0.05,0.45,0.0,128,6
2152,stochastic_001,stochastic,1,73,150021,0.05,0.45,0.0,128,6
2153,stochastic_001,stochastic,1,74,150021,0.05,0.45,0.0,128,6
2154,stochastic_001,stochastic,1,75,150021,0.05,0.45,0.0,128,6
2155,stochastic_001,stochastic,1,76,150021,0.05,0.45,0.0,128,6
2156,stochastic_001,stochastic,1,77,150021,0.05,0.45,0.0,128,6
2157,stochastic_001,stochastic,1,78,150021,0.05,0.45,0.0,128,6
2158,stochastic_001,stochastic,1,79,150021,0.05,0.45,0.0,128,6
2159,stochastic_001,stochastic,1,80,150021,0.05,0.45,0.0,128,6
2160,stochastic_001,stochastic,1,81,150021,0.05,0.45,0.0,128,6
2161,stochastic_001,stochastic,1,82,150021,0.05,0.45,0.0,128,6
2162,stochastic_001,stochastic,1,83,150021,0.05,0.45,0.0,128,6
2163,stochastic_001,stochastic,1,84,150021,0.05,0.45,0.0,128,6
2164,stochastic_001,stochastic,1,85,150021,0.05,0.45,0.0,128,6
2165,stochastic_001,stochastic,1,86,150021,0.05,0.45,0.0,128,6
2166,stochastic_001,stochastic,1,87,150021,0.05,0.45,0.0,128,6
2167,stochastic_001,stochastic,1,88,150021,0.05,0.45,0.0,128,6
2168,stochastic_001,stochastic,1,89,150021,0.05,0.45,0.0,128,6
2169,stochastic_001,stochastic,1,90,150021,0.05,0.45,0.0,128,6
2170,stochastic_001,stochastic,1,91,150021,0.05,0.45,0.0,128,6
2171,stochastic_001,stochastic,1,92,150021,0.05,0.45,0.0,128,6
2172,stochastic_001,stochastic,1,93,150021,0.05,0.45,0.0,128,6
2173,stochastic_001,stochastic,1,94,150021,0.05,0.45,0.0,128,6
2174,stochastic_001,stochastic,1,95,150021,0.05,0.45,0.0,128,6
2175,stochastic_001,stochastic,1,96,150021,0.05,0.45,0.0,128,6
2176,stochastic_001,stochastic,1,97,150021,0.05,0.45,0.0,128,6
2177,stochastic_001,stochastic,1,98,150021,0.05,0.45,0.0,128,6
2178,stochastic_002,stochastic,2,0,150022,0.05,0.45,0.0,128,6
2179,stochastic_002,stochastic,2,1,150022,0.05,0.45,0.0,128,6
2180,stochastic_002,stochastic,2,2,150022,0.05,0.45,0.0,128,6
2181,stochastic_002,stochastic,2,3,150022,0.05,0.45,0.0,128,6
2182,stochastic_002,stochastic,2,4,150022,0.05,0.45,0.0,128,6
2183,stochastic_002,stochastic,2,5,150022,0.05,0.45,0.0,128,6
2184,stochastic_002,stochastic,2,6,150022,0.05,0.45,0.0,128,6
2185,stochastic_002,stochastic,2,7,150022,0.05,0.45,0.0,128,6
2186,stochastic_002,stochastic,2,8,150022,0.05,0.45,0.0,128,6
2187,stochastic_002,stochastic,2,9,150022,0.05,0.45,0.0,128,6
2188,stochastic_002,stochastic,2,10,150022,0.05,0.45,0.0,128,6
2189,stochastic_002,stochastic,2,11,150022,0.05,0.45,0.0,128,6
2190,stochastic_002,stochastic,2,12,150022,0.05,0.45,0.0,128,6
2191,stochastic_002,stochastic,2,13,150022,0.05,0.45,0.0,128,6
2192,stochastic_002,stochastic,2,14,150022,0.05,0.45,0.0,128,6
2193,stochastic_002,stochastic,2,15,150022,0.05,0.45,0.0,128,6
2194,stochastic_002,stochastic,2,16,150022,0.05,0.45,0.0,128,6
2195,stochastic_002,stochastic,2,17,150022,0.05,0.45,0.0,128,6
2196,stochastic_002,stochastic,2,18,150022,0.05,0.45,0.0,128,6
2197,stochastic_002,stochastic,2,19,150022,0.05,0.45,0.0,128,6
2198,stochastic_002,stochastic,2,20,150022,0.05,0.45,0.0,128,6
2199,stochastic_002,stochastic,2,21,150022,0.05,0.45,0.0,128,6
2200,stochastic_002,stochastic,2,22,150022,0.05,0.45,0.0,128,6
2201,stochastic_002,stochastic,2,23,150022,0.05,0.45,0.0,128,6
2202,stochastic_002,stochastic,2,24,150022,0.05,0.45,0.0,128,6
2203,stochastic_002,stochastic,2,25,150022,0.05,0.45,0.0,128,6
2204,stochastic_002,stochastic,2,26,150022,0.05,0.45,0.0,128,6
2205,stochastic_002,stochastic,2,27,150022,0.05,0.45,0.0,128,6
2206,stochastic_002,stochastic,2,28,150022,0.05,0.45,0.0,128,6
2207,stochastic_002,stochastic,2,29,150022,0.05,0.45,0.0,128,6
2208,stochastic_002,stochastic,2,30,150022,0.05,0.45,0.0,128,6
2209,stochastic_002,stochastic,2,31,150022,0.05,0.45,0.0,128,6
2210,stochastic_002,stochastic,2,32,150022,0.05,0.45,0.0,128,6
2211,stochastic_002,stochastic,2,33,150022,0.05,0.45,0.0,128,6
2212,stochastic_002,stochastic,2,34,150022,0.05,0.45,0.0,128,6
2213,stochastic_002,stochastic,2,35,150022,0.05,0.45,0.0,128,6
2214,stochastic_002,stochastic,2,36,150022,0.05,0.45,0.0,128,6
2215,stochastic_002,stochastic,2,37,150022,0.05,0.45,0.0,128,6
2216,stochastic_002,stochastic,2,38,150022,0.05,0.45,0.0,128,6
2217,stochastic_002,stochastic,2,39,150022,0.05,0.45,0.0,128,6
2218,stochastic_002,stochastic,2,40,150022,0.05,0.45,0.0,128,6
2219,stochastic_002,stochastic,2,41,150022,0.05,0.45,0.0,128,6
2220,stochastic_002,stochastic,2,42,150022,0.05,0.45,0.0,128,6
2221,stochastic_002,stochastic,2,43,150022,0.05,0.45,0.0,128,6
2222,stochastic_002,stochastic,2,44,150022,0.05,0.45,0.0,128,6
2223,stochastic_002,stochastic,2,45,150022,0.05,0.45,0.0,128,6
2224,stochastic_002,stochastic,2,46,150022,0.05,0.45,0.0,128,6
2225,stochastic_002,stochastic,2,47,150022,0.05,0.45,0.0,128,6
2226,stochastic_002,stochastic,2,48,150022,0.05,0.45,0.0,128,6
2227,stochastic_002,stochastic,2,49,150022,0.05,0.45,0.0,128,6
2228,stochastic_002,stochastic,2,50,150022,0.05,0.45,0.0,128,6
2229,stochastic_002,stochastic,2,51,150022,0.05,0.45,0.0,128,6
2230,stochastic_002,stochastic,2,52,150022,0.05,0.45,0.0,128,6
2231,stochastic_002,stochastic,2,53,150022,0.05,0.45,0.0,128,6
2232,stochastic_002,stochastic,2,54,150022,0.05,0.45,0.0,128,6
2233,stochastic_002,stochastic,2,55,150022,0.05,0.45,0.0,128,6
2234,stochastic_002,stochastic,2,56,150022,0.05,0.45,0.0,128,6
2235,stochastic_002,stochastic,2,57,150022,0.05,0.45,0.0,128,6
2236,stochastic_002,stochastic,2,58,150022,0.05,0.45,0.0,128,6
2237,stochastic_002,stochastic,2,59,150022,0.05,0.45,0.0,128,6
2238,stochastic_002,stochastic,2,60,150022,0.05,0.45,0.0,128,6
2239,stochastic_002,stochastic,2,61,150022,0.05,0.45,0.0,128,6
2240,stochastic_002,stochastic,2,62,150022,0.05,0.45,0.0,128,6
2241,stochastic_002,stochastic,2,63,150022,0.05,0.45,0.0,128,6
2242,stochastic_002,stochastic,2,64,150022,0.05,0.45,0.0,128,6
2243,stochastic_002,stochastic,2,65,150022,0.05,0.45,0.0,128,6
2244,stochastic_002,stochastic,2,66,150022,0.05,0.45,0.0,128,6
2245,stochastic_002,stochastic,2,67,150022,0.05,0.45,0.0,128,6
2246,stochastic_002,stochastic,2,68,150022,0.05,0.45,0.0,128,6
2247,stochastic_002,stochastic,2,69,150022,0.05,0.45,0.0,128,6
2248,stochastic_002,stochastic,2,70,150022,0.05,0.45,0.0,128,6
2249,stochastic_002,stochastic,2,71,150022,0.05,0.45,0.0,128,6
2250,stochastic_002,stochastic,2,72,150022,0.05,0.45,0.0,128,6
2251,stochastic_002,stochastic,2,73,150022,0.05,0.45,0.0,128,6
2252,stochastic_002,stochastic,2,74,150022,0.05,0.45,0.0,128,6
2253,stochastic_002,stochastic,2,75,150022,0.05,0.45,0.0,128,6
2254,stochastic_002,stochastic,2,76,150022,0.05,0.45,0.0,128,6
2255,stochastic_002,stochastic,2,77,150022,0.05,0.45,0.0,128,6
2256,stochastic_002,stochastic,2,78,150022,0.05,0.45,0.0,128,6
2257,stochastic_002,stochastic,2,79,150022,0.05,0.45,0.0,128,6
2258,stochastic_002,stochastic,2,80,150022,0.05,0.45,0.0,128,6
2259,stochastic_002,stochastic,2,81,150022,0.05,0.45,0.0,128,6
2260,stochastic_002,stochastic,2,82,150022,0.05,0.45,0.0,128,6
2261,stochastic_002,stochastic,2,83,150022,0.05,0.45,0.0,128,6
2262,stochastic_002,stochastic,2,84,150022,0.05,0.45,0.0,128,6
2263,stochastic_002,stochastic,2,85,150022,0.05,0.45,0.0,128,6
2264,stochastic_002,stochastic,2,86,150022,0.05,0.45,0.0,128,6
2265,stochastic_002,stochastic,2,87,150022,0.05,0.45,0.0,128,6
2266,stochastic_002,stochastic,2,88,150022,0.05,0.45,0.0,128,6
2267,stochastic_002,stochastic,2,89,150022,0.05,0.45,0.0,128,6
2268,stochastic_002,stochastic,2,90,150022,0.05,0.45,0.0,128,6
2269,stochastic_002,stochastic,2,91,150022,0.05,0.45,0.0,128,6
2270,stochastic_002,stochastic,2,92,150022,0.05,0.45,0.0,128,6
2271,stochastic_002,stochastic,2,93,150022,0.05,0.45,0.0,128,6
2272,stochastic_002,stochastic,2,94,150022,0.05,0.45,0.0,128,6
2273,stochastic_002,stochastic,2,95,150022,0.05,0.45,0.0,128,6
2274,stochastic_002,stochastic,2,96,150022,0.05,0.45,0.0,128,6
2275,stochastic_002,stochastic,2,97,150022,0.05,0.45,0.0,128,6
2276,stochastic_002,stochastic,2,98,150022,0.05,0.45,0.0,128,6
2277,stochastic_003,stochastic,3,0,150023,0.05,0.45,0.0,128,6
2278,stochastic_003,stochastic,3,1,150023,0.05,0.45,0.0,128,6
2279,stochastic_003,stochastic,3,2,150023,0.05,0.45,0.0,128,6
2280,stochastic_003,stochastic,3,3,150023,0.05,0.45,0.0,128,6
2281,stochastic_003,stochastic,3,4,150023,0.05,0.45,0.0,128,6
2282,stochastic_003,stochastic,3,5,150023,0.05,0.45,0.0,128,6
2283,stochastic_003,stochastic,3,6,150023,0.05,0.45,0.0,128,6
2284,stochastic_003,stochastic,3,7,150023,0.05,0.45,0.0,128,6
2285,stochastic_003,stochastic,3,8,150023,0.05,0.45,0.0,128,6
2286,stochastic_003,stochastic,3,9,150023,0.05,0.45,0.0,128,6
2287,stochastic_003,stochastic,3,10,150023,0.05,0.45,0.0,128,6
2288,stochastic_003,stochastic,3,11,150023,0.05,0.45,0.0,128,6
2289,stochastic_003,stochastic,3,12,150023,0.05,0.45,0.0,128,6
2290,stochastic_003,stochastic,3,13,150023,0.05,0.45,0.0,128,6
2291,stochastic_003,stochastic,3,14,150023,0.05,0.45,0.0,128,6
2292,stochastic_003,stochastic,3,15,150023,0.05,0.45,0.0,128,6
2293,stochastic_003,stochastic,3,16,150023,0.05,0.45,0.0,128,6
2294,stochastic_003,stochastic,3,17,150023,0.05,0.45,0.0,128,6
2295,stochastic_003,stochastic,3,18,150023,0.05,0.45,0.0,128,6
2296,stochastic_003,stochastic,3,19,150023,0.05,0.45,0.0,128,6
2297,stochastic_003,stochastic,3,20,150023,0.05,0.45,0.0,128,6
2298,stochastic_003,stochastic,3,21,150023,0.05,0.45,0.0,128,6
2299,stochastic_003,stochastic,3,22,150023,0.05,0.45,0.0,128,6
2300,stochastic_003,stochastic,3,23,150023,0.05,0.45,0.0,128,6
2301,stochastic_003,stochastic,3,24,150023,0.05,0.45,0.0,128,6
2302,stochastic_003,stochastic,3,25,150023,0.05,0.45,0.0,128,6
2303,stochastic_003,stochastic,3,26,150023,0.05,0.45,0.0,128,6
2304,stochastic_003,stochastic,3,27,150023,0.05,0.45,0.0,128,6
2305,stochastic_003,stochastic,3,28,150023,0.05,0.45,0.0,128,6
2306,stochastic_003,stochastic,3,29,150023,0.05,0.45,0.0,128,6
2307,stochastic_003,stochastic,3,30,150023,0.05,0.45,0.0,128,6
2308,stochastic_003,stochastic,3,31,150023,0.05,0.45,0.0,128,6
2309,stochastic_003,stochastic,3,32,150023,0.05,0.45,0.0,128,6
2310,stochastic_003,stochastic,3,33,150023,0.05,0.45,0.0,128,6
2311,stochastic_003,stochastic,3,34,150023,0.05,0.45,0.0,128,6
2312,stochastic_003,stochastic,3,35,150023,0.05,0.45,0.0,128,6
2313,stochastic_003,stochastic,3,36,150023,0.05,0.45,0.0,128,6
2314,stochastic_003,stochastic,3,37,150023,0.05,0.45,0.0,128,6
2315,stochastic_003,stochastic,3,38,150023,0.05,0.45,0.0,128,6
2316,stochastic_003,stochastic,3,39,150023,0.05,0.45,0.0,128,6
2317,stochastic_003,stochastic,3,40,150023,0.05,0.45,0.0,128,6
2318,stochastic_003,stochastic,3,41,150023,0.05,0.45,0.0,128,6
2319,stochastic_003,stochastic,3,42,150023,0.05,0.45,0.0,128,6
2320,stochastic_003,stochastic,3,43,150023,0.05,0.45,0.0,128,6
2321,stochastic_003,stochastic,3,44,150023,0.05,0.45,0.0,128,6
2322,stochastic_003,stochastic,3,45,150023,0.05,0.45,0.0,128,6
2323,stochastic_003,stochastic,3,46,150023,0.05,0.45,0.0,128,6
2324,stochastic_003,stochastic,3,47,150023,0.05,0.45,0.0,128,6
2325,stochastic_003,stochastic,3,48,150023,0.05,0.45,0.0,128,6
2326,stochastic_003,stochastic,3,49,150023,0.05,0.45,0.0,128,6
2327,stochastic_003,stochastic,3,50,150023,0.05,0.45,0.0,128,6
2328,stochastic_003,stochastic,3,51,150023,0.05,0.45,0.0,128,6
2329,stochastic_003,stochastic,3,52,150023,0.05,0.45,0.0,128,6
2330,stochastic_003,stochastic,3,53,150023,0.05,0.45,0.0,128,6
2331,stochastic_003,stochastic,3,54,150023,0.05,0.45,0.0,128,6
2332,stochastic_003,stochastic,3,55,150023,0.05,0.45,0.0,128,6
2333,stochastic_003,stochastic,3,56,150023,0.05,0.45,0.0,128,6
2334,stochastic_003,stochastic,3,57,150023,0.05,0.45,0.0,128,6
2335,stochastic_003,stochastic,3,58,150023,0.05,0.45,0.0,128,6
2336,stochastic_003,stochastic,3,59,150023,0.05,0.45,0.0,128,6
2337,stochastic_003,stochastic,3,60,150023,0.05,0.45,0.0,128,6
2338,stochastic_003,stochastic,3,61,150023,0.05,0.45,0.0,128,6
2339,stochastic_003,stochastic,3,62,150023,0.05,0.45,0.0,128,6
2340,stochastic_003,stochastic,3,63,150023,0.05,0.45,0.0,128,6
2341,stochastic_003,stochastic,3,64,150023,0.05,0.45,0.0,128,6
2342,stochastic_003,stochastic,3,65,150023,0.05,0.45,0.0,128,6
2343,stochastic_003,stochastic,3,66,150023,0.05,0.45,0.0,128,6
2344,stochastic_003,stochastic,3,67,150023,0.05,0.45,0.0,128,6
2345,stochastic_003,stochastic,3,68,150023,0.05,0.45,0.0,128,6
2346,stochastic_003,stochastic,3,69,150023,0.05,0.45,0.0,128,6
2347,stochastic_003,stochastic,3,70,150023,0.05,0.45,0.0,128,6
2348,stochastic_003,stochastic,3,71,150023,0.05,0.45,0.0,128,6
2349,stochastic_003,stochastic,3,72,150023,0.05,0.45,0.0,128,6
2350,stochastic_003,stochastic,3,73,150023,0.05,0.45,0.0,128,6
2351,stochastic_003,stochastic,3,74,150023,0.05,0.45,0.0,128,6
2352,stochastic_003,stochastic,3,75,150023,0.05,0.45,0.0,128,6
2353,stochastic_003,stochastic,3,76,150023,0.05,0.45,0.0,128,6
2354,stochastic_003,stochastic,3,77,150023,0.05,0.45,0.0,128,6
2355,stochastic_003,stochastic,3,78,150023,0.05,0.45,0.0,128,6
2356,stochastic_003,stochastic,3,79,150023,0.05,0.45,0.0,128,6
2357,stochastic_003,stochastic,3,80,150023,0.05,0.45,0.0,128,6
2358,stochastic_003,stochastic,3,81,150023,0.05,0.45,0.0,128,6
2359,stochastic_003,stochastic,3,82,150023,0.05,0.45,0.0,128,6
2360,stochastic_003,stochastic,3,83,150023,0.05,0.45,0.0,128,6
2361,stochastic_003,stochastic,3,84,150023,0.05,0.45,0.0,128,6
2362,stochastic_003,stochastic,3,85,150023,0.05,0.45,0.0,128,6
2363,stochastic_003,stochastic,3,86,150023,0.05,0.45,0.0,128,6
2364,stochastic_003,stochastic,3,87,150023,0.05,0.45,0.0,128,6
2365,stochastic_003,stochastic,3,88,150023,0.05,0.45,0.0,128,6
2366,stochastic_003,stochastic,3,89,150023,0.05,0.45,0.0,128,6
2367,stochastic_003,stochastic,3,90,150023,0.05,0.45,0.0,128,6
2368,stochastic_003,stochastic,3,91,150023,0.05,0.45,0.0,128,6
2369,stochastic_003,stochastic,3,92,150023,0.05,0.45,0.0,128,6
2370,stochastic_003,stochastic,3,93,150023,0.05,0.45,0.0,128,6
2371,stochastic_003,stochastic,3,94,150023,0.05,0.45,0.0,128,6
2372,stochastic_003,stochastic,3,95,150023,0.05,0.45,0.0,128,6
2373,stochastic_003,stochastic,3,96,150023,0.05,0.45,0.0,128,6
2374,stochastic_003,stochastic,3,97,150023,0.05,0.45,0.0,128,6
2375,stochastic_003,stochastic,3,98,150023,0.05,0.45,0.0,128,6
2376,stochastic_004,stochastic,4,0,150024,0.05,0.45,0.0,128,6
2377,stochastic_004,stochastic,4,1,150024,0.05,0.45,0.0,128,6
2378,stochastic_004,stochastic,4,2,150024,0.05,0.45,0.0,128,6
2379,stochastic_004,stochastic,4,3,150024,0.05,0.45,0.0,128,6
2380,stochastic_004,stochastic,4,4,150024,0.05,0.45,0.0,128,6
2381,stochastic_004,stochastic,4,5,150024,0.05,0.45,0.0,128,6
2382,stochastic_004,stochastic,4,6,150024,0.05,0.45,0.0,128,6
2383,stochastic_004,stochastic,4,7,150024,0.05,0.45,0.0,128,6
2384,stochastic_004,stochastic,4,8,150024,0.05,0.45,0.0,128,6
2385,stochastic_004,stochastic,4,9,150024,0.05,0.45,0.0,128,6
2386,stochastic_004,stochastic,4,10,150024,0.05,0.45,0.0,128,6
2387,stochastic_004,stochastic,4,11,150024,0.05,0.45,0.0,128,6
2388,stochastic_004,stochastic,4,12,150024,0.05,0.45,0.0,128,6
2389,stochastic_004,stochastic,4,13,150024,0.05,0.45,0.0,128,6
2390,stochastic_004,stochastic,4,14,150024,0.05,0.45,0.0,128,6
2391,stochastic_004,stochastic,4,15,150024,0.05,0.45,0.0,128,6
2392,stochastic_004,stochastic,4,16,150024,0.05,0.45,0.0,128,6
2393,stochastic_004,stochastic,4,17,150024,0.05,0.45,0.0,128,6
2394,stochastic_004,stochastic,4,18,150024,0.05,0.45,0.0,128,6
2395,stochastic_004,stochastic,4,19,150024,0.05,0.45,0.0,128,6
2396,stochastic_004,stochastic,4,20,150024,0.05,0.45,0.0,128,6
2397,stochastic_004,stochastic,4,21,150024,0.05,0.45,0.0,128,6
2398,stochastic_004,stochastic,4,22,150024,0.05,0.45,0.0,128,6
2399,stochastic_004,stochastic,4,23,150024,0.05,0.45,0.0,128,6
2400,stochastic_004,stochastic,4,24,150024,0.05,0.45,0.0,128,6
2401,stochastic_004,stochastic,4,25,150024,0.05,0.45,0.0,128,6
2402,stochastic_004,stochastic,4,26,150024,0.05,0.45,0.0,128,6
2403,stochastic_004,stochastic,4,27,150024,0.05,0.45,0.0,128,6
2404,stochastic_004,stochastic,4,28,150024,0.05,0.45,0.0,128,6
2405,stochastic_004,stochastic,4,29,150024,0.05,0.45,0.0,128,6
2406,stochastic_004,stochastic,4,30,150024,0.05,0.45,0.0,128,6
2407,stochastic_004,stochastic,4,31,150024,0.05,0.45,0.0,128,6
2408,stochastic_004,stochastic,4,32,150024,0.05,0.45,0.0,128,6
2409,stochastic_004,stochastic,4,33,150024,0.05,0.45,0.0,128,6
2410,stochastic_004,stochastic,4,34,150024,0.05,0.45,0.0,128,6
2411,stochastic_004,stochastic,4,35,150024,0.05,0.45,0.0,128,6
2412,stochastic_004,stochastic,4,36,150024,0.05,0.45,0.0,128,6
2413,stochastic_004,stochastic,4,37,150024,0.05,0.45,0.0,128,6
2414,stochastic_004,stochastic,4,38,150024,0.05,0.45,0.0,128,6
2415,stochastic_004,stochastic,4,39,150024,0.05,0.45,0.0,128,6
2416,stochastic_004,stochastic,4,40,150024,0.05,0.45,0.0,128,6
2417,stochastic_004,stochastic,4,41,150024,0.05,0.45,0.0,128,6
2418,stochastic_004,stochastic,4,42,150024,0.05,0.45,0.0,128,6
2419,stochastic_004,stochastic,4,43,150024,0.05,0.45,0.0,128,6
2420,stochastic_004,stochastic,4,44,150024,0.05,0.45,0.0,128,6
2421,stochastic_004,stochastic,4,45,150024,0.05,0.45,0.0,128,6
2422,stochastic_004,stochastic,4,46,150024,0.05,0.45,0.0,128,6
2423,stochastic_004,stochastic,4,47,150024,0.05,0.45,0.0,128,6
2424,stochastic_004,stochastic,4,48,150024,0.05,0.45,0.0,128,6
2425,stochastic_004,stochastic,4,49,150024,0.05,0.45,0.0,128,6
2426,stochastic_004,stochastic,4,50,150024,0.05,0.45,0.0,128,6
2427,stochastic_004,stochastic,4,51,150024,0.05,0.45,0.0,128,6
2428,stochastic_004,stochastic,4,52,150024,0.05,0.45,0.0,128,6
2429,stochastic_004,stochastic,4,53,150024,0.05,0.45,0.0,128,6
2430,stochastic_004,stochastic,4,54,150024,0.05,0.45,0.0,128,6
2431,stochastic_004,stochastic,4,55,150024,0.05,0.45,0.0,128,6
2432,stochastic_004,stochastic,4,56,150024,0.05,0.45,0.0,128,6
2433,stochastic_004,stochastic,4,57,150024,0.05,0.45,0.0,128,6
2434,stochastic_004,stochastic,4,58,150024,0.05,0.45,0.0,128,6
2435,stochastic_004,stochastic,4,59,150024,0.05,0.45,0.0,128,6
2436,stochastic_004,stochastic,4,60,150024,0.05,0.45,0.0,128,6
2437,stochastic_004,stochastic,4,61,150024,0.05,0.45,0.0,128,6
2438,stochastic_004,stochastic,4,62,150024,0.05,0.45,0.0,128,6
2439,stochastic_004,stochastic,4,63,150024,0.05,0.45,0.0,128,6
2440,stochastic_004,stochastic,4,64,150024,0.05,0.45,0.0,128,6
2441,stochastic_004,stochastic,4,65,150024,0.05,0.45,0.0,128,6
2442,stochastic_004,stochastic,4,66,150024,0.05,0.45,0.0,128,6
2443,stochastic_004,stochastic,4,67,150024,0.05,0.45,0.0,128,6
2444,stochastic_004,stochastic,4,68,150024,0.05,0.45,0.0,128,6
2445,stochastic_004,stochastic,4,69,150024,0.05,0.45,0.0,128,6
2446,stochastic_004,stochastic,4,70,150024,0.05,0.45,0.0,128,6
2447,stochastic_004,stochastic,4,71,150024,0.05,0.45,0.0,128,6
2448,stochastic_004,stochastic,4,72,150024,0.05,0.45,0.0,128,6
2449,stochastic_004,stochastic,4,73,150024,0.05,0.45,0.0,128,6
2450,stochastic_004,stochastic,4,74,150024,0.05,0.45,0.0,128,6
2451,stochastic_004,stochastic,4,75,150024,0.05,0.45,0.0,128,6
2452,stochastic_004,stochastic,4,76,150024,0.05,0.45,0.0,128,6
2453,stochastic_004,stochastic,4,77,150024,0.05,0.45,0.0,128,6
2454,stochastic_004,stochastic,4,78,150024,0.05,0.45,0.0,128,6
2455,stochastic_004,stochastic,4,79,150024,0.05,0.45,0.0,128,6
2456,stochastic_004,stochastic,4,80,150024,0.05,0.45,0.0,128,6
2457,stochastic_004,stochastic,4,81,150024,0.05,0.45,0.0,128,6
2458,stochastic_004,stochastic,4,82,150024,0.05,0.45,0.0,128,6
2459,stochastic_004,stochastic,4,83,150024,0.05,0.45,0.0,128,6
2460,stochastic_004,stochastic,4,84,150024,0.05,0.45,0.0,128,6
2461,stochastic_004,stochastic,4,85,150024,0.05,0.45,0.0,128,6
2462,stochastic_004,stochastic,4,86,150024,0.05,0.45,0.0,128,6
2463,stochastic_004,stochastic,4,87,150024,0.05,0.45,0.0,128,6
2464,stochastic_004,stochastic,4,88,150024,0.05,0.45,0.0,128,6
2465,stochastic_004,stochastic,4,89,150024,0.05,0.45,0.0,128,6
2466,stochastic_004,stochastic,4,90,150024,0.05,0.45,0.0,128,6
2467,stochastic_004,stochastic,4,91,150024,0.05,0.45,0.0,128,6
2468,stochastic_004,stochastic,4,92,150024,0.05,0.45,0.0,128,6
2469,stochastic_004,stochastic,4,93,150024,0.05,0.45,0.0,128,6
2470,stochastic_004,stochastic,4,94,150024,0.05,0.45,0.0,128,6
2471,stochastic_004,stochastic,4,95,150024,0.05,0.45,0.0,128,6
2472,stochastic_004,stochastic,4,96,150024,0.05,0.45,0.0,128,6
2473,stochastic_004,stochastic,4,97,150024,0.05,0.45,0.0,128,6
2474,stochastic_004,stochastic,4,98,150024,0.05,0.45,0.0,128,6
2475,stochastic_005,stochastic,5,0,150025,0.05,0.45,0.0,128,6
2476,stochastic_005,stochastic,5,1,150025,0.05,0.45,0.0,128,6
2477,stochastic_005,stochastic,5,2,150025,0.05,0.45,0.0,128,6
2478,stochastic_005,stochastic,5,3,150025,0.05,0.45,0.0,128,6
2479,stochastic_005,stochastic,5,4,150025,0.05,0.45,0.0,128,6
2480,stochastic_005,stochastic,5,5,150025,0.05,0.45,0.0,128,6
2481,stochastic_005,stochastic,5,6,150025,0.05,0.45,0.0,128,6
2482,stochastic_005,stochastic,5,7,150025,0.05,0.45,0.0,128,6
2483,stochastic_005,stochastic,5,8,150025,0.05,0.45,0.0,128,6
2484,stochastic_005,stochastic,5,9,150025,0.05,0.45,0.0,128,6
2485,stochastic_005,stochastic,5,10,150025,0.05,0.45,0.0,128,6
2486,stochastic_005,stochastic,5,11,150025,0.05,0.45,0.0,128,6
2487,stochastic_005,stochastic,5,12,150025,0.05,0.45,0.0,128,6
2488,stochastic_005,stochastic,5,13,150025,0.05,0.45,0.0,128,6
2489,stochastic_005,stochastic,5,14,150025,0.05,0.45,0.0,128,6
2490,stochastic_005,stochastic,5,15,150025,0.05,0.45,0.0,128,6
2491,stochastic_005,stochastic,5,16,150025,0.05,0.45,0.0,128,6
2492,stochastic_005,stochastic,5,17,150025,0.05,0.45,0.0,128,6
2493,stochastic_005,stochastic,5,18,150025,0.05,0.45,0.0,128,6
2494,stochastic_005,stochastic,5,19,150025,0.05,0.45,0.0,128,6
2495,stochastic_005,stochastic,5,20,150025,0.05,0.45,0.0,128,6
2496,stochastic_005,stochastic,5,21,150025,0.05,0.45,0.0,128,6
2497,stochastic_005,stochastic,5,22,150025,0.05,0.45,0.0,128,6
2498,stochastic_005,stochastic,5,23,150025,0.05,0.45,0.0,128,6
2499,stochastic_005,stochastic,5,24,150025,0.05,0.45,0.0,128,6
2500,stochastic_005,stochastic,5,25,150025,0.05,0.45,0.0,128,6
2501,stochastic_005,stochastic,5,26,150025,0.05,0.45,0.0,128,6
2502,stochastic_005,stochastic,5,27,150025,0.05,0.45,0.0,128,6
2503,stochastic_005,stochastic,5,28,150025,0.05,0.45,0.0,128,6
2504,stochastic_005,stochastic,5,29,150025,0.05,0.45,0.0,128,6
2505,stochastic_005,stochastic,5,30,150025,0.05,0.45,0.0,128,6
2506,stochastic_005,stochastic,5,31,150025,0.05,0.45,0.0,128,6
2507,stochastic_005,stochastic,5,32,150025,0.05,0.45,0.0,128,6
2508,stochastic_005,stochastic,5,33,150025,0.05,0.45,0.0,128,6
2509,stochastic_005,stochastic,5,34,150025,0.05,0.45,0.0,128,6
2510,stochastic_005,stochastic,5,35,150025,0.05,0.45,0.0,128,6
2511,stochastic_005,stochastic,5,36,150025,0.05,0.45,0.0,128,6
2512,stochastic_005,stochastic,5,37,150025,0.05,0.45,0.0,128,6
2513,stochastic_005,stochastic,5,38,150025,0.05,0.45,0.0,128,6
2514,stochastic_005,stochastic,5,39,150025,0.05,0.45,0.0,128,6
2515,stochastic_005,stochastic,5,40,150025,0.05,0.45,0.0,128,6
2516,stochastic_005,stochastic,5,41,150025,0.05,0.45,0.0,128,6
2517,stochastic_005,stochastic,5,42,150025,0.05,0.45,0.0,128,6
2518,stochastic_005,stochastic,5,43,150025,0.05,0.45,0.0,128,6
2519,stochastic_005,stochastic,5,44,150025,0.05,0.45,0.0,128,6
2520,stochastic_005,stochastic,5,45,150025,0.05,0.45,0.0,128,6
2521,stochastic_005,stochastic,5,46,150025,0.05,0.45,0.0,128,6
2522,stochastic_005,stochastic,5,47,150025,0.05,0.45,0.0,128,6
2523,stochastic_005,stochastic,5,48,150025,0.05,0.45,0.0,128,6
2524,stochastic_005,stochastic,5,49,150025,0.05,0.45,0.0,128,6
2525,stochastic_005,stochastic,5,50,150025,0.05,0.45,0.0,128,6
2526,stochastic_005,stochastic,5,51,150025,0.05,0.45,0.0,128,6
2527,stochastic_005,stochastic,5,52,150025,0.05,0.45,0.0,128,6
2528,stochastic_005,stochastic,5,53,150025,0.05,0.45,0.0,128,6
2529,stochastic_005,stochastic,5,54,150025,0.05,0.45,0.0,128,6
2530,stochastic_005,stochastic,5,55,150025,0.05,0.45,0.0,128,6
2531,stochastic_005,stochastic,5,56,150025,0.05,0.45,0.0,128,6
2532,stochastic_005,stochastic,5,57,150025,0.05,0.45,0.0,128,6
2533,stochastic_005,stochastic,5,58,150025,0.05,0.45,0.0,128,6
2534,stochastic_005,stochastic,5,59,150025,0.05,0.45,0.0,128,6
2535,stochastic_005,stochastic,5,60,150025,0.05,0.45,0.0,128,6
2536,stochastic_005,stochastic,5,61,150025,0.05,0.45,0.0,128,6
2537,stochastic_005,stochastic,5,62,150025,0.05,0.45,0.0,128,6
2538,stochastic_005,stochastic,5,63,150025,0.05,0.45,0.0,128,6
2539,stochastic_005,stochastic,5,64,150025,0.05,0.45,0.0,128,6
2540,stochastic_005,stochastic,5,65,150025,0.05,0.45,0.0,128,6
2541,stochastic_005,stochastic,5,66,150025,0.05,0.45,0.0,128,6
2542,stochastic_005,stochastic,5,67,150025,0.05,0.45,0.0,128,6
2543,stochastic_005,stochastic,5,68,150025,0.05,0.45,0.0,128,6
2544,stochastic_005,stochastic,5,69,150025,0.05,0.45,0.0,128,6
2545,stochastic_005,stochastic,5,70,150025,0.05,0.45,0.0,128,6
2546,stochastic_005,stochastic,5,71,150025,0.05,0.45,0.0,128,6
2547,stochastic_005,stochastic,5,72,150025,0.05,0.45,0.0,128,6
2548,stochastic_005,stochastic,5,73,150025,0.05,0.45,0.0,128,6
2549,stochastic_005,stochastic,5,74,150025,0.05,0.45,0.0,128,6
2550,stochastic_005,stochastic,5,75,150025,0.05,0.45,0.0,128,6
2551,stochastic_005,stochastic,5,76,150025,0.05,0.45,0.0,128,6
2552,stochastic_005,stochastic,5,77,150025,0.05,0.45,0.0,128,6
2553,stochastic_005,stochastic,5,78,150025,0.05,0.45,0.0,128,6
2554,stochastic_005,stochastic,5,79,150025,0.05,0.45,0.0,128,6
2555,stochastic_005,stochastic,5,80,150025,0.05,0.45,0.0,128,6
2556,stochastic_005,stochastic,5,81,150025,0.05,0.45,0.0,128,6
2557,stochastic_005,stochastic,5,82,150025,0.05,0.45,0.0,128,6
2558,stochastic_005,stochastic,5,83,150025,0.05,0.45,0.0,128,6
2559,stochastic_005,stochastic,5,84,150025,0.05,0.45,0.0,128,6
2560,stochastic_005,stochastic,5,85,150025,0.05,0.45,0.0,128,6
2561,stochastic_005,stochastic,5,86,150025,0.05,0.45,0.0,128,6
2562,stochastic_005,stochastic,5,87,150025,0.05,0.45,0.0,128,6
2563,stochastic_005,stochastic,5,88,150025,0.05,0.45,0.0,128,6
2564,stochastic_005,stochastic,5,89,150025,0.05,0.45,0.0,128,6
2565,stochastic_005,stochastic,5,90,150025,0.05,0.45,0.0,128,6
2566,stochastic_005,stochastic,5,91,150025,0.05,0.45,0.0,128,6
2567,stochastic_005,stochastic,5,92,150025,0.05,0.45,0.0,128,6
2568,stochastic_005,stochastic,5,93,150025,0.05,0.45,0.0,128,6
2569,stochastic_005,stochastic,5,94,150025,0.05,0.45,0.0,128,6
2570,stochastic_005,stochastic,5,95,150025,0.05,0.45,0.0,128,6
2571,stochastic_005,stochastic,5,96,150025,0.05,0.45,0.0,128,6
2572,stochastic_005,stochastic,5,97,150025,0.05,0.45,0.0,128,6
2573,stochastic_005,stochastic,5,98,150025,0.05,0.45,0.0,128,6
2574,stochastic_006,stochastic,6,0,150026,0.05,0.45,0.0,128,6
2575,stochastic_006,stochastic,6,1,150026,0.05,0.45,0.0,128,6
2576,stochastic_006,stochastic,6,2,150026,0.05,0.45,0.0,128,6
2577,stochastic_006,stochastic,6,3,150026,0.05,0.45,0.0,128,6
2578,stochastic_006,stochastic,6,4,150026,0.05,0.45,0.0,128,6
2579,stochastic_006,stochastic,6,5,150026,0.05,0.45,0.0,128,6
2580,stochastic_006,stochastic,6,6,150026,0.05,0.45,0.0,128,6
2581,stochastic_006,stochastic,6,7,150026,0.05,0.45,0.0,128,6
2582,stochastic_006,stochastic,6,8,150026,0.05,0.45,0.0,128,6
2583,stochastic_006,stochastic,6,9,150026,0.05,0.45,0.0,128,6
2584,stochastic_006,stochastic,6,10,150026,0.05,0.45,0.0,128,6
2585,stochastic_006,stochastic,6,11,150026,0.05,0.45,0.0,128,6
2586,stochastic_006,stochastic,6,12,150026,0.05,0.45,0.0,128,6
2587,stochastic_006,stochastic,6,13,150026,0.05,0.45,0.0,128,6
2588,stochastic_006,stochastic,6,14,150026,0.05,0.45,0.0,128,6
2589,stochastic_006,stochastic,6,15,150026,0.05,0.45,0.0,128,6
2590,stochastic_006,stochastic,6,16,150026,0.05,0.45,0.0,128,6
2591,stochastic_006,stochastic,6,17,150026,0.05,0.45,0.0,128,6
2592,stochastic_006,stochastic,6,18,150026,0.05,0.45,0.0,128,6
2593,stochastic_006,stochastic,6,19,150026,0.05,0.45,0.0,128,6
2594,stochastic_006,stochastic,6,20,150026,0.05,0.45,0.0,128,6
2595,stochastic_006,stochastic,6,21,150026,0.05,0.45,0.0,128,6
2596,stochastic_006,stochastic,6,22,150026,0.05,0.45,0.0,128,6
2597,stochastic_006,stochastic,6,23,150026,0.05,0.45,0.0,128,6
2598,stochastic_006,stochastic,6,24,150026,0.05,0.45,0.0,128,6
2599,stochastic_006,stochastic,6,25,150026,0.05,0.45,0.0,128,6
2600,stochastic_006,stochastic,6,26,150026,0.05,0.45,0.0,128,6
2601,stochastic_006,stochastic,6,27,150026,0.05,0.45,0.0,128,6
2602,stochastic_006,stochastic,6,28,150026,0.05,0.45,0.0,128,6
2603,stochastic_006,stochastic,6,29,150026,0.05,0.45,0.0,128,6
2604,stochastic_006,stochastic,6,30,150026,0.05,0.45,0.0,128,6
2605,stochastic_006,stochastic,6,31,150026,0.05,0.45,0.0,128,6
2606,stochastic_006,stochastic,6,32,150026,0.05,0.45,0.0,128,6
2607,stochastic_006,stochastic,6,33,150026,0.05,0.45,0.0,128,6
2608,stochastic_006,stochastic,6,34,150026,0.05,0.45,0.0,128,6
2609,stochastic_006,stochastic,6,35,150026,0.05,0.45,0.0,128,6
2610,stochastic_006,stochastic,6,36,150026,0.05,0.45,0.0,128,6
2611,stochastic_006,stochastic,6,37,150026,0.05,0.45,0.0,128,6
2612,stochastic_006,stochastic,6,38,150026,0.05,0.45,0.0,128,6
2613,stochastic_006,stochastic,6,39,150026,0.05,0.45,0.0,128,6
2614,stochastic_006,stochastic,6,40,150026,0.05,0.45,0.0,128,6
2615,stochastic_006,stochastic,6,41,150026,0.05,0.45,0.0,128,6
2616,stochastic_006,stochastic,6,42,150026,0.05,0.45,0.0,128,6
2617,stochastic_006,stochastic,6,43,150026,0.05,0.45,0.0,128,6
2618,stochastic_006,stochastic,6,44,150026,0.05,0.45,0.0,128,6
2619,stochastic_006,stochastic,6,45,150026,0.05,0.45,0.0,128,6
2620,stochastic_006,stochastic,6,46,150026,0.05,0.45,0.0,128,6
2621,stochastic_006,stochastic,6,47,150026,0.05,0.45,0.0,128,6
2622,stochastic_006,stochastic,6,48,150026,0.05,0.45,0.0,128,6
2623,stochastic_006,stochastic,6,49,150026,0.05,0.45,0.0,128,6
2624,stochastic_006,stochastic,6,50,150026,0.05,0.45,0.0,128,6
2625,stochastic_006,stochastic,6,51,150026,0.05,0.45,0.0,128,6
2626,stochastic_006,stochastic,6,52,150026,0.05,0.45,0.0,128,6
2627,stochastic_006,stochastic,6,53,150026,0.05,0.45,0.0,128,6
2628,stochastic_006,stochastic,6,54,150026,0.05,0.45,0.0,128,6
2629,stochastic_006,stochastic,6,55,150026,0.05,0.45,0.0,128,6
2630,stochastic_006,stochastic,6,56,150026,0.05,0.45,0.0,128,6
2631,stochastic_006,stochastic,6,57,150026,0.05,0.45,0.0,128,6
2632,stochastic_006,stochastic,6,58,150026,0.05,0.45,0.0,128,6
2633,stochastic_006,stochastic,6,59,150026,0.05,0.45,0.0,128,6
2634,stochastic_006,stochastic,6,60,150026,0.05,0.45,0.0,128,6
2635,stochastic_006,stochastic,6,61,150026,0.05,0.45,0.0,128,6
2636,stochastic_006,stochastic,6,62,150026,0.05,0.45,0.0,128,6
2637,stochastic_006,stochastic,6,63,150026,0.05,0.45,0.0,128,6
2638,stochastic_006,stochastic,6,64,150026,0.05,0.45,0.0,128,6
2639,stochastic_006,stochastic,6,65,150026,0.05,0.45,0.0,128,6
2640,stochastic_006,stochastic,6,66,150026,0.05,0.45,0.0,128,6
2641,stochastic_006,stochastic,6,67,150026,0.05,0.45,0.0,128,6
2642,stochastic_006,stochastic,6,68,150026,0.05,0.45,0.0,128,6
2643,stochastic_006,stochastic,6,69,150026,0.05,0.45,0.0,128,6
2644,stochastic_006,stochastic,6,70,150026,0.05,0.45,0.0,128,6
2645,stochastic_006,stochastic,6,71,150026,0.05,0.45,0.0,128,6
2646,stochastic_006,stochastic,6,72,150026,0.05,0.45,0.0,128,6
2647,stochastic_006,stochastic,6,73,150026,0.05,0.45,0.0,128,6
2648,stochastic_006,stochastic,6,74,150026,0.05,0.45,0.0,128,6
2649,stochastic_006,stochastic,6,75,150026,0.05,0.45,0.0,128,6
2650,stochastic_006,stochastic,6,76,150026,0.05,0.45,0.0,128,6
2651,stochastic_006,stochastic,6,77,150026,0.05,0.45,0.0,128,6
2652,stochastic_006,stochastic,6,78,150026,0.05,0.45,0.0,128,6
2653,stochastic_006,stochastic,6,79,150026,0.05,0.45,0.0,128,6
2654,stochastic_006,stochastic,6,80,150026,0.05,0.45,0.0,128,6
2655,stochastic_006,stochastic,6,81,150026,0.05,0.45,0.0,128,6
2656,stochastic_006,stochastic,6,82,150026,0.05,0.45,0.0,128,6
2657,stochastic_006,stochastic,6,83,150026,0.05,0.45,0.0,128,6
2658,stochastic_006,stochastic,6,84,150026,0.05,0.45,0.0,128,6
2659,stochastic_006,stochastic,6,85,150026,0.05,0.45,0.0,128,6
2660,stochastic_006,stochastic,6,86,150026,0.05,0.45,0.0,128,6
2661,stochastic_006,stochastic,6,87,150026,0.05,0.45,0.0,128,6
2662,stochastic_006,stochastic,6,88,150026,0.05,0.45,0.0,128,6
2663,stochastic_006,stochastic,6,89,150026,0.05,0.45,0.0,128,6
2664,stochastic_006,stochastic,6,90,150026,0.05,0.45,0.0,128,6
2665,stochastic_006,stochastic,6,91,150026,0.05,0.45,0.0,128,6
2666,stochastic_006,stochastic,6,92,150026,0.05,0.45,0.0,128,6
2667,stochastic_006,stochastic,6,93,150026,0.05,0.45,0.0,128,6
2668,stochastic_006,stochastic,6,94,150026,0.05,0.45,0.0,128,6
2669,stochastic_006,stochastic,6,95,150026,0.05,0.45,0.0,128,6
2670,stochastic_006,stochastic,6,96,150026,0.05,0.45,0.0,128,6
2671,stochastic_006,stochastic,6,97,150026,0.05,0.45,0.0,128,6
2672,stochastic_006,stochastic,6,98,150026,0.05,0.45,0.0,128,6
2673,stochastic_007,stochastic,7,0,150027,0.05,0.45,0.0,128,6
2674,stochastic_007,stochastic,7,1,150027,0.05,0.45,0.0,128,6
2675,stochastic_007,stochastic,7,2,150027,0.05,0.45,0.0,128,6
2676,stochastic_007,stochastic,7,3,150027,0.05,0.45,0.0,128,6
2677,stochastic_007,stochastic,7,4,150027,0.05,0.45,0.0,128,6
2678,stochastic_007,stochastic,7,5,150027,0.05,0.45,0.0,128,6
2679,stochastic_007,stochastic,7,6,150027,0.05,0.45,0.0,128,6
2680,stochastic_007,stochastic,7,7,150027,0.05,0.45,0.0,128,6
2681,stochastic_007,stochastic,7,8,150027,0.05,0.45,0.0,128,6
2682,stochastic_007,stochastic,7,9,150027,0.05,0.45,0.0,128,6
2683,stochastic_007,stochastic,7,10,150027,0.05,0.45,0.0,128,6
2684,stochastic_007,stochastic,7,11,150027,0.05,0.45,0.0,128,6
2685,stochastic_007,stochastic,7,12,150027,0.05,0.45,0.0,128,6
2686,stochastic_007,stochastic,7,13,150027,0.05,0.45,0.0,128,6
2687,stochastic_007,stochastic,7,14,150027,0.05,0.45,0.0,128,6
2688,stochastic_007,stochastic,7,15,150027,0.05,0.45,0.0,128,6
2689,stochastic_007,stochastic,7,16,150027,0.05,0.45,0.0,128,6
2690,stochastic_007,stochastic,7,17,150027,0.05,0.45,0.0,128,6
2691,stochastic_007,stochastic,7,18,150027,0.05,0.45,0.0,128,6
2692,stochastic_007,stochastic,7,19,150027,0.05,0.45,0.0,128,6
2693,stochastic_007,stochastic,7,20,150027,0.05,0.45,0.0,128,6
2694,stochastic_007,stochastic,7,21,150027,0.05,0.45,0.0,128,6
2695,stochastic_007,stochastic,7,22,150027,0.05,0.45,0.0,128,6
2696,stochastic_007,stochastic,7,23,150027,0.05,0.45,0.0,128,6
2697,stochastic_007,stochastic,7,24,150027,0.05,0.45,0.0,128,6
2698,stochastic_007,stochastic,7,25,150027,0.05,0.45,0.0,128,6
2699,stochastic_007,stochastic,7,26,150027,0.05,0.45,0.0,128,6
2700,stochastic_007,stochastic,7,27,150027,0.05,0.45,0.0,128,6
2701,stochastic_007,stochastic,7,28,150027,0.05,0.45,0.0,128,6
2702,stochastic_007,stochastic,7,29,150027,0.05,0.45,0.0,128,6
2703,stochastic_007,stochastic,7,30,150027,0.05,0.45,0.0,128,6
2704,stochastic_007,stochastic,7,31,150027,0.05,0.45,0.0,128,6
2705,stochastic_007,stochastic,7,32,150027,0.05,0.45,0.0,128,6
2706,stochastic_007,stochastic,7,33,150027,0.05,0.45,0.0,128,6
2707,stochastic_007,stochastic,7,34,150027,0.05,0.45,0.0,128,6
2708,stochastic_007,stochastic,7,35,150027,0.05,0.45,0.0,128,6
2709,stochastic_007,stochastic,7,36,150027,0.05,0.45,0.0,128,6
2710,stochastic_007,stochastic,7,37,150027,0.05,0.45,0.0,128,6
2711,stochastic_007,stochastic,7,38,150027,0.05,0.45,0.0,128,6
2712,stochastic_007,stochastic,7,39,150027,0.05,0.45,0.0,128,6
2713,stochastic_007,stochastic,7,40,150027,0.05,0.45,0.0,128,6
2714,stochastic_007,stochastic,7,41,150027,0.05,0.45,0.0,128,6
2715,stochastic_007,stochastic,7,42,150027,0.05,0.45,0.0,128,6
2716,stochastic_007,stochastic,7,43,150027,0.05,0.45,0.0,128,6
2717,stochastic_007,stochastic,7,44,150027,0.05,0.45,0.0,128,6
2718,stochastic_007,stochastic,7,45,150027,0.05,0.45,0.0,128,6
2719,stochastic_007,stochastic,7,46,150027,0.05,0.45,0.0,128,6
2720,stochastic_007,stochastic,7,47,150027,0.05,0.45,0.0,128,6
2721,stochastic_007,stochastic,7,48,150027,0.05,0.45,0.0,128,6
2722,stochastic_007,stochastic,7,49,150027,0.05,0.45,0.0,128,6
2723,stochastic_007,stochastic,7,50,150027,0.05,0.45,0.0,128,6
2724,stochastic_007,stochastic,7,51,150027,0.05,0.45,0.0,128,6
2725,stochastic_007,stochastic,7,52,150027,0.05,0.45,0.0,128,6
2726,stochastic_007,stochastic,7,53,150027,0.05,0.45,0.0,128,6
2727,stochastic_007,stochastic,7,54,150027,0.05,0.45,0.0,128,6
2728,stochastic_007,stochastic,7,55,150027,0.05,0.45,0.0,128,6
2729,stochastic_007,stochastic,7,56,150027,0.05,0.45,0.0,128,6
2730,stochastic_007,stochastic,7,57,150027,0.05,0.45,0.0,128,6
2731,stochastic_007,stochastic,7,58,150027,0.05,0.45,0.0,128,6
2732,stochastic_007,stochastic,7,59,150027,0.05,0.45,0.0,128,6
2733,stochastic_007,stochastic,7,60,150027,0.05,0.45,0.0,128,6
2734,stochastic_007,stochastic,7,61,150027,0.05,0.45,0.0,128,6
2735,stochastic_007,stochastic,7,62,150027,0.05,0.45,0.0,128,6
2736,stochastic_007,stochastic,7,63,150027,0.05,0.45,0.0,128,6
2737,stochastic_007,stochastic,7,64,150027,0.05,0.45,0.0,128,6
2738,stochastic_007,stochastic,7,65,150027,0.05,0.45,0.0,128,6
2739,stochastic_007,stochastic,7,66,150027,0.05,0.45,0.0,128,6
2740,stochastic_007,stochastic,7,67,150027,0.05,0.45,0.0,128,6
2741,stochastic_007,stochastic,7,68,150027,0.05,0.45,0.0,128,6
2742,stochastic_007,stochastic,7,69,150027,0.05,0.45,0.0,128,6
2743,stochastic_007,stochastic,7,70,150027,0.05,0.45,0.0,128,6
2744,stochastic_007,stochastic,7,71,150027,0.05,0.45,0.0,128,6
2745,stochastic_007,stochastic,7,72,150027,0.05,0.45,0.0,128,6
2746,stochastic_007,stochastic,7,73,150027,0.05,0.45,0.0,128,6
2747,stochastic_007,stochastic,7,74,150027,0.05,0.45,0.0,128,6
2748,stochastic_007,stochastic,7,75,150027,0.05,0.45,0.0,128,6
2749,stochastic_007,stochastic,7,76,150027,0.05,0.45,0.0,128,6
2750,stochastic_007,stochastic,7,77,150027,0.05,0.45,0.0,128,6
2751,stochastic_007,stochastic,7,78,150027,0.05,0.45,0.0,128,6
2752,stochastic_007,stochastic,7,79,150027,0.05,0.45,0.0,128,6
2753,stochastic_007,stochastic,7,80,150027,0.05,0.45,0.0,128,6
2754,stochastic_007,stochastic,7,81,150027,0.05,0.45,0.0,128,6
2755,stochastic_007,stochastic,7,82,150027,0.05,0.45,0.0,128,6
2756,stochastic_007,stochastic,7,83,150027,0.05,0.45,0.0,128,6
2757,stochastic_007,stochastic,7,84,150027,0.05,0.45,0.0,128,6
2758,stochastic_007,stochastic,7,85,150027,0.05,0.45,0.0,128,6
2759,stochastic_007,stochastic,7,86,150027,0.05,0.45,0.0,128,6
2760,stochastic_007,stochastic,7,87,150027,0.05,0.45,0.0,128,6
2761,stochastic_007,stochastic,7,88,150027,0.05,0.45,0.0,128,6
2762,stochastic_007,stochastic,7,89,150027,0.05,0.45,0.0,128,6
2763,stochastic_007,stochastic,7,90,150027,0.05,0.45,0.0,128,6
2764,stochastic_007,stochastic,7,91,150027,0.05,0.45,0.0,128,6
2765,stochastic_007,stochastic,7,92,150027,0.05,0.45,0.0,128,6
2766,stochastic_007,stochastic,7,93,150027,0.05,0.45,0.0,128,6
2767,stochastic_007,stochastic,7,94,150027,0.05,0.45,0.0,128,6
2768,stochastic_007,stochastic,7,95,150027,0.05,0.45,0.0,128,6
2769,stochastic_007,stochastic,7,96,150027,0.05,0.45,0.0,128,6
2770,stochastic_007,stochastic,7,97,150027,0.05,0.45,0.0,128,6
2771,stochastic_007,stochastic,7,98,150027,0.05,0.45,0.0,128,6
2772,stochastic_008,stochastic,8,0,150028,0.05,0.45,0.0,128,6
2773,stochastic_008,stochastic,8,1,150028,0.05,0.45,0.0,128,6
2774,stochastic_008,stochastic,8,2,150028,0.05,0.45,0.0,128,6
2775,stochastic_008,stochastic,8,3,150028,0.05,0.45,0.0,128,6
2776,stochastic_008,stochastic,8,4,150028,0.05,0.45,0.0,128,6
2777,stochastic_008,stochastic,8,5,150028,0.05,0.45,0.0,128,6
2778,stochastic_008,stochastic,8,6,150028,0.05,0.45,0.0,128,6
2779,stochastic_008,stochastic,8,7,150028,0.05,0.45,0.0,128,6
2780,stochastic_008,stochastic,8,8,150028,0.05,0.45,0.0,128,6
2781,stochastic_008,stochastic,8,9,150028,0.05,0.45,0.0,128,6
2782,stochastic_008,stochastic,8,10,150028,0.05,0.45,0.0,128,6
2783,stochastic_008,stochastic,8,11,150028,0.05,0.45,0.0,128,6
2784,stochastic_008,stochastic,8,12,150028,0.05,0.45,0.0,128,6
2785,stochastic_008,stochastic,8,13,150028,0.05,0.45,0.0,128,6
2786,stochastic_008,stochastic,8,14,150028,0.05,0.45,0.0,128,6
2787,stochastic_008,stochastic,8,15,150028,0.05,0.45,0.0,128,6
2788,stochastic_008,stochastic,8,16,150028,0.05,0.45,0.0,128,6
2789,stochastic_008,stochastic,8,17,150028,0.05,0.45,0.0,128,6
2790,stochastic_008,stochastic,8,18,150028,0.05,0.45,0.0,128,6
2791,stochastic_008,stochastic,8,19,150028,0.05,0.45,0.0,128,6
2792,stochastic_008,stochastic,8,20,150028,0.05,0.45,0.0,128,6
2793,stochastic_008,stochastic,8,21,150028,0.05,0.45,0.0,128,6
2794,stochastic_008,stochastic,8,22,150028,0.05,0.45,0.0,128,6
2795,stochastic_008,stochastic,8,23,150028,0.05,0.45,0.0,128,6
2796,stochastic_008,stochastic,8,24,150028,0.05,0.45,0.0,128,6
2797,stochastic_008,stochastic,8,25,150028,0.05,0.45,0.0,128,6
2798,stochastic_008,stochastic,8,26,150028,0.05,0.45,0.0,128,6
2799,stochastic_008,stochastic,8,27,150028,0.05,0.45,0.0,128,6
2800,stochastic_008,stochastic,8,28,150028,0.05,0.45,0.0,128,6
2801,stochastic_008,stochastic,8,29,150028,0.05,0.45,0.0,128,6
2802,stochastic_008,stochastic,8,30,150028,0.05,0.45,0.0,128,6
2803,stochastic_008,stochastic,8,31,150028,0.05,0.45,0.0,128,6
2804,stochastic_008,stochastic,8,32,150028,0.05,0.45,0.0,128,6
2805,stochastic_008,stochastic,8,33,150028,0.05,0.45,0.0,128,6
2806,stochastic_008,stochastic,8,34,150028,0.05,0.45,0.0,128,6
2807,stochastic_008,stochastic,8,35,150028,0.05,0.45,0.0,128,6
2808,stochastic_008,stochastic,8,36,150028,0.05,0.45,0.0,128,6
2809,stochastic_008,stochastic,8,37,150028,0.05,0.45,0.0,128,6
2810,stochastic_008,stochastic,8,38,150028,0.05,0.45,0.0,128,6
2811,stochastic_008,stochastic,8,39,150028,0.05,0.45,0.0,128,6
2812,stochastic_008,stochastic,8,40,150028,0.05,0.45,0.0,128,6
2813,stochastic_008,stochastic,8,41,150028,0.05,0.45,0.0,128,6
2814,stochastic_008,stochastic,8,42,150028,0.05,0.45,0.0,128,6
2815,stochastic_008,stochastic,8,43,150028,0.05,0.45,0.0,128,6
2816,stochastic_008,stochastic,8,44,150028,0.05,0.45,0.0,128,6
2817,stochastic_008,stochastic,8,45,150028,0.05,0.45,0.0,128,6
2818,stochastic_008,stochastic,8,46,150028,0.05,0.45,0.0,128,6
2819,stochastic_008,stochastic,8,47,150028,0.05,0.45,0.0,128,6
2820,stochastic_008,stochastic,8,48,150028,0.05,0.45,0.0,128,6
2821,stochastic_008,stochastic,8,49,150028,0.05,0.45,0.0,128,6
2822,stochastic_008,stochastic,8,50,150028,0.05,0.45,0.0,128,6
2823,stochastic_008,stochastic,8,51,150028,0.05,0.45,0.0,128,6
2824,stochastic_008,stochastic,8,52,150028,0.05,0.45,0.0,128,6
2825,stochastic_008,stochastic,8,53,150028,0.05,0.45,0.0,128,6
2826,stochastic_008,stochastic,8,54,150028,0.05,0.45,0.0,128,6
2827,stochastic_008,stochastic,8,55,150028,0.05,0.45,0.0,128,6
2828,stochastic_008,stochastic,8,56,150028,0.05,0.45,0.0,128,6
2829,stochastic_008,stochastic,8,57,150028,0.05,0.45,0.0,128,6
2830,stochastic_008,stochastic,8,58,150028,0.05,0.45,0.0,128,6
2831,stochastic_008,stochastic,8,59,150028,0.05,0.45,0.0,128,6
2832,stochastic_008,stochastic,8,60,150028,0.05,0.45,0.0,128,6
2833,stochastic_008,stochastic,8,61,150028,0.05,0.45,0.0,128,6
2834,stochastic_008,stochastic,8,62,150028,0.05,0.45,0.0,128,6
2835,stochastic_008,stochastic,8,63,150028,0.05,0.45,0.0,128,6
2836,stochastic_008,stochastic,8,64,150028,0.05,0.45,0.0,128,6
2837,stochastic_008,stochastic,8,65,150028,0.05,0.45,0.0,128,6
2838,stochastic_008,stochastic,8,66,150028,0.05,0.45,0.0,128,6
2839,stochastic_008,stochastic,8,67,150028,0.05,0.45,0.0,128,6
2840,stochastic_008,stochastic,8,68,150028,0.05,0.45,0.0,128,6
2841,stochastic_008,stochastic,8,69,150028,0.05,0.45,0.0,128,6
2842,stochastic_008,stochastic,8,70,150028,0.05,0.45,0.0,128,6
2843,stochastic_008,stochastic,8,71,150028,0.05,0.45,0.0,128,6
2844,stochastic_008,stochastic,8,72,150028,0.05,0.45,0.0,128,6
2845,stochastic_008,stochastic,8,73,150028,0.05,0.45,0.0,128,6
2846,stochastic_008,stochastic,8,74,150028,0.05,0.45,0.0,128,6
2847,stochastic_008,stochastic,8,75,150028,0.05,0.45,0.0,128,6
2848,stochastic_008,stochastic,8,76,150028,0.05,0.45,0.0,128,6
2849,stochastic_008,stochastic,8,77,150028,0.05,0.45,0.0,128,6
2850,stochastic_008,stochastic,8,78,150028,0.05,0.45,0.0,128,6
2851,stochastic_008,stochastic,8,79,150028,0.05,0.45,0.0,128,6
2852,stochastic_008,stochastic,8,80,150028,0.05,0.45,0.0,128,6
2853,stochastic_008,stochastic,8,81,150028,0.05,0.45,0.0,128,6
2854,stochastic_008,stochastic,8,82,150028,0.05,0.45,0.0,128,6
2855,stochastic_008,stochastic,8,83,150028,0.05,0.45,0.0,128,6
2856,stochastic_008,stochastic,8,84,150028,0.05,0.45,0.0,128,6
2857,stochastic_008,stochastic,8,85,150028,0.05,0.45,0.0,128,6
2858,stochastic_008,stochastic,8,86,150028,0.05,0.45,0.0,128,6
2859,stochastic_008,stochastic,8,87,150028,0.05,0.45,0.0,128,6
2860,stochastic_008,stochastic,8,88,150028,0.05,0.45,0.0,128,6
2861,stochastic_008,stochastic,8,89,150028,0.05,0.45,0.0,128,6
2862,stochastic_008,stochastic,8,90,150028,0.05,0.45,0.0,128,6
2863,stochastic_008,stochastic,8,91,150028,0.05,0.45,0.0,128,6
2864,stochastic_008,stochastic,8,92,150028,0.05,0.45,0.0,128,6
2865,stochastic_008,stochastic,8,93,150028,0.05,0.45,0.0,128,6
2866,stochastic_008,stochastic,8,94,150028,0.05,0.45,0.0,128,6
2867,stochastic_008,stochastic,8,95,150028,0.05,0.45,0.0,128,6
2868,stochastic_008,stochastic,8,96,150028,0.05,0.45,0.0,128,6
2869,stochastic_008,stochastic,8,97,150028,0.05,0.45,0.0,128,6
2870,stochastic_008,stochastic,8,98,150028,0.05,0.45,0.0,128,6
2871,stochastic_009,stochastic,9,0,150029,0.05,0.45,0.0,128,6
2872,stochastic_009,stochastic,9,1,150029,0.05,0.45,0.0,128,6
2873,stochastic_009,stochastic,9,2,150029,0.05,0.45,0.0,128,6
2874,stochastic_009,stochastic,9,3,150029,0.05,0.45,0.0,128,6
2875,stochastic_009,stochastic,9,4,150029,0.05,0.45,0.0,128,6
2876,stochastic_009,stochastic,9,5,150029,0.05,0.45,0.0,128,6
2877,stochastic_009,stochastic,9,6,150029,0.05,0.45,0.0,128,6
2878,stochastic_009,stochastic,9,7,150029,0.05,0.45,0.0,128,6
2879,stochastic_009,stochastic,9,8,150029,0.05,0.45,0.0,128,6
2880,stochastic_009,stochastic,9,9,150029,0.05,0.45,0.0,128,6
2881,stochastic_009,stochastic,9,10,150029,0.05,0.45,0.0,128,6
2882,stochastic_009,stochastic,9,11,150029,0.05,0.45,0.0,128,6
2883,stochastic_009,stochastic,9,12,150029,0.05,0.45,0.0,128,6
2884,stochastic_009,stochastic,9,13,150029,0.05,0.45,0.0,128,6
2885,stochastic_009,stochastic,9,14,150029,0.05,0.45,0.0,128,6
2886,stochastic_009,stochastic,9,15,150029,0.05,0.45,0.0,128,6
2887,stochastic_009,stochastic,9,16,150029,0.05,0.45,0.0,128,6
2888,stochastic_009,stochastic,9,17,150029,0.05,0.45,0.0,128,6
2889,stochastic_009,stochastic,9,18,150029,0.05,0.45,0.0,128,6
2890,stochastic_009,stochastic,9,19,150029,0.05,0.45,0.0,128,6
2891,stochastic_009,stochastic,9,20,150029,0.05,0.45,0.0,128,6
2892,stochastic_009,stochastic,9,21,150029,0.05,0.45,0.0,128,6
2893,stochastic_009,stochastic,9,22,150029,0.05,0.45,0.0,128,6
2894,stochastic_009,stochastic,9,23,150029,0.05,0.45,0.0,128,6
2895,stochastic_009,stochastic,9,24,150029,0.05,0.45,0.0,128,6
2896,stochastic_009,stochastic,9,25,150029,0.05,0.45,0.0,128,6
2897,stochastic_009,stochastic,9,26,150029,0.05,0.45,0.0,128,6
2898,stochastic_009,stochastic,9,27,150029,0.05,0.45,0.0,128,6
2899,stochastic_009,stochastic,9,28,150029,0.05,0.45,0.0,128,6
2900,stochastic_009,stochastic,9,29,150029,0.05,0.45,0.0,128,6
2901,stochastic_009,stochastic,9,30,150029,0.05,0.45,0.0,128,6
2902,stochastic_009,stochastic,9,31,150029,0.05,0.45,0.0,128,6
2903,stochastic_009,stochastic,9,32,150029,0.05,0.45,0.0,128,6
2904,stochastic_009,stochastic,9,33,150029,0.05,0.45,0.0,128,6
2905,stochastic_009,stochastic,9,34,150029,0.05,0.45,0.0,128,6
2906,stochastic_009,stochastic,9,35,150029,0.05,0.45,0.0,128,6
2907,stochastic_009,stochastic,9,36,150029,0.05,0.45,0.0,128,6
2908,stochastic_009,stochastic,9,37,150029,0.05,0.45,0.0,128,6
2909,stochastic_009,stochastic,9,38,150029,0.05,0.45,0.0,128,6
2910,stochastic_009,stochastic,9,39,150029,0.05,0.45,0.0,128,6
2911,stochastic_009,stochastic,9,40,150029,0.05,0.45,0.0,128,6
2912,stochastic_009,stochastic,9,41,150029,0.05,0.45,0.0,128,6
2913,stochastic_009,stochastic,9,42,150029,0.05,0.45,0.0,128,6
2914,stochastic_009,stochastic,9,43,150029,0.05,0.45,0.0,128,6
2915,stochastic_009,stochastic,9,44,150029,0.05,0.45,0.0,128,6
2916,stochastic_009,stochastic,9,45,150029,0.05,0.45,0.0,128,6
2917,stochastic_009,stochastic,9,46,150029,0.05,0.45,0.0,128,6
2918,stochastic_009,stochastic,9,47,150029,0.05,0.45,0.0,128,6
2919,stochastic_009,stochastic,9,48,150029,0.05,0.45,0.0,128,6
2920,stochastic_009,stochastic,9,49,150029,0.05,0.45,0.0,128,6
2921,stochastic_009,stochastic,9,50,150029,0.05,0.45,0.0,128,6
2922,stochastic_009,stochastic,9,51,150029,0.05,0.45,0.0,128,6
2923,stochastic_009,stochastic,9,52,150029,0.05,0.45,0.0,128,6
2924,stochastic_009,stochastic,9,53,150029,0.05,0.45,0.0,128,6
2925,stochastic_009,stochastic,9,54,150029,0.05,0.45,0.0,128,6
2926,stochastic_009,stochastic,9,55,150029,0.05,0.45,0.0,128,6
2927,stochastic_009,stochastic,9,56,150029,0.05,0.45,0.0,128,6
2928,stochastic_009,stochastic,9,57,150029,0.05,0.45,0.0,128,6
2929,stochastic_009,stochastic,9,58,150029,0.05,0.45,0.0,128,6
2930,stochastic_009,stochastic,9,59,150029,0.05,0.45,0.0,128,6
2931,stochastic_009,stochastic,9,60,150029,0.05,0.45,0.0,128,6
2932,stochastic_009,stochastic,9,61,150029,0.05,0.45,0.0,128,6
2933,stochastic_009,stochastic,9,62,150029,0.05,0.45,0.0,128,6
2934,stochastic_009,stochastic,9,63,150029,0.05,0.45,0.0,128,6
2935,stochastic_009,stochastic,9,64,150029,0.05,0.45,0.0,128,6
2936,stochastic_009,stochastic,9,65,150029,0.05,0.45,0.0,128,6
2937,stochastic_009,stochastic,9,66,150029,0.05,0.45,0.0,128,6
2938,stochastic_009,stochastic,9,67,150029,0.05,0.45,0.0,128,6
2939,stochastic_009,stochastic,9,68,150029,0.05,0.45,0.0,128,6
2940,stochastic_009,stochastic,9,69,150029,0.05,0.45,0.0,128,6
2941,stochastic_009,stochastic,9,70,150029,0.05,0.45,0.0,128,6
2942,stochastic_009,stochastic,9,71,150029,0.05,0.45,0.0,128,6
2943,stochastic_009,stochastic,9,72,150029,0.05,0.45,0.0,128,6
2944,stochastic_009,stochastic,9,73,150029,0.05,0.45,0.0,128,6
2945,stochastic_009,stochastic,9,74,150029,0.05,0.45,0.0,128,6
2946,stochastic_009,stochastic,9,75,150029,0.05,0.45,0.0,128,6
2947,stochastic_009,stochastic,9,76,150029,0.05,0.45,0.0,128,6
2948,stochastic_009,stochastic,9,77,150029,0.05,0.45,0.0,128,6
2949,stochastic_009,stochastic,9,78,150029,0.05,0.45,0.0,128,6
2950,stochastic_009,stochastic,9,79,150029,0.05,0.45,0.0,128,6
2951,stochastic_009,stochastic,9,80,150029,0.05,0.45,0.0,128,6
2952,stochastic_009,stochastic,9,81,150029,0.05,0.45,0.0,128,6
2953,stochastic_009,stochastic,9,82,150029,0.05,0.45,0.0,128,6
2954,stochastic_009,stochastic,9,83,150029,0.05,0.45,0.0,128,6
2955,stochastic_009,stochastic,9,84,150029,0.05,0.45,0.0,128,6
2956,stochastic_009,stochastic,9,85,150029,0.05,0.45,0.0,128,6
2957,stochastic_009,stochastic,9,86,150029,0.05,0.45,0.0,128,6
2958,stochastic_009,stochastic,9,87,150029,0.05,0.45,0.0,128,6
2959,stochastic_009,stochastic,9,88,150029,0.05,0.45,0.0,128,6
2960,stochastic_009,stochastic,9,89,150029,0.05,0.45,0.0,128,6
2961,stochastic_009,stochastic,9,90,150029,0.05,0.45,0.0,128,6
2962,stochastic_009,stochastic,9,91,150029,0.05,0.45,0.0,128,6
2963,stochastic_009,stochastic,9,92,150029,0.05,0.45,0.0,128,6
2964,stochastic_009,stochastic,9,93,150029,0.05,0.45,0.0,128,6
2965,stochastic_009,stochastic,9,94,150029,0.05,0.45,0.0,128,6
2966,stochastic_009,stochastic,9,95,150029,0.05,0.45,0.0,128,6
2967,stochastic_009,stochastic,9,96,150029,0.05,0.45,0.0,128,6
2968,stochastic_009,stochastic,9,97,150029,0.05,0.45,0.0,128,6
2969,stochastic_009,stochastic,9,98,150029,0.05,0.45,0.0,128,6
2970,stochastic_010,stochastic,10,0,150030,0.05,0.45,0.0,128,6
2971,stochastic_010,stochastic,10,1,150030,0.05,0.45,0.0,128,6
2972,stochastic_010,stochastic,10,2,150030,0.05,0.45,0.0,128,6
2973,stochastic_010,stochastic,10,3,150030,0.05,0.45,0.0,128,6
2974,stochastic_010,stochastic,10,4,150030,0.05,0.45,0.0,128,6
2975,stochastic_010,stochastic,10,5,150030,0.05,0.45,0.0,128,6
2976,stochastic_010,stochastic,10,6,150030,0.05,0.45,0.0,128,6
2977,stochastic_010,stochastic,10,7,150030,0.05,0.45,0.0,128,6
2978,stochastic_010,stochastic,10,8,150030,0.05,0.45,0.0,128,6
2979,stochastic_010,stochastic,10,9,150030,0.05,0.45,0.0,128,6
2980,stochastic_010,stochastic,10,10,150030,0.05,0.45,0.0,128,6
2981,stochastic_010,stochastic,10,11,150030,0.05,0.45,0.0,128,6
2982,stochastic_010,stochastic,10,12,150030,0.05,0.45,0.0,128,6
2983,stochastic_010,stochastic,10,13,150030,0.05,0.45,0.0,128,6
2984,stochastic_010,stochastic,10,14,150030,0.05,0.45,0.0,128,6
2985,stochastic_010,stochastic,10,15,150030,0.05,0.45,0.0,128,6
2986,stochastic_010,stochastic,10,16,150030,0.05,0.45,0.0,128,6
2987,stochastic_010,stochastic,10,17,150030,0.05,0.45,0.0,128,6
2988,stochastic_010,stochastic,10,18,150030,0.05,0.45,0.0,128,6
2989,stochastic_010,stochastic,10,19,150030,0.05,0.45,0.0,128,6
2990,stochastic_010,stochastic,10,20,150030,0.05,0.45,0.0,128,6
2991,stochastic_010,stochastic,10,21,150030,0.05,0.45,0.0,128,6
2992,stochastic_010,stochastic,10,22,150030,0.05,0.45,0.0,128,6
2993,stochastic_010,stochastic,10,23,150030,0.05,0.45,0.0,128,6
2994,stochastic_010,stochastic,10,24,150030,0.05,0.45,0.0,128,6
2995,stochastic_010,stochastic,10,25,150030,0.05,0.45,0.0,128,6
2996,stochastic_010,stochastic,10,26,150030,0.05,0.45,0.0,128,6
2997,stochastic_010,stochastic,10,27,150030,0.05,0.45,0.0,128,6
2998,stochastic_010,stochastic,10,28,150030,0.05,0.45,0.0,128,6
2999,stochastic_010,stochastic,10,29,150030,0.05,0.45,0.0,128,6
3000,stochastic_010,stochastic,10,30,150030,0.05,0.45,0.0,128,6
3001,stochastic_010,stochastic,10,31,150030,0.05,0.45,0.0,128,6
3002,stochastic_010,stochastic,10,32,150030,0.05,0.45,0.0,128,6
3003,stochastic_010,stochastic,10,33,150030,0.05,0.45,0.0,128,6
3004,stochastic_010,stochastic,10,34,150030,0.05,0.45,0.0,128,6
3005,stochastic_010,stochastic,10,35,150030,0.05,0.45,0.0,128,6
3006,stochastic_010,stochastic,10,36,150030,0.05,0.45,0.0,128,6
3007,stochastic_010,stochastic,10,37,150030,0.05,0.45,0.0,128,6
3008,stochastic_010,stochastic,10,38,150030,0.05,0.45,0.0,128,6
3009,stochastic_010,stochastic,10,39,150030,0.05,0.45,0.0,128,6
3010,stochastic_010,stochastic,10,40,150030,0.05,0.45,0.0,128,6
3011,stochastic_010,stochastic,10,41,150030,0.05,0.45,0.0,128,6
3012,stochastic_010,stochastic,10,42,150030,0.05,0.45,0.0,128,6
3013,stochastic_010,stochastic,10,43,150030,0.05,0.45,0.0,128,6
3014,stochastic_010,stochastic,10,44,150030,0.05,0.45,0.0,128,6
3015,stochastic_010,stochastic,10,45,150030,0.05,0.45,0.0,128,6
3016,stochastic_010,stochastic,10,46,150030,0.05,0.45,0.0,128,6
3017,stochastic_010,stochastic,10,47,150030,0.05,0.45,0.0,128,6
3018,stochastic_010,stochastic,10,48,150030,0.05,0.45,0.0,128,6
3019,stochastic_010,stochastic,10,49,150030,0.05,0.45,0.0,128,6
3020,stochastic_010,stochastic,10,50,150030,0.05,0.45,0.0,128,6
3021,stochastic_010,stochastic,10,51,150030,0.05,0.45,0.0,128,6
3022,stochastic_010,stochastic,10,52,150030,0.05,0.45,0.0,128,6
3023,stochastic_010,stochastic,10,53,150030,0.05,0.45,0.0,128,6
3024,stochastic_010,stochastic,10,54,150030,0.05,0.45,0.0,128,6
3025,stochastic_010,stochastic,10,55,150030,0.05,0.45,0.0,128,6
3026,stochastic_010,stochastic,10,56,150030,0.05,0.45,0.0,128,6
3027,stochastic_010,stochastic,10,57,150030,0.05,0.45,0.0,128,6
3028,stochastic_010,stochastic,10,58,150030,0.05,0.45,0.0,128,6
3029,stochastic_010,stochastic,10,59,150030,0.05,0.45,0.0,128,6
3030,stochastic_010,stochastic,10,60,150030,0.05,0.45,0.0,128,6
3031,stochastic_010,stochastic,10,61,150030,0.05,0.45,0.0,128,6
3032,stochastic_010,stochastic,10,62,150030,0.05,0.45,0.0,128,6
3033,stochastic_010,stochastic,10,63,150030,0.05,0.45,0.0,128,6
3034,stochastic_010,stochastic,10,64,150030,0.05,0.45,0.0,128,6
3035,stochastic_010,stochastic,10,65,150030,0.05,0.45,0.0,128,6
3036,stochastic_010,stochastic,10,66,150030,0.05,0.45,0.0,128,6
3037,stochastic_010,stochastic,10,67,150030,0.05,0.45,0.0,128,6
3038,stochastic_010,stochastic,10,68,150030,0.05,0.45,0.0,128,6
3039,stochastic_010,stochastic,10,69,150030,0.05,0.45,0.0,128,6
3040,stochastic_010,stochastic,10,70,150030,0.05,0.45,0.0,128,6
3041,stochastic_010,stochastic,10,71,150030,0.05,0.45,0.0,128,6
3042,stochastic_010,stochastic,10,72,150030,0.05,0.45,0.0,128,6
3043,stochastic_010,stochastic,10,73,150030,0.05,0.45,0.0,128,6
3044,stochastic_010,stochastic,10,74,150030,0.05,0.45,0.0,128,6
3045,stochastic_010,stochastic,10,75,150030,0.05,0.45,0.0,128,6
3046,stochastic_010,stochastic,10,76,150030,0.05,0.45,0.0,128,6
3047,stochastic_010,stochastic,10,77,150030,0.05,0.45,0.0,128,6
3048,stochastic_010,stochastic,10,78,150030,0.05,0.45,0.0,128,6
3049,stochastic_010,stochastic,10,79,150030,0.05,0.45,0.0,128,6
3050,stochastic_010,stochastic,10,80,150030,0.05,0.45,0.0,128,6
3051,stochastic_010,stochastic,10,81,150030,0.05,0.45,0.0,128,6
3052,stochastic_010,stochastic,10,82,150030,0.05,0.45,0.0,128,6
3053,stochastic_010,stochastic,10,83,150030,0.05,0.45,0.0,128,6
3054,stochastic_010,stochastic,10,84,150030,0.05,0.45,0.0,128,6
3055,stochastic_010,stochastic,10,85,150030,0.05,0.45,0.0,128,6
3056,stochastic_010,stochastic,10,86,150030,0.05,0.45,0.0,128,6
3057,stochastic_010,stochastic,10,87,150030,0.05,0.45,0.0,128,6
3058,stochastic_010,stochastic,10,88,150030,0.05,0.45,0.0,128,6
3059,stochastic_010,stochastic,10,89,150030,0.05,0.45,0.0,128,6
3060,stochastic_010,stochastic,10,90,150030,0.05,0.45,0.0,128,6
3061,stochastic_010,stochastic,10,91,150030,0.05,0.45,0.0,128,6
3062,stochastic_010,stochastic,10,92,150030,0.05,0.45,0.0,128,6
3063,stochastic_010,stochastic,10,93,150030,0.05,0.45,0.0,128,6
3064,stochastic_010,stochastic,10,94,150030,0.05,0.45,0.0,128,6
3065,stochastic_010,stochastic,10,95,150030,0.05,0.45,0.0,128,6
3066,stochastic_010,stochastic,10,96,150030,0.05,0.45,0.0,128,6
3067,stochastic_010,stochastic,10,97,150030,0.05,0.45,0.0,128,6
3068,stochastic_010,stochastic,10,98,150030,0.05,0.45,0.0,128,6
3069,stochastic_011,stochastic,11,0,150031,0.05,0.45,0.0,128,6
3070,stochastic_011,stochastic,11,1,150031,0.05,0.45,0.0,128,6
3071,stochastic_011,stochastic,11,2,150031,0.05,0.45,0.0,128,6
3072,stochastic_011,stochastic,11,3,150031,0.05,0.45,0.0,128,6
3073,stochastic_011,stochastic,11,4,150031,0.05,0.45,0.0,128,6
3074,stochastic_011,stochastic,11,5,150031,0.05,0.45,0.0,128,6
3075,stochastic_011,stochastic,11,6,150031,0.05,0.45,0.0,128,6
3076,stochastic_011,stochastic,11,7,150031,0.05,0.45,0.0,128,6
3077,stochastic_011,stochastic,11,8,150031,0.05,0.45,0.0,128,6
3078,stochastic_011,stochastic,11,9,150031,0.05,0.45,0.0,128,6
3079,stochastic_011,stochastic,11,10,150031,0.05,0.45,0.0,128,6
3080,stochastic_011,stochastic,11,11,150031,0.05,0.45,0.0,128,6
3081,stochastic_011,stochastic,11,12,150031,0.05,0.45,0.0,128,6
3082,stochastic_011,stochastic,11,13,150031,0.05,0.45,0.0,128,6
3083,stochastic_011,stochastic,11,14,150031,0.05,0.45,0.0,128,6
3084,stochastic_011,stochastic,11,15,150031,0.05,0.45,0.0,128,6
3085,stochastic_011,stochastic,11,16,150031,0.05,0.45,0.0,128,6
3086,stochastic_011,stochastic,11,17,150031,0.05,0.45,0.0,128,6
3087,stochastic_011,stochastic,11,18,150031,0.05,0.45,0.0,128,6
3088,stochastic_011,stochastic,11,19,150031,0.05,0.45,0.0,128,6
3089,stochastic_011,stochastic,11,20,150031,0.05,0.45,0.0,128,6
3090,stochastic_011,stochastic,11,21,150031,0.05,0.45,0.0,128,6
3091,stochastic_011,stochastic,11,22,150031,0.05,0.45,0.0,128,6
3092,stochastic_011,stochastic,11,23,150031,0.05,0.45,0.0,128,6
3093,stochastic_011,stochastic,11,24,150031,0.05,0.45,0.0,128,6
3094,stochastic_011,stochastic,11,25,150031,0.05,0.45,0.0,128,6
3095,stochastic_011,stochastic,11,26,150031,0.05,0.45,0.0,128,6
3096,stochastic_011,stochastic,11,27,150031,0.05,0.45,0.0,128,6
3097,stochastic_011,stochastic,11,28,150031,0.05,0.45,0.0,128,6
3098,stochastic_011,stochastic,11,29,150031,0.05,0.45,0.0,128,6
3099,stochastic_011,stochastic,11,30,150031,0.05,0.45,0.0,128,6
3100,stochastic_011,stochastic,11,31,150031,0.05,0.45,0.0,128,6
3101,stochastic_011,stochastic,11,32,150031,0.05,0.45,0.0,128,6
3102,stochastic_011,stochastic,11,33,150031,0.05,0.45,0.0,128,6
3103,stochastic_011,stochastic,11,34,150031,0.05,0.45,0.0,128,6
3104,stochastic_011,stochastic,11,35,150031,0.05,0.45,0.0,128,6
3105,stochastic_011,stochastic,11,36,150031,0.05,0.45,0.0,128,6
3106,stochastic_011,stochastic,11,37,150031,0.05,0.45,0.0,128,6
3107,stochastic_011,stochastic,11,38,150031,0.05,0.45,0.0,128,6
3108,stochastic_011,stochastic,11,39,150031,0.05,0.45,0.0,128,6
3109,stochastic_011,stochastic,11,40,150031,0.05,0.45,0.0,128,6
3110,stochastic_011,stochastic,11,41,150031,0.05,0.45,0.0,128,6
3111,stochastic_011,stochastic,11,42,150031,0.05,0.45,0.0,128,6
3112,stochastic_011,stochastic,11,43,150031,0.05,0.45,0.0,128,6
3113,stochastic_011,stochastic,11,44,150031,0.05,0.45,0.0,128,6
3114,stochastic_011,stochastic,11,45,150031,0.05,0.45,0.0,128,6
3115,stochastic_011,stochastic,11,46,150031,0.05,0.45,0.0,128,6
3116,stochastic_011,stochastic,11,47,150031,0.05,0.45,0.0,128,6
3117,stochastic_011,stochastic,11,48,150031,0.05,0.45,0.0,128,6
3118,stochastic_011,stochastic,11,49,150031,0.05,0.45,0.0,128,6
3119,stochastic_011,stochastic,11,50,150031,0.05,0.45,0.0,128,6
3120,stochastic_011,stochastic,11,51,150031,0.05,0.45,0.0,128,6
3121,stochastic_011,stochastic,11,52,150031,0.05,0.45,0.0,128,6
3122,stochastic_011,stochastic,11,53,150031,0.05,0.45,0.0,128,6
3123,stochastic_011,stochastic,11,54,150031,0.05,0.45,0.0,128,6
3124,stochastic_011,stochastic,11,55,150031,0.05,0.45,0.0,128,6
3125,stochastic_011,stochastic,11,56,150031,0.05,0.45,0.0,128,6
3126,stochastic_011,stochastic,11,57,150031,0.05,0.45,0.0,128,6
3127,stochastic_011,stochastic,11,58,150031,0.05,0.45,0.0,128,6
3128,stochastic_011,stochastic,11,59,150031,0.05,0.45,0.0,128,6
3129,stochastic_011,stochastic,11,60,150031,0.05,0.45,0.0,128,6
3130,stochastic_011,stochastic,11,61,150031,0.05,0.45,0.0,128,6
3131,stochastic_011,stochastic,11,62,150031,0.05,0.45,0.0,128,6
3132,stochastic_011,stochastic,11,63,150031,0.05,0.45,0.0,128,6
3133,stochastic_011,stochastic,11,64,150031,0.05,0.45,0.0,128,6
3134,stochastic_011,stochastic,11,65,150031,0.05,0.45,0.0,128,6
3135,stochastic_011,stochastic,11,66,150031,0.05,0.45,0.0,128,6
3136,stochastic_011,stochastic,11,67,150031,0.05,0.45,0.0,128,6
3137,stochastic_011,stochastic,11,68,150031,0.05,0.45,0.0,128,6
3138,stochastic_011,stochastic,11,69,150031,0.05,0.45,0.0,128,6
3139,stochastic_011,stochastic,11,70,150031,0.05,0.45,0.0,128,6
3140,stochastic_011,stochastic,11,71,150031,0.05,0.45,0.0,128,6
3141,stochastic_011,stochastic,11,72,150031,0.05,0.45,0.0,128,6
3142,stochastic_011,stochastic,11,73,150031,0.05,0.45,0.0,128,6
3143,stochastic_011,stochastic,11,74,150031,0.05,0.45,0.0,128,6
3144,stochastic_011,stochastic,11,75,150031,0.05,0.45,0.0,128,6
3145,stochastic_011,stochastic,11,76,150031,0.05,0.45,0.0,128,6
3146,stochastic_011,stochastic,11,77,150031,0.05,0.45,0.0,128,6
3147,stochastic_011,stochastic,11,78,150031,0.05,0.45,0.0,128,6
3148,stochastic_011,stochastic,11,79,150031,0.05,0.45,0.0,128,6
3149,stochastic_011,stochastic,11,80,150031,0.05,0.45,0.0,128,6
3150,stochastic_011,stochastic,11,81,150031,0.05,0.45,0.0,128,6
3151,stochastic_011,stochastic,11,82,150031,0.05,0.45,0.0,128,6
3152,stochastic_011,stochastic,11,83,150031,0.05,0.45,0.0,128,6
3153,stochastic_011,stochastic,11,84,150031,0.05,0.45,0.0,128,6
3154,stochastic_011,stochastic,11,85,150031,0.05,0.45,0.0,128,6
3155,stochastic_011,stochastic,11,86,150031,0.05,0.45,0.0,128,6
3156,stochastic_011,stochastic,11,87,150031,0.05,0.45,0.0,128,6
3157,stochastic_011,stochastic,11,88,150031,0.05,0.45,0.0,128,6
3158,stochastic_011,stochastic,11,89,150031,0.05,0.45,0.0,128,6
3159,stochastic_011,stochastic,11,90,150031,0.05,0.45,0.0,128,6
3160,stochastic_011,stochastic,11,91,150031,0.05,0.45,0.0,128,6
3161,stochastic_011,stochastic,11,92,150031,0.05,0.45,0.0,128,6
3162,stochastic_011,stochastic,11,93,150031,0.05,0.45,0.0,128,6
3163,stochastic_011,stochastic,11,94,150031,0.05,0.45,0.0,128,6
3164,stochastic_011,stochastic,11,95,150031,0.05,0.45,0.0,128,6
3165,stochastic_011,stochastic,11,96,150031,0.05,0.45,0.0,128,6
3166,stochastic_011,stochastic,11,97,150031,0.05,0.45,0.0,128,6
3167,stochastic_011,stochastic,11,98,150031,0.05,0.45,0.0,128,6
3168,stochastic_012,stochastic,12,0,150032,0.05,0.45,0.0,128,6
3169,stochastic_012,stochastic,12,1,150032,0.05,0.45,0.0,128,6
3170,stochastic_012,stochastic,12,2,150032,0.05,0.45,0.0,128,6
3171,stochastic_012,stochastic,12,3,150032,0.05,0.45,0.0,128,6
3172,stochastic_012,stochastic,12,4,150032,0.05,0.45,0.0,128,6
3173,stochastic_012,stochastic,12,5,150032,0.05,0.45,0.0,128,6
3174,stochastic_012,stochastic,12,6,150032,0.05,0.45,0.0,128,6
3175,stochastic_012,stochastic,12,7,150032,0.05,0.45,0.0,128,6
3176,stochastic_012,stochastic,12,8,150032,0.05,0.45,0.0,128,6
3177,stochastic_012,stochastic,12,9,150032,0.05,0.45,0.0,128,6
3178,stochastic_012,stochastic,12,10,150032,0.05,0.45,0.0,128,6
3179,stochastic_012,stochastic,12,11,150032,0.05,0.45,0.0,128,6
3180,stochastic_012,stochastic,12,12,150032,0.05,0.45,0.0,128,6
3181,stochastic_012,stochastic,12,13,150032,0.05,0.45,0.0,128,6
3182,stochastic_012,stochastic,12,14,150032,0.05,0.45,0.0,128,6
3183,stochastic_012,stochastic,12,15,150032,0.05,0.45,0.0,128,6
3184,stochastic_012,stochastic,12,16,150032,0.05,0.45,0.0,128,6
3185,stochastic_012,stochastic,12,17,150032,0.05,0.45,0.0,128,6
3186,stochastic_012,stochastic,12,18,150032,0.05,0.45,0.0,128,6
3187,stochastic_012,stochastic,12,19,150032,0.05,0.45,0.0,128,6
3188,stochastic_012,stochastic,12,20,150032,0.05,0.45,0.0,128,6
3189,stochastic_012,stochastic,12,21,150032,0.05,0.45,0.0,128,6
3190,stochastic_012,stochastic,12,22,150032,0.05,0.45,0.0,128,6
3191,stochastic_012,stochastic,12,23,150032,0.05,0.45,0.0,128,6
3192,stochastic_012,stochastic,12,24,150032,0.05,0.45,0.0,128,6
3193,stochastic_012,stochastic,12,25,150032,0.05,0.45,0.0,128,6
3194,stochastic_012,stochastic,12,26,150032,0.05,0.45,0.0,128,6
3195,stochastic_012,stochastic,12,27,150032,0.05,0.45,0.0,128,6
3196,stochastic_012,stochastic,12,28,150032,0.05,0.45,0.0,128,6
3197,stochastic_012,stochastic,12,29,150032,0.05,0.45,0.0,128,6
3198,stochastic_012,stochastic,12,30,150032,0.05,0.45,0.0,128,6
3199,stochastic_012,stochastic,12,31,150032,0.05,0.45,0.0,128,6
3200,stochastic_012,stochastic,12,32,150032,0.05,0.45,0.0,128,6
3201,stochastic_012,stochastic,12,33,150032,0.05,0.45,0.0,128,6
3202,stochastic_012,stochastic,12,34,150032,0.05,0.45,0.0,128,6
3203,stochastic_012,stochastic,12,35,150032,0.05,0.45,0.0,128,6
3204,stochastic_012,stochastic,12,36,150032,0.05,0.45,0.0,128,6
3205,stochastic_012,stochastic,12,37,150032,0.05,0.45,0.0,128,6
3206,stochastic_012,stochastic,12,38,150032,0.05,0.45,0.0,128,6
3207,stochastic_012,stochastic,12,39,150032,0.05,0.45,0.0,128,6
3208,stochastic_012,stochastic,12,40,150032,0.05,0.45,0.0,128,6
3209,stochastic_012,stochastic,12,41,150032,0.05,0.45,0.0,128,6
3210,stochastic_012,stochastic,12,42,150032,0.05,0.45,0.0,128,6
3211,stochastic_012,stochastic,12,43,150032,0.05,0.45,0.0,128,6
3212,stochastic_012,stochastic,12,44,150032,0.05,0.45,0.0,128,6
3213,stochastic_012,stochastic,12,45,150032,0.05,0.45,0.0,128,6
3214,stochastic_012,stochastic,12,46,150032,0.05,0.45,0.0,128,6
3215,stochastic_012,stochastic,12,47,150032,0.05,0.45,0.0,128,6
3216,stochastic_012,stochastic,12,48,150032,0.05,0.45,0.0,128,6
3217,stochastic_012,stochastic,12,49,150032,0.05,0.45,0.0,128,6
3218,stochastic_012,stochastic,12,50,150032,0.05,0.45,0.0,128,6
3219,stochastic_012,stochastic,12,51,150032,0.05,0.45,0.0,128,6
3220,stochastic_012,stochastic,12,52,150032,0.05,0.45,0.0,128,6
3221,stochastic_012,stochastic,12,53,150032,0.05,0.45,0.0,128,6
3222,stochastic_012,stochastic,12,54,150032,0.05,0.45,0.0,128,6
3223,stochastic_012,stochastic,12,55,150032,0.05,0.45,0.0,128,6
3224,stochastic_012,stochastic,12,56,150032,0.05,0.45,0.0,128,6
3225,stochastic_012,stochastic,12,57,150032,0.05,0.45,0.0,128,6
3226,stochastic_012,stochastic,12,58,150032,0.05,0.45,0.0,128,6
3227,stochastic_012,stochastic,12,59,150032,0.05,0.45,0.0,128,6
3228,stochastic_012,stochastic,12,60,150032,0.05,0.45,0.0,128,6
3229,stochastic_012,stochastic,12,61,150032,0.05,0.45,0.0,128,6
3230,stochastic_012,stochastic,12,62,150032,0.05,0.45,0.0,128,6
3231,stochastic_012,stochastic,12,63,150032,0.05,0.45,0.0,128,6
3232,stochastic_012,stochastic,12,64,150032,0.05,0.45,0.0,128,6
3233,stochastic_012,stochastic,12,65,150032,0.05,0.45,0.0,128,6
3234,stochastic_012,stochastic,12,66,150032,0.05,0.45,0.0,128,6
3235,stochastic_012,stochastic,12,67,150032,0.05,0.45,0.0,128,6
3236,stochastic_012,stochastic,12,68,150032,0.05,0.45,0.0,128,6
3237,stochastic_012,stochastic,12,69,150032,0.05,0.45,0.0,128,6
3238,stochastic_012,stochastic,12,70,150032,0.05,0.45,0.0,128,6
3239,stochastic_012,stochastic,12,71,150032,0.05,0.45,0.0,128,6
3240,stochastic_012,stochastic,12,72,150032,0.05,0.45,0.0,128,6
3241,stochastic_012,stochastic,12,73,150032,0.05,0.45,0.0,128,6
3242,stochastic_012,stochastic,12,74,150032,0.05,0.45,0.0,128,6
3243,stochastic_012,stochastic,12,75,150032,0.05,0.45,0.0,128,6
3244,stochastic_012,stochastic,12,76,150032,0.05,0.45,0.0,128,6
3245,stochastic_012,stochastic,12,77,150032,0.05,0.45,0.0,128,6
3246,stochastic_012,stochastic,12,78,150032,0.05,0.45,0.0,128,6
3247,stochastic_012,stochastic,12,79,150032,0.05,0.45,0.0,128,6
3248,stochastic_012,stochastic,12,80,150032,0.05,0.45,0.0,128,6
3249,stochastic_012,stochastic,12,81,150032,0.05,0.45,0.0,128,6
3250,stochastic_012,stochastic,12,82,150032,0.05,0.45,0.0,128,6
3251,stochastic_012,stochastic,12,83,150032,0.05,0.45,0.0,128,6
3252,stochastic_012,stochastic,12,84,150032,0.05,0.45,0.0,128,6
3253,stochastic_012,stochastic,12,85,150032,0.05,0.45,0.0,128,6
3254,stochastic_012,stochastic,12,86,150032,0.05,0.45,0.0,128,6
3255,stochastic_012,stochastic,12,87,150032,0.05,0.45,0.0,128,6
3256,stochastic_012,stochastic,12,88,150032,0.05,0.45,0.0,128,6
3257,stochastic_012,stochastic,12,89,150032,0.05,0.45,0.0,128,6
3258,stochastic_012,stochastic,12,90,150032,0.05,0.45,0.0,128,6
3259,stochastic_012,stochastic,12,91,150032,0.05,0.45,0.0,128,6
3260,stochastic_012,stochastic,12,92,150032,0.05,0.45,0.0,128,6
3261,stochastic_012,stochastic,12,93,150032,0.05,0.45,0.0,128,6
3262,stochastic_012,stochastic,12,94,150032,0.05,0.45,0.0,128,6
3263,stochastic_012,stochastic,12,95,150032,0.05,0.45,0.0,128,6
3264,stochastic_012,stochastic,12,96,150032,0.05,0.45,0.0,128,6
3265,stochastic_012,stochastic,12,97,150032,0.05,0.45,0.0,128,6
3266,stochastic_012,stochastic,12,98,150032,0.05,0.45,0.0,128,6
3267,stochastic_013,stochastic,13,0,150033,0.05,0.45,0.0,128,6
3268,stochastic_013,stochastic,13,1,150033,0.05,0.45,0.0,128,6
3269,stochastic_013,stochastic,13,2,150033,0.05,0.45,0.0,128,6
3270,stochastic_013,stochastic,13,3,150033,0.05,0.45,0.0,128,6
3271,stochastic_013,stochastic,13,4,150033,0.05,0.45,0.0,128,6
3272,stochastic_013,stochastic,13,5,150033,0.05,0.45,0.0,128,6
3273,stochastic_013,stochastic,13,6,150033,0.05,0.45,0.0,128,6
3274,stochastic_013,stochastic,13,7,150033,0.05,0.45,0.0,128,6
3275,stochastic_013,stochastic,13,8,150033,0.05,0.45,0.0,128,6
3276,stochastic_013,stochastic,13,9,150033,0.05,0.45,0.0,128,6
3277,stochastic_013,stochastic,13,10,150033,0.05,0.45,0.0,128,6
3278,stochastic_013,stochastic,13,11,150033,0.05,0.45,0.0,128,6
3279,stochastic_013,stochastic,13,12,150033,0.05,0.45,0.0,128,6
3280,stochastic_013,stochastic,13,13,150033,0.05,0.45,0.0,128,6
3281,stochastic_013,stochastic,13,14,150033,0.05,0.45,0.0,128,6
3282,stochastic_013,stochastic,13,15,150033,0.05,0.45,0.0,128,6
3283,stochastic_013,stochastic,13,16,150033,0.05,0.45,0.0,128,6
3284,stochastic_013,stochastic,13,17,150033,0.05,0.45,0.0,128,6
3285,stochastic_013,stochastic,13,18,150033,0.05,0.45,0.0,128,6
3286,stochastic_013,stochastic,13,19,150033,0.05,0.45,0.0,128,6
3287,stochastic_013,stochastic,13,20,150033,0.05,0.45,0.0,128,6
3288,stochastic_013,stochastic,13,21,150033,0.05,0.45,0.0,128,6
3289,stochastic_013,stochastic,13,22,150033,0.05,0.45,0.0,128,6
3290,stochastic_013,stochastic,13,23,150033,0.05,0.45,0.0,128,6
3291,stochastic_013,stochastic,13,24,150033,0.05,0.45,0.0,128,6
3292,stochastic_013,stochastic,13,25,150033,0.05,0.45,0.0,128,6
3293,stochastic_013,stochastic,13,26,150033,0.05,0.45,0.0,128,6
3294,stochastic_013,stochastic,13,27,150033,0.05,0.45,0.0,128,6
3295,stochastic_013,stochastic,13,28,150033,0.05,0.45,0.0,128,6
3296,stochastic_013,stochastic,13,29,150033,0.05,0.45,0.0,128,6
3297,stochastic_013,stochastic,13,30,150033,0.05,0.45,0.0,128,6
3298,stochastic_013,stochastic,13,31,150033,0.05,0.45,0.0,128,6
3299,stochastic_013,stochastic,13,32,150033,0.05,0.45,0.0,128,6
3300,stochastic_013,stochastic,13,33,150033,0.05,0.45,0.0,128,6
3301,stochastic_013,stochastic,13,34,150033,0.05,0.45,0.0,128,6
3302,stochastic_013,stochastic,13,35,150033,0.05,0.45,0.0,128,6
3303,stochastic_013,stochastic,13,36,150033,0.05,0.45,0.0,128,6
3304,stochastic_013,stochastic,13,37,150033,0.05,0.45,0.0,128,6
3305,stochastic_013,stochastic,13,38,150033,0.05,0.45,0.0,128,6
3306,stochastic_013,stochastic,13,39,150033,0.05,0.45,0.0,128,6
3307,stochastic_013,stochastic,13,40,150033,0.05,0.45,0.0,128,6
3308,stochastic_013,stochastic,13,41,150033,0.05,0.45,0.0,128,6
3309,stochastic_013,stochastic,13,42,150033,0.05,0.45,0.0,128,6
3310,stochastic_013,stochastic,13,43,150033,0.05,0.45,0.0,128,6
3311,stochastic_013,stochastic,13,44,150033,0.05,0.45,0.0,128,6
3312,stochastic_013,stochastic,13,45,150033,0.05,0.45,0.0,128,6
3313,stochastic_013,stochastic,13,46,150033,0.05,0.45,0.0,128,6
3314,stochastic_013,stochastic,13,47,150033,0.05,0.45,0.0,128,6
3315,stochastic_013,stochastic,13,48,150033,0.05,0.45,0.0,128,6
3316,stochastic_013,stochastic,13,49,150033,0.05,0.45,0.0,128,6
3317,stochastic_013,stochastic,13,50,150033,0.05,0.45,0.0,128,6
3318,stochastic_013,stochastic,13,51,150033,0.05,0.45,0.0,128,6
3319,stochastic_013,stochastic,13,52,150033,0.05,0.45,0.0,128,6
3320,stochastic_013,stochastic,13,53,150033,0.05,0.45,0.0,128,6
3321,stochastic_013,stochastic,13,54,150033,0.05,0.45,0.0,128,6
3322,stochastic_013,stochastic,13,55,150033,0.05,0.45,0.0,128,6
3323,stochastic_013,stochastic,13,56,150033,0.05,0.45,0.0,128,6
3324,stochastic_013,stochastic,13,57,150033,0.05,0.45,0.0,128,6
3325,stochastic_013,stochastic,13,58,150033,0.05,0.45,0.0,128,6
3326,stochastic_013,stochastic,13,59,150033,0.05,0.45,0.0,128,6
3327,stochastic_013,stochastic,13,60,150033,0.05,0.45,0.0,128,6
3328,stochastic_013,stochastic,13,61,150033,0.05,0.45,0.0,128,6
3329,stochastic_013,stochastic,13,62,150033,0.05,0.45,0.0,128,6
3330,stochastic_013,stochastic,13,63,150033,0.05,0.45,0.0,128,6
3331,stochastic_013,stochastic,13,64,150033,0.05,0.45,0.0,128,6
3332,stochastic_013,stochastic,13,65,150033,0.05,0.45,0.0,128,6
3333,stochastic_013,stochastic,13,66,150033,0.05,0.45,0.0,128,6
3334,stochastic_013,stochastic,13,67,150033,0.05,0.45,0.0,128,6
3335,stochastic_013,stochastic,13,68,150033,0.05,0.45,0.0,128,6
3336,stochastic_013,stochastic,13,69,150033,0.05,0.45,0.0,128,6
3337,stochastic_013,stochastic,13,70,150033,0.05,0.45,0.0,128,6
3338,stochastic_013,stochastic,13,71,150033,0.05,0.45,0.0,128,6
3339,stochastic_013,stochastic,13,72,150033,0.05,0.45,0.0,128,6
3340,stochastic_013,stochastic,13,73,150033,0.05,0.45,0.0,128,6
3341,stochastic_013,stochastic,13,74,150033,0.05,0.45,0.0,128,6
3342,stochastic_013,stochastic,13,75,150033,0.05,0.45,0.0,128,6
3343,stochastic_013,stochastic,13,76,150033,0.05,0.45,0.0,128,6
3344,stochastic_013,stochastic,13,77,150033,0.05,0.45,0.0,128,6
3345,stochastic_013,stochastic,13,78,150033,0.05,0.45,0.0,128,6
3346,stochastic_013,stochastic,13,79,150033,0.05,0.45,0.0,128,6
3347,stochastic_013,stochastic,13,80,150033,0.05,0.45,0.0,128,6
3348,stochastic_013,stochastic,13,81,150033,0.05,0.45,0.0,128,6
3349,stochastic_013,stochastic,13,82,150033,0.05,0.45,0.0,128,6
3350,stochastic_013,stochastic,13,83,150033,0.05,0.45,0.0,128,6
3351,stochastic_013,stochastic,13,84,150033,0.05,0.45,0.0,128,6
3352,stochastic_013,stochastic,13,85,150033,0.05,0.45,0.0,128,6
3353,stochastic_013,stochastic,13,86,150033,0.05,0.45,0.0,128,6
3354,stochastic_013,stochastic,13,87,150033,0.05,0.45,0.0,128,6
3355,stochastic_013,stochastic,13,88,150033,0.05,0.45,0.0,128,6
3356,stochastic_013,stochastic,13,89,150033,0.05,0.45,0.0,128,6
3357,stochastic_013,stochastic,13,90,150033,0.05,0.45,0.0,128,6
3358,stochastic_013,stochastic,13,91,150033,0.05,0.45,0.0,128,6
3359,stochastic_013,stochastic,13,92,150033,0.05,0.45,0.0,128,6
3360,stochastic_013,stochastic,13,93,150033,0.05,0.45,0.0,128,6
3361,stochastic_013,stochastic,13,94,150033,0.05,0.45,0.0,128,6
3362,stochastic_013,stochastic,13,95,150033,0.05,0.45,0.0,128,6
3363,stochastic_013,stochastic,13,96,150033,0.05,0.45,0.0,128,6
3364,stochastic_013,stochastic,13,97,150033,0.05,0.45,0.0,128,6
3365,stochastic_013,stochastic,13,98,150033,0.05,0.45,0.0,128,6
3366,stochastic_014,stochastic,14,0,150034,0.05,0.45,0.0,128,6
3367,stochastic_014,stochastic,14,1,150034,0.05,0.45,0.0,128,6
3368,stochastic_014,stochastic,14,2,150034,0.05,0.45,0.0,128,6
3369,stochastic_014,stochastic,14,3,150034,0.05,0.45,0.0,128,6
3370,stochastic_014,stochastic,14,4,150034,0.05,0.45,0.0,128,6
3371,stochastic_014,stochastic,14,5,150034,0.05,0.45,0.0,128,6
3372,stochastic_014,stochastic,14,6,150034,0.05,0.45,0.0,128,6
3373,stochastic_014,stochastic,14,7,150034,0.05,0.45,0.0,128,6
3374,stochastic_014,stochastic,14,8,150034,0.05,0.45,0.0,128,6
3375,stochastic_014,stochastic,14,9,150034,0.05,0.45,0.0,128,6
3376,stochastic_014,stochastic,14,10,150034,0.05,0.45,0.0,128,6
3377,stochastic_014,stochastic,14,11,150034,0.05,0.45,0.0,128,6
3378,stochastic_014,stochastic,14,12,150034,0.05,0.45,0.0,128,6
3379,stochastic_014,stochastic,14,13,150034,0.05,0.45,0.0,128,6
3380,stochastic_014,stochastic,14,14,150034,0.05,0.45,0.0,128,6
3381,stochastic_014,stochastic,14,15,150034,0.05,0.45,0.0,128,6
3382,stochastic_014,stochastic,14,16,150034,0.05,0.45,0.0,128,6
3383,stochastic_014,stochastic,14,17,150034,0.05,0.45,0.0,128,6
3384,stochastic_014,stochastic,14,18,150034,0.05,0.45,0.0,128,6
3385,stochastic_014,stochastic,14,19,150034,0.05,0.45,0.0,128,6
3386,stochastic_014,stochastic,14,20,150034,0.05,0.45,0.0,128,6
3387,stochastic_014,stochastic,14,21,150034,0.05,0.45,0.0,128,6
3388,stochastic_014,stochastic,14,22,150034,0.05,0.45,0.0,128,6
3389,stochastic_014,stochastic,14,23,150034,0.05,0.45,0.0,128,6
3390,stochastic_014,stochastic,14,24,150034,0.05,0.45,0.0,128,6
3391,stochastic_014,stochastic,14,25,150034,0.05,0.45,0.0,128,6
3392,stochastic_014,stochastic,14,26,150034,0.05,0.45,0.0,128,6
3393,stochastic_014,stochastic,14,27,150034,0.05,0.45,0.0,128,6
3394,stochastic_014,stochastic,14,28,150034,0.05,0.45,0.0,128,6
3395,stochastic_014,stochastic,14,29,150034,0.05,0.45,0.0,128,6
3396,stochastic_014,stochastic,14,30,150034,0.05,0.45,0.0,128,6
3397,stochastic_014,stochastic,14,31,150034,0.05,0.45,0.0,128,6
3398,stochastic_014,stochastic,14,32,150034,0.05,0.45,0.0,128,6
3399,stochastic_014,stochastic,14,33,150034,0.05,0.45,0.0,128,6
3400,stochastic_014,stochastic,14,34,150034,0.05,0.45,0.0,128,6
3401,stochastic_014,stochastic,14,35,150034,0.05,0.45,0.0,128,6
3402,stochastic_014,stochastic,14,36,150034,0.05,0.45,0.0,128,6
3403,stochastic_014,stochastic,14,37,150034,0.05,0.45,0.0,128,6
3404,stochastic_014,stochastic,14,38,150034,0.05,0.45,0.0,128,6
3405,stochastic_014,stochastic,14,39,150034,0.05,0.45,0.0,128,6
3406,stochastic_014,stochastic,14,40,150034,0.05,0.45,0.0,128,6
3407,stochastic_014,stochastic,14,41,150034,0.05,0.45,0.0,128,6
3408,stochastic_014,stochastic,14,42,150034,0.05,0.45,0.0,128,6
3409,stochastic_014,stochastic,14,43,150034,0.05,0.45,0.0,128,6
3410,stochastic_014,stochastic,14,44,150034,0.05,0.45,0.0,128,6
3411,stochastic_014,stochastic,14,45,150034,0.05,0.45,0.0,128,6
3412,stochastic_014,stochastic,14,46,150034,0.05,0.45,0.0,128,6
3413,stochastic_014,stochastic,14,47,150034,0.05,0.45,0.0,128,6
3414,stochastic_014,stochastic,14,48,150034,0.05,0.45,0.0,128,6
3415,stochastic_014,stochastic,14,49,150034,0.05,0.45,0.0,128,6
3416,stochastic_014,stochastic,14,50,150034,0.05,0.45,0.0,128,6
3417,stochastic_014,stochastic,14,51,150034,0.05,0.45,0.0,128,6
3418,stochastic_014,stochastic,14,52,150034,0.05,0.45,0.0,128,6
3419,stochastic_014,stochastic,14,53,150034,0.05,0.45,0.0,128,6
3420,stochastic_014,stochastic,14,54,150034,0.05,0.45,0.0,128,6
3421,stochastic_014,stochastic,14,55,150034,0.05,0.45,0.0,128,6
3422,stochastic_014,stochastic,14,56,150034,0.05,0.45,0.0,128,6
3423,stochastic_014,stochastic,14,57,150034,0.05,0.45,0.0,128,6
3424,stochastic_014,stochastic,14,58,150034,0.05,0.45,0.0,128,6
3425,stochastic_014,stochastic,14,59,150034,0.05,0.45,0.0,128,6
3426,stochastic_014,stochastic,14,60,150034,0.05,0.45,0.0,128,6
3427,stochastic_014,stochastic,14,61,150034,0.05,0.45,0.0,128,6
3428,stochastic_014,stochastic,14,62,150034,0.05,0.45,0.0,128,6
3429,stochastic_014,stochastic,14,63,150034,0.05,0.45,0.0,128,6
3430,stochastic_014,stochastic,14,64,150034,0.05,0.45,0.0,128,6
3431,stochastic_014,stochastic,14,65,150034,0.05,0.45,0.0,128,6
3432,stochastic_014,stochastic,14,66,150034,0.05,0.45,0.0,128,6
3433,stochastic_014,stochastic,14,67,150034,0.05,0.45,0.0,128,6
3434,stochastic_014,stochastic,14,68,150034,0.05,0.45,0.0,128,6
3435,stochastic_014,stochastic,14,69,150034,0.05,0.45,0.0,128,6
3436,stochastic_014,stochastic,14,70,150034,0.05,0.45,0.0,128,6
3437,stochastic_014,stochastic,14,71,150034,0.05,0.45,0.0,128,6
3438,stochastic_014,stochastic,14,72,150034,0.05,0.45,0.0,128,6
3439,stochastic_014,stochastic,14,73,150034,0.05,0.45,0.0,128,6
3440,stochastic_014,stochastic,14,74,150034,0.05,0.45,0.0,128,6
3441,stochastic_014,stochastic,14,75,150034,0.05,0.45,0.0,128,6
3442,stochastic_014,stochastic,14,76,150034,0.05,0.45,0.0,128,6
3443,stochastic_014,stochastic,14,77,150034,0.05,0.45,0.0,128,6
3444,stochastic_014,stochastic,14,78,150034,0.05,0.45,0.0,128,6
3445,stochastic_014,stochastic,14,79,150034,0.05,0.45,0.0,128,6
3446,stochastic_014,stochastic,14,80,150034,0.05,0.45,0.0,128,6
3447,stochastic_014,stochastic,14,81,150034,0.05,0.45,0.0,128,6
3448,stochastic_014,stochastic,14,82,150034,0.05,0.45,0.0,128,6
3449,stochastic_014,stochastic,14,83,150034,0.05,0.45,0.0,128,6
3450,stochastic_014,stochastic,14,84,150034,0.05,0.45,0.0,128,6
3451,stochastic_014,stochastic,14,85,150034,0.05,0.45,0.0,128,6
3452,stochastic_014,stochastic,14,86,150034,0.05,0.45,0.0,128,6
3453,stochastic_014,stochastic,14,87,150034,0.05,0.45,0.0,128,6
3454,stochastic_014,stochastic,14,88,150034,0.05,0.45,0.0,128,6
3455,stochastic_014,stochastic,14,89,150034,0.05,0.45,0.0,128,6
3456,stochastic_014,stochastic,14,90,150034,0.05,0.45,0.0,128,6
3457,stochastic_014,stochastic,14,91,150034,0.05,0.45,0.0,128,6
3458,stochastic_014,stochastic,14,92,150034,0.05,0.45,0.0,128,6
3459,stochastic_014,stochastic,14,93,150034,0.05,0.45,0.0,128,6
3460,stochastic_014,stochastic,14,94,150034,0.05,0.45,0.0,128,6
3461,stochastic_014,stochastic,14,95,150034,0.05,0.45,0.0,128,6
3462,stochastic_014,stochastic,14,96,150034,0.05,0.45,0.0,128,6
3463,stochastic_014,stochastic,14,97,150034,0.05,0.45,0.0,128,6
3464,stochastic_014,stochastic,14,98,150034,0.05,0.45,0.0,128,6
3465,stochastic_015,stochastic,15,0,150035,0.05,0.45,0.0,128,6
3466,stochastic_015,stochastic,15,1,150035,0.05,0.45,0.0,128,6
3467,stochastic_015,stochastic,15,2,150035,0.05,0.45,0.0,128,6
3468,stochastic_015,stochastic,15,3,150035,0.05,0.45,0.0,128,6
3469,stochastic_015,stochastic,15,4,150035,0.05,0.45,0.0,128,6
3470,stochastic_015,stochastic,15,5,150035,0.05,0.45,0.0,128,6
3471,stochastic_015,stochastic,15,6,150035,0.05,0.45,0.0,128,6
3472,stochastic_015,stochastic,15,7,150035,0.05,0.45,0.0,128,6
3473,stochastic_015,stochastic,15,8,150035,0.05,0.45,0.0,128,6
3474,stochastic_015,stochastic,15,9,150035,0.05,0.45,0.0,128,6
3475,stochastic_015,stochastic,15,10,150035,0.05,0.45,0.0,128,6
3476,stochastic_015,stochastic,15,11,150035,0.05,0.45,0.0,128,6
3477,stochastic_015,stochastic,15,12,150035,0.05,0.45,0.0,128,6
3478,stochastic_015,stochastic,15,13,150035,0.05,0.45,0.0,128,6
3479,stochastic_015,stochastic,15,14,150035,0.05,0.45,0.0,128,6
3480,stochastic_015,stochastic,15,15,150035,0.05,0.45,0.0,128,6
3481,stochastic_015,stochastic,15,16,150035,0.05,0.45,0.0,128,6
3482,stochastic_015,stochastic,15,17,150035,0.05,0.45,0.0,128,6
3483,stochastic_015,stochastic,15,18,150035,0.05,0.45,0.0,128,6
3484,stochastic_015,stochastic,15,19,150035,0.05,0.45,0.0,128,6
3485,stochastic_015,stochastic,15,20,150035,0.05,0.45,0.0,128,6
3486,stochastic_015,stochastic,15,21,150035,0.05,0.45,0.0,128,6
3487,stochastic_015,stochastic,15,22,150035,0.05,0.45,0.0,128,6
3488,stochastic_015,stochastic,15,23,150035,0.05,0.45,0.0,128,6
3489,stochastic_015,stochastic,15,24,150035,0.05,0.45,0.0,128,6
3490,stochastic_015,stochastic,15,25,150035,0.05,0.45,0.0,128,6
3491,stochastic_015,stochastic,15,26,150035,0.05,0.45,0.0,128,6
3492,stochastic_015,stochastic,15,27,150035,0.05,0.45,0.0,128,6
3493,stochastic_015,stochastic,15,28,150035,0.05,0.45,0.0,128,6
3494,stochastic_015,stochastic,15,29,150035,0.05,0.45,0.0,128,6
3495,stochastic_015,stochastic,15,30,150035,0.05,0.45,0.0,128,6
3496,stochastic_015,stochastic,15,31,150035,0.05,0.45,0.0,128,6
3497,stochastic_015,stochastic,15,32,150035,0.05,0.45,0.0,128,6
3498,stochastic_015,stochastic,15,33,150035,0.05,0.45,0.0,128,6
3499,stochastic_015,stochastic,15,34,150035,0.05,0.45,0.0,128,6
3500,stochastic_015,stochastic,15,35,150035,0.05,0.45,0.0,128,6
3501,stochastic_015,stochastic,15,36,150035,0.05,0.45,0.0,128,6
3502,stochastic_015,stochastic,15,37,150035,0.05,0.45,0.0,128,6
3503,stochastic_015,stochastic,15,38,150035,0.05,0.45,0.0,128,6
3504,stochastic_015,stochastic,15,39,150035,0.05,0.45,0.0,128,6
3505,stochastic_015,stochastic,15,40,150035,0.05,0.45,0.0,128,6
3506,stochastic_015,stochastic,15,41,150035,0.05,0.45,0.0,128,6
3507,stochastic_015,stochastic,15,42,150035,0.05,0.45,0.0,128,6
3508,stochastic_015,stochastic,15,43,150035,0.05,0.45,0.0,128,6
3509,stochastic_015,stochastic,15,44,150035,0.05,0.45,0.0,128,6
3510,stochastic_015,stochastic,15,45,150035,0.05,0.45,0.0,128,6
3511,stochastic_015,stochastic,15,46,150035,0.05,0.45,0.0,128,6
3512,stochastic_015,stochastic,15,47,150035,0.05,0.45,0.0,128,6
3513,stochastic_015,stochastic,15,48,150035,0.05,0.45,0.0,128,6
3514,stochastic_015,stochastic,15,49,150035,0.05,0.45,0.0,128,6
3515,stochastic_015,stochastic,15,50,150035,0.05,0.45,0.0,128,6
3516,stochastic_015,stochastic,15,51,150035,0.05,0.45,0.0,128,6
3517,stochastic_015,stochastic,15,52,150035,0.05,0.45,0.0,128,6
3518,stochastic_015,stochastic,15,53,150035,0.05,0.45,0.0,128,6
3519,stochastic_015,stochastic,15,54,150035,0.05,0.45,0.0,128,6
3520,stochastic_015,stochastic,15,55,150035,0.05,0.45,0.0,128,6
3521,stochastic_015,stochastic,15,56,150035,0.05,0.45,0.0,128,6
3522,stochastic_015,stochastic,15,57,150035,0.05,0.45,0.0,128,6
3523,stochastic_015,stochastic,15,58,150035,0.05,0.45,0.0,128,6
3524,stochastic_015,stochastic,15,59,150035,0.05,0.45,0.0,128,6
3525,stochastic_015,stochastic,15,60,150035,0.05,0.45,0.0,128,6
3526,stochastic_015,stochastic,15,61,150035,0.05,0.45,0.0,128,6
3527,stochastic_015,stochastic,15,62,150035,0.05,0.45,0.0,128,6
3528,stochastic_015,stochastic,15,63,150035,0.05,0.45,0.0,128,6
3529,stochastic_015,stochastic,15,64,150035,0.05,0.45,0.0,128,6
3530,stochastic_015,stochastic,15,65,150035,0.05,0.45,0.0,128,6
3531,stochastic_015,stochastic,15,66,150035,0.05,0.45,0.0,128,6
3532,stochastic_015,stochastic,15,67,150035,0.05,0.45,0.0,128,6
3533,stochastic_015,stochastic,15,68,150035,0.05,0.45,0.0,128,6
3534,stochastic_015,stochastic,15,69,150035,0.05,0.45,0.0,128,6
3535,stochastic_015,stochastic,15,70,150035,0.05,0.45,0.0,128,6
3536,stochastic_015,stochastic,15,71,150035,0.05,0.45,0.0,128,6
3537,stochastic_015,stochastic,15,72,150035,0.05,0.45,0.0,128,6
3538,stochastic_015,stochastic,15,73,150035,0.05,0.45,0.0,128,6
3539,stochastic_015,stochastic,15,74,150035,0.05,0.45,0.0,128,6
3540,stochastic_015,stochastic,15,75,150035,0.05,0.45,0.0,128,6
3541,stochastic_015,stochastic,15,76,150035,0.05,0.45,0.0,128,6
3542,stochastic_015,stochastic,15,77,150035,0.05,0.45,0.0,128,6
3543,stochastic_015,stochastic,15,78,150035,0.05,0.45,0.0,128,6
3544,stochastic_015,stochastic,15,79,150035,0.05,0.45,0.0,128,6
3545,stochastic_015,stochastic,15,80,150035,0.05,0.45,0.0,128,6
3546,stochastic_015,stochastic,15,81,150035,0.05,0.45,0.0,128,6
3547,stochastic_015,stochastic,15,82,150035,0.05,0.45,0.0,128,6
3548,stochastic_015,stochastic,15,83,150035,0.05,0.45,0.0,128,6
3549,stochastic_015,stochastic,15,84,150035,0.05,0.45,0.0,128,6
3550,stochastic_015,stochastic,15,85,150035,0.05,0.45,0.0,128,6
3551,stochastic_015,stochastic,15,86,150035,0.05,0.45,0.0,128,6
3552,stochastic_015,stochastic,15,87,150035,0.05,0.45,0.0,128,6
3553,stochastic_015,stochastic,15,88,150035,0.05,0.45,0.0,128,6
3554,stochastic_015,stochastic,15,89,150035,0.05,0.45,0.0,128,6
3555,stochastic_015,stochastic,15,90,150035,0.05,0.45,0.0,128,6
3556,stochastic_015,stochastic,15,91,150035,0.05,0.45,0.0,128,6
3557,stochastic_015,stochastic,15,92,150035,0.05,0.45,0.0,128,6
3558,stochastic_015,stochastic,15,93,150035,0.05,0.45,0.0,128,6
3559,stochastic_015,stochastic,15,94,150035,0.05,0.45,0.0,128,6
3560,stochastic_015,stochastic,15,95,150035,0.05,0.45,0.0,128,6
3561,stochastic_015,stochastic,15,96,150035,0.05,0.45,0.0,128,6
3562,stochastic_015,stochastic,15,97,150035,0.05,0.45,0.0,128,6
3563,stochastic_015,stochastic,15,98,150035,0.05,0.45,0.0,128,6
3564,stochastic_016,stochastic,16,0,150036,0.05,0.45,0.0,128,6
3565,stochastic_016,stochastic,16,1,150036,0.05,0.45,0.0,128,6
3566,stochastic_016,stochastic,16,2,150036,0.05,0.45,0.0,128,6
3567,stochastic_016,stochastic,16,3,150036,0.05,0.45,0.0,128,6
3568,stochastic_016,stochastic,16,4,150036,0.05,0.45,0.0,128,6
3569,stochastic_016,stochastic,16,5,150036,0.05,0.45,0.0,128,6
3570,stochastic_016,stochastic,16,6,150036,0.05,0.45,0.0,128,6
3571,stochastic_016,stochastic,16,7,150036,0.05,0.45,0.0,128,6
3572,stochastic_016,stochastic,16,8,150036,0.05,0.45,0.0,128,6
3573,stochastic_016,stochastic,16,9,150036,0.05,0.45,0.0,128,6
3574,stochastic_016,stochastic,16,10,150036,0.05,0.45,0.0,128,6
3575,stochastic_016,stochastic,16,11,150036,0.05,0.45,0.0,128,6
3576,stochastic_016,stochastic,16,12,150036,0.05,0.45,0.0,128,6
3577,stochastic_016,stochastic,16,13,150036,0.05,0.45,0.0,128,6
3578,stochastic_016,stochastic,16,14,150036,0.05,0.45,0.0,128,6
3579,stochastic_016,stochastic,16,15,150036,0.05,0.45,0.0,128,6
3580,stochastic_016,stochastic,16,16,150036,0.05,0.45,0.0,128,6
3581,stochastic_016,stochastic,16,17,150036,0.05,0.45,0.0,128,6
3582,stochastic_016,stochastic,16,18,150036,0.05,0.45,0.0,128,6
3583,stochastic_016,stochastic,16,19,150036,0.05,0.45,0.0,128,6
3584,stochastic_016,stochastic,16,20,150036,0.05,0.45,0.0,128,6
3585,stochastic_016,stochastic,16,21,150036,0.05,0.45,0.0,128,6
3586,stochastic_016,stochastic,16,22,150036,0.05,0.45,0.0,128,6
3587,stochastic_016,stochastic,16,23,150036,0.05,0.45,0.0,128,6
3588,stochastic_016,stochastic,16,24,150036,0.05,0.45,0.0,128,6
3589,stochastic_016,stochastic,16,25,150036,0.05,0.45,0.0,128,6
3590,stochastic_016,stochastic,16,26,150036,0.05,0.45,0.0,128,6
3591,stochastic_016,stochastic,16,27,150036,0.05,0.45,0.0,128,6
3592,stochastic_016,stochastic,16,28,150036,0.05,0.45,0.0,128,6
3593,stochastic_016,stochastic,16,29,150036,0.05,0.45,0.0,128,6
3594,stochastic_016,stochastic,16,30,150036,0.05,0.45,0.0,128,6
3595,stochastic_016,stochastic,16,31,150036,0.05,0.45,0.0,128,6
3596,stochastic_016,stochastic,16,32,150036,0.05,0.45,0.0,128,6
3597,stochastic_016,stochastic,16,33,150036,0.05,0.45,0.0,128,6
3598,stochastic_016,stochastic,16,34,150036,0.05,0.45,0.0,128,6
3599,stochastic_016,stochastic,16,35,150036,0.05,0.45,0.0,128,6
3600,stochastic_016,stochastic,16,36,150036,0.05,0.45,0.0,128,6
3601,stochastic_016,stochastic,16,37,150036,0.05,0.45,0.0,128,6
3602,stochastic_016,stochastic,16,38,150036,0.05,0.45,0.0,128,6
3603,stochastic_016,stochastic,16,39,150036,0.05,0.45,0.0,128,6
3604,stochastic_016,stochastic,16,40,150036,0.05,0.45,0.0,128,6
3605,stochastic_016,stochastic,16,41,150036,0.05,0.45,0.0,128,6
3606,stochastic_016,stochastic,16,42,150036,0.05,0.45,0.0,128,6
3607,stochastic_016,stochastic,16,43,150036,0.05,0.45,0.0,128,6
3608,stochastic_016,stochastic,16,44,150036,0.05,0.45,0.0,128,6
3609,stochastic_016,stochastic,16,45,150036,0.05,0.45,0.0,128,6
3610,stochastic_016,stochastic,16,46,150036,0.05,0.45,0.0,128,6
3611,stochastic_016,stochastic,16,47,150036,0.05,0.45,0.0,128,6
3612,stochastic_016,stochastic,16,48,150036,0.05,0.45,0.0,128,6
3613,stochastic_016,stochastic,16,49,150036,0.05,0.45,0.0,128,6
3614,stochastic_016,stochastic,16,50,150036,0.05,0.45,0.0,128,6
3615,stochastic_016,stochastic,16,51,150036,0.05,0.45,0.0,128,6
3616,stochastic_016,stochastic,16,52,150036,0.05,0.45,0.0,128,6
3617,stochastic_016,stochastic,16,53,150036,0.05,0.45,0.0,128,6
3618,stochastic_016,stochastic,16,54,150036,0.05,0.45,0.0,128,6
3619,stochastic_016,stochastic,16,55,150036,0.05,0.45,0.0,128,6
3620,stochastic_016,stochastic,16,56,150036,0.05,0.45,0.0,128,6
3621,stochastic_016,stochastic,16,57,150036,0.05,0.45,0.0,128,6
3622,stochastic_016,stochastic,16,58,150036,0.05,0.45,0.0,128,6
3623,stochastic_016,stochastic,16,59,150036,0.05,0.45,0.0,128,6
3624,stochastic_016,stochastic,16,60,150036,0.05,0.45,0.0,128,6
3625,stochastic_016,stochastic,16,61,150036,0.05,0.45,0.0,128,6
3626,stochastic_016,stochastic,16,62,150036,0.05,0.45,0.0,128,6
3627,stochastic_016,stochastic,16,63,150036,0.05,0.45,0.0,128,6
3628,stochastic_016,stochastic,16,64,150036,0.05,0.45,0.0,128,6
3629,stochastic_016,stochastic,16,65,150036,0.05,0.45,0.0,128,6
3630,stochastic_016,stochastic,16,66,150036,0.05,0.45,0.0,128,6
3631,stochastic_016,stochastic,16,67,150036,0.05,0.45,0.0,128,6
3632,stochastic_016,stochastic,16,68,150036,0.05,0.45,0.0,128,6
3633,stochastic_016,stochastic,16,69,150036,0.05,0.45,0.0,128,6
3634,stochastic_016,stochastic,16,70,150036,0.05,0.45,0.0,128,6
3635,stochastic_016,stochastic,16,71,150036,0.05,0.45,0.0,128,6
3636,stochastic_016,stochastic,16,72,150036,0.05,0.45,0.0,128,6
3637,stochastic_016,stochastic,16,73,150036,0.05,0.45,0.0,128,6
3638,stochastic_016,stochastic,16,74,150036,0.05,0.45,0.0,128,6
3639,stochastic_016,stochastic,16,75,150036,0.05,0.45,0.0,128,6
3640,stochastic_016,stochastic,16,76,150036,0.05,0.45,0.0,128,6
3641,stochastic_016,stochastic,16,77,150036,0.05,0.45,0.0,128,6
3642,stochastic_016,stochastic,16,78,150036,0.05,0.45,0.0,128,6
3643,stochastic_016,stochastic,16,79,150036,0.05,0.45,0.0,128,6
3644,stochastic_016,stochastic,16,80,150036,0.05,0.45,0.0,128,6
3645,stochastic_016,stochastic,16,81,150036,0.05,0.45,0.0,128,6
3646,stochastic_016,stochastic,16,82,150036,0.05,0.45,0.0,128,6
3647,stochastic_016,stochastic,16,83,150036,0.05,0.45,0.0,128,6
3648,stochastic_016,stochastic,16,84,150036,0.05,0.45,0.0,128,6
3649,stochastic_016,stochastic,16,85,150036,0.05,0.45,0.0,128,6
3650,stochastic_016,stochastic,16,86,150036,0.05,0.45,0.0,128,6
3651,stochastic_016,stochastic,16,87,150036,0.05,0.45,0.0,128,6
3652,stochastic_016,stochastic,16,88,150036,0.05,0.45,0.0,128,6
3653,stochastic_016,stochastic,16,89,150036,0.05,0.45,0.0,128,6
3654,stochastic_016,stochastic,16,90,150036,0.05,0.45,0.0,128,6
3655,stochastic_016,stochastic,16,91,150036,0.05,0.45,0.0,128,6
3656,stochastic_016,stochastic,16,92,150036,0.05,0.45,0.0,128,6
3657,stochastic_016,stochastic,16,93,150036,0.05,0.45,0.0,128,6
3658,stochastic_016,stochastic,16,94,150036,0.05,0.45,0.0,128,6
3659,stochastic_016,stochastic,16,95,150036,0.05,0.45,0.0,128,6
3660,stochastic_016,stochastic,16,96,150036,0.05,0.45,0.0,128,6
3661,stochastic_016,stochastic,16,97,150036,0.05,0.45,0.0,128,6
3662,stochastic_016,stochastic,16,98,150036,0.05,0.45,0.0,128,6
3663,stochastic_017,stochastic,17,0,150037,0.05,0.45,0.0,128,6
3664,stochastic_017,stochastic,17,1,150037,0.05,0.45,0.0,128,6
3665,stochastic_017,stochastic,17,2,150037,0.05,0.45,0.0,128,6
3666,stochastic_017,stochastic,17,3,150037,0.05,0.45,0.0,128,6
3667,stochastic_017,stochastic,17,4,150037,0.05,0.45,0.0,128,6
3668,stochastic_017,stochastic,17,5,150037,0.05,0.45,0.0,128,6
3669,stochastic_017,stochastic,17,6,150037,0.05,0.45,0.0,128,6
3670,stochastic_017,stochastic,17,7,150037,0.05,0.45,0.0,128,6
3671,stochastic_017,stochastic,17,8,150037,0.05,0.45,0.0,128,6
3672,stochastic_017,stochastic,17,9,150037,0.05,0.45,0.0,128,6
3673,stochastic_017,stochastic,17,10,150037,0.05,0.45,0.0,128,6
3674,stochastic_017,stochastic,17,11,150037,0.05,0.45,0.0,128,6
3675,stochastic_017,stochastic,17,12,150037,0.05,0.45,0.0,128,6
3676,stochastic_017,stochastic,17,13,150037,0.05,0.45,0.0,128,6
3677,stochastic_017,stochastic,17,14,150037,0.05,0.45,0.0,128,6
3678,stochastic_017,stochastic,17,15,150037,0.05,0.45,0.0,128,6
3679,stochastic_017,stochastic,17,16,150037,0.05,0.45,0.0,128,6
3680,stochastic_017,stochastic,17,17,150037,0.05,0.45,0.0,128,6
3681,stochastic_017,stochastic,17,18,150037,0.05,0.45,0.0,128,6
3682,stochastic_017,stochastic,17,19,150037,0.05,0.45,0.0,128,6
3683,stochastic_017,stochastic,17,20,150037,0.05,0.45,0.0,128,6
3684,stochastic_017,stochastic,17,21,150037,0.05,0.45,0.0,128,6
3685,stochastic_017,stochastic,17,22,150037,0.05,0.45,0.0,128,6
3686,stochastic_017,stochastic,17,23,150037,0.05,0.45,0.0,128,6
3687,stochastic_017,stochastic,17,24,150037,0.05,0.45,0.0,128,6
3688,stochastic_017,stochastic,17,25,150037,0.05,0.45,0.0,128,6
3689,stochastic_017,stochastic,17,26,150037,0.05,0.45,0.0,128,6
3690,stochastic_017,stochastic,17,27,150037,0.05,0.45,0.0,128,6
3691,stochastic_017,stochastic,17,28,150037,0.05,0.45,0.0,128,6
3692,stochastic_017,stochastic,17,29,150037,0.05,0.45,0.0,128,6
3693,stochastic_017,stochastic,17,30,150037,0.05,0.45,0.0,128,6
3694,stochastic_017,stochastic,17,31,150037,0.05,0.45,0.0,128,6
3695,stochastic_017,stochastic,17,32,150037,0.05,0.45,0.0,128,6
3696,stochastic_017,stochastic,17,33,150037,0.05,0.45,0.0,128,6
3697,stochastic_017,stochastic,17,34,150037,0.05,0.45,0.0,128,6
3698,stochastic_017,stochastic,17,35,150037,0.05,0.45,0.0,128,6
3699,stochastic_017,stochastic,17,36,150037,0.05,0.45,0.0,128,6
3700,stochastic_017,stochastic,17,37,150037,0.05,0.45,0.0,128,6
3701,stochastic_017,stochastic,17,38,150037,0.05,0.45,0.0,128,6
3702,stochastic_017,stochastic,17,39,150037,0.05,0.45,0.0,128,6
3703,stochastic_017,stochastic,17,40,150037,0.05,0.45,0.0,128,6
3704,stochastic_017,stochastic,17,41,150037,0.05,0.45,0.0,128,6
3705,stochastic_017,stochastic,17,42,150037,0.05,0.45,0.0,128,6
3706,stochastic_017,stochastic,17,43,150037,0.05,0.45,0.0,128,6
3707,stochastic_017,stochastic,17,44,150037,0.05,0.45,0.0,128,6
3708,stochastic_017,stochastic,17,45,150037,0.05,0.45,0.0,128,6
3709,stochastic_017,stochastic,17,46,150037,0.05,0.45,0.0,128,6
3710,stochastic_017,stochastic,17,47,150037,0.05,0.45,0.0,128,6
3711,stochastic_017,stochastic,17,48,150037,0.05,0.45,0.0,128,6
3712,stochastic_017,stochastic,17,49,150037,0.05,0.45,0.0,128,6
3713,stochastic_017,stochastic,17,50,150037,0.05,0.45,0.0,128,6
3714,stochastic_017,stochastic,17,51,150037,0.05,0.45,0.0,128,6
3715,stochastic_017,stochastic,17,52,150037,0.05,0.45,0.0,128,6
3716,stochastic_017,stochastic,17,53,150037,0.05,0.45,0.0,128,6
3717,stochastic_017,stochastic,17,54,150037,0.05,0.45,0.0,128,6
3718,stochastic_017,stochastic,17,55,150037,0.05,0.45,0.0,128,6
3719,stochastic_017,stochastic,17,56,150037,0.05,0.45,0.0,128,6
3720,stochastic_017,stochastic,17,57,150037,0.05,0.45,0.0,128,6
3721,stochastic_017,stochastic,17,58,150037,0.05,0.45,0.0,128,6
3722,stochastic_017,stochastic,17,59,150037,0.05,0.45,0.0,128,6
3723,stochastic_017,stochastic,17,60,150037,0.05,0.45,0.0,128,6
3724,stochastic_017,stochastic,17,61,150037,0.05,0.45,0.0,128,6
3725,stochastic_017,stochastic,17,62,150037,0.05,0.45,0.0,128,6
3726,stochastic_017,stochastic,17,63,150037,0.05,0.45,0.0,128,6
3727,stochastic_017,stochastic,17,64,150037,0.05,0.45,0.0,128,6
3728,stochastic_017,stochastic,17,65,150037,0.05,0.45,0.0,128,6
3729,stochastic_017,stochastic,17,66,150037,0.05,0.45,0.0,128,6
3730,stochastic_017,stochastic,17,67,150037,0.05,0.45,0.0,128,6
3731,stochastic_017,stochastic,17,68,150037,0.05,0.45,0.0,128,6
3732,stochastic_017,stochastic,17,69,150037,0.05,0.45,0.0,128,6
3733,stochastic_017,stochastic,17,70,150037,0.05,0.45,0.0,128,6
3734,stochastic_017,stochastic,17,71,150037,0.05,0.45,0.0,128,6
3735,stochastic_017,stochastic,17,72,150037,0.05,0.45,0.0,128,6
3736,stochastic_017,stochastic,17,73,150037,0.05,0.45,0.0,128,6
3737,stochastic_017,stochastic,17,74,150037,0.05,0.45,0.0,128,6
3738,stochastic_017,stochastic,17,75,150037,0.05,0.45,0.0,128,6
3739,stochastic_017,stochastic,17,76,150037,0.05,0.45,0.0,128,6
3740,stochastic_017,stochastic,17,77,150037,0.05,0.45,0.0,128,6
3741,stochastic_017,stochastic,17,78,150037,0.05,0.45,0.0,128,6
3742,stochastic_017,stochastic,17,79,150037,0.05,0.45,0.0,128,6
3743,stochastic_017,stochastic,17,80,150037,0.05,0.45,0.0,128,6
3744,stochastic_017,stochastic,17,81,150037,0.05,0.45,0.0,128,6
3745,stochastic_017,stochastic,17,82,150037,0.05,0.45,0.0,128,6
3746,stochastic_017,stochastic,17,83,150037,0.05,0.45,0.0,128,6
3747,stochastic_017,stochastic,17,84,150037,0.05,0.45,0.0,128,6
3748,stochastic_017,stochastic,17,85,150037,0.05,0.45,0.0,128,6
3749,stochastic_017,stochastic,17,86,150037,0.05,0.45,0.0,128,6
3750,stochastic_017,stochastic,17,87,150037,0.05,0.45,0.0,128,6
3751,stochastic_017,stochastic,17,88,150037,0.05,0.45,0.0,128,6
3752,stochastic_017,stochastic,17,89,150037,0.05,0.45,0.0,128,6
3753,stochastic_017,stochastic,17,90,150037,0.05,0.45,0.0,128,6
3754,stochastic_017,stochastic,17,91,150037,0.05,0.45,0.0,128,6
3755,stochastic_017,stochastic,17,92,150037,0.05,0.45,0.0,128,6
3756,stochastic_017,stochastic,17,93,150037,0.05,0.45,0.0,128,6
3757,stochastic_017,stochastic,17,94,150037,0.05,0.45,0.0,128,6
3758,stochastic_017,stochastic,17,95,150037,0.05,0.45,0.0,128,6
3759,stochastic_017,stochastic,17,96,150037,0.05,0.45,0.0,128,6
3760,stochastic_017,stochastic,17,97,150037,0.05,0.45,0.0,128,6
3761,stochastic_017,stochastic,17,98,150037,0.05,0.45,0.0,128,6
3762,stochastic_018,stochastic,18,0,150038,0.05,0.45,0.0,128,6
3763,stochastic_018,stochastic,18,1,150038,0.05,0.45,0.0,128,6
3764,stochastic_018,stochastic,18,2,150038,0.05,0.45,0.0,128,6
3765,stochastic_018,stochastic,18,3,150038,0.05,0.45,0.0,128,6
3766,stochastic_018,stochastic,18,4,150038,0.05,0.45,0.0,128,6
3767,stochastic_018,stochastic,18,5,150038,0.05,0.45,0.0,128,6
3768,stochastic_018,stochastic,18,6,150038,0.05,0.45,0.0,128,6
3769,stochastic_018,stochastic,18,7,150038,0.05,0.45,0.0,128,6
3770,stochastic_018,stochastic,18,8,150038,0.05,0.45,0.0,128,6
3771,stochastic_018,stochastic,18,9,150038,0.05,0.45,0.0,128,6
3772,stochastic_018,stochastic,18,10,150038,0.05,0.45,0.0,128,6
3773,stochastic_018,stochastic,18,11,150038,0.05,0.45,0.0,128,6
3774,stochastic_018,stochastic,18,12,150038,0.05,0.45,0.0,128,6
3775,stochastic_018,stochastic,18,13,150038,0.05,0.45,0.0,128,6
3776,stochastic_018,stochastic,18,14,150038,0.05,0.45,0.0,128,6
3777,stochastic_018,stochastic,18,15,150038,0.05,0.45,0.0,128,6
3778,stochastic_018,stochastic,18,16,150038,0.05,0.45,0.0,128,6
3779,stochastic_018,stochastic,18,17,150038,0.05,0.45,0.0,128,6
3780,stochastic_018,stochastic,18,18,150038,0.05,0.45,0.0,128,6
3781,stochastic_018,stochastic,18,19,150038,0.05,0.45,0.0,128,6
3782,stochastic_018,stochastic,18,20,150038,0.05,0.45,0.0,128,6
3783,stochastic_018,stochastic,18,21,150038,0.05,0.45,0.0,128,6
3784,stochastic_018,stochastic,18,22,150038,0.05,0.45,0.0,128,6
3785,stochastic_018,stochastic,18,23,150038,0.05,0.45,0.0,128,6
3786,stochastic_018,stochastic,18,24,150038,0.05,0.45,0.0,128,6
3787,stochastic_018,stochastic,18,25,150038,0.05,0.45,0.0,128,6
3788,stochastic_018,stochastic,18,26,150038,0.05,0.45,0.0,128,6
3789,stochastic_018,stochastic,18,27,150038,0.05,0.45,0.0,128,6
3790,stochastic_018,stochastic,18,28,150038,0.05,0.45,0.0,128,6
3791,stochastic_018,stochastic,18,29,150038,0.05,0.45,0.0,128,6
3792,stochastic_018,stochastic,18,30,150038,0.05,0.45,0.0,128,6
3793,stochastic_018,stochastic,18,31,150038,0.05,0.45,0.0,128,6
3794,stochastic_018,stochastic,18,32,150038,0.05,0.45,0.0,128,6
3795,stochastic_018,stochastic,18,33,150038,0.05,0.45,0.0,128,6
3796,stochastic_018,stochastic,18,34,150038,0.05,0.45,0.0,128,6
3797,stochastic_018,stochastic,18,35,150038,0.05,0.45,0.0,128,6
3798,stochastic_018,stochastic,18,36,150038,0.05,0.45,0.0,128,6
3799,stochastic_018,stochastic,18,37,150038,0.05,0.45,0.0,128,6
3800,stochastic_018,stochastic,18,38,150038,0.05,0.45,0.0,128,6
3801,stochastic_018,stochastic,18,39,150038,0.05,0.45,0.0,128,6
3802,stochastic_018,stochastic,18,40,150038,0.05,0.45,0.0,128,6
3803,stochastic_018,stochastic,18,41,150038,0.05,0.45,0.0,128,6
3804,stochastic_018,stochastic,18,42,150038,0.05,0.45,0.0,128,6
3805,stochastic_018,stochastic,18,43,150038,0.05,0.45,0.0,128,6
3806,stochastic_018,stochastic,18,44,150038,0.05,0.45,0.0,128,6
3807,stochastic_018,stochastic,18,45,150038,0.05,0.45,0.0,128,6
3808,stochastic_018,stochastic,18,46,150038,0.05,0.45,0.0,128,6
3809,stochastic_018,stochastic,18,47,150038,0.05,0.45,0.0,128,6
3810,stochastic_018,stochastic,18,48,150038,0.05,0.45,0.0,128,6
3811,stochastic_018,stochastic,18,49,150038,0.05,0.45,0.0,128,6
3812,stochastic_018,stochastic,18,50,150038,0.05,0.45,0.0,128,6
3813,stochastic_018,stochastic,18,51,150038,0.05,0.45,0.0,128,6
3814,stochastic_018,stochastic,18,52,150038,0.05,0.45,0.0,128,6
3815,stochastic_018,stochastic,18,53,150038,0.05,0.45,0.0,128,6
3816,stochastic_018,stochastic,18,54,150038,0.05,0.45,0.0,128,6
3817,stochastic_018,stochastic,18,55,150038,0.05,0.45,0.0,128,6
3818,stochastic_018,stochastic,18,56,150038,0.05,0.45,0.0,128,6
3819,stochastic_018,stochastic,18,57,150038,0.05,0.45,0.0,128,6
3820,stochastic_018,stochastic,18,58,150038,0.05,0.45,0.0,128,6
3821,stochastic_018,stochastic,18,59,150038,0.05,0.45,0.0,128,6
3822,stochastic_018,stochastic,18,60,150038,0.05,0.45,0.0,128,6
3823,stochastic_018,stochastic,18,61,150038,0.05,0.45,0.0,128,6
3824,stochastic_018,stochastic,18,62,150038,0.05,0.45,0.0,128,6
3825,stochastic_018,stochastic,18,63,150038,0.05,0.45,0.0,128,6
3826,stochastic_018,stochastic,18,64,150038,0.05,0.45,0.0,128,6
3827,stochastic_018,stochastic,18,65,150038,0.05,0.45,0.0,128,6
3828,stochastic_018,stochastic,18,66,150038,0.05,0.45,0.0,128,6
3829,stochastic_018,stochastic,18,67,150038,0.05,0.45,0.0,128,6
3830,stochastic_018,stochastic,18,68,150038,0.05,0.45,0.0,128,6
3831,stochastic_018,stochastic,18,69,150038,0.05,0.45,0.0,128,6
3832,stochastic_018,stochastic,18,70,150038,0.05,0.45,0.0,128,6
3833,stochastic_018,stochastic,18,71,150038,0.05,0.45,0.0,128,6
3834,stochastic_018,stochastic,18,72,150038,0.05,0.45,0.0,128,6
3835,stochastic_018,stochastic,18,73,150038,0.05,0.45,0.0,128,6
3836,stochastic_018,stochastic,18,74,150038,0.05,0.45,0.0,128,6
3837,stochastic_018,stochastic,18,75,150038,0.05,0.45,0.0,128,6
3838,stochastic_018,stochastic,18,76,150038,0.05,0.45,0.0,128,6
3839,stochastic_018,stochastic,18,77,150038,0.05,0.45,0.0,128,6
3840,stochastic_018,stochastic,18,78,150038,0.05,0.45,0.0,128,6
3841,stochastic_018,stochastic,18,79,150038,0.05,0.45,0.0,128,6
3842,stochastic_018,stochastic,18,80,150038,0.05,0.45,0.0,128,6
3843,stochastic_018,stochastic,18,81,150038,0.05,0.45,0.0,128,6
3844,stochastic_018,stochastic,18,82,150038,0.05,0.45,0.0,128,6
3845,stochastic_018,stochastic,18,83,150038,0.05,0.45,0.0,128,6
3846,stochastic_018,stochastic,18,84,150038,0.05,0.45,0.0,128,6
3847,stochastic_018,stochastic,18,85,150038,0.05,0.45,0.0,128,6
3848,stochastic_018,stochastic,18,86,150038,0.05,0.45,0.0,128,6
3849,stochastic_018,stochastic,18,87,150038,0.05,0.45,0.0,128,6
3850,stochastic_018,stochastic,18,88,150038,0.05,0.45,0.0,128,6
3851,stochastic_018,stochastic,18,89,150038,0.05,0.45,0.0,128,6
3852,stochastic_018,stochastic,18,90,150038,0.05,0.45,0.0,128,6
3853,stochastic_018,stochastic,18,91,150038,0.05,0.45,0.0,128,6
3854,stochastic_018,stochastic,18,92,150038,0.05,0.45,0.0,128,6
3855,stochastic_018,stochastic,18,93,150038,0.05,0.45,0.0,128,6
3856,stochastic_018,stochastic,18,94,150038,0.05,0.45,0.0,128,6
3857,stochastic_018,stochastic,18,95,150038,0.05,0.45,0.0,128,6
3858,stochastic_018,stochastic,18,96,150038,0.05,0.45,0.0,128,6
3859,stochastic_018,stochastic,18,97,150038,0.05,0.45,0.0,128,6
3860,stochastic_018,stochastic,18,98,150038,0.05,0.45,0.0,128,6
3861,stochastic_019,stochastic,19,0,150039,0.05,0.45,0.0,128,6
3862,stochastic_019,stochastic,19,1,150039,0.05,0.45,0.0,128,6
3863,stochastic_019,stochastic,19,2,150039,0.05,0.45,0.0,128,6
3864,stochastic_019,stochastic,19,3,150039,0.05,0.45,0.0,128,6
3865,stochastic_019,stochastic,19,4,150039,0.05,0.45,0.0,128,6
3866,stochastic_019,stochastic,19,5,150039,0.05,0.45,0.0,128,6
3867,stochastic_019,stochastic,19,6,150039,0.05,0.45,0.0,128,6
3868,stochastic_019,stochastic,19,7,150039,0.05,0.45,0.0,128,6
3869,stochastic_019,stochastic,19,8,150039,0.05,0.45,0.0,128,6
3870,stochastic_019,stochastic,19,9,150039,0.05,0.45,0.0,128,6
3871,stochastic_019,stochastic,19,10,150039,0.05,0.45,0.0,128,6
3872,stochastic_019,stochastic,19,11,150039,0.05,0.45,0.0,128,6
3873,stochastic_019,stochastic,19,12,150039,0.05,0.45,0.0,128,6
3874,stochastic_019,stochastic,19,13,150039,0.05,0.45,0.0,128,6
3875,stochastic_019,stochastic,19,14,150039,0.05,0.45,0.0,128,6
3876,stochastic_019,stochastic,19,15,150039,0.05,0.45,0.0,128,6
3877,stochastic_019,stochastic,19,16,150039,0.05,0.45,0.0,128,6
3878,stochastic_019,stochastic,19,17,150039,0.05,0.45,0.0,128,6
3879,stochastic_019,stochastic,19,18,150039,0.05,0.45,0.0,128,6
3880,stochastic_019,stochastic,19,19,150039,0.05,0.45,0.0,128,6
3881,stochastic_019,stochastic,19,20,150039,0.05,0.45,0.0,128,6
3882,stochastic_019,stochastic,19,21,150039,0.05,0.45,0.0,128,6
3883,stochastic_019,stochastic,19,22,150039,0.05,0.45,0.0,128,6
3884,stochastic_019,stochastic,19,23,150039,0.05,0.45,0.0,128,6
3885,stochastic_019,stochastic,19,24,150039,0.05,0.45,0.0,128,6
3886,stochastic_019,stochastic,19,25,150039,0.05,0.45,0.0,128,6
3887,stochastic_019,stochastic,19,26,150039,0.05,0.45,0.0,128,6
3888,stochastic_019,stochastic,19,27,150039,0.05,0.45,0.0,128,6
3889,stochastic_019,stochastic,19,28,150039,0.05,0.45,0.0,128,6
3890,stochastic_019,stochastic,19,29,150039,0.05,0.45,0.0,128,6
3891,stochastic_019,stochastic,19,30,150039,0.05,0.45,0.0,128,6
3892,stochastic_019,stochastic,19,31,150039,0.05,0.45,0.0,128,6
3893,stochastic_019,stochastic,19,32,150039,0.05,0.45,0.0,128,6
3894,stochastic_019,stochastic,19,33,150039,0.05,0.45,0.0,128,6
3895,stochastic_019,stochastic,19,34,150039,0.05,0.45,0.0,128,6
3896,stochastic_019,stochastic,19,35,150039,0.05,0.45,0.0,128,6
3897,stochastic_019,stochastic,19,36,150039,0.05,0.45,0.0,128,6
3898,stochastic_019,stochastic,19,37,150039,0.05,0.45,0.0,128,6
3899,stochastic_019,stochastic,19,38,150039,0.05,0.45,0.0,128,6
3900,stochastic_019,stochastic,19,39,150039,0.05,0.45,0.0,128,6
3901,stochastic_019,stochastic,19,40,150039,0.05,0.45,0.0,128,6
3902,stochastic_019,stochastic,19,41,150039,0.05,0.45,0.0,128,6
3903,stochastic_019,stochastic,19,42,150039,0.05,0.45,0.0,128,6
3904,stochastic_019,stochastic,19,43,150039,0.05,0.45,0.0,128,6
3905,stochastic_019,stochastic,19,44,150039,0.05,0.45,0.0,128,6
3906,stochastic_019,stochastic,19,45,150039,0.05,0.45,0.0,128,6
3907,stochastic_019,stochastic,19,46,150039,0.05,0.45,0.0,128,6
3908,stochastic_019,stochastic,19,47,150039,0.05,0.45,0.0,128,6
3909,stochastic_019,stochastic,19,48,150039,0.05,0.45,0.0,128,6
3910,stochastic_019,stochastic,19,49,150039,0.05,0.45,0.0,128,6
3911,stochastic_019,stochastic,19,50,150039,0.05,0.45,0.0,128,6
3912,stochastic_019,stochastic,19,51,150039,0.05,0.45,0.0,128,6
3913,stochastic_019,stochastic,19,52,150039,0.05,0.45,0.0,128,6
3914,stochastic_019,stochastic,19,53,150039,0.05,0.45,0.0,128,6
3915,stochastic_019,stochastic,19,54,150039,0.05,0.45,0.0,128,6
3916,stochastic_019,stochastic,19,55,150039,0.05,0.45,0.0,128,6
3917,stochastic_019,stochastic,19,56,150039,0.05,0.45,0.0,128,6
3918,stochastic_019,stochastic,19,57,150039,0.05,0.45,0.0,128,6
3919,stochastic_019,stochastic,19,58,150039,0.05,0.45,0.0,128,6
3920,stochastic_019,stochastic,19,59,150039,0.05,0.45,0.0,128,6
3921,stochastic_019,stochastic,19,60,150039,0.05,0.45,0.0,128,6
3922,stochastic_019,stochastic,19,61,150039,0.05,0.45,0.0,128,6
3923,stochastic_019,stochastic,19,62,150039,0.05,0.45,0.0,128,6
3924,stochastic_019,stochastic,19,63,150039,0.05,0.45,0.0,128,6
3925,stochastic_019,stochastic,19,64,150039,0.05,0.45,0.0,128,6
3926,stochastic_019,stochastic,19,65,150039,0.05,0.45,0.0,128,6
3927,stochastic_019,stochastic,19,66,150039,0.05,0.45,0.0,128,6
3928,stochastic_019,stochastic,19,67,150039,0.05,0.45,0.0,128,6
3929,stochastic_019,stochastic,19,68,150039,0.05,0.45,0.0,128,6
3930,stochastic_019,stochastic,19,69,150039,0.05,0.45,0.0,128,6
3931,stochastic_019,stochastic,19,70,150039,0.05,0.45,0.0,128,6
3932,stochastic_019,stochastic,19,71,150039,0.05,0.45,0.0,128,6
3933,stochastic_019,stochastic,19,72,150039,0.05,0.45,0.0,128,6
3934,stochastic_019,stochastic,19,73,150039,0.05,0.45,0.0,128,6
3935,stochastic_019,stochastic,19,74,150039,0.05,0.45,0.0,128,6
3936,stochastic_019,stochastic,19,75,150039,0.05,0.45,0.0,128,6
3937,stochastic_019,stochastic,19,76,150039,0.05,0.45,0.0,128,6
3938,stochastic_019,stochastic,19,77,150039,0.05,0.45,0.0,128,6
3939,stochastic_019,stochastic,19,78,150039,0.05,0.45,0.0,128,6
3940,stochastic_019,stochastic,19,79,150039,0.05,0.45,0.0,128,6
3941,stochastic_019,stochastic,19,80,150039,0.05,0.45,0.0,128,6
3942,stochastic_019,stochastic,19,81,150039,0.05,0.45,0.0,128,6
3943,stochastic_019,stochastic,19,82,150039,0.05,0.45,0.0,128,6
3944,stochastic_019,stochastic,19,83,150039,0.05,0.45,0.0,128,6
3945,stochastic_019,stochastic,19,84,150039,0.05,0.45,0.0,128,6
3946,stochastic_019,stochastic,19,85,150039,0.05,0.45,0.0,128,6
3947,stochastic_019,stochastic,19,86,150039,0.05,0.45,0.0,128,6
3948,stochastic_019,stochastic,19,87,150039,0.05,0.45,0.0,128,6
3949,stochastic_019,stochastic,19,88,150039,0.05,0.45,0.0,128,6
3950,stochastic_019,stochastic,19,89,150039,0.05,0.45,0.0,128,6
3951,stochastic_019,stochastic,19,90,150039,0.05,0.45,0.0,128,6
3952,stochastic_019,stochastic,19,91,150039,0.05,0.45,0.0,128,6
3953,stochastic_019,stochastic,19,92,150039,0.05,0.45,0.0,128,6
3954,stochastic_019,stochastic,19,93,150039,0.05,0.45,0.0,128,6
3955,stochastic_019,stochastic,19,94,150039,0.05,0.45,0.0,128,6
3956,stochastic_019,stochastic,19,95,150039,0.05,0.45,0.0,128,6
3957,stochastic_019,stochastic,19,96,150039,0.05,0.45,0.0,128,6
3958,stochastic_019,stochastic,19,97,150039,0.05,0.45,0.0,128,6
3959,stochastic_019,stochastic,19,98,150039,0.05,0.45,0.0,128,6
3960,heavy_dissipation_000,heavy_dissipation,0,0,150040,0.35,0.15,0.0,128,6
3961,heavy_dissipation_000,heavy_dissipation,0,1,150040,0.35,0.15,0.0,128,6
3962,heavy_dissipation_000,heavy_dissipation,0,2,150040,0.35,0.15,0.0,128,6
3963,heavy_dissipation_000,heavy_dissipation,0,3,150040,0.35,0.15,0.0,128,6
3964,heavy_dissipation_000,heavy_dissipation,0,4,150040,0.35,0.15,0.0,128,6
3965,heavy_dissipation_000,heavy_dissipation,0,5,150040,0.35,0.15,0.0,128,6
3966,heavy_dissipation_000,heavy_dissipation,0,6,150040,0.35,0.15,0.0,128,6
3967,heavy_dissipation_000,heavy_dissipation,0,7,150040,0.35,0.15,0.0,128,6
3968,heavy_dissipation_000,heavy_dissipation,0,8,150040,0.35,0.15,0.0,128,6
3969,heavy_dissipation_000,heavy_dissipation,0,9,150040,0.35,0.15,0.0,128,6
3970,heavy_dissipation_000,heavy_dissipation,0,10,150040,0.35,0.15,0.0,128,6
3971,heavy_dissipation_000,heavy_dissipation,0,11,150040,0.35,0.15,0.0,128,6
3972,heavy_dissipation_000,heavy_dissipation,0,12,150040,0.35,0.15,0.0,128,6
3973,heavy_dissipation_000,heavy_dissipation,0,13,150040,0.35,0.15,0.0,128,6
3974,heavy_dissipation_000,heavy_dissipation,0,14,150040,0.35,0.15,0.0,128,6
3975,heavy_dissipation_000,heavy_dissipation,0,15,150040,0.35,0.15,0.0,128,6
3976,heavy_dissipation_000,heavy_dissipation,0,16,150040,0.35,0.15,0.0,128,6
3977,heavy_dissipation_000,heavy_dissipation,0,17,150040,0.35,0.15,0.0,128,6
3978,heavy_dissipation_000,heavy_dissipation,0,18,150040,0.35,0.15,0.0,128,6
3979,heavy_dissipation_000,heavy_dissipation,0,19,150040,0.35,0.15,0.0,128,6
3980,heavy_dissipation_000,heavy_dissipation,0,20,150040,0.35,0.15,0.0,128,6
3981,heavy_dissipation_000,heavy_dissipation,0,21,150040,0.35,0.15,0.0,128,6
3982,heavy_dissipation_000,heavy_dissipation,0,22,150040,0.35,0.15,0.0,128,6
3983,heavy_dissipation_000,heavy_dissipation,0,23,150040,0.35,0.15,0.0,128,6
3984,heavy_dissipation_000,heavy_dissipation,0,24,150040,0.35,0.15,0.0,128,6
3985,heavy_dissipation_000,heavy_dissipation,0,25,150040,0.35,0.15,0.0,128,6
3986,heavy_dissipation_000,heavy_dissipation,0,26,150040,0.35,0.15,0.0,128,6
3987,heavy_dissipation_000,heavy_dissipation,0,27,150040,0.35,0.15,0.0,128,6
3988,heavy_dissipation_000,heavy_dissipation,0,28,150040,0.35,0.15,0.0,128,6
3989,heavy_dissipation_000,heavy_dissipation,0,29,150040,0.35,0.15,0.0,128,6
3990,heavy_dissipation_000,heavy_dissipation,0,30,150040,0.35,0.15,0.0,128,6
3991,heavy_dissipation_000,heavy_dissipation,0,31,150040,0.35,0.15,0.0,128,6
3992,heavy_dissipation_000,heavy_dissipation,0,32,150040,0.35,0.15,0.0,128,6
3993,heavy_dissipation_000,heavy_dissipation,0,33,150040,0.35,0.15,0.0,128,6
3994,heavy_dissipation_000,heavy_dissipation,0,34,150040,0.35,0.15,0.0,128,6
3995,heavy_dissipation_000,heavy_dissipation,0,35,150040,0.35,0.15,0.0,128,6
3996,heavy_dissipation_000,heavy_dissipation,0,36,150040,0.35,0.15,0.0,128,6
3997,heavy_dissipation_000,heavy_dissipation,0,37,150040,0.35,0.15,0.0,128,6
3998,heavy_dissipation_000,heavy_dissipation,0,38,150040,0.35,0.15,0.0,128,6
3999,heavy_dissipation_000,heavy_dissipation,0,39,150040,0.35,0.15,0.0,128,6
4000,heavy_dissipation_000,heavy_dissipation,0,40,150040,0.35,0.15,0.0,128,6
4001,heavy_dissipation_000,heavy_dissipation,0,41,150040,0.35,0.15,0.0,128,6
4002,heavy_dissipation_000,heavy_dissipation,0,42,150040,0.35,0.15,0.0,128,6
4003,heavy_dissipation_000,heavy_dissipation,0,43,150040,0.35,0.15,0.0,128,6
4004,heavy_dissipation_000,heavy_dissipation,0,44,150040,0.35,0.15,0.0,128,6
4005,heavy_dissipation_000,heavy_dissipation,0,45,150040,0.35,0.15,0.0,128,6
4006,heavy_dissipation_000,heavy_dissipation,0,46,150040,0.35,0.15,0.0,128,6
4007,heavy_dissipation_000,heavy_dissipation,0,47,150040,0.35,0.15,0.0,128,6
4008,heavy_dissipation_000,heavy_dissipation,0,48,150040,0.35,0.15,0.0,128,6
4009,heavy_dissipation_000,heavy_dissipation,0,49,150040,0.35,0.15,0.0,128,6
4010,heavy_dissipation_000,heavy_dissipation,0,50,150040,0.35,0.15,0.0,128,6
4011,heavy_dissipation_000,heavy_dissipation,0,51,150040,0.35,0.15,0.0,128,6
4012,heavy_dissipation_000,heavy_dissipation,0,52,150040,0.35,0.15,0.0,128,6
4013,heavy_dissipation_000,heavy_dissipation,0,53,150040,0.35,0.15,0.0,128,6
4014,heavy_dissipation_000,heavy_dissipation,0,54,150040,0.35,0.15,0.0,128,6
4015,heavy_dissipation_000,heavy_dissipation,0,55,150040,0.35,0.15,0.0,128,6
4016,heavy_dissipation_000,heavy_dissipation,0,56,150040,0.35,0.15,0.0,128,6
4017,heavy_dissipation_000,heavy_dissipation,0,57,150040,0.35,0.15,0.0,128,6
4018,heavy_dissipation_000,heavy_dissipation,0,58,150040,0.35,0.15,0.0,128,6
4019,heavy_dissipation_000,heavy_dissipation,0,59,150040,0.35,0.15,0.0,128,6
4020,heavy_dissipation_000,heavy_dissipation,0,60,150040,0.35,0.15,0.0,128,6
4021,heavy_dissipation_000,heavy_dissipation,0,61,150040,0.35,0.15,0.0,128,6
4022,heavy_dissipation_000,heavy_dissipation,0,62,150040,0.35,0.15,0.0,128,6
4023,heavy_dissipation_000,heavy_dissipation,0,63,150040,0.35,0.15,0.0,128,6
4024,heavy_dissipation_000,heavy_dissipation,0,64,150040,0.35,0.15,0.0,128,6
4025,heavy_dissipation_000,heavy_dissipation,0,65,150040,0.35,0.15,0.0,128,6
4026,heavy_dissipation_000,heavy_dissipation,0,66,150040,0.35,0.15,0.0,128,6
4027,heavy_dissipation_000,heavy_dissipation,0,67,150040,0.35,0.15,0.0,128,6
4028,heavy_dissipation_000,heavy_dissipation,0,68,150040,0.35,0.15,0.0,128,6
4029,heavy_dissipation_000,heavy_dissipation,0,69,150040,0.35,0.15,0.0,128,6
4030,heavy_dissipation_000,heavy_dissipation,0,70,150040,0.35,0.15,0.0,128,6
4031,heavy_dissipation_000,heavy_dissipation,0,71,150040,0.35,0.15,0.0,128,6
4032,heavy_dissipation_000,heavy_dissipation,0,72,150040,0.35,0.15,0.0,128,6
4033,heavy_dissipation_000,heavy_dissipation,0,73,150040,0.35,0.15,0.0,128,6
4034,heavy_dissipation_000,heavy_dissipation,0,74,150040,0.35,0.15,0.0,128,6
4035,heavy_dissipation_000,heavy_dissipation,0,75,150040,0.35,0.15,0.0,128,6
4036,heavy_dissipation_000,heavy_dissipation,0,76,150040,0.35,0.15,0.0,128,6
4037,heavy_dissipation_000,heavy_dissipation,0,77,150040,0.35,0.15,0.0,128,6
4038,heavy_dissipation_000,heavy_dissipation,0,78,150040,0.35,0.15,0.0,128,6
4039,heavy_dissipation_000,heavy_dissipation,0,79,150040,0.35,0.15,0.0,128,6
4040,heavy_dissipation_000,heavy_dissipation,0,80,150040,0.35,0.15,0.0,128,6
4041,heavy_dissipation_000,heavy_dissipation,0,81,150040,0.35,0.15,0.0,128,6
4042,heavy_dissipation_000,heavy_dissipation,0,82,150040,0.35,0.15,0.0,128,6
4043,heavy_dissipation_000,heavy_dissipation,0,83,150040,0.35,0.15,0.0,128,6
4044,heavy_dissipation_000,heavy_dissipation,0,84,150040,0.35,0.15,0.0,128,6
4045,heavy_dissipation_000,heavy_dissipation,0,85,150040,0.35,0.15,0.0,128,6
4046,heavy_dissipation_000,heavy_dissipation,0,86,150040,0.35,0.15,0.0,128,6
4047,heavy_dissipation_000,heavy_dissipation,0,87,150040,0.35,0.15,0.0,128,6
4048,heavy_dissipation_000,heavy_dissipation,0,88,150040,0.35,0.15,0.0,128,6
4049,heavy_dissipation_000,heavy_dissipation,0,89,150040,0.35,0.15,0.0,128,6
4050,heavy_dissipation_000,heavy_dissipation,0,90,150040,0.35,0.15,0.0,128,6
4051,heavy_dissipation_000,heavy_dissipation,0,91,150040,0.35,0.15,0.0,128,6
4052,heavy_dissipation_000,heavy_dissipation,0,92,150040,0.35,0.15,0.0,128,6
4053,heavy_dissipation_000,heavy_dissipation,0,93,150040,0.35,0.15,0.0,128,6
4054,heavy_dissipation_000,heavy_dissipation,0,94,150040,0.35,0.15,0.0,128,6
4055,heavy_dissipation_000,heavy_dissipation,0,95,150040,0.35,0.15,0.0,128,6
4056,heavy_dissipation_000,heavy_dissipation,0,96,150040,0.35,0.15,0.0,128,6
4057,heavy_dissipation_000,heavy_dissipation,0,97,150040,0.35,0.15,0.0,128,6
4058,heavy_dissipation_000,heavy_dissipation,0,98,150040,0.35,0.15,0.0,128,6
4059,heavy_dissipation_001,heavy_dissipation,1,0,150041,0.35,0.15,0.0,128,6
4060,heavy_dissipation_001,heavy_dissipation,1,1,150041,0.35,0.15,0.0,128,6
4061,heavy_dissipation_001,heavy_dissipation,1,2,150041,0.35,0.15,0.0,128,6
4062,heavy_dissipation_001,heavy_dissipation,1,3,150041,0.35,0.15,0.0,128,6
4063,heavy_dissipation_001,heavy_dissipation,1,4,150041,0.35,0.15,0.0,128,6
4064,heavy_dissipation_001,heavy_dissipation,1,5,150041,0.35,0.15,0.0,128,6
4065,heavy_dissipation_001,heavy_dissipation,1,6,150041,0.35,0.15,0.0,128,6
4066,heavy_dissipation_001,heavy_dissipation,1,7,150041,0.35,0.15,0.0,128,6
4067,heavy_dissipation_001,heavy_dissipation,1,8,150041,0.35,0.15,0.0,128,6
4068,heavy_dissipation_001,heavy_dissipation,1,9,150041,0.35,0.15,0.0,128,6
4069,heavy_dissipation_001,heavy_dissipation,1,10,150041,0.35,0.15,0.0,128,6
4070,heavy_dissipation_001,heavy_dissipation,1,11,150041,0.35,0.15,0.0,128,6
4071,heavy_dissipation_001,heavy_dissipation,1,12,150041,0.35,0.15,0.0,128,6
4072,heavy_dissipation_001,heavy_dissipation,1,13,150041,0.35,0.15,0.0,128,6
4073,heavy_dissipation_001,heavy_dissipation,1,14,150041,0.35,0.15,0.0,128,6
4074,heavy_dissipation_001,heavy_dissipation,1,15,150041,0.35,0.15,0.0,128,6
4075,heavy_dissipation_001,heavy_dissipation,1,16,150041,0.35,0.15,0.0,128,6
4076,heavy_dissipation_001,heavy_dissipation,1,17,150041,0.35,0.15,0.0,128,6
4077,heavy_dissipation_001,heavy_dissipation,1,18,150041,0.35,0.15,0.0,128,6
4078,heavy_dissipation_001,heavy_dissipation,1,19,150041,0.35,0.15,0.0,128,6
4079,heavy_dissipation_001,heavy_dissipation,1,20,150041,0.35,0.15,0.0,128,6
4080,heavy_dissipation_001,heavy_dissipation,1,21,150041,0.35,0.15,0.0,128,6
4081,heavy_dissipation_001,heavy_dissipation,1,22,150041,0.35,0.15,0.0,128,6
4082,heavy_dissipation_001,heavy_dissipation,1,23,150041,0.35,0.15,0.0,128,6
4083,heavy_dissipation_001,heavy_dissipation,1,24,150041,0.35,0.15,0.0,128,6
4084,heavy_dissipation_001,heavy_dissipation,1,25,150041,0.35,0.15,0.0,128,6
4085,heavy_dissipation_001,heavy_dissipation,1,26,150041,0.35,0.15,0.0,128,6
4086,heavy_dissipation_001,heavy_dissipation,1,27,150041,0.35,0.15,0.0,128,6
4087,heavy_dissipation_001,heavy_dissipation,1,28,150041,0.35,0.15,0.0,128,6
4088,heavy_dissipation_001,heavy_dissipation,1,29,150041,0.35,0.15,0.0,128,6
4089,heavy_dissipation_001,heavy_dissipation,1,30,150041,0.35,0.15,0.0,128,6
4090,heavy_dissipation_001,heavy_dissipation,1,31,150041,0.35,0.15,0.0,128,6
4091,heavy_dissipation_001,heavy_dissipation,1,32,150041,0.35,0.15,0.0,128,6
4092,heavy_dissipation_001,heavy_dissipation,1,33,150041,0.35,0.15,0.0,128,6
4093,heavy_dissipation_001,heavy_dissipation,1,34,150041,0.35,0.15,0.0,128,6
4094,heavy_dissipation_001,heavy_dissipation,1,35,150041,0.35,0.15,0.0,128,6
4095,heavy_dissipation_001,heavy_dissipation,1,36,150041,0.35,0.15,0.0,128,6
4096,heavy_dissipation_001,heavy_dissipation,1,37,150041,0.35,0.15,0.0,128,6
4097,heavy_dissipation_001,heavy_dissipation,1,38,150041,0.35,0.15,0.0,128,6
4098,heavy_dissipation_001,heavy_dissipation,1,39,150041,0.35,0.15,0.0,128,6
4099,heavy_dissipation_001,heavy_dissipation,1,40,150041,0.35,0.15,0.0,128,6
4100,heavy_dissipation_001,heavy_dissipation,1,41,150041,0.35,0.15,0.0,128,6
4101,heavy_dissipation_001,heavy_dissipation,1,42,150041,0.35,0.15,0.0,128,6
4102,heavy_dissipation_001,heavy_dissipation,1,43,150041,0.35,0.15,0.0,128,6
4103,heavy_dissipation_001,heavy_dissipation,1,44,150041,0.35,0.15,0.0,128,6
4104,heavy_dissipation_001,heavy_dissipation,1,45,150041,0.35,0.15,0.0,128,6
4105,heavy_dissipation_001,heavy_dissipation,1,46,150041,0.35,0.15,0.0,128,6
4106,heavy_dissipation_001,heavy_dissipation,1,47,150041,0.35,0.15,0.0,128,6
4107,heavy_dissipation_001,heavy_dissipation,1,48,150041,0.35,0.15,0.0,128,6
4108,heavy_dissipation_001,heavy_dissipation,1,49,150041,0.35,0.15,0.0,128,6
4109,heavy_dissipation_001,heavy_dissipation,1,50,150041,0.35,0.15,0.0,128,6
4110,heavy_dissipation_001,heavy_dissipation,1,51,150041,0.35,0.15,0.0,128,6
4111,heavy_dissipation_001,heavy_dissipation,1,52,150041,0.35,0.15,0.0,128,6
4112,heavy_dissipation_001,heavy_dissipation,1,53,150041,0.35,0.15,0.0,128,6
4113,heavy_dissipation_001,heavy_dissipation,1,54,150041,0.35,0.15,0.0,128,6
4114,heavy_dissipation_001,heavy_dissipation,1,55,150041,0.35,0.15,0.0,128,6
4115,heavy_dissipation_001,heavy_dissipation,1,56,150041,0.35,0.15,0.0,128,6
4116,heavy_dissipation_001,heavy_dissipation,1,57,150041,0.35,0.15,0.0,128,6
4117,heavy_dissipation_001,heavy_dissipation,1,58,150041,0.35,0.15,0.0,128,6
4118,heavy_dissipation_001,heavy_dissipation,1,59,150041,0.35,0.15,0.0,128,6
4119,heavy_dissipation_001,heavy_dissipation,1,60,150041,0.35,0.15,0.0,128,6
4120,heavy_dissipation_001,heavy_dissipation,1,61,150041,0.35,0.15,0.0,128,6
4121,heavy_dissipation_001,heavy_dissipation,1,62,150041,0.35,0.15,0.0,128,6
4122,heavy_dissipation_001,heavy_dissipation,1,63,150041,0.35,0.15,0.0,128,6
4123,heavy_dissipation_001,heavy_dissipation,1,64,150041,0.35,0.15,0.0,128,6
4124,heavy_dissipation_001,heavy_dissipation,1,65,150041,0.35,0.15,0.0,128,6
4125,heavy_dissipation_001,heavy_dissipation,1,66,150041,0.35,0.15,0.0,128,6
4126,heavy_dissipation_001,heavy_dissipation,1,67,150041,0.35,0.15,0.0,128,6
4127,heavy_dissipation_001,heavy_dissipation,1,68,150041,0.35,0.15,0.0,128,6
4128,heavy_dissipation_001,heavy_dissipation,1,69,150041,0.35,0.15,0.0,128,6
4129,heavy_dissipation_001,heavy_dissipation,1,70,150041,0.35,0.15,0.0,128,6
4130,heavy_dissipation_001,heavy_dissipation,1,71,150041,0.35,0.15,0.0,128,6
4131,heavy_dissipation_001,heavy_dissipation,1,72,150041,0.35,0.15,0.0,128,6
4132,heavy_dissipation_001,heavy_dissipation,1,73,150041,0.35,0.15,0.0,128,6
4133,heavy_dissipation_001,heavy_dissipation,1,74,150041,0.35,0.15,0.0,128,6
4134,heavy_dissipation_001,heavy_dissipation,1,75,150041,0.35,0.15,0.0,128,6
4135,heavy_dissipation_001,heavy_dissipation,1,76,150041,0.35,0.15,0.0,128,6
4136,heavy_dissipation_001,heavy_dissipation,1,77,150041,0.35,0.15,0.0,128,6
4137,heavy_dissipation_001,heavy_dissipation,1,78,150041,0.35,0.15,0.0,128,6
4138,heavy_dissipation_001,heavy_dissipation,1,79,150041,0.35,0.15,0.0,128,6
4139,heavy_dissipation_001,heavy_dissipation,1,80,150041,0.35,0.15,0.0,128,6
4140,heavy_dissipation_001,heavy_dissipation,1,81,150041,0.35,0.15,0.0,128,6
4141,heavy_dissipation_001,heavy_dissipation,1,82,150041,0.35,0.15,0.0,128,6
4142,heavy_dissipation_001,heavy_dissipation,1,83,150041,0.35,0.15,0.0,128,6
4143,heavy_dissipation_001,heavy_dissipation,1,84,150041,0.35,0.15,0.0,128,6
4144,heavy_dissipation_001,heavy_dissipation,1,85,150041,0.35,0.15,0.0,128,6
4145,heavy_dissipation_001,heavy_dissipation,1,86,150041,0.35,0.15,0.0,128,6
4146,heavy_dissipation_001,heavy_dissipation,1,87,150041,0.35,0.15,0.0,128,6
4147,heavy_dissipation_001,heavy_dissipation,1,88,150041,0.35,0.15,0.0,128,6
4148,heavy_dissipation_001,heavy_dissipation,1,89,150041,0.35,0.15,0.0,128,6
4149,heavy_dissipation_001,heavy_dissipation,1,90,150041,0.35,0.15,0.0,128,6
4150,heavy_dissipation_001,heavy_dissipation,1,91,150041,0.35,0.15,0.0,128,6
4151,heavy_dissipation_001,heavy_dissipation,1,92,150041,0.35,0.15,0.0,128,6
4152,heavy_dissipation_001,heavy_dissipation,1,93,150041,0.35,0.15,0.0,128,6
4153,heavy_dissipation_001,heavy_dissipation,1,94,150041,0.35,0.15,0.0,128,6
4154,heavy_dissipation_001,heavy_dissipation,1,95,150041,0.35,0.15,0.0,128,6
4155,heavy_dissipation_001,heavy_dissipation,1,96,150041,0.35,0.15,0.0,128,6
4156,heavy_dissipation_001,heavy_dissipation,1,97,150041,0.35,0.15,0.0,128,6
4157,heavy_dissipation_001,heavy_dissipation,1,98,150041,0.35,0.15,0.0,128,6
4158,heavy_dissipation_002,heavy_dissipation,2,0,150042,0.35,0.15,0.0,128,6
4159,heavy_dissipation_002,heavy_dissipation,2,1,150042,0.35,0.15,0.0,128,6
4160,heavy_dissipation_002,heavy_dissipation,2,2,150042,0.35,0.15,0.0,128,6
4161,heavy_dissipation_002,heavy_dissipation,2,3,150042,0.35,0.15,0.0,128,6
4162,heavy_dissipation_002,heavy_dissipation,2,4,150042,0.35,0.15,0.0,128,6
4163,heavy_dissipation_002,heavy_dissipation,2,5,150042,0.35,0.15,0.0,128,6
4164,heavy_dissipation_002,heavy_dissipation,2,6,150042,0.35,0.15,0.0,128,6
4165,heavy_dissipation_002,heavy_dissipation,2,7,150042,0.35,0.15,0.0,128,6
4166,heavy_dissipation_002,heavy_dissipation,2,8,150042,0.35,0.15,0.0,128,6
4167,heavy_dissipation_002,heavy_dissipation,2,9,150042,0.35,0.15,0.0,128,6
4168,heavy_dissipation_002,heavy_dissipation,2,10,150042,0.35,0.15,0.0,128,6
4169,heavy_dissipation_002,heavy_dissipation,2,11,150042,0.35,0.15,0.0,128,6
4170,heavy_dissipation_002,heavy_dissipation,2,12,150042,0.35,0.15,0.0,128,6
4171,heavy_dissipation_002,heavy_dissipation,2,13,150042,0.35,0.15,0.0,128,6
4172,heavy_dissipation_002,heavy_dissipation,2,14,150042,0.35,0.15,0.0,128,6
4173,heavy_dissipation_002,heavy_dissipation,2,15,150042,0.35,0.15,0.0,128,6
4174,heavy_dissipation_002,heavy_dissipation,2,16,150042,0.35,0.15,0.0,128,6
4175,heavy_dissipation_002,heavy_dissipation,2,17,150042,0.35,0.15,0.0,128,6
4176,heavy_dissipation_002,heavy_dissipation,2,18,150042,0.35,0.15,0.0,128,6
4177,heavy_dissipation_002,heavy_dissipation,2,19,150042,0.35,0.15,0.0,128,6
4178,heavy_dissipation_002,heavy_dissipation,2,20,150042,0.35,0.15,0.0,128,6
4179,heavy_dissipation_002,heavy_dissipation,2,21,150042,0.35,0.15,0.0,128,6
4180,heavy_dissipation_002,heavy_dissipation,2,22,150042,0.35,0.15,0.0,128,6
4181,heavy_dissipation_002,heavy_dissipation,2,23,150042,0.35,0.15,0.0,128,6
4182,heavy_dissipation_002,heavy_dissipation,2,24,150042,0.35,0.15,0.0,128,6
4183,heavy_dissipation_002,heavy_dissipation,2,25,150042,0.35,0.15,0.0,128,6
4184,heavy_dissipation_002,heavy_dissipation,2,26,150042,0.35,0.15,0.0,128,6
4185,heavy_dissipation_002,heavy_dissipation,2,27,150042,0.35,0.15,0.0,128,6
4186,heavy_dissipation_002,heavy_dissipation,2,28,150042,0.35,0.15,0.0,128,6
4187,heavy_dissipation_002,heavy_dissipation,2,29,150042,0.35,0.15,0.0,128,6
4188,heavy_dissipation_002,heavy_dissipation,2,30,150042,0.35,0.15,0.0,128,6
4189,heavy_dissipation_002,heavy_dissipation,2,31,150042,0.35,0.15,0.0,128,6
4190,heavy_dissipation_002,heavy_dissipation,2,32,150042,0.35,0.15,0.0,128,6
4191,heavy_dissipation_002,heavy_dissipation,2,33,150042,0.35,0.15,0.0,128,6
4192,heavy_dissipation_002,heavy_dissipation,2,34,150042,0.35,0.15,0.0,128,6
4193,heavy_dissipation_002,heavy_dissipation,2,35,150042,0.35,0.15,0.0,128,6
4194,heavy_dissipation_002,heavy_dissipation,2,36,150042,0.35,0.15,0.0,128,6
4195,heavy_dissipation_002,heavy_dissipation,2,37,150042,0.35,0.15,0.0,128,6
4196,heavy_dissipation_002,heavy_dissipation,2,38,150042,0.35,0.15,0.0,128,6
4197,heavy_dissipation_002,heavy_dissipation,2,39,150042,0.35,0.15,0.0,128,6
4198,heavy_dissipation_002,heavy_dissipation,2,40,150042,0.35,0.15,0.0,128,6
4199,heavy_dissipation_002,heavy_dissipation,2,41,150042,0.35,0.15,0.0,128,6
4200,heavy_dissipation_002,heavy_dissipation,2,42,150042,0.35,0.15,0.0,128,6
4201,heavy_dissipation_002,heavy_dissipation,2,43,150042,0.35,0.15,0.0,128,6
4202,heavy_dissipation_002,heavy_dissipation,2,44,150042,0.35,0.15,0.0,128,6
4203,heavy_dissipation_002,heavy_dissipation,2,45,150042,0.35,0.15,0.0,128,6
4204,heavy_dissipation_002,heavy_dissipation,2,46,150042,0.35,0.15,0.0,128,6
4205,heavy_dissipation_002,heavy_dissipation,2,47,150042,0.35,0.15,0.0,128,6
4206,heavy_dissipation_002,heavy_dissipation,2,48,150042,0.35,0.15,0.0,128,6
4207,heavy_dissipation_002,heavy_dissipation,2,49,150042,0.35,0.15,0.0,128,6
4208,heavy_dissipation_002,heavy_dissipation,2,50,150042,0.35,0.15,0.0,128,6
4209,heavy_dissipation_002,heavy_dissipation,2,51,150042,0.35,0.15,0.0,128,6
4210,heavy_dissipation_002,heavy_dissipation,2,52,150042,0.35,0.15,0.0,128,6
4211,heavy_dissipation_002,heavy_dissipation,2,53,150042,0.35,0.15,0.0,128,6
4212,heavy_dissipation_002,heavy_dissipation,2,54,150042,0.35,0.15,0.0,128,6
4213,heavy_dissipation_002,heavy_dissipation,2,55,150042,0.35,0.15,0.0,128,6
4214,heavy_dissipation_002,heavy_dissipation,2,56,150042,0.35,0.15,0.0,128,6
4215,heavy_dissipation_002,heavy_dissipation,2,57,150042,0.35,0.15,0.0,128,6
4216,heavy_dissipation_002,heavy_dissipation,2,58,150042,0.35,0.15,0.0,128,6
4217,heavy_dissipation_002,heavy_dissipation,2,59,150042,0.35,0.15,0.0,128,6
4218,heavy_dissipation_002,heavy_dissipation,2,60,150042,0.35,0.15,0.0,128,6
4219,heavy_dissipation_002,heavy_dissipation,2,61,150042,0.35,0.15,0.0,128,6
4220,heavy_dissipation_002,heavy_dissipation,2,62,150042,0.35,0.15,0.0,128,6
4221,heavy_dissipation_002,heavy_dissipation,2,63,150042,0.35,0.15,0.0,128,6
4222,heavy_dissipation_002,heavy_dissipation,2,64,150042,0.35,0.15,0.0,128,6
4223,heavy_dissipation_002,heavy_dissipation,2,65,150042,0.35,0.15,0.0,128,6
4224,heavy_dissipation_002,heavy_dissipation,2,66,150042,0.35,0.15,0.0,128,6
4225,heavy_dissipation_002,heavy_dissipation,2,67,150042,0.35,0.15,0.0,128,6
4226,heavy_dissipation_002,heavy_dissipation,2,68,150042,0.35,0.15,0.0,128,6
4227,heavy_dissipation_002,heavy_dissipation,2,69,150042,0.35,0.15,0.0,128,6
4228,heavy_dissipation_002,heavy_dissipation,2,70,150042,0.35,0.15,0.0,128,6
4229,heavy_dissipation_002,heavy_dissipation,2,71,150042,0.35,0.15,0.0,128,6
4230,heavy_dissipation_002,heavy_dissipation,2,72,150042,0.35,0.15,0.0,128,6
4231,heavy_dissipation_002,heavy_dissipation,2,73,150042,0.35,0.15,0.0,128,6
4232,heavy_dissipation_002,heavy_dissipation,2,74,150042,0.35,0.15,0.0,128,6
4233,heavy_dissipation_002,heavy_dissipation,2,75,150042,0.35,0.15,0.0,128,6
4234,heavy_dissipation_002,heavy_dissipation,2,76,150042,0.35,0.15,0.0,128,6
4235,heavy_dissipation_002,heavy_dissipation,2,77,150042,0.35,0.15,0.0,128,6
4236,heavy_dissipation_002,heavy_dissipation,2,78,150042,0.35,0.15,0.0,128,6
4237,heavy_dissipation_002,heavy_dissipation,2,79,150042,0.35,0.15,0.0,128,6
4238,heavy_dissipation_002,heavy_dissipation,2,80,150042,0.35,0.15,0.0,128,6
4239,heavy_dissipation_002,heavy_dissipation,2,81,150042,0.35,0.15,0.0,128,6
4240,heavy_dissipation_002,heavy_dissipation,2,82,150042,0.35,0.15,0.0,128,6
4241,heavy_dissipation_002,heavy_dissipation,2,83,150042,0.35,0.15,0.0,128,6
4242,heavy_dissipation_002,heavy_dissipation,2,84,150042,0.35,0.15,0.0,128,6
4243,heavy_dissipation_002,heavy_dissipation,2,85,150042,0.35,0.15,0.0,128,6
4244,heavy_dissipation_002,heavy_dissipation,2,86,150042,0.35,0.15,0.0,128,6
4245,heavy_dissipation_002,heavy_dissipation,2,87,150042,0.35,0.15,0.0,128,6
4246,heavy_dissipation_002,heavy_dissipation,2,88,150042,0.35,0.15,0.0,128,6
4247,heavy_dissipation_002,heavy_dissipation,2,89,150042,0.35,0.15,0.0,128,6
4248,heavy_dissipation_002,heavy_dissipation,2,90,150042,0.35,0.15,0.0,128,6
4249,heavy_dissipation_002,heavy_dissipation,2,91,150042,0.35,0.15,0.0,128,6
4250,heavy_dissipation_002,heavy_dissipation,2,92,150042,0.35,0.15,0.0,128,6
4251,heavy_dissipation_002,heavy_dissipation,2,93,150042,0.35,0.15,0.0,128,6
4252,heavy_dissipation_002,heavy_dissipation,2,94,150042,0.35,0.15,0.0,128,6
4253,heavy_dissipation_002,heavy_dissipation,2,95,150042,0.35,0.15,0.0,128,6
4254,heavy_dissipation_002,heavy_dissipation,2,96,150042,0.35,0.15,0.0,128,6
4255,heavy_dissipation_002,heavy_dissipation,2,97,150042,0.35,0.15,0.0,128,6
4256,heavy_dissipation_002,heavy_dissipation,2,98,150042,0.35,0.15,0.0,128,6
4257,heavy_dissipation_003,heavy_dissipation,3,0,150043,0.35,0.15,0.0,128,6
4258,heavy_dissipation_003,heavy_dissipation,3,1,150043,0.35,0.15,0.0,128,6
4259,heavy_dissipation_003,heavy_dissipation,3,2,150043,0.35,0.15,0.0,128,6
4260,heavy_dissipation_003,heavy_dissipation,3,3,150043,0.35,0.15,0.0,128,6
4261,heavy_dissipation_003,heavy_dissipation,3,4,150043,0.35,0.15,0.0,128,6
4262,heavy_dissipation_003,heavy_dissipation,3,5,150043,0.35,0.15,0.0,128,6
4263,heavy_dissipation_003,heavy_dissipation,3,6,150043,0.35,0.15,0.0,128,6
4264,heavy_dissipation_003,heavy_dissipation,3,7,150043,0.35,0.15,0.0,128,6
4265,heavy_dissipation_003,heavy_dissipation,3,8,150043,0.35,0.15,0.0,128,6
4266,heavy_dissipation_003,heavy_dissipation,3,9,150043,0.35,0.15,0.0,128,6
4267,heavy_dissipation_003,heavy_dissipation,3,10,150043,0.35,0.15,0.0,128,6
4268,heavy_dissipation_003,heavy_dissipation,3,11,150043,0.35,0.15,0.0,128,6
4269,heavy_dissipation_003,heavy_dissipation,3,12,150043,0.35,0.15,0.0,128,6
4270,heavy_dissipation_003,heavy_dissipation,3,13,150043,0.35,0.15,0.0,128,6
4271,heavy_dissipation_003,heavy_dissipation,3,14,150043,0.35,0.15,0.0,128,6
4272,heavy_dissipation_003,heavy_dissipation,3,15,150043,0.35,0.15,0.0,128,6
4273,heavy_dissipation_003,heavy_dissipation,3,16,150043,0.35,0.15,0.0,128,6
4274,heavy_dissipation_003,heavy_dissipation,3,17,150043,0.35,0.15,0.0,128,6
4275,heavy_dissipation_003,heavy_dissipation,3,18,150043,0.35,0.15,0.0,128,6
4276,heavy_dissipation_003,heavy_dissipation,3,19,150043,0.35,0.15,0.0,128,6
4277,heavy_dissipation_003,heavy_dissipation,3,20,150043,0.35,0.15,0.0,128,6
4278,heavy_dissipation_003,heavy_dissipation,3,21,150043,0.35,0.15,0.0,128,6
4279,heavy_dissipation_003,heavy_dissipation,3,22,150043,0.35,0.15,0.0,128,6
4280,heavy_dissipation_003,heavy_dissipation,3,23,150043,0.35,0.15,0.0,128,6
4281,heavy_dissipation_003,heavy_dissipation,3,24,150043,0.35,0.15,0.0,128,6
4282,heavy_dissipation_003,heavy_dissipation,3,25,150043,0.35,0.15,0.0,128,6
4283,heavy_dissipation_003,heavy_dissipation,3,26,150043,0.35,0.15,0.0,128,6
4284,heavy_dissipation_003,heavy_dissipation,3,27,150043,0.35,0.15,0.0,128,6
4285,heavy_dissipation_003,heavy_dissipation,3,28,150043,0.35,0.15,0.0,128,6
4286,heavy_dissipation_003,heavy_dissipation,3,29,150043,0.35,0.15,0.0,128,6
4287,heavy_dissipation_003,heavy_dissipation,3,30,150043,0.35,0.15,0.0,128,6
4288,heavy_dissipation_003,heavy_dissipation,3,31,150043,0.35,0.15,0.0,128,6
4289,heavy_dissipation_003,heavy_dissipation,3,32,150043,0.35,0.15,0.0,128,6
4290,heavy_dissipation_003,heavy_dissipation,3,33,150043,0.35,0.15,0.0,128,6
4291,heavy_dissipation_003,heavy_dissipation,3,34,150043,0.35,0.15,0.0,128,6
4292,heavy_dissipation_003,heavy_dissipation,3,35,150043,0.35,0.15,0.0,128,6
4293,heavy_dissipation_003,heavy_dissipation,3,36,150043,0.35,0.15,0.0,128,6
4294,heavy_dissipation_003,heavy_dissipation,3,37,150043,0.35,0.15,0.0,128,6
4295,heavy_dissipation_003,heavy_dissipation,3,38,150043,0.35,0.15,0.0,128,6
4296,heavy_dissipation_003,heavy_dissipation,3,39,150043,0.35,0.15,0.0,128,6
4297,heavy_dissipation_003,heavy_dissipation,3,40,150043,0.35,0.15,0.0,128,6
4298,heavy_dissipation_003,heavy_dissipation,3,41,150043,0.35,0.15,0.0,128,6
4299,heavy_dissipation_003,heavy_dissipation,3,42,150043,0.35,0.15,0.0,128,6
4300,heavy_dissipation_003,heavy_dissipation,3,43,150043,0.35,0.15,0.0,128,6
4301,heavy_dissipation_003,heavy_dissipation,3,44,150043,0.35,0.15,0.0,128,6
4302,heavy_dissipation_003,heavy_dissipation,3,45,150043,0.35,0.15,0.0,128,6
4303,heavy_dissipation_003,heavy_dissipation,3,46,150043,0.35,0.15,0.0,128,6
4304,heavy_dissipation_003,heavy_dissipation,3,47,150043,0.35,0.15,0.0,128,6
4305,heavy_dissipation_003,heavy_dissipation,3,48,150043,0.35,0.15,0.0,128,6
4306,heavy_dissipation_003,heavy_dissipation,3,49,150043,0.35,0.15,0.0,128,6
4307,heavy_dissipation_003,heavy_dissipation,3,50,150043,0.35,0.15,0.0,128,6
4308,heavy_dissipation_003,heavy_dissipation,3,51,150043,0.35,0.15,0.0,128,6
4309,heavy_dissipation_003,heavy_dissipation,3,52,150043,0.35,0.15,0.0,128,6
4310,heavy_dissipation_003,heavy_dissipation,3,53,150043,0.35,0.15,0.0,128,6
4311,heavy_dissipation_003,heavy_dissipation,3,54,150043,0.35,0.15,0.0,128,6
4312,heavy_dissipation_003,heavy_dissipation,3,55,150043,0.35,0.15,0.0,128,6
4313,heavy_dissipation_003,heavy_dissipation,3,56,150043,0.35,0.15,0.0,128,6
4314,heavy_dissipation_003,heavy_dissipation,3,57,150043,0.35,0.15,0.0,128,6
4315,heavy_dissipation_003,heavy_dissipation,3,58,150043,0.35,0.15,0.0,128,6
4316,heavy_dissipation_003,heavy_dissipation,3,59,150043,0.35,0.15,0.0,128,6
4317,heavy_dissipation_003,heavy_dissipation,3,60,150043,0.35,0.15,0.0,128,6
4318,heavy_dissipation_003,heavy_dissipation,3,61,150043,0.35,0.15,0.0,128,6
4319,heavy_dissipation_003,heavy_dissipation,3,62,150043,0.35,0.15,0.0,128,6
4320,heavy_dissipation_003,heavy_dissipation,3,63,150043,0.35,0.15,0.0,128,6
4321,heavy_dissipation_003,heavy_dissipation,3,64,150043,0.35,0.15,0.0,128,6
4322,heavy_dissipation_003,heavy_dissipation,3,65,150043,0.35,0.15,0.0,128,6
4323,heavy_dissipation_003,heavy_dissipation,3,66,150043,0.35,0.15,0.0,128,6
4324,heavy_dissipation_003,heavy_dissipation,3,67,150043,0.35,0.15,0.0,128,6
4325,heavy_dissipation_003,heavy_dissipation,3,68,150043,0.35,0.15,0.0,128,6
4326,heavy_dissipation_003,heavy_dissipation,3,69,150043,0.35,0.15,0.0,128,6
4327,heavy_dissipation_003,heavy_dissipation,3,70,150043,0.35,0.15,0.0,128,6
4328,heavy_dissipation_003,heavy_dissipation,3,71,150043,0.35,0.15,0.0,128,6
4329,heavy_dissipation_003,heavy_dissipation,3,72,150043,0.35,0.15,0.0,128,6
4330,heavy_dissipation_003,heavy_dissipation,3,73,150043,0.35,0.15,0.0,128,6
4331,heavy_dissipation_003,heavy_dissipation,3,74,150043,0.35,0.15,0.0,128,6
4332,heavy_dissipation_003,heavy_dissipation,3,75,150043,0.35,0.15,0.0,128,6
4333,heavy_dissipation_003,heavy_dissipation,3,76,150043,0.35,0.15,0.0,128,6
4334,heavy_dissipation_003,heavy_dissipation,3,77,150043,0.35,0.15,0.0,128,6
4335,heavy_dissipation_003,heavy_dissipation,3,78,150043,0.35,0.15,0.0,128,6
4336,heavy_dissipation_003,heavy_dissipation,3,79,150043,0.35,0.15,0.0,128,6
4337,heavy_dissipation_003,heavy_dissipation,3,80,150043,0.35,0.15,0.0,128,6
4338,heavy_dissipation_003,heavy_dissipation,3,81,150043,0.35,0.15,0.0,128,6
4339,heavy_dissipation_003,heavy_dissipation,3,82,150043,0.35,0.15,0.0,128,6
4340,heavy_dissipation_003,heavy_dissipation,3,83,150043,0.35,0.15,0.0,128,6
4341,heavy_dissipation_003,heavy_dissipation,3,84,150043,0.35,0.15,0.0,128,6
4342,heavy_dissipation_003,heavy_dissipation,3,85,150043,0.35,0.15,0.0,128,6
4343,heavy_dissipation_003,heavy_dissipation,3,86,150043,0.35,0.15,0.0,128,6
4344,heavy_dissipation_003,heavy_dissipation,3,87,150043,0.35,0.15,0.0,128,6
4345,heavy_dissipation_003,heavy_dissipation,3,88,150043,0.35,0.15,0.0,128,6
4346,heavy_dissipation_003,heavy_dissipation,3,89,150043,0.35,0.15,0.0,128,6
4347,heavy_dissipation_003,heavy_dissipation,3,90,150043,0.35,0.15,0.0,128,6
4348,heavy_dissipation_003,heavy_dissipation,3,91,150043,0.35,0.15,0.0,128,6
4349,heavy_dissipation_003,heavy_dissipation,3,92,150043,0.35,0.15,0.0,128,6
4350,heavy_dissipation_003,heavy_dissipation,3,93,150043,0.35,0.15,0.0,128,6
4351,heavy_dissipation_003,heavy_dissipation,3,94,150043,0.35,0.15,0.0,128,6
4352,heavy_dissipation_003,heavy_dissipation,3,95,150043,0.35,0.15,0.0,128,6
4353,heavy_dissipation_003,heavy_dissipation,3,96,150043,0.35,0.15,0.0,128,6
4354,heavy_dissipation_003,heavy_dissipation,3,97,150043,0.35,0.15,0.0,128,6
4355,heavy_dissipation_003,heavy_dissipation,3,98,150043,0.35,0.15,0.0,128,6
4356,heavy_dissipation_004,heavy_dissipation,4,0,150044,0.35,0.15,0.0,128,6
4357,heavy_dissipation_004,heavy_dissipation,4,1,150044,0.35,0.15,0.0,128,6
4358,heavy_dissipation_004,heavy_dissipation,4,2,150044,0.35,0.15,0.0,128,6
4359,heavy_dissipation_004,heavy_dissipation,4,3,150044,0.35,0.15,0.0,128,6
4360,heavy_dissipation_004,heavy_dissipation,4,4,150044,0.35,0.15,0.0,128,6
4361,heavy_dissipation_004,heavy_dissipation,4,5,150044,0.35,0.15,0.0,128,6
4362,heavy_dissipation_004,heavy_dissipation,4,6,150044,0.35,0.15,0.0,128,6
4363,heavy_dissipation_004,heavy_dissipation,4,7,150044,0.35,0.15,0.0,128,6
4364,heavy_dissipation_004,heavy_dissipation,4,8,150044,0.35,0.15,0.0,128,6
4365,heavy_dissipation_004,heavy_dissipation,4,9,150044,0.35,0.15,0.0,128,6
4366,heavy_dissipation_004,heavy_dissipation,4,10,150044,0.35,0.15,0.0,128,6
4367,heavy_dissipation_004,heavy_dissipation,4,11,150044,0.35,0.15,0.0,128,6
4368,heavy_dissipation_004,heavy_dissipation,4,12,150044,0.35,0.15,0.0,128,6
4369,heavy_dissipation_004,heavy_dissipation,4,13,150044,0.35,0.15,0.0,128,6
4370,heavy_dissipation_004,heavy_dissipation,4,14,150044,0.35,0.15,0.0,128,6
4371,heavy_dissipation_004,heavy_dissipation,4,15,150044,0.35,0.15,0.0,128,6
4372,heavy_dissipation_004,heavy_dissipation,4,16,150044,0.35,0.15,0.0,128,6
4373,heavy_dissipation_004,heavy_dissipation,4,17,150044,0.35,0.15,0.0,128,6
4374,heavy_dissipation_004,heavy_dissipation,4,18,150044,0.35,0.15,0.0,128,6
4375,heavy_dissipation_004,heavy_dissipation,4,19,150044,0.35,0.15,0.0,128,6
4376,heavy_dissipation_004,heavy_dissipation,4,20,150044,0.35,0.15,0.0,128,6
4377,heavy_dissipation_004,heavy_dissipation,4,21,150044,0.35,0.15,0.0,128,6
4378,heavy_dissipation_004,heavy_dissipation,4,22,150044,0.35,0.15,0.0,128,6
4379,heavy_dissipation_004,heavy_dissipation,4,23,150044,0.35,0.15,0.0,128,6
4380,heavy_dissipation_004,heavy_dissipation,4,24,150044,0.35,0.15,0.0,128,6
4381,heavy_dissipation_004,heavy_dissipation,4,25,150044,0.35,0.15,0.0,128,6
4382,heavy_dissipation_004,heavy_dissipation,4,26,150044,0.35,0.15,0.0,128,6
4383,heavy_dissipation_004,heavy_dissipation,4,27,150044,0.35,0.15,0.0,128,6
4384,heavy_dissipation_004,heavy_dissipation,4,28,150044,0.35,0.15,0.0,128,6
4385,heavy_dissipation_004,heavy_dissipation,4,29,150044,0.35,0.15,0.0,128,6
4386,heavy_dissipation_004,heavy_dissipation,4,30,150044,0.35,0.15,0.0,128,6
4387,heavy_dissipation_004,heavy_dissipation,4,31,150044,0.35,0.15,0.0,128,6
4388,heavy_dissipation_004,heavy_dissipation,4,32,150044,0.35,0.15,0.0,128,6
4389,heavy_dissipation_004,heavy_dissipation,4,33,150044,0.35,0.15,0.0,128,6
4390,heavy_dissipation_004,heavy_dissipation,4,34,150044,0.35,0.15,0.0,128,6
4391,heavy_dissipation_004,heavy_dissipation,4,35,150044,0.35,0.15,0.0,128,6
4392,heavy_dissipation_004,heavy_dissipation,4,36,150044,0.35,0.15,0.0,128,6
4393,heavy_dissipation_004,heavy_dissipation,4,37,150044,0.35,0.15,0.0,128,6
4394,heavy_dissipation_004,heavy_dissipation,4,38,150044,0.35,0.15,0.0,128,6
4395,heavy_dissipation_004,heavy_dissipation,4,39,150044,0.35,0.15,0.0,128,6
4396,heavy_dissipation_004,heavy_dissipation,4,40,150044,0.35,0.15,0.0,128,6
4397,heavy_dissipation_004,heavy_dissipation,4,41,150044,0.35,0.15,0.0,128,6
4398,heavy_dissipation_004,heavy_dissipation,4,42,150044,0.35,0.15,0.0,128,6
4399,heavy_dissipation_004,heavy_dissipation,4,43,150044,0.35,0.15,0.0,128,6
4400,heavy_dissipation_004,heavy_dissipation,4,44,150044,0.35,0.15,0.0,128,6
4401,heavy_dissipation_004,heavy_dissipation,4,45,150044,0.35,0.15,0.0,128,6
4402,heavy_dissipation_004,heavy_dissipation,4,46,150044,0.35,0.15,0.0,128,6
4403,heavy_dissipation_004,heavy_dissipation,4,47,150044,0.35,0.15,0.0,128,6
4404,heavy_dissipation_004,heavy_dissipation,4,48,150044,0.35,0.15,0.0,128,6
4405,heavy_dissipation_004,heavy_dissipation,4,49,150044,0.35,0.15,0.0,128,6
4406,heavy_dissipation_004,heavy_dissipation,4,50,150044,0.35,0.15,0.0,128,6
4407,heavy_dissipation_004,heavy_dissipation,4,51,150044,0.35,0.15,0.0,128,6
4408,heavy_dissipation_004,heavy_dissipation,4,52,150044,0.35,0.15,0.0,128,6
4409,heavy_dissipation_004,heavy_dissipation,4,53,150044,0.35,0.15,0.0,128,6
4410,heavy_dissipation_004,heavy_dissipation,4,54,150044,0.35,0.15,0.0,128,6
4411,heavy_dissipation_004,heavy_dissipation,4,55,150044,0.35,0.15,0.0,128,6
4412,heavy_dissipation_004,heavy_dissipation,4,56,150044,0.35,0.15,0.0,128,6
4413,heavy_dissipation_004,heavy_dissipation,4,57,150044,0.35,0.15,0.0,128,6
4414,heavy_dissipation_004,heavy_dissipation,4,58,150044,0.35,0.15,0.0,128,6
4415,heavy_dissipation_004,heavy_dissipation,4,59,150044,0.35,0.15,0.0,128,6
4416,heavy_dissipation_004,heavy_dissipation,4,60,150044,0.35,0.15,0.0,128,6
4417,heavy_dissipation_004,heavy_dissipation,4,61,150044,0.35,0.15,0.0,128,6
4418,heavy_dissipation_004,heavy_dissipation,4,62,150044,0.35,0.15,0.0,128,6
4419,heavy_dissipation_004,heavy_dissipation,4,63,150044,0.35,0.15,0.0,128,6
4420,heavy_dissipation_004,heavy_dissipation,4,64,150044,0.35,0.15,0.0,128,6
4421,heavy_dissipation_004,heavy_dissipation,4,65,150044,0.35,0.15,0.0,128,6
4422,heavy_dissipation_004,heavy_dissipation,4,66,150044,0.35,0.15,0.0,128,6
4423,heavy_dissipation_004,heavy_dissipation,4,67,150044,0.35,0.15,0.0,128,6
4424,heavy_dissipation_004,heavy_dissipation,4,68,150044,0.35,0.15,0.0,128,6
4425,heavy_dissipation_004,heavy_dissipation,4,69,150044,0.35,0.15,0.0,128,6
4426,heavy_dissipation_004,heavy_dissipation,4,70,150044,0.35,0.15,0.0,128,6
4427,heavy_dissipation_004,heavy_dissipation,4,71,150044,0.35,0.15,0.0,128,6
4428,heavy_dissipation_004,heavy_dissipation,4,72,150044,0.35,0.15,0.0,128,6
4429,heavy_dissipation_004,heavy_dissipation,4,73,150044,0.35,0.15,0.0,128,6
4430,heavy_dissipation_004,heavy_dissipation,4,74,150044,0.35,0.15,0.0,128,6
4431,heavy_dissipation_004,heavy_dissipation,4,75,150044,0.35,0.15,0.0,128,6
4432,heavy_dissipation_004,heavy_dissipation,4,76,150044,0.35,0.15,0.0,128,6
4433,heavy_dissipation_004,heavy_dissipation,4,77,150044,0.35,0.15,0.0,128,6
4434,heavy_dissipation_004,heavy_dissipation,4,78,150044,0.35,0.15,0.0,128,6
4435,heavy_dissipation_004,heavy_dissipation,4,79,150044,0.35,0.15,0.0,128,6
4436,heavy_dissipation_004,heavy_dissipation,4,80,150044,0.35,0.15,0.0,128,6
4437,heavy_dissipation_004,heavy_dissipation,4,81,150044,0.35,0.15,0.0,128,6
4438,heavy_dissipation_004,heavy_dissipation,4,82,150044,0.35,0.15,0.0,128,6
4439,heavy_dissipation_004,heavy_dissipation,4,83,150044,0.35,0.15,0.0,128,6
4440,heavy_dissipation_004,heavy_dissipation,4,84,150044,0.35,0.15,0.0,128,6
4441,heavy_dissipation_004,heavy_dissipation,4,85,150044,0.35,0.15,0.0,128,6
4442,heavy_dissipation_004,heavy_dissipation,4,86,150044,0.35,0.15,0.0,128,6
4443,heavy_dissipation_004,heavy_dissipation,4,87,150044,0.35,0.15,0.0,128,6
4444,heavy_dissipation_004,heavy_dissipation,4,88,150044,0.35,0.15,0.0,128,6
4445,heavy_dissipation_004,heavy_dissipation,4,89,150044,0.35,0.15,0.0,128,6
4446,heavy_dissipation_004,heavy_dissipation,4,90,150044,0.35,0.15,0.0,128,6
4447,heavy_dissipation_004,heavy_dissipation,4,91,150044,0.35,0.15,0.0,128,6
4448,heavy_dissipation_004,heavy_dissipation,4,92,150044,0.35,0.15,0.0,128,6
4449,heavy_dissipation_004,heavy_dissipation,4,93,150044,0.35,0.15,0.0,128,6
4450,heavy_dissipation_004,heavy_dissipation,4,94,150044,0.35,0.15,0.0,128,6
4451,heavy_dissipation_004,heavy_dissipation,4,95,150044,0.35,0.15,0.0,128,6
4452,heavy_dissipation_004,heavy_dissipation,4,96,150044,0.35,0.15,0.0,128,6
4453,heavy_dissipation_004,heavy_dissipation,4,97,150044,0.35,0.15,0.0,128,6
4454,heavy_dissipation_004,heavy_dissipation,4,98,150044,0.35,0.15,0.0,128,6
4455,heavy_dissipation_005,heavy_dissipation,5,0,150045,0.35,0.15,0.0,128,6
4456,heavy_dissipation_005,heavy_dissipation,5,1,150045,0.35,0.15,0.0,128,6
4457,heavy_dissipation_005,heavy_dissipation,5,2,150045,0.35,0.15,0.0,128,6
4458,heavy_dissipation_005,heavy_dissipation,5,3,150045,0.35,0.15,0.0,128,6
4459,heavy_dissipation_005,heavy_dissipation,5,4,150045,0.35,0.15,0.0,128,6
4460,heavy_dissipation_005,heavy_dissipation,5,5,150045,0.35,0.15,0.0,128,6
4461,heavy_dissipation_005,heavy_dissipation,5,6,150045,0.35,0.15,0.0,128,6
4462,heavy_dissipation_005,heavy_dissipation,5,7,150045,0.35,0.15,0.0,128,6
4463,heavy_dissipation_005,heavy_dissipation,5,8,150045,0.35,0.15,0.0,128,6
4464,heavy_dissipation_005,heavy_dissipation,5,9,150045,0.35,0.15,0.0,128,6
4465,heavy_dissipation_005,heavy_dissipation,5,10,150045,0.35,0.15,0.0,128,6
4466,heavy_dissipation_005,heavy_dissipation,5,11,150045,0.35,0.15,0.0,128,6
4467,heavy_dissipation_005,heavy_dissipation,5,12,150045,0.35,0.15,0.0,128,6
4468,heavy_dissipation_005,heavy_dissipation,5,13,150045,0.35,0.15,0.0,128,6
4469,heavy_dissipation_005,heavy_dissipation,5,14,150045,0.35,0.15,0.0,128,6
4470,heavy_dissipation_005,heavy_dissipation,5,15,150045,0.35,0.15,0.0,128,6
4471,heavy_dissipation_005,heavy_dissipation,5,16,150045,0.35,0.15,0.0,128,6
4472,heavy_dissipation_005,heavy_dissipation,5,17,150045,0.35,0.15,0.0,128,6
4473,heavy_dissipation_005,heavy_dissipation,5,18,150045,0.35,0.15,0.0,128,6
4474,heavy_dissipation_005,heavy_dissipation,5,19,150045,0.35,0.15,0.0,128,6
4475,heavy_dissipation_005,heavy_dissipation,5,20,150045,0.35,0.15,0.0,128,6
4476,heavy_dissipation_005,heavy_dissipation,5,21,150045,0.35,0.15,0.0,128,6
4477,heavy_dissipation_005,heavy_dissipation,5,22,150045,0.35,0.15,0.0,128,6
4478,heavy_dissipation_005,heavy_dissipation,5,23,150045,0.35,0.15,0.0,128,6
4479,heavy_dissipation_005,heavy_dissipation,5,24,150045,0.35,0.15,0.0,128,6
4480,heavy_dissipation_005,heavy_dissipation,5,25,150045,0.35,0.15,0.0,128,6
4481,heavy_dissipation_005,heavy_dissipation,5,26,150045,0.35,0.15,0.0,128,6
4482,heavy_dissipation_005,heavy_dissipation,5,27,150045,0.35,0.15,0.0,128,6
4483,heavy_dissipation_005,heavy_dissipation,5,28,150045,0.35,0.15,0.0,128,6
4484,heavy_dissipation_005,heavy_dissipation,5,29,150045,0.35,0.15,0.0,128,6
4485,heavy_dissipation_005,heavy_dissipation,5,30,150045,0.35,0.15,0.0,128,6
4486,heavy_dissipation_005,heavy_dissipation,5,31,150045,0.35,0.15,0.0,128,6
4487,heavy_dissipation_005,heavy_dissipation,5,32,150045,0.35,0.15,0.0,128,6
4488,heavy_dissipation_005,heavy_dissipation,5,33,150045,0.35,0.15,0.0,128,6
4489,heavy_dissipation_005,heavy_dissipation,5,34,150045,0.35,0.15,0.0,128,6
4490,heavy_dissipation_005,heavy_dissipation,5,35,150045,0.35,0.15,0.0,128,6
4491,heavy_dissipation_005,heavy_dissipation,5,36,150045,0.35,0.15,0.0,128,6
4492,heavy_dissipation_005,heavy_dissipation,5,37,150045,0.35,0.15,0.0,128,6
4493,heavy_dissipation_005,heavy_dissipation,5,38,150045,0.35,0.15,0.0,128,6
4494,heavy_dissipation_005,heavy_dissipation,5,39,150045,0.35,0.15,0.0,128,6
4495,heavy_dissipation_005,heavy_dissipation,5,40,150045,0.35,0.15,0.0,128,6
4496,heavy_dissipation_005,heavy_dissipation,5,41,150045,0.35,0.15,0.0,128,6
4497,heavy_dissipation_005,heavy_dissipation,5,42,150045,0.35,0.15,0.0,128,6
4498,heavy_dissipation_005,heavy_dissipation,5,43,150045,0.35,0.15,0.0,128,6
4499,heavy_dissipation_005,heavy_dissipation,5,44,150045,0.35,0.15,0.0,128,6
4500,heavy_dissipation_005,heavy_dissipation,5,45,150045,0.35,0.15,0.0,128,6
4501,heavy_dissipation_005,heavy_dissipation,5,46,150045,0.35,0.15,0.0,128,6
4502,heavy_dissipation_005,heavy_dissipation,5,47,150045,0.35,0.15,0.0,128,6
4503,heavy_dissipation_005,heavy_dissipation,5,48,150045,0.35,0.15,0.0,128,6
4504,heavy_dissipation_005,heavy_dissipation,5,49,150045,0.35,0.15,0.0,128,6
4505,heavy_dissipation_005,heavy_dissipation,5,50,150045,0.35,0.15,0.0,128,6
4506,heavy_dissipation_005,heavy_dissipation,5,51,150045,0.35,0.15,0.0,128,6
4507,heavy_dissipation_005,heavy_dissipation,5,52,150045,0.35,0.15,0.0,128,6
4508,heavy_dissipation_005,heavy_dissipation,5,53,150045,0.35,0.15,0.0,128,6
4509,heavy_dissipation_005,heavy_dissipation,5,54,150045,0.35,0.15,0.0,128,6
4510,heavy_dissipation_005,heavy_dissipation,5,55,150045,0.35,0.15,0.0,128,6
4511,heavy_dissipation_005,heavy_dissipation,5,56,150045,0.35,0.15,0.0,128,6
4512,heavy_dissipation_005,heavy_dissipation,5,57,150045,0.35,0.15,0.0,128,6
4513,heavy_dissipation_005,heavy_dissipation,5,58,150045,0.35,0.15,0.0,128,6
4514,heavy_dissipation_005,heavy_dissipation,5,59,150045,0.35,0.15,0.0,128,6
4515,heavy_dissipation_005,heavy_dissipation,5,60,150045,0.35,0.15,0.0,128,6
4516,heavy_dissipation_005,heavy_dissipation,5,61,150045,0.35,0.15,0.0,128,6
4517,heavy_dissipation_005,heavy_dissipation,5,62,150045,0.35,0.15,0.0,128,6
4518,heavy_dissipation_005,heavy_dissipation,5,63,150045,0.35,0.15,0.0,128,6
4519,heavy_dissipation_005,heavy_dissipation,5,64,150045,0.35,0.15,0.0,128,6
4520,heavy_dissipation_005,heavy_dissipation,5,65,150045,0.35,0.15,0.0,128,6
4521,heavy_dissipation_005,heavy_dissipation,5,66,150045,0.35,0.15,0.0,128,6
4522,heavy_dissipation_005,heavy_dissipation,5,67,150045,0.35,0.15,0.0,128,6
4523,heavy_dissipation_005,heavy_dissipation,5,68,150045,0.35,0.15,0.0,128,6
4524,heavy_dissipation_005,heavy_dissipation,5,69,150045,0.35,0.15,0.0,128,6
4525,heavy_dissipation_005,heavy_dissipation,5,70,150045,0.35,0.15,0.0,128,6
4526,heavy_dissipation_005,heavy_dissipation,5,71,150045,0.35,0.15,0.0,128,6
4527,heavy_dissipation_005,heavy_dissipation,5,72,150045,0.35,0.15,0.0,128,6
4528,heavy_dissipation_005,heavy_dissipation,5,73,150045,0.35,0.15,0.0,128,6
4529,heavy_dissipation_005,heavy_dissipation,5,74,150045,0.35,0.15,0.0,128,6
4530,heavy_dissipation_005,heavy_dissipation,5,75,150045,0.35,0.15,0.0,128,6
4531,heavy_dissipation_005,heavy_dissipation,5,76,150045,0.35,0.15,0.0,128,6
4532,heavy_dissipation_005,heavy_dissipation,5,77,150045,0.35,0.15,0.0,128,6
4533,heavy_dissipation_005,heavy_dissipation,5,78,150045,0.35,0.15,0.0,128,6
4534,heavy_dissipation_005,heavy_dissipation,5,79,150045,0.35,0.15,0.0,128,6
4535,heavy_dissipation_005,heavy_dissipation,5,80,150045,0.35,0.15,0.0,128,6
4536,heavy_dissipation_005,heavy_dissipation,5,81,150045,0.35,0.15,0.0,128,6
4537,heavy_dissipation_005,heavy_dissipation,5,82,150045,0.35,0.15,0.0,128,6
4538,heavy_dissipation_005,heavy_dissipation,5,83,150045,0.35,0.15,0.0,128,6
4539,heavy_dissipation_005,heavy_dissipation,5,84,150045,0.35,0.15,0.0,128,6
4540,heavy_dissipation_005,heavy_dissipation,5,85,150045,0.35,0.15,0.0,128,6
4541,heavy_dissipation_005,heavy_dissipation,5,86,150045,0.35,0.15,0.0,128,6
4542,heavy_dissipation_005,heavy_dissipation,5,87,150045,0.35,0.15,0.0,128,6
4543,heavy_dissipation_005,heavy_dissipation,5,88,150045,0.35,0.15,0.0,128,6
4544,heavy_dissipation_005,heavy_dissipation,5,89,150045,0.35,0.15,0.0,128,6
4545,heavy_dissipation_005,heavy_dissipation,5,90,150045,0.35,0.15,0.0,128,6
4546,heavy_dissipation_005,heavy_dissipation,5,91,150045,0.35,0.15,0.0,128,6
4547,heavy_dissipation_005,heavy_dissipation,5,92,150045,0.35,0.15,0.0,128,6
4548,heavy_dissipation_005,heavy_dissipation,5,93,150045,0.35,0.15,0.0,128,6
4549,heavy_dissipation_005,heavy_dissipation,5,94,150045,0.35,0.15,0.0,128,6
4550,heavy_dissipation_005,heavy_dissipation,5,95,150045,0.35,0.15,0.0,128,6
4551,heavy_dissipation_005,heavy_dissipation,5,96,150045,0.35,0.15,0.0,128,6
4552,heavy_dissipation_005,heavy_dissipation,5,97,150045,0.35,0.15,0.0,128,6
4553,heavy_dissipation_005,heavy_dissipation,5,98,150045,0.35,0.15,0.0,128,6
4554,heavy_dissipation_006,heavy_dissipation,6,0,150046,0.35,0.15,0.0,128,6
4555,heavy_dissipation_006,heavy_dissipation,6,1,150046,0.35,0.15,0.0,128,6
4556,heavy_dissipation_006,heavy_dissipation,6,2,150046,0.35,0.15,0.0,128,6
4557,heavy_dissipation_006,heavy_dissipation,6,3,150046,0.35,0.15,0.0,128,6
4558,heavy_dissipation_006,heavy_dissipation,6,4,150046,0.35,0.15,0.0,128,6
4559,heavy_dissipation_006,heavy_dissipation,6,5,150046,0.35,0.15,0.0,128,6
4560,heavy_dissipation_006,heavy_dissipation,6,6,150046,0.35,0.15,0.0,128,6
4561,heavy_dissipation_006,heavy_dissipation,6,7,150046,0.35,0.15,0.0,128,6
4562,heavy_dissipation_006,heavy_dissipation,6,8,150046,0.35,0.15,0.0,128,6
4563,heavy_dissipation_006,heavy_dissipation,6,9,150046,0.35,0.15,0.0,128,6
4564,heavy_dissipation_006,heavy_dissipation,6,10,150046,0.35,0.15,0.0,128,6
4565,heavy_dissipation_006,heavy_dissipation,6,11,150046,0.35,0.15,0.0,128,6
4566,heavy_dissipation_006,heavy_dissipation,6,12,150046,0.35,0.15,0.0,128,6
4567,heavy_dissipation_006,heavy_dissipation,6,13,150046,0.35,0.15,0.0,128,6
4568,heavy_dissipation_006,heavy_dissipation,6,14,150046,0.35,0.15,0.0,128,6
4569,heavy_dissipation_006,heavy_dissipation,6,15,150046,0.35,0.15,0.0,128,6
4570,heavy_dissipation_006,heavy_dissipation,6,16,150046,0.35,0.15,0.0,128,6
4571,heavy_dissipation_006,heavy_dissipation,6,17,150046,0.35,0.15,0.0,128,6
4572,heavy_dissipation_006,heavy_dissipation,6,18,150046,0.35,0.15,0.0,128,6
4573,heavy_dissipation_006,heavy_dissipation,6,19,150046,0.35,0.15,0.0,128,6
4574,heavy_dissipation_006,heavy_dissipation,6,20,150046,0.35,0.15,0.0,128,6
4575,heavy_dissipation_006,heavy_dissipation,6,21,150046,0.35,0.15,0.0,128,6
4576,heavy_dissipation_006,heavy_dissipation,6,22,150046,0.35,0.15,0.0,128,6
4577,heavy_dissipation_006,heavy_dissipation,6,23,150046,0.35,0.15,0.0,128,6
4578,heavy_dissipation_006,heavy_dissipation,6,24,150046,0.35,0.15,0.0,128,6
4579,heavy_dissipation_006,heavy_dissipation,6,25,150046,0.35,0.15,0.0,128,6
4580,heavy_dissipation_006,heavy_dissipation,6,26,150046,0.35,0.15,0.0,128,6
4581,heavy_dissipation_006,heavy_dissipation,6,27,150046,0.35,0.15,0.0,128,6
4582,heavy_dissipation_006,heavy_dissipation,6,28,150046,0.35,0.15,0.0,128,6
4583,heavy_dissipation_006,heavy_dissipation,6,29,150046,0.35,0.15,0.0,128,6
4584,heavy_dissipation_006,heavy_dissipation,6,30,150046,0.35,0.15,0.0,128,6
4585,heavy_dissipation_006,heavy_dissipation,6,31,150046,0.35,0.15,0.0,128,6
4586,heavy_dissipation_006,heavy_dissipation,6,32,150046,0.35,0.15,0.0,128,6
4587,heavy_dissipation_006,heavy_dissipation,6,33,150046,0.35,0.15,0.0,128,6
4588,heavy_dissipation_006,heavy_dissipation,6,34,150046,0.35,0.15,0.0,128,6
4589,heavy_dissipation_006,heavy_dissipation,6,35,150046,0.35,0.15,0.0,128,6
4590,heavy_dissipation_006,heavy_dissipation,6,36,150046,0.35,0.15,0.0,128,6
4591,heavy_dissipation_006,heavy_dissipation,6,37,150046,0.35,0.15,0.0,128,6
4592,heavy_dissipation_006,heavy_dissipation,6,38,150046,0.35,0.15,0.0,128,6
4593,heavy_dissipation_006,heavy_dissipation,6,39,150046,0.35,0.15,0.0,128,6
4594,heavy_dissipation_006,heavy_dissipation,6,40,150046,0.35,0.15,0.0,128,6
4595,heavy_dissipation_006,heavy_dissipation,6,41,150046,0.35,0.15,0.0,128,6
4596,heavy_dissipation_006,heavy_dissipation,6,42,150046,0.35,0.15,0.0,128,6
4597,heavy_dissipation_006,heavy_dissipation,6,43,150046,0.35,0.15,0.0,128,6
4598,heavy_dissipation_006,heavy_dissipation,6,44,150046,0.35,0.15,0.0,128,6
4599,heavy_dissipation_006,heavy_dissipation,6,45,150046,0.35,0.15,0.0,128,6
4600,heavy_dissipation_006,heavy_dissipation,6,46,150046,0.35,0.15,0.0,128,6
4601,heavy_dissipation_006,heavy_dissipation,6,47,150046,0.35,0.15,0.0,128,6
4602,heavy_dissipation_006,heavy_dissipation,6,48,150046,0.35,0.15,0.0,128,6
4603,heavy_dissipation_006,heavy_dissipation,6,49,150046,0.35,0.15,0.0,128,6
4604,heavy_dissipation_006,heavy_dissipation,6,50,150046,0.35,0.15,0.0,128,6
4605,heavy_dissipation_006,heavy_dissipation,6,51,150046,0.35,0.15,0.0,128,6
4606,heavy_dissipation_006,heavy_dissipation,6,52,150046,0.35,0.15,0.0,128,6
4607,heavy_dissipation_006,heavy_dissipation,6,53,150046,0.35,0.15,0.0,128,6
4608,heavy_dissipation_006,heavy_dissipation,6,54,150046,0.35,0.15,0.0,128,6
4609,heavy_dissipation_006,heavy_dissipation,6,55,150046,0.35,0.15,0.0,128,6
4610,heavy_dissipation_006,heavy_dissipation,6,56,150046,0.35,0.15,0.0,128,6
4611,heavy_dissipation_006,heavy_dissipation,6,57,150046,0.35,0.15,0.0,128,6
4612,heavy_dissipation_006,heavy_dissipation,6,58,150046,0.35,0.15,0.0,128,6
4613,heavy_dissipation_006,heavy_dissipation,6,59,150046,0.35,0.15,0.0,128,6
4614,heavy_dissipation_006,heavy_dissipation,6,60,150046,0.35,0.15,0.0,128,6
4615,heavy_dissipation_006,heavy_dissipation,6,61,150046,0.35,0.15,0.0,128,6
4616,heavy_dissipation_006,heavy_dissipation,6,62,150046,0.35,0.15,0.0,128,6
4617,heavy_dissipation_006,heavy_dissipation,6,63,150046,0.35,0.15,0.0,128,6
4618,heavy_dissipation_006,heavy_dissipation,6,64,150046,0.35,0.15,0.0,128,6
4619,heavy_dissipation_006,heavy_dissipation,6,65,150046,0.35,0.15,0.0,128,6
4620,heavy_dissipation_006,heavy_dissipation,6,66,150046,0.35,0.15,0.0,128,6
4621,heavy_dissipation_006,heavy_dissipation,6,67,150046,0.35,0.15,0.0,128,6
4622,heavy_dissipation_006,heavy_dissipation,6,68,150046,0.35,0.15,0.0,128,6
4623,heavy_dissipation_006,heavy_dissipation,6,69,150046,0.35,0.15,0.0,128,6
4624,heavy_dissipation_006,heavy_dissipation,6,70,150046,0.35,0.15,0.0,128,6
4625,heavy_dissipation_006,heavy_dissipation,6,71,150046,0.35,0.15,0.0,128,6
4626,heavy_dissipation_006,heavy_dissipation,6,72,150046,0.35,0.15,0.0,128,6
4627,heavy_dissipation_006,heavy_dissipation,6,73,150046,0.35,0.15,0.0,128,6
4628,heavy_dissipation_006,heavy_dissipation,6,74,150046,0.35,0.15,0.0,128,6
4629,heavy_dissipation_006,heavy_dissipation,6,75,150046,0.35,0.15,0.0,128,6
4630,heavy_dissipation_006,heavy_dissipation,6,76,150046,0.35,0.15,0.0,128,6
4631,heavy_dissipation_006,heavy_dissipation,6,77,150046,0.35,0.15,0.0,128,6
4632,heavy_dissipation_006,heavy_dissipation,6,78,150046,0.35,0.15,0.0,128,6
4633,heavy_dissipation_006,heavy_dissipation,6,79,150046,0.35,0.15,0.0,128,6
4634,heavy_dissipation_006,heavy_dissipation,6,80,150046,0.35,0.15,0.0,128,6
4635,heavy_dissipation_006,heavy_dissipation,6,81,150046,0.35,0.15,0.0,128,6
4636,heavy_dissipation_006,heavy_dissipation,6,82,150046,0.35,0.15,0.0,128,6
4637,heavy_dissipation_006,heavy_dissipation,6,83,150046,0.35,0.15,0.0,128,6
4638,heavy_dissipation_006,heavy_dissipation,6,84,150046,0.35,0.15,0.0,128,6
4639,heavy_dissipation_006,heavy_dissipation,6,85,150046,0.35,0.15,0.0,128,6
4640,heavy_dissipation_006,heavy_dissipation,6,86,150046,0.35,0.15,0.0,128,6
4641,heavy_dissipation_006,heavy_dissipation,6,87,150046,0.35,0.15,0.0,128,6
4642,heavy_dissipation_006,heavy_dissipation,6,88,150046,0.35,0.15,0.0,128,6
4643,heavy_dissipation_006,heavy_dissipation,6,89,150046,0.35,0.15,0.0,128,6
4644,heavy_dissipation_006,heavy_dissipation,6,90,150046,0.35,0.15,0.0,128,6
4645,heavy_dissipation_006,heavy_dissipation,6,91,150046,0.35,0.15,0.0,128,6
4646,heavy_dissipation_006,heavy_dissipation,6,92,150046,0.35,0.15,0.0,128,6
4647,heavy_dissipation_006,heavy_dissipation,6,93,150046,0.35,0.15,0.0,128,6
4648,heavy_dissipation_006,heavy_dissipation,6,94,150046,0.35,0.15,0.0,128,6
4649,heavy_dissipation_006,heavy_dissipation,6,95,150046,0.35,0.15,0.0,128,6
4650,heavy_dissipation_006,heavy_dissipation,6,96,150046,0.35,0.15,0.0,128,6
4651,heavy_dissipation_006,heavy_dissipation,6,97,150046,0.35,0.15,0.0,128,6
4652,heavy_dissipation_006,heavy_dissipation,6,98,150046,0.35,0.15,0.0,128,6
4653,heavy_dissipation_007,heavy_dissipation,7,0,150047,0.35,0.15,0.0,128,6
4654,heavy_dissipation_007,heavy_dissipation,7,1,150047,0.35,0.15,0.0,128,6
4655,heavy_dissipation_007,heavy_dissipation,7,2,150047,0.35,0.15,0.0,128,6
4656,heavy_dissipation_007,heavy_dissipation,7,3,150047,0.35,0.15,0.0,128,6
4657,heavy_dissipation_007,heavy_dissipation,7,4,150047,0.35,0.15,0.0,128,6
4658,heavy_dissipation_007,heavy_dissipation,7,5,150047,0.35,0.15,0.0,128,6
4659,heavy_dissipation_007,heavy_dissipation,7,6,150047,0.35,0.15,0.0,128,6
4660,heavy_dissipation_007,heavy_dissipation,7,7,150047,0.35,0.15,0.0,128,6
4661,heavy_dissipation_007,heavy_dissipation,7,8,150047,0.35,0.15,0.0,128,6
4662,heavy_dissipation_007,heavy_dissipation,7,9,150047,0.35,0.15,0.0,128,6
4663,heavy_dissipation_007,heavy_dissipation,7,10,150047,0.35,0.15,0.0,128,6
4664,heavy_dissipation_007,heavy_dissipation,7,11,150047,0.35,0.15,0.0,128,6
4665,heavy_dissipation_007,heavy_dissipation,7,12,150047,0.35,0.15,0.0,128,6
4666,heavy_dissipation_007,heavy_dissipation,7,13,150047,0.35,0.15,0.0,128,6
4667,heavy_dissipation_007,heavy_dissipation,7,14,150047,0.35,0.15,0.0,128,6
4668,heavy_dissipation_007,heavy_dissipation,7,15,150047,0.35,0.15,0.0,128,6
4669,heavy_dissipation_007,heavy_dissipation,7,16,150047,0.35,0.15,0.0,128,6
4670,heavy_dissipation_007,heavy_dissipation,7,17,150047,0.35,0.15,0.0,128,6
4671,heavy_dissipation_007,heavy_dissipation,7,18,150047,0.35,0.15,0.0,128,6
4672,heavy_dissipation_007,heavy_dissipation,7,19,150047,0.35,0.15,0.0,128,6
4673,heavy_dissipation_007,heavy_dissipation,7,20,150047,0.35,0.15,0.0,128,6
4674,heavy_dissipation_007,heavy_dissipation,7,21,150047,0.35,0.15,0.0,128,6
4675,heavy_dissipation_007,heavy_dissipation,7,22,150047,0.35,0.15,0.0,128,6
4676,heavy_dissipation_007,heavy_dissipation,7,23,150047,0.35,0.15,0.0,128,6
4677,heavy_dissipation_007,heavy_dissipation,7,24,150047,0.35,0.15,0.0,128,6
4678,heavy_dissipation_007,heavy_dissipation,7,25,150047,0.35,0.15,0.0,128,6
4679,heavy_dissipation_007,heavy_dissipation,7,26,150047,0.35,0.15,0.0,128,6
4680,heavy_dissipation_007,heavy_dissipation,7,27,150047,0.35,0.15,0.0,128,6
4681,heavy_dissipation_007,heavy_dissipation,7,28,150047,0.35,0.15,0.0,128,6
4682,heavy_dissipation_007,heavy_dissipation,7,29,150047,0.35,0.15,0.0,128,6
4683,heavy_dissipation_007,heavy_dissipation,7,30,150047,0.35,0.15,0.0,128,6
4684,heavy_dissipation_007,heavy_dissipation,7,31,150047,0.35,0.15,0.0,128,6
4685,heavy_dissipation_007,heavy_dissipation,7,32,150047,0.35,0.15,0.0,128,6
4686,heavy_dissipation_007,heavy_dissipation,7,33,150047,0.35,0.15,0.0,128,6
4687,heavy_dissipation_007,heavy_dissipation,7,34,150047,0.35,0.15,0.0,128,6
4688,heavy_dissipation_007,heavy_dissipation,7,35,150047,0.35,0.15,0.0,128,6
4689,heavy_dissipation_007,heavy_dissipation,7,36,150047,0.35,0.15,0.0,128,6
4690,heavy_dissipation_007,heavy_dissipation,7,37,150047,0.35,0.15,0.0,128,6
4691,heavy_dissipation_007,heavy_dissipation,7,38,150047,0.35,0.15,0.0,128,6
4692,heavy_dissipation_007,heavy_dissipation,7,39,150047,0.35,0.15,0.0,128,6
4693,heavy_dissipation_007,heavy_dissipation,7,40,150047,0.35,0.15,0.0,128,6
4694,heavy_dissipation_007,heavy_dissipation,7,41,150047,0.35,0.15,0.0,128,6
4695,heavy_dissipation_007,heavy_dissipation,7,42,150047,0.35,0.15,0.0,128,6
4696,heavy_dissipation_007,heavy_dissipation,7,43,150047,0.35,0.15,0.0,128,6
4697,heavy_dissipation_007,heavy_dissipation,7,44,150047,0.35,0.15,0.0,128,6
4698,heavy_dissipation_007,heavy_dissipation,7,45,150047,0.35,0.15,0.0,128,6
4699,heavy_dissipation_007,heavy_dissipation,7,46,150047,0.35,0.15,0.0,128,6
4700,heavy_dissipation_007,heavy_dissipation,7,47,150047,0.35,0.15,0.0,128,6
4701,heavy_dissipation_007,heavy_dissipation,7,48,150047,0.35,0.15,0.0,128,6
4702,heavy_dissipation_007,heavy_dissipation,7,49,150047,0.35,0.15,0.0,128,6
4703,heavy_dissipation_007,heavy_dissipation,7,50,150047,0.35,0.15,0.0,128,6
4704,heavy_dissipation_007,heavy_dissipation,7,51,150047,0.35,0.15,0.0,128,6
4705,heavy_dissipation_007,heavy_dissipation,7,52,150047,0.35,0.15,0.0,128,6
4706,heavy_dissipation_007,heavy_dissipation,7,53,150047,0.35,0.15,0.0,128,6
4707,heavy_dissipation_007,heavy_dissipation,7,54,150047,0.35,0.15,0.0,128,6
4708,heavy_dissipation_007,heavy_dissipation,7,55,150047,0.35,0.15,0.0,128,6
4709,heavy_dissipation_007,heavy_dissipation,7,56,150047,0.35,0.15,0.0,128,6
4710,heavy_dissipation_007,heavy_dissipation,7,57,150047,0.35,0.15,0.0,128,6
4711,heavy_dissipation_007,heavy_dissipation,7,58,150047,0.35,0.15,0.0,128,6
4712,heavy_dissipation_007,heavy_dissipation,7,59,150047,0.35,0.15,0.0,128,6
4713,heavy_dissipation_007,heavy_dissipation,7,60,150047,0.35,0.15,0.0,128,6
4714,heavy_dissipation_007,heavy_dissipation,7,61,150047,0.35,0.15,0.0,128,6
4715,heavy_dissipation_007,heavy_dissipation,7,62,150047,0.35,0.15,0.0,128,6
4716,heavy_dissipation_007,heavy_dissipation,7,63,150047,0.35,0.15,0.0,128,6
4717,heavy_dissipation_007,heavy_dissipation,7,64,150047,0.35,0.15,0.0,128,6
4718,heavy_dissipation_007,heavy_dissipation,7,65,150047,0.35,0.15,0.0,128,6
4719,heavy_dissipation_007,heavy_dissipation,7,66,150047,0.35,0.15,0.0,128,6
4720,heavy_dissipation_007,heavy_dissipation,7,67,150047,0.35,0.15,0.0,128,6
4721,heavy_dissipation_007,heavy_dissipation,7,68,150047,0.35,0.15,0.0,128,6
4722,heavy_dissipation_007,heavy_dissipation,7,69,150047,0.35,0.15,0.0,128,6
4723,heavy_dissipation_007,heavy_dissipation,7,70,150047,0.35,0.15,0.0,128,6
4724,heavy_dissipation_007,heavy_dissipation,7,71,150047,0.35,0.15,0.0,128,6
4725,heavy_dissipation_007,heavy_dissipation,7,72,150047,0.35,0.15,0.0,128,6
4726,heavy_dissipation_007,heavy_dissipation,7,73,150047,0.35,0.15,0.0,128,6
4727,heavy_dissipation_007,heavy_dissipation,7,74,150047,0.35,0.15,0.0,128,6
4728,heavy_dissipation_007,heavy_dissipation,7,75,150047,0.35,0.15,0.0,128,6
4729,heavy_dissipation_007,heavy_dissipation,7,76,150047,0.35,0.15,0.0,128,6
4730,heavy_dissipation_007,heavy_dissipation,7,77,150047,0.35,0.15,0.0,128,6
4731,heavy_dissipation_007,heavy_dissipation,7,78,150047,0.35,0.15,0.0,128,6
4732,heavy_dissipation_007,heavy_dissipation,7,79,150047,0.35,0.15,0.0,128,6
4733,heavy_dissipation_007,heavy_dissipation,7,80,150047,0.35,0.15,0.0,128,6
4734,heavy_dissipation_007,heavy_dissipation,7,81,150047,0.35,0.15,0.0,128,6
4735,heavy_dissipation_007,heavy_dissipation,7,82,150047,0.35,0.15,0.0,128,6
4736,heavy_dissipation_007,heavy_dissipation,7,83,150047,0.35,0.15,0.0,128,6
4737,heavy_dissipation_007,heavy_dissipation,7,84,150047,0.35,0.15,0.0,128,6
4738,heavy_dissipation_007,heavy_dissipation,7,85,150047,0.35,0.15,0.0,128,6
4739,heavy_dissipation_007,heavy_dissipation,7,86,150047,0.35,0.15,0.0,128,6
4740,heavy_dissipation_007,heavy_dissipation,7,87,150047,0.35,0.15,0.0,128,6
4741,heavy_dissipation_007,heavy_dissipation,7,88,150047,0.35,0.15,0.0,128,6
4742,heavy_dissipation_007,heavy_dissipation,7,89,150047,0.35,0.15,0.0,128,6
4743,heavy_dissipation_007,heavy_dissipation,7,90,150047,0.35,0.15,0.0,128,6
4744,heavy_dissipation_007,heavy_dissipation,7,91,150047,0.35,0.15,0.0,128,6
4745,heavy_dissipation_007,heavy_dissipation,7,92,150047,0.35,0.15,0.0,128,6
4746,heavy_dissipation_007,heavy_dissipation,7,93,150047,0.35,0.15,0.0,128,6
4747,heavy_dissipation_007,heavy_dissipation,7,94,150047,0.35,0.15,0.0,128,6
4748,heavy_dissipation_007,heavy_dissipation,7,95,150047,0.35,0.15,0.0,128,6
4749,heavy_dissipation_007,heavy_dissipation,7,96,150047,0.35,0.15,0.0,128,6
4750,heavy_dissipation_007,heavy_dissipation,7,97,150047,0.35,0.15,0.0,128,6
4751,heavy_dissipation_007,heavy_dissipation,7,98,150047,0.35,0.15,0.0,128,6
4752,heavy_dissipation_008,heavy_dissipation,8,0,150048,0.35,0.15,0.0,128,6
4753,heavy_dissipation_008,heavy_dissipation,8,1,150048,0.35,0.15,0.0,128,6
4754,heavy_dissipation_008,heavy_dissipation,8,2,150048,0.35,0.15,0.0,128,6
4755,heavy_dissipation_008,heavy_dissipation,8,3,150048,0.35,0.15,0.0,128,6
4756,heavy_dissipation_008,heavy_dissipation,8,4,150048,0.35,0.15,0.0,128,6
4757,heavy_dissipation_008,heavy_dissipation,8,5,150048,0.35,0.15,0.0,128,6
4758,heavy_dissipation_008,heavy_dissipation,8,6,150048,0.35,0.15,0.0,128,6
4759,heavy_dissipation_008,heavy_dissipation,8,7,150048,0.35,0.15,0.0,128,6
4760,heavy_dissipation_008,heavy_dissipation,8,8,150048,0.35,0.15,0.0,128,6
4761,heavy_dissipation_008,heavy_dissipation,8,9,150048,0.35,0.15,0.0,128,6
4762,heavy_dissipation_008,heavy_dissipation,8,10,150048,0.35,0.15,0.0,128,6
4763,heavy_dissipation_008,heavy_dissipation,8,11,150048,0.35,0.15,0.0,128,6
4764,heavy_dissipation_008,heavy_dissipation,8,12,150048,0.35,0.15,0.0,128,6
4765,heavy_dissipation_008,heavy_dissipation,8,13,150048,0.35,0.15,0.0,128,6
4766,heavy_dissipation_008,heavy_dissipation,8,14,150048,0.35,0.15,0.0,128,6
4767,heavy_dissipation_008,heavy_dissipation,8,15,150048,0.35,0.15,0.0,128,6
4768,heavy_dissipation_008,heavy_dissipation,8,16,150048,0.35,0.15,0.0,128,6
4769,heavy_dissipation_008,heavy_dissipation,8,17,150048,0.35,0.15,0.0,128,6
4770,heavy_dissipation_008,heavy_dissipation,8,18,150048,0.35,0.15,0.0,128,6
4771,heavy_dissipation_008,heavy_dissipation,8,19,150048,0.35,0.15,0.0,128,6
4772,heavy_dissipation_008,heavy_dissipation,8,20,150048,0.35,0.15,0.0,128,6
4773,heavy_dissipation_008,heavy_dissipation,8,21,150048,0.35,0.15,0.0,128,6
4774,heavy_dissipation_008,heavy_dissipation,8,22,150048,0.35,0.15,0.0,128,6
4775,heavy_dissipation_008,heavy_dissipation,8,23,150048,0.35,0.15,0.0,128,6
4776,heavy_dissipation_008,heavy_dissipation,8,24,150048,0.35,0.15,0.0,128,6
4777,heavy_dissipation_008,heavy_dissipation,8,25,150048,0.35,0.15,0.0,128,6
4778,heavy_dissipation_008,heavy_dissipation,8,26,150048,0.35,0.15,0.0,128,6
4779,heavy_dissipation_008,heavy_dissipation,8,27,150048,0.35,0.15,0.0,128,6
4780,heavy_dissipation_008,heavy_dissipation,8,28,150048,0.35,0.15,0.0,128,6
4781,heavy_dissipation_008,heavy_dissipation,8,29,150048,0.35,0.15,0.0,128,6
4782,heavy_dissipation_008,heavy_dissipation,8,30,150048,0.35,0.15,0.0,128,6
4783,heavy_dissipation_008,heavy_dissipation,8,31,150048,0.35,0.15,0.0,128,6
4784,heavy_dissipation_008,heavy_dissipation,8,32,150048,0.35,0.15,0.0,128,6
4785,heavy_dissipation_008,heavy_dissipation,8,33,150048,0.35,0.15,0.0,128,6
4786,heavy_dissipation_008,heavy_dissipation,8,34,150048,0.35,0.15,0.0,128,6
4787,heavy_dissipation_008,heavy_dissipation,8,35,150048,0.35,0.15,0.0,128,6
4788,heavy_dissipation_008,heavy_dissipation,8,36,150048,0.35,0.15,0.0,128,6
4789,heavy_dissipation_008,heavy_dissipation,8,37,150048,0.35,0.15,0.0,128,6
4790,heavy_dissipation_008,heavy_dissipation,8,38,150048,0.35,0.15,0.0,128,6
4791,heavy_dissipation_008,heavy_dissipation,8,39,150048,0.35,0.15,0.0,128,6
4792,heavy_dissipation_008,heavy_dissipation,8,40,150048,0.35,0.15,0.0,128,6
4793,heavy_dissipation_008,heavy_dissipation,8,41,150048,0.35,0.15,0.0,128,6
4794,heavy_dissipation_008,heavy_dissipation,8,42,150048,0.35,0.15,0.0,128,6
4795,heavy_dissipation_008,heavy_dissipation,8,43,150048,0.35,0.15,0.0,128,6
4796,heavy_dissipation_008,heavy_dissipation,8,44,150048,0.35,0.15,0.0,128,6
4797,heavy_dissipation_008,heavy_dissipation,8,45,150048,0.35,0.15,0.0,128,6
4798,heavy_dissipation_008,heavy_dissipation,8,46,150048,0.35,0.15,0.0,128,6
4799,heavy_dissipation_008,heavy_dissipation,8,47,150048,0.35,0.15,0.0,128,6
4800,heavy_dissipation_008,heavy_dissipation,8,48,150048,0.35,0.15,0.0,128,6
4801,heavy_dissipation_008,heavy_dissipation,8,49,150048,0.35,0.15,0.0,128,6
4802,heavy_dissipation_008,heavy_dissipation,8,50,150048,0.35,0.15,0.0,128,6
4803,heavy_dissipation_008,heavy_dissipation,8,51,150048,0.35,0.15,0.0,128,6
4804,heavy_dissipation_008,heavy_dissipation,8,52,150048,0.35,0.15,0.0,128,6
4805,heavy_dissipation_008,heavy_dissipation,8,53,150048,0.35,0.15,0.0,128,6
4806,heavy_dissipation_008,heavy_dissipation,8,54,150048,0.35,0.15,0.0,128,6
4807,heavy_dissipation_008,heavy_dissipation,8,55,150048,0.35,0.15,0.0,128,6
4808,heavy_dissipation_008,heavy_dissipation,8,56,150048,0.35,0.15,0.0,128,6
4809,heavy_dissipation_008,heavy_dissipation,8,57,150048,0.35,0.15,0.0,128,6
4810,heavy_dissipation_008,heavy_dissipation,8,58,150048,0.35,0.15,0.0,128,6
4811,heavy_dissipation_008,heavy_dissipation,8,59,150048,0.35,0.15,0.0,128,6
4812,heavy_dissipation_008,heavy_dissipation,8,60,150048,0.35,0.15,0.0,128,6
4813,heavy_dissipation_008,heavy_dissipation,8,61,150048,0.35,0.15,0.0,128,6
4814,heavy_dissipation_008,heavy_dissipation,8,62,150048,0.35,0.15,0.0,128,6
4815,heavy_dissipation_008,heavy_dissipation,8,63,150048,0.35,0.15,0.0,128,6
4816,heavy_dissipation_008,heavy_dissipation,8,64,150048,0.35,0.15,0.0,128,6
4817,heavy_dissipation_008,heavy_dissipation,8,65,150048,0.35,0.15,0.0,128,6
4818,heavy_dissipation_008,heavy_dissipation,8,66,150048,0.35,0.15,0.0,128,6
4819,heavy_dissipation_008,heavy_dissipation,8,67,150048,0.35,0.15,0.0,128,6
4820,heavy_dissipation_008,heavy_dissipation,8,68,150048,0.35,0.15,0.0,128,6
4821,heavy_dissipation_008,heavy_dissipation,8,69,150048,0.35,0.15,0.0,128,6
4822,heavy_dissipation_008,heavy_dissipation,8,70,150048,0.35,0.15,0.0,128,6
4823,heavy_dissipation_008,heavy_dissipation,8,71,150048,0.35,0.15,0.0,128,6
4824,heavy_dissipation_008,heavy_dissipation,8,72,150048,0.35,0.15,0.0,128,6
4825,heavy_dissipation_008,heavy_dissipation,8,73,150048,0.35,0.15,0.0,128,6
4826,heavy_dissipation_008,heavy_dissipation,8,74,150048,0.35,0.15,0.0,128,6
4827,heavy_dissipation_008,heavy_dissipation,8,75,150048,0.35,0.15,0.0,128,6
4828,heavy_dissipation_008,heavy_dissipation,8,76,150048,0.35,0.15,0.0,128,6
4829,heavy_dissipation_008,heavy_dissipation,8,77,150048,0.35,0.15,0.0,128,6
4830,heavy_dissipation_008,heavy_dissipation,8,78,150048,0.35,0.15,0.0,128,6
4831,heavy_dissipation_008,heavy_dissipation,8,79,150048,0.35,0.15,0.0,128,6
4832,heavy_dissipation_008,heavy_dissipation,8,80,150048,0.35,0.15,0.0,128,6
4833,heavy_dissipation_008,heavy_dissipation,8,81,150048,0.35,0.15,0.0,128,6
4834,heavy_dissipation_008,heavy_dissipation,8,82,150048,0.35,0.15,0.0,128,6
4835,heavy_dissipation_008,heavy_dissipation,8,83,150048,0.35,0.15,0.0,128,6
4836,heavy_dissipation_008,heavy_dissipation,8,84,150048,0.35,0.15,0.0,128,6
4837,heavy_dissipation_008,heavy_dissipation,8,85,150048,0.35,0.15,0.0,128,6
4838,heavy_dissipation_008,heavy_dissipation,8,86,150048,0.35,0.15,0.0,128,6
4839,heavy_dissipation_008,heavy_dissipation,8,87,150048,0.35,0.15,0.0,128,6
4840,heavy_dissipation_008,heavy_dissipation,8,88,150048,0.35,0.15,0.0,128,6
4841,heavy_dissipation_008,heavy_dissipation,8,89,150048,0.35,0.15,0.0,128,6
4842,heavy_dissipation_008,heavy_dissipation,8,90,150048,0.35,0.15,0.0,128,6
4843,heavy_dissipation_008,heavy_dissipation,8,91,150048,0.35,0.15,0.0,128,6
4844,heavy_dissipation_008,heavy_dissipation,8,92,150048,0.35,0.15,0.0,128,6
4845,heavy_dissipation_008,heavy_dissipation,8,93,150048,0.35,0.15,0.0,128,6
4846,heavy_dissipation_008,heavy_dissipation,8,94,150048,0.35,0.15,0.0,128,6
4847,heavy_dissipation_008,heavy_dissipation,8,95,150048,0.35,0.15,0.0,128,6
4848,heavy_dissipation_008,heavy_dissipation,8,96,150048,0.35,0.15,0.0,128,6
4849,heavy_dissipation_008,heavy_dissipation,8,97,150048,0.35,0.15,0.0,128,6
4850,heavy_dissipation_008,heavy_dissipation,8,98,150048,0.35,0.15,0.0,128,6
4851,heavy_dissipation_009,heavy_dissipation,9,0,150049,0.35,0.15,0.0,128,6
4852,heavy_dissipation_009,heavy_dissipation,9,1,150049,0.35,0.15,0.0,128,6
4853,heavy_dissipation_009,heavy_dissipation,9,2,150049,0.35,0.15,0.0,128,6
4854,heavy_dissipation_009,heavy_dissipation,9,3,150049,0.35,0.15,0.0,128,6
4855,heavy_dissipation_009,heavy_dissipation,9,4,150049,0.35,0.15,0.0,128,6
4856,heavy_dissipation_009,heavy_dissipation,9,5,150049,0.35,0.15,0.0,128,6
4857,heavy_dissipation_009,heavy_dissipation,9,6,150049,0.35,0.15,0.0,128,6
4858,heavy_dissipation_009,heavy_dissipation,9,7,150049,0.35,0.15,0.0,128,6
4859,heavy_dissipation_009,heavy_dissipation,9,8,150049,0.35,0.15,0.0,128,6
4860,heavy_dissipation_009,heavy_dissipation,9,9,150049,0.35,0.15,0.0,128,6
4861,heavy_dissipation_009,heavy_dissipation,9,10,150049,0.35,0.15,0.0,128,6
4862,heavy_dissipation_009,heavy_dissipation,9,11,150049,0.35,0.15,0.0,128,6
4863,heavy_dissipation_009,heavy_dissipation,9,12,150049,0.35,0.15,0.0,128,6
4864,heavy_dissipation_009,heavy_dissipation,9,13,150049,0.35,0.15,0.0,128,6
4865,heavy_dissipation_009,heavy_dissipation,9,14,150049,0.35,0.15,0.0,128,6
4866,heavy_dissipation_009,heavy_dissipation,9,15,150049,0.35,0.15,0.0,128,6
4867,heavy_dissipation_009,heavy_dissipation,9,16,150049,0.35,0.15,0.0,128,6
4868,heavy_dissipation_009,heavy_dissipation,9,17,150049,0.35,0.15,0.0,128,6
4869,heavy_dissipation_009,heavy_dissipation,9,18,150049,0.35,0.15,0.0,128,6
4870,heavy_dissipation_009,heavy_dissipation,9,19,150049,0.35,0.15,0.0,128,6
4871,heavy_dissipation_009,heavy_dissipation,9,20,150049,0.35,0.15,0.0,128,6
4872,heavy_dissipation_009,heavy_dissipation,9,21,150049,0.35,0.15,0.0,128,6
4873,heavy_dissipation_009,heavy_dissipation,9,22,150049,0.35,0.15,0.0,128,6
4874,heavy_dissipation_009,heavy_dissipation,9,23,150049,0.35,0.15,0.0,128,6
4875,heavy_dissipation_009,heavy_dissipation,9,24,150049,0.35,0.15,0.0,128,6
4876,heavy_dissipation_009,heavy_dissipation,9,25,150049,0.35,0.15,0.0,128,6
4877,heavy_dissipation_009,heavy_dissipation,9,26,150049,0.35,0.15,0.0,128,6
4878,heavy_dissipation_009,heavy_dissipation,9,27,150049,0.35,0.15,0.0,128,6
4879,heavy_dissipation_009,heavy_dissipation,9,28,150049,0.35,0.15,0.0,128,6
4880,heavy_dissipation_009,heavy_dissipation,9,29,150049,0.35,0.15,0.0,128,6
4881,heavy_dissipation_009,heavy_dissipation,9,30,150049,0.35,0.15,0.0,128,6
4882,heavy_dissipation_009,heavy_dissipation,9,31,150049,0.35,0.15,0.0,128,6
4883,heavy_dissipation_009,heavy_dissipation,9,32,150049,0.35,0.15,0.0,128,6
4884,heavy_dissipation_009,heavy_dissipation,9,33,150049,0.35,0.15,0.0,128,6
4885,heavy_dissipation_009,heavy_dissipation,9,34,150049,0.35,0.15,0.0,128,6
4886,heavy_dissipation_009,heavy_dissipation,9,35,150049,0.35,0.15,0.0,128,6
4887,heavy_dissipation_009,heavy_dissipation,9,36,150049,0.35,0.15,0.0,128,6
4888,heavy_dissipation_009,heavy_dissipation,9,37,150049,0.35,0.15,0.0,128,6
4889,heavy_dissipation_009,heavy_dissipation,9,38,150049,0.35,0.15,0.0,128,6
4890,heavy_dissipation_009,heavy_dissipation,9,39,150049,0.35,0.15,0.0,128,6
4891,heavy_dissipation_009,heavy_dissipation,9,40,150049,0.35,0.15,0.0,128,6
4892,heavy_dissipation_009,heavy_dissipation,9,41,150049,0.35,0.15,0.0,128,6
4893,heavy_dissipation_009,heavy_dissipation,9,42,150049,0.35,0.15,0.0,128,6
4894,heavy_dissipation_009,heavy_dissipation,9,43,150049,0.35,0.15,0.0,128,6
4895,heavy_dissipation_009,heavy_dissipation,9,44,150049,0.35,0.15,0.0,128,6
4896,heavy_dissipation_009,heavy_dissipation,9,45,150049,0.35,0.15,0.0,128,6
4897,heavy_dissipation_009,heavy_dissipation,9,46,150049,0.35,0.15,0.0,128,6
4898,heavy_dissipation_009,heavy_dissipation,9,47,150049,0.35,0.15,0.0,128,6
4899,heavy_dissipation_009,heavy_dissipation,9,48,150049,0.35,0.15,0.0,128,6
4900,heavy_dissipation_009,heavy_dissipation,9,49,150049,0.35,0.15,0.0,128,6
4901,heavy_dissipation_009,heavy_dissipation,9,50,150049,0.35,0.15,0.0,128,6
4902,heavy_dissipation_009,heavy_dissipation,9,51,150049,0.35,0.15,0.0,128,6
4903,heavy_dissipation_009,heavy_dissipation,9,52,150049,0.35,0.15,0.0,128,6
4904,heavy_dissipation_009,heavy_dissipation,9,53,150049,0.35,0.15,0.0,128,6
4905,heavy_dissipation_009,heavy_dissipation,9,54,150049,0.35,0.15,0.0,128,6
4906,heavy_dissipation_009,heavy_dissipation,9,55,150049,0.35,0.15,0.0,128,6
4907,heavy_dissipation_009,heavy_dissipation,9,56,150049,0.35,0.15,0.0,128,6
4908,heavy_dissipation_009,heavy_dissipation,9,57,150049,0.35,0.15,0.0,128,6
4909,heavy_dissipation_009,heavy_dissipation,9,58,150049,0.35,0.15,0.0,128,6
4910,heavy_dissipation_009,heavy_dissipation,9,59,150049,0.35,0.15,0.0,128,6
4911,heavy_dissipation_009,heavy_dissipation,9,60,150049,0.35,0.15,0.0,128,6
4912,heavy_dissipation_009,heavy_dissipation,9,61,150049,0.35,0.15,0.0,128,6
4913,heavy_dissipation_009,heavy_dissipation,9,62,150049,0.35,0.15,0.0,128,6
4914,heavy_dissipation_009,heavy_dissipation,9,63,150049,0.35,0.15,0.0,128,6
4915,heavy_dissipation_009,heavy_dissipation,9,64,150049,0.35,0.15,0.0,128,6
4916,heavy_dissipation_009,heavy_dissipation,9,65,150049,0.35,0.15,0.0,128,6
4917,heavy_dissipation_009,heavy_dissipation,9,66,150049,0.35,0.15,0.0,128,6
4918,heavy_dissipation_009,heavy_dissipation,9,67,150049,0.35,0.15,0.0,128,6
4919,heavy_dissipation_009,heavy_dissipation,9,68,150049,0.35,0.15,0.0,128,6
4920,heavy_dissipation_009,heavy_dissipation,9,69,150049,0.35,0.15,0.0,128,6
4921,heavy_dissipation_009,heavy_dissipation,9,70,150049,0.35,0.15,0.0,128,6
4922,heavy_dissipation_009,heavy_dissipation,9,71,150049,0.35,0.15,0.0,128,6
4923,heavy_dissipation_009,heavy_dissipation,9,72,150049,0.35,0.15,0.0,128,6
4924,heavy_dissipation_009,heavy_dissipation,9,73,150049,0.35,0.15,0.0,128,6
4925,heavy_dissipation_009,heavy_dissipation,9,74,150049,0.35,0.15,0.0,128,6
4926,heavy_dissipation_009,heavy_dissipation,9,75,150049,0.35,0.15,0.0,128,6
4927,heavy_dissipation_009,heavy_dissipation,9,76,150049,0.35,0.15,0.0,128,6
4928,heavy_dissipation_009,heavy_dissipation,9,77,150049,0.35,0.15,0.0,128,6
4929,heavy_dissipation_009,heavy_dissipation,9,78,150049,0.35,0.15,0.0,128,6
4930,heavy_dissipation_009,heavy_dissipation,9,79,150049,0.35,0.15,0.0,128,6
4931,heavy_dissipation_009,heavy_dissipation,9,80,150049,0.35,0.15,0.0,128,6
4932,heavy_dissipation_009,heavy_dissipation,9,81,150049,0.35,0.15,0.0,128,6
4933,heavy_dissipation_009,heavy_dissipation,9,82,150049,0.35,0.15,0.0,128,6
4934,heavy_dissipation_009,heavy_dissipation,9,83,150049,0.35,0.15,0.0,128,6
4935,heavy_dissipation_009,heavy_dissipation,9,84,150049,0.35,0.15,0.0,128,6
4936,heavy_dissipation_009,heavy_dissipation,9,85,150049,0.35,0.15,0.0,128,6
4937,heavy_dissipation_009,heavy_dissipation,9,86,150049,0.35,0.15,0.0,128,6
4938,heavy_dissipation_009,heavy_dissipation,9,87,150049,0.35,0.15,0.0,128,6
4939,heavy_dissipation_009,heavy_dissipation,9,88,150049,0.35,0.15,0.0,128,6
4940,heavy_dissipation_009,heavy_dissipation,9,89,150049,0.35,0.15,0.0,128,6
4941,heavy_dissipation_009,heavy_dissipation,9,90,150049,0.35,0.15,0.0,128,6
4942,heavy_dissipation_009,heavy_dissipation,9,91,150049,0.35,0.15,0.0,128,6
4943,heavy_dissipation_009,heavy_dissipation,9,92,150049,0.35,0.15,0.0,128,6
4944,heavy_dissipation_009,heavy_dissipation,9,93,150049,0.35,0.15,0.0,128,6
4945,heavy_dissipation_009,heavy_dissipation,9,94,150049,0.35,0.15,0.0,128,6
4946,heavy_dissipation_009,heavy_dissipation,9,95,150049,0.35,0.15,0.0,128,6
4947,heavy_dissipation_009,heavy_dissipation,9,96,150049,0.35,0.15,0.0,128,6
4948,heavy_dissipation_009,heavy_dissipation,9,97,150049,0.35,0.15,0.0,128,6
4949,heavy_dissipation_009,heavy_dissipation,9,98,150049,0.35,0.15,0.0,128,6
4950,heavy_dissipation_010,heavy_dissipation,10,0,150050,0.35,0.15,0.0,128,6
4951,heavy_dissipation_010,heavy_dissipation,10,1,150050,0.35,0.15,0.0,128,6
4952,heavy_dissipation_010,heavy_dissipation,10,2,150050,0.35,0.15,0.0,128,6
4953,heavy_dissipation_010,heavy_dissipation,10,3,150050,0.35,0.15,0.0,128,6
4954,heavy_dissipation_010,heavy_dissipation,10,4,150050,0.35,0.15,0.0,128,6
4955,heavy_dissipation_010,heavy_dissipation,10,5,150050,0.35,0.15,0.0,128,6
4956,heavy_dissipation_010,heavy_dissipation,10,6,150050,0.35,0.15,0.0,128,6
4957,heavy_dissipation_010,heavy_dissipation,10,7,150050,0.35,0.15,0.0,128,6
4958,heavy_dissipation_010,heavy_dissipation,10,8,150050,0.35,0.15,0.0,128,6
4959,heavy_dissipation_010,heavy_dissipation,10,9,150050,0.35,0.15,0.0,128,6
4960,heavy_dissipation_010,heavy_dissipation,10,10,150050,0.35,0.15,0.0,128,6
4961,heavy_dissipation_010,heavy_dissipation,10,11,150050,0.35,0.15,0.0,128,6
4962,heavy_dissipation_010,heavy_dissipation,10,12,150050,0.35,0.15,0.0,128,6
4963,heavy_dissipation_010,heavy_dissipation,10,13,150050,0.35,0.15,0.0,128,6
4964,heavy_dissipation_010,heavy_dissipation,10,14,150050,0.35,0.15,0.0,128,6
4965,heavy_dissipation_010,heavy_dissipation,10,15,150050,0.35,0.15,0.0,128,6
4966,heavy_dissipation_010,heavy_dissipation,10,16,150050,0.35,0.15,0.0,128,6
4967,heavy_dissipation_010,heavy_dissipation,10,17,150050,0.35,0.15,0.0,128,6
4968,heavy_dissipation_010,heavy_dissipation,10,18,150050,0.35,0.15,0.0,128,6
4969,heavy_dissipation_010,heavy_dissipation,10,19,150050,0.35,0.15,0.0,128,6
4970,heavy_dissipation_010,heavy_dissipation,10,20,150050,0.35,0.15,0.0,128,6
4971,heavy_dissipation_010,heavy_dissipation,10,21,150050,0.35,0.15,0.0,128,6
4972,heavy_dissipation_010,heavy_dissipation,10,22,150050,0.35,0.15,0.0,128,6
4973,heavy_dissipation_010,heavy_dissipation,10,23,150050,0.35,0.15,0.0,128,6
4974,heavy_dissipation_010,heavy_dissipation,10,24,150050,0.35,0.15,0.0,128,6
4975,heavy_dissipation_010,heavy_dissipation,10,25,150050,0.35,0.15,0.0,128,6
4976,heavy_dissipation_010,heavy_dissipation,10,26,150050,0.35,0.15,0.0,128,6
4977,heavy_dissipation_010,heavy_dissipation,10,27,150050,0.35,0.15,0.0,128,6
4978,heavy_dissipation_010,heavy_dissipation,10,28,150050,0.35,0.15,0.0,128,6
4979,heavy_dissipation_010,heavy_dissipation,10,29,150050,0.35,0.15,0.0,128,6
4980,heavy_dissipation_010,heavy_dissipation,10,30,150050,0.35,0.15,0.0,128,6
4981,heavy_dissipation_010,heavy_dissipation,10,31,150050,0.35,0.15,0.0,128,6
4982,heavy_dissipation_010,heavy_dissipation,10,32,150050,0.35,0.15,0.0,128,6
4983,heavy_dissipation_010,heavy_dissipation,10,33,150050,0.35,0.15,0.0,128,6
4984,heavy_dissipation_010,heavy_dissipation,10,34,150050,0.35,0.15,0.0,128,6
4985,heavy_dissipation_010,heavy_dissipation,10,35,150050,0.35,0.15,0.0,128,6
4986,heavy_dissipation_010,heavy_dissipation,10,36,150050,0.35,0.15,0.0,128,6
4987,heavy_dissipation_010,heavy_dissipation,10,37,150050,0.35,0.15,0.0,128,6
4988,heavy_dissipation_010,heavy_dissipation,10,38,150050,0.35,0.15,0.0,128,6
4989,heavy_dissipation_010,heavy_dissipation,10,39,150050,0.35,0.15,0.0,128,6
4990,heavy_dissipation_010,heavy_dissipation,10,40,150050,0.35,0.15,0.0,128,6
4991,heavy_dissipation_010,heavy_dissipation,10,41,150050,0.35,0.15,0.0,128,6
4992,heavy_dissipation_010,heavy_dissipation,10,42,150050,0.35,0.15,0.0,128,6
4993,heavy_dissipation_010,heavy_dissipation,10,43,150050,0.35,0.15,0.0,128,6
4994,heavy_dissipation_010,heavy_dissipation,10,44,150050,0.35,0.15,0.0,128,6
4995,heavy_dissipation_010,heavy_dissipation,10,45,150050,0.35,0.15,0.0,128,6
4996,heavy_dissipation_010,heavy_dissipation,10,46,150050,0.35,0.15,0.0,128,6
4997,heavy_dissipation_010,heavy_dissipation,10,47,150050,0.35,0.15,0.0,128,6
4998,heavy_dissipation_010,heavy_dissipation,10,48,150050,0.35,0.15,0.0,128,6
4999,heavy_dissipation_010,heavy_dissipation,10,49,150050,0.35,0.15,0.0,128,6
5000,heavy_dissipation_010,heavy_dissipation,10,50,150050,0.35,0.15,0.0,128,6
5001,heavy_dissipation_010,heavy_dissipation,10,51,150050,0.35,0.15,0.0,128,6
5002,heavy_dissipation_010,heavy_dissipation,10,52,150050,0.35,0.15,0.0,128,6
5003,heavy_dissipation_010,heavy_dissipation,10,53,150050,0.35,0.15,0.0,128,6
5004,heavy_dissipation_010,heavy_dissipation,10,54,150050,0.35,0.15,0.0,128,6
5005,heavy_dissipation_010,heavy_dissipation,10,55,150050,0.35,0.15,0.0,128,6
5006,heavy_dissipation_010,heavy_dissipation,10,56,150050,0.35,0.15,0.0,128,6
5007,heavy_dissipation_010,heavy_dissipation,10,57,150050,0.35,0.15,0.0,128,6
5008,heavy_dissipation_010,heavy_dissipation,10,58,150050,0.35,0.15,0.0,128,6
5009,heavy_dissipation_010,heavy_dissipation,10,59,150050,0.35,0.15,0.0,128,6
5010,heavy_dissipation_010,heavy_dissipation,10,60,150050,0.35,0.15,0.0,128,6
5011,heavy_dissipation_010,heavy_dissipation,10,61,150050,0.35,0.15,0.0,128,6
5012,heavy_dissipation_010,heavy_dissipation,10,62,150050,0.35,0.15,0.0,128,6
5013,heavy_dissipation_010,heavy_dissipation,10,63,150050,0.35,0.15,0.0,128,6
5014,heavy_dissipation_010,heavy_dissipation,10,64,150050,0.35,0.15,0.0,128,6
5015,heavy_dissipation_010,heavy_dissipation,10,65,150050,0.35,0.15,0.0,128,6
5016,heavy_dissipation_010,heavy_dissipation,10,66,150050,0.35,0.15,0.0,128,6
5017,heavy_dissipation_010,heavy_dissipation,10,67,150050,0.35,0.15,0.0,128,6
5018,heavy_dissipation_010,heavy_dissipation,10,68,150050,0.35,0.15,0.0,128,6
5019,heavy_dissipation_010,heavy_dissipation,10,69,150050,0.35,0.15,0.0,128,6
5020,heavy_dissipation_010,heavy_dissipation,10,70,150050,0.35,0.15,0.0,128,6
5021,heavy_dissipation_010,heavy_dissipation,10,71,150050,0.35,0.15,0.0,128,6
5022,heavy_dissipation_010,heavy_dissipation,10,72,150050,0.35,0.15,0.0,128,6
5023,heavy_dissipation_010,heavy_dissipation,10,73,150050,0.35,0.15,0.0,128,6
5024,heavy_dissipation_010,heavy_dissipation,10,74,150050,0.35,0.15,0.0,128,6
5025,heavy_dissipation_010,heavy_dissipation,10,75,150050,0.35,0.15,0.0,128,6
5026,heavy_dissipation_010,heavy_dissipation,10,76,150050,0.35,0.15,0.0,128,6
5027,heavy_dissipation_010,heavy_dissipation,10,77,150050,0.35,0.15,0.0,128,6
5028,heavy_dissipation_010,heavy_dissipation,10,78,150050,0.35,0.15,0.0,128,6
5029,heavy_dissipation_010,heavy_dissipation,10,79,150050,0.35,0.15,0.0,128,6
5030,heavy_dissipation_010,heavy_dissipation,10,80,150050,0.35,0.15,0.0,128,6
5031,heavy_dissipation_010,heavy_dissipation,10,81,150050,0.35,0.15,0.0,128,6
5032,heavy_dissipation_010,heavy_dissipation,10,82,150050,0.35,0.15,0.0,128,6
5033,heavy_dissipation_010,heavy_dissipation,10,83,150050,0.35,0.15,0.0,128,6
5034,heavy_dissipation_010,heavy_dissipation,10,84,150050,0.35,0.15,0.0,128,6
5035,heavy_dissipation_010,heavy_dissipation,10,85,150050,0.35,0.15,0.0,128,6
5036,heavy_dissipation_010,heavy_dissipation,10,86,150050,0.35,0.15,0.0,128,6
5037,heavy_dissipation_010,heavy_dissipation,10,87,150050,0.35,0.15,0.0,128,6
5038,heavy_dissipation_010,heavy_dissipation,10,88,150050,0.35,0.15,0.0,128,6
5039,heavy_dissipation_010,heavy_dissipation,10,89,150050,0.35,0.15,0.0,128,6
5040,heavy_dissipation_010,heavy_dissipation,10,90,150050,0.35,0.15,0.0,128,6
5041,heavy_dissipation_010,heavy_dissipation,10,91,150050,0.35,0.15,0.0,128,6
5042,heavy_dissipation_010,heavy_dissipation,10,92,150050,0.35,0.15,0.0,128,6
5043,heavy_dissipation_010,heavy_dissipation,10,93,150050,0.35,0.15,0.0,128,6
5044,heavy_dissipation_010,heavy_dissipation,10,94,150050,0.35,0.15,0.0,128,6
5045,heavy_dissipation_010,heavy_dissipation,10,95,150050,0.35,0.15,0.0,128,6
5046,heavy_dissipation_010,heavy_dissipation,10,96,150050,0.35,0.15,0.0,128,6
5047,heavy_dissipation_010,heavy_dissipation,10,97,150050,0.35,0.15,0.0,128,6
5048,heavy_dissipation_010,heavy_dissipation,10,98,150050,0.35,0.15,0.0,128,6
5049,heavy_dissipation_011,heavy_dissipation,11,0,150051,0.35,0.15,0.0,128,6
5050,heavy_dissipation_011,heavy_dissipation,11,1,150051,0.35,0.15,0.0,128,6
5051,heavy_dissipation_011,heavy_dissipation,11,2,150051,0.35,0.15,0.0,128,6
5052,heavy_dissipation_011,heavy_dissipation,11,3,150051,0.35,0.15,0.0,128,6
5053,heavy_dissipation_011,heavy_dissipation,11,4,150051,0.35,0.15,0.0,128,6
5054,heavy_dissipation_011,heavy_dissipation,11,5,150051,0.35,0.15,0.0,128,6
5055,heavy_dissipation_011,heavy_dissipation,11,6,150051,0.35,0.15,0.0,128,6
5056,heavy_dissipation_011,heavy_dissipation,11,7,150051,0.35,0.15,0.0,128,6
5057,heavy_dissipation_011,heavy_dissipation,11,8,150051,0.35,0.15,0.0,128,6
5058,heavy_dissipation_011,heavy_dissipation,11,9,150051,0.35,0.15,0.0,128,6
5059,heavy_dissipation_011,heavy_dissipation,11,10,150051,0.35,0.15,0.0,128,6
5060,heavy_dissipation_011,heavy_dissipation,11,11,150051,0.35,0.15,0.0,128,6
5061,heavy_dissipation_011,heavy_dissipation,11,12,150051,0.35,0.15,0.0,128,6
5062,heavy_dissipation_011,heavy_dissipation,11,13,150051,0.35,0.15,0.0,128,6
5063,heavy_dissipation_011,heavy_dissipation,11,14,150051,0.35,0.15,0.0,128,6
5064,heavy_dissipation_011,heavy_dissipation,11,15,150051,0.35,0.15,0.0,128,6
5065,heavy_dissipation_011,heavy_dissipation,11,16,150051,0.35,0.15,0.0,128,6
5066,heavy_dissipation_011,heavy_dissipation,11,17,150051,0.35,0.15,0.0,128,6
5067,heavy_dissipation_011,heavy_dissipation,11,18,150051,0.35,0.15,0.0,128,6
5068,heavy_dissipation_011,heavy_dissipation,11,19,150051,0.35,0.15,0.0,128,6
5069,heavy_dissipation_011,heavy_dissipation,11,20,150051,0.35,0.15,0.0,128,6
5070,heavy_dissipation_011,heavy_dissipation,11,21,150051,0.35,0.15,0.0,128,6
5071,heavy_dissipation_011,heavy_dissipation,11,22,150051,0.35,0.15,0.0,128,6
5072,heavy_dissipation_011,heavy_dissipation,11,23,150051,0.35,0.15,0.0,128,6
5073,heavy_dissipation_011,heavy_dissipation,11,24,150051,0.35,0.15,0.0,128,6
5074,heavy_dissipation_011,heavy_dissipation,11,25,150051,0.35,0.15,0.0,128,6
5075,heavy_dissipation_011,heavy_dissipation,11,26,150051,0.35,0.15,0.0,128,6
5076,heavy_dissipation_011,heavy_dissipation,11,27,150051,0.35,0.15,0.0,128,6
5077,heavy_dissipation_011,heavy_dissipation,11,28,150051,0.35,0.15,0.0,128,6
5078,heavy_dissipation_011,heavy_dissipation,11,29,150051,0.35,0.15,0.0,128,6
5079,heavy_dissipation_011,heavy_dissipation,11,30,150051,0.35,0.15,0.0,128,6
5080,heavy_dissipation_011,heavy_dissipation,11,31,150051,0.35,0.15,0.0,128,6
5081,heavy_dissipation_011,heavy_dissipation,11,32,150051,0.35,0.15,0.0,128,6
5082,heavy_dissipation_011,heavy_dissipation,11,33,150051,0.35,0.15,0.0,128,6
5083,heavy_dissipation_011,heavy_dissipation,11,34,150051,0.35,0.15,0.0,128,6
5084,heavy_dissipation_011,heavy_dissipation,11,35,150051,0.35,0.15,0.0,128,6
5085,heavy_dissipation_011,heavy_dissipation,11,36,150051,0.35,0.15,0.0,128,6
5086,heavy_dissipation_011,heavy_dissipation,11,37,150051,0.35,0.15,0.0,128,6
5087,heavy_dissipation_011,heavy_dissipation,11,38,150051,0.35,0.15,0.0,128,6
5088,heavy_dissipation_011,heavy_dissipation,11,39,150051,0.35,0.15,0.0,128,6
5089,heavy_dissipation_011,heavy_dissipation,11,40,150051,0.35,0.15,0.0,128,6
5090,heavy_dissipation_011,heavy_dissipation,11,41,150051,0.35,0.15,0.0,128,6
5091,heavy_dissipation_011,heavy_dissipation,11,42,150051,0.35,0.15,0.0,128,6
5092,heavy_dissipation_011,heavy_dissipation,11,43,150051,0.35,0.15,0.0,128,6
5093,heavy_dissipation_011,heavy_dissipation,11,44,150051,0.35,0.15,0.0,128,6
5094,heavy_dissipation_011,heavy_dissipation,11,45,150051,0.35,0.15,0.0,128,6
5095,heavy_dissipation_011,heavy_dissipation,11,46,150051,0.35,0.15,0.0,128,6
5096,heavy_dissipation_011,heavy_dissipation,11,47,150051,0.35,0.15,0.0,128,6
5097,heavy_dissipation_011,heavy_dissipation,11,48,150051,0.35,0.15,0.0,128,6
5098,heavy_dissipation_011,heavy_dissipation,11,49,150051,0.35,0.15,0.0,128,6
5099,heavy_dissipation_011,heavy_dissipation,11,50,150051,0.35,0.15,0.0,128,6
5100,heavy_dissipation_011,heavy_dissipation,11,51,150051,0.35,0.15,0.0,128,6
5101,heavy_dissipation_011,heavy_dissipation,11,52,150051,0.35,0.15,0.0,128,6
5102,heavy_dissipation_011,heavy_dissipation,11,53,150051,0.35,0.15,0.0,128,6
5103,heavy_dissipation_011,heavy_dissipation,11,54,150051,0.35,0.15,0.0,128,6
5104,heavy_dissipation_011,heavy_dissipation,11,55,150051,0.35,0.15,0.0,128,6
5105,heavy_dissipation_011,heavy_dissipation,11,56,150051,0.35,0.15,0.0,128,6
5106,heavy_dissipation_011,heavy_dissipation,11,57,150051,0.35,0.15,0.0,128,6
5107,heavy_dissipation_011,heavy_dissipation,11,58,150051,0.35,0.15,0.0,128,6
5108,heavy_dissipation_011,heavy_dissipation,11,59,150051,0.35,0.15,0.0,128,6
5109,heavy_dissipation_011,heavy_dissipation,11,60,150051,0.35,0.15,0.0,128,6
5110,heavy_dissipation_011,heavy_dissipation,11,61,150051,0.35,0.15,0.0,128,6
5111,heavy_dissipation_011,heavy_dissipation,11,62,150051,0.35,0.15,0.0,128,6
5112,heavy_dissipation_011,heavy_dissipation,11,63,150051,0.35,0.15,0.0,128,6
5113,heavy_dissipation_011,heavy_dissipation,11,64,150051,0.35,0.15,0.0,128,6
5114,heavy_dissipation_011,heavy_dissipation,11,65,150051,0.35,0.15,0.0,128,6
5115,heavy_dissipation_011,heavy_dissipation,11,66,150051,0.35,0.15,0.0,128,6
5116,heavy_dissipation_011,heavy_dissipation,11,67,150051,0.35,0.15,0.0,128,6
5117,heavy_dissipation_011,heavy_dissipation,11,68,150051,0.35,0.15,0.0,128,6
5118,heavy_dissipation_011,heavy_dissipation,11,69,150051,0.35,0.15,0.0,128,6
5119,heavy_dissipation_011,heavy_dissipation,11,70,150051,0.35,0.15,0.0,128,6
5120,heavy_dissipation_011,heavy_dissipation,11,71,150051,0.35,0.15,0.0,128,6
5121,heavy_dissipation_011,heavy_dissipation,11,72,150051,0.35,0.15,0.0,128,6
5122,heavy_dissipation_011,heavy_dissipation,11,73,150051,0.35,0.15,0.0,128,6
5123,heavy_dissipation_011,heavy_dissipation,11,74,150051,0.35,0.15,0.0,128,6
5124,heavy_dissipation_011,heavy_dissipation,11,75,150051,0.35,0.15,0.0,128,6
5125,heavy_dissipation_011,heavy_dissipation,11,76,150051,0.35,0.15,0.0,128,6
5126,heavy_dissipation_011,heavy_dissipation,11,77,150051,0.35,0.15,0.0,128,6
5127,heavy_dissipation_011,heavy_dissipation,11,78,150051,0.35,0.15,0.0,128,6
5128,heavy_dissipation_011,heavy_dissipation,11,79,150051,0.35,0.15,0.0,128,6
5129,heavy_dissipation_011,heavy_dissipation,11,80,150051,0.35,0.15,0.0,128,6
5130,heavy_dissipation_011,heavy_dissipation,11,81,150051,0.35,0.15,0.0,128,6
5131,heavy_dissipation_011,heavy_dissipation,11,82,150051,0.35,0.15,0.0,128,6
5132,heavy_dissipation_011,heavy_dissipation,11,83,150051,0.35,0.15,0.0,128,6
5133,heavy_dissipation_011,heavy_dissipation,11,84,150051,0.35,0.15,0.0,128,6
5134,heavy_dissipation_011,heavy_dissipation,11,85,150051,0.35,0.15,0.0,128,6
5135,heavy_dissipation_011,heavy_dissipation,11,86,150051,0.35,0.15,0.0,128,6
5136,heavy_dissipation_011,heavy_dissipation,11,87,150051,0.35,0.15,0.0,128,6
5137,heavy_dissipation_011,heavy_dissipation,11,88,150051,0.35,0.15,0.0,128,6
5138,heavy_dissipation_011,heavy_dissipation,11,89,150051,0.35,0.15,0.0,128,6
5139,heavy_dissipation_011,heavy_dissipation,11,90,150051,0.35,0.15,0.0,128,6
5140,heavy_dissipation_011,heavy_dissipation,11,91,150051,0.35,0.15,0.0,128,6
5141,heavy_dissipation_011,heavy_dissipation,11,92,150051,0.35,0.15,0.0,128,6
5142,heavy_dissipation_011,heavy_dissipation,11,93,150051,0.35,0.15,0.0,128,6
5143,heavy_dissipation_011,heavy_dissipation,11,94,150051,0.35,0.15,0.0,128,6
5144,heavy_dissipation_011,heavy_dissipation,11,95,150051,0.35,0.15,0.0,128,6
5145,heavy_dissipation_011,heavy_dissipation,11,96,150051,0.35,0.15,0.0,128,6
5146,heavy_dissipation_011,heavy_dissipation,11,97,150051,0.35,0.15,0.0,128,6
5147,heavy_dissipation_011,heavy_dissipation,11,98,150051,0.35,0.15,0.0,128,6
5148,heavy_dissipation_012,heavy_dissipation,12,0,150052,0.35,0.15,0.0,128,6
5149,heavy_dissipation_012,heavy_dissipation,12,1,150052,0.35,0.15,0.0,128,6
5150,heavy_dissipation_012,heavy_dissipation,12,2,150052,0.35,0.15,0.0,128,6
5151,heavy_dissipation_012,heavy_dissipation,12,3,150052,0.35,0.15,0.0,128,6
5152,heavy_dissipation_012,heavy_dissipation,12,4,150052,0.35,0.15,0.0,128,6
5153,heavy_dissipation_012,heavy_dissipation,12,5,150052,0.35,0.15,0.0,128,6
5154,heavy_dissipation_012,heavy_dissipation,12,6,150052,0.35,0.15,0.0,128,6
5155,heavy_dissipation_012,heavy_dissipation,12,7,150052,0.35,0.15,0.0,128,6
5156,heavy_dissipation_012,heavy_dissipation,12,8,150052,0.35,0.15,0.0,128,6
5157,heavy_dissipation_012,heavy_dissipation,12,9,150052,0.35,0.15,0.0,128,6
5158,heavy_dissipation_012,heavy_dissipation,12,10,150052,0.35,0.15,0.0,128,6
5159,heavy_dissipation_012,heavy_dissipation,12,11,150052,0.35,0.15,0.0,128,6
5160,heavy_dissipation_012,heavy_dissipation,12,12,150052,0.35,0.15,0.0,128,6
5161,heavy_dissipation_012,heavy_dissipation,12,13,150052,0.35,0.15,0.0,128,6
5162,heavy_dissipation_012,heavy_dissipation,12,14,150052,0.35,0.15,0.0,128,6
5163,heavy_dissipation_012,heavy_dissipation,12,15,150052,0.35,0.15,0.0,128,6
5164,heavy_dissipation_012,heavy_dissipation,12,16,150052,0.35,0.15,0.0,128,6
5165,heavy_dissipation_012,heavy_dissipation,12,17,150052,0.35,0.15,0.0,128,6
5166,heavy_dissipation_012,heavy_dissipation,12,18,150052,0.35,0.15,0.0,128,6
5167,heavy_dissipation_012,heavy_dissipation,12,19,150052,0.35,0.15,0.0,128,6
5168,heavy_dissipation_012,heavy_dissipation,12,20,150052,0.35,0.15,0.0,128,6
5169,heavy_dissipation_012,heavy_dissipation,12,21,150052,0.35,0.15,0.0,128,6
5170,heavy_dissipation_012,heavy_dissipation,12,22,150052,0.35,0.15,0.0,128,6
5171,heavy_dissipation_012,heavy_dissipation,12,23,150052,0.35,0.15,0.0,128,6
5172,heavy_dissipation_012,heavy_dissipation,12,24,150052,0.35,0.15,0.0,128,6
5173,heavy_dissipation_012,heavy_dissipation,12,25,150052,0.35,0.15,0.0,128,6
5174,heavy_dissipation_012,heavy_dissipation,12,26,150052,0.35,0.15,0.0,128,6
5175,heavy_dissipation_012,heavy_dissipation,12,27,150052,0.35,0.15,0.0,128,6
5176,heavy_dissipation_012,heavy_dissipation,12,28,150052,0.35,0.15,0.0,128,6
5177,heavy_dissipation_012,heavy_dissipation,12,29,150052,0.35,0.15,0.0,128,6
5178,heavy_dissipation_012,heavy_dissipation,12,30,150052,0.35,0.15,0.0,128,6
5179,heavy_dissipation_012,heavy_dissipation,12,31,150052,0.35,0.15,0.0,128,6
5180,heavy_dissipation_012,heavy_dissipation,12,32,150052,0.35,0.15,0.0,128,6
5181,heavy_dissipation_012,heavy_dissipation,12,33,150052,0.35,0.15,0.0,128,6
5182,heavy_dissipation_012,heavy_dissipation,12,34,150052,0.35,0.15,0.0,128,6
5183,heavy_dissipation_012,heavy_dissipation,12,35,150052,0.35,0.15,0.0,128,6
5184,heavy_dissipation_012,heavy_dissipation,12,36,150052,0.35,0.15,0.0,128,6
5185,heavy_dissipation_012,heavy_dissipation,12,37,150052,0.35,0.15,0.0,128,6
5186,heavy_dissipation_012,heavy_dissipation,12,38,150052,0.35,0.15,0.0,128,6
5187,heavy_dissipation_012,heavy_dissipation,12,39,150052,0.35,0.15,0.0,128,6
5188,heavy_dissipation_012,heavy_dissipation,12,40,150052,0.35,0.15,0.0,128,6
5189,heavy_dissipation_012,heavy_dissipation,12,41,150052,0.35,0.15,0.0,128,6
5190,heavy_dissipation_012,heavy_dissipation,12,42,150052,0.35,0.15,0.0,128,6
5191,heavy_dissipation_012,heavy_dissipation,12,43,150052,0.35,0.15,0.0,128,6
5192,heavy_dissipation_012,heavy_dissipation,12,44,150052,0.35,0.15,0.0,128,6
5193,heavy_dissipation_012,heavy_dissipation,12,45,150052,0.35,0.15,0.0,128,6
5194,heavy_dissipation_012,heavy_dissipation,12,46,150052,0.35,0.15,0.0,128,6
5195,heavy_dissipation_012,heavy_dissipation,12,47,150052,0.35,0.15,0.0,128,6
5196,heavy_dissipation_012,heavy_dissipation,12,48,150052,0.35,0.15,0.0,128,6
5197,heavy_dissipation_012,heavy_dissipation,12,49,150052,0.35,0.15,0.0,128,6
5198,heavy_dissipation_012,heavy_dissipation,12,50,150052,0.35,0.15,0.0,128,6
5199,heavy_dissipation_012,heavy_dissipation,12,51,150052,0.35,0.15,0.0,128,6
5200,heavy_dissipation_012,heavy_dissipation,12,52,150052,0.35,0.15,0.0,128,6
5201,heavy_dissipation_012,heavy_dissipation,12,53,150052,0.35,0.15,0.0,128,6
5202,heavy_dissipation_012,heavy_dissipation,12,54,150052,0.35,0.15,0.0,128,6
5203,heavy_dissipation_012,heavy_dissipation,12,55,150052,0.35,0.15,0.0,128,6
5204,heavy_dissipation_012,heavy_dissipation,12,56,150052,0.35,0.15,0.0,128,6
5205,heavy_dissipation_012,heavy_dissipation,12,57,150052,0.35,0.15,0.0,128,6
5206,heavy_dissipation_012,heavy_dissipation,12,58,150052,0.35,0.15,0.0,128,6
5207,heavy_dissipation_012,heavy_dissipation,12,59,150052,0.35,0.15,0.0,128,6
5208,heavy_dissipation_012,heavy_dissipation,12,60,150052,0.35,0.15,0.0,128,6
5209,heavy_dissipation_012,heavy_dissipation,12,61,150052,0.35,0.15,0.0,128,6
5210,heavy_dissipation_012,heavy_dissipation,12,62,150052,0.35,0.15,0.0,128,6
5211,heavy_dissipation_012,heavy_dissipation,12,63,150052,0.35,0.15,0.0,128,6
5212,heavy_dissipation_012,heavy_dissipation,12,64,150052,0.35,0.15,0.0,128,6
5213,heavy_dissipation_012,heavy_dissipation,12,65,150052,0.35,0.15,0.0,128,6
5214,heavy_dissipation_012,heavy_dissipation,12,66,150052,0.35,0.15,0.0,128,6
5215,heavy_dissipation_012,heavy_dissipation,12,67,150052,0.35,0.15,0.0,128,6
5216,heavy_dissipation_012,heavy_dissipation,12,68,150052,0.35,0.15,0.0,128,6
5217,heavy_dissipation_012,heavy_dissipation,12,69,150052,0.35,0.15,0.0,128,6
5218,heavy_dissipation_012,heavy_dissipation,12,70,150052,0.35,0.15,0.0,128,6
5219,heavy_dissipation_012,heavy_dissipation,12,71,150052,0.35,0.15,0.0,128,6
5220,heavy_dissipation_012,heavy_dissipation,12,72,150052,0.35,0.15,0.0,128,6
5221,heavy_dissipation_012,heavy_dissipation,12,73,150052,0.35,0.15,0.0,128,6
5222,heavy_dissipation_012,heavy_dissipation,12,74,150052,0.35,0.15,0.0,128,6
5223,heavy_dissipation_012,heavy_dissipation,12,75,150052,0.35,0.15,0.0,128,6
5224,heavy_dissipation_012,heavy_dissipation,12,76,150052,0.35,0.15,0.0,128,6
5225,heavy_dissipation_012,heavy_dissipation,12,77,150052,0.35,0.15,0.0,128,6
5226,heavy_dissipation_012,heavy_dissipation,12,78,150052,0.35,0.15,0.0,128,6
5227,heavy_dissipation_012,heavy_dissipation,12,79,150052,0.35,0.15,0.0,128,6
5228,heavy_dissipation_012,heavy_dissipation,12,80,150052,0.35,0.15,0.0,128,6
5229,heavy_dissipation_012,heavy_dissipation,12,81,150052,0.35,0.15,0.0,128,6
5230,heavy_dissipation_012,heavy_dissipation,12,82,150052,0.35,0.15,0.0,128,6
5231,heavy_dissipation_012,heavy_dissipation,12,83,150052,0.35,0.15,0.0,128,6
5232,heavy_dissipation_012,heavy_dissipation,12,84,150052,0.35,0.15,0.0,128,6
5233,heavy_dissipation_012,heavy_dissipation,12,85,150052,0.35,0.15,0.0,128,6
5234,heavy_dissipation_012,heavy_dissipation,12,86,150052,0.35,0.15,0.0,128,6
5235,heavy_dissipation_012,heavy_dissipation,12,87,150052,0.35,0.15,0.0,128,6
5236,heavy_dissipation_012,heavy_dissipation,12,88,150052,0.35,0.15,0.0,128,6
5237,heavy_dissipation_012,heavy_dissipation,12,89,150052,0.35,0.15,0.0,128,6
5238,heavy_dissipation_012,heavy_dissipation,12,90,150052,0.35,0.15,0.0,128,6
5239,heavy_dissipation_012,heavy_dissipation,12,91,150052,0.35,0.15,0.0,128,6
5240,heavy_dissipation_012,heavy_dissipation,12,92,150052,0.35,0.15,0.0,128,6
5241,heavy_dissipation_012,heavy_dissipation,12,93,150052,0.35,0.15,0.0,128,6
5242,heavy_dissipation_012,heavy_dissipation,12,94,150052,0.35,0.15,0.0,128,6
5243,heavy_dissipation_012,heavy_dissipation,12,95,150052,0.35,0.15,0.0,128,6
5244,heavy_dissipation_012,heavy_dissipation,12,96,150052,0.35,0.15,0.0,128,6
5245,heavy_dissipation_012,heavy_dissipation,12,97,150052,0.35,0.15,0.0,128,6
5246,heavy_dissipation_012,heavy_dissipation,12,98,150052,0.35,0.15,0.0,128,6
5247,heavy_dissipation_013,heavy_dissipation,13,0,150053,0.35,0.15,0.0,128,6
5248,heavy_dissipation_013,heavy_dissipation,13,1,150053,0.35,0.15,0.0,128,6
5249,heavy_dissipation_013,heavy_dissipation,13,2,150053,0.35,0.15,0.0,128,6
5250,heavy_dissipation_013,heavy_dissipation,13,3,150053,0.35,0.15,0.0,128,6
5251,heavy_dissipation_013,heavy_dissipation,13,4,150053,0.35,0.15,0.0,128,6
5252,heavy_dissipation_013,heavy_dissipation,13,5,150053,0.35,0.15,0.0,128,6
5253,heavy_dissipation_013,heavy_dissipation,13,6,150053,0.35,0.15,0.0,128,6
5254,heavy_dissipation_013,heavy_dissipation,13,7,150053,0.35,0.15,0.0,128,6
5255,heavy_dissipation_013,heavy_dissipation,13,8,150053,0.35,0.15,0.0,128,6
5256,heavy_dissipation_013,heavy_dissipation,13,9,150053,0.35,0.15,0.0,128,6
5257,heavy_dissipation_013,heavy_dissipation,13,10,150053,0.35,0.15,0.0,128,6
5258,heavy_dissipation_013,heavy_dissipation,13,11,150053,0.35,0.15,0.0,128,6
5259,heavy_dissipation_013,heavy_dissipation,13,12,150053,0.35,0.15,0.0,128,6
5260,heavy_dissipation_013,heavy_dissipation,13,13,150053,0.35,0.15,0.0,128,6
5261,heavy_dissipation_013,heavy_dissipation,13,14,150053,0.35,0.15,0.0,128,6
5262,heavy_dissipation_013,heavy_dissipation,13,15,150053,0.35,0.15,0.0,128,6
5263,heavy_dissipation_013,heavy_dissipation,13,16,150053,0.35,0.15,0.0,128,6
5264,heavy_dissipation_013,heavy_dissipation,13,17,150053,0.35,0.15,0.0,128,6
5265,heavy_dissipation_013,heavy_dissipation,13,18,150053,0.35,0.15,0.0,128,6
5266,heavy_dissipation_013,heavy_dissipation,13,19,150053,0.35,0.15,0.0,128,6
5267,heavy_dissipation_013,heavy_dissipation,13,20,150053,0.35,0.15,0.0,128,6
5268,heavy_dissipation_013,heavy_dissipation,13,21,150053,0.35,0.15,0.0,128,6
5269,heavy_dissipation_013,heavy_dissipation,13,22,150053,0.35,0.15,0.0,128,6
5270,heavy_dissipation_013,heavy_dissipation,13,23,150053,0.35,0.15,0.0,128,6
5271,heavy_dissipation_013,heavy_dissipation,13,24,150053,0.35,0.15,0.0,128,6
5272,heavy_dissipation_013,heavy_dissipation,13,25,150053,0.35,0.15,0.0,128,6
5273,heavy_dissipation_013,heavy_dissipation,13,26,150053,0.35,0.15,0.0,128,6
5274,heavy_dissipation_013,heavy_dissipation,13,27,150053,0.35,0.15,0.0,128,6
5275,heavy_dissipation_013,heavy_dissipation,13,28,150053,0.35,0.15,0.0,128,6
5276,heavy_dissipation_013,heavy_dissipation,13,29,150053,0.35,0.15,0.0,128,6
5277,heavy_dissipation_013,heavy_dissipation,13,30,150053,0.35,0.15,0.0,128,6
5278,heavy_dissipation_013,heavy_dissipation,13,31,150053,0.35,0.15,0.0,128,6
5279,heavy_dissipation_013,heavy_dissipation,13,32,150053,0.35,0.15,0.0,128,6
5280,heavy_dissipation_013,heavy_dissipation,13,33,150053,0.35,0.15,0.0,128,6
5281,heavy_dissipation_013,heavy_dissipation,13,34,150053,0.35,0.15,0.0,128,6
5282,heavy_dissipation_013,heavy_dissipation,13,35,150053,0.35,0.15,0.0,128,6
5283,heavy_dissipation_013,heavy_dissipation,13,36,150053,0.35,0.15,0.0,128,6
5284,heavy_dissipation_013,heavy_dissipation,13,37,150053,0.35,0.15,0.0,128,6
5285,heavy_dissipation_013,heavy_dissipation,13,38,150053,0.35,0.15,0.0,128,6
5286,heavy_dissipation_013,heavy_dissipation,13,39,150053,0.35,0.15,0.0,128,6
5287,heavy_dissipation_013,heavy_dissipation,13,40,150053,0.35,0.15,0.0,128,6
5288,heavy_dissipation_013,heavy_dissipation,13,41,150053,0.35,0.15,0.0,128,6
5289,heavy_dissipation_013,heavy_dissipation,13,42,150053,0.35,0.15,0.0,128,6
5290,heavy_dissipation_013,heavy_dissipation,13,43,150053,0.35,0.15,0.0,128,6
5291,heavy_dissipation_013,heavy_dissipation,13,44,150053,0.35,0.15,0.0,128,6
5292,heavy_dissipation_013,heavy_dissipation,13,45,150053,0.35,0.15,0.0,128,6
5293,heavy_dissipation_013,heavy_dissipation,13,46,150053,0.35,0.15,0.0,128,6
5294,heavy_dissipation_013,heavy_dissipation,13,47,150053,0.35,0.15,0.0,128,6
5295,heavy_dissipation_013,heavy_dissipation,13,48,150053,0.35,0.15,0.0,128,6
5296,heavy_dissipation_013,heavy_dissipation,13,49,150053,0.35,0.15,0.0,128,6
5297,heavy_dissipation_013,heavy_dissipation,13,50,150053,0.35,0.15,0.0,128,6
5298,heavy_dissipation_013,heavy_dissipation,13,51,150053,0.35,0.15,0.0,128,6
5299,heavy_dissipation_013,heavy_dissipation,13,52,150053,0.35,0.15,0.0,128,6
5300,heavy_dissipation_013,heavy_dissipation,13,53,150053,0.35,0.15,0.0,128,6
5301,heavy_dissipation_013,heavy_dissipation,13,54,150053,0.35,0.15,0.0,128,6
5302,heavy_dissipation_013,heavy_dissipation,13,55,150053,0.35,0.15,0.0,128,6
5303,heavy_dissipation_013,heavy_dissipation,13,56,150053,0.35,0.15,0.0,128,6
5304,heavy_dissipation_013,heavy_dissipation,13,57,150053,0.35,0.15,0.0,128,6
5305,heavy_dissipation_013,heavy_dissipation,13,58,150053,0.35,0.15,0.0,128,6
5306,heavy_dissipation_013,heavy_dissipation,13,59,150053,0.35,0.15,0.0,128,6
5307,heavy_dissipation_013,heavy_dissipation,13,60,150053,0.35,0.15,0.0,128,6
5308,heavy_dissipation_013,heavy_dissipation,13,61,150053,0.35,0.15,0.0,128,6
5309,heavy_dissipation_013,heavy_dissipation,13,62,150053,0.35,0.15,0.0,128,6
5310,heavy_dissipation_013,heavy_dissipation,13,63,150053,0.35,0.15,0.0,128,6
5311,heavy_dissipation_013,heavy_dissipation,13,64,150053,0.35,0.15,0.0,128,6
5312,heavy_dissipation_013,heavy_dissipation,13,65,150053,0.35,0.15,0.0,128,6
5313,heavy_dissipation_013,heavy_dissipation,13,66,150053,0.35,0.15,0.0,128,6
5314,heavy_dissipation_013,heavy_dissipation,13,67,150053,0.35,0.15,0.0,128,6
5315,heavy_dissipation_013,heavy_dissipation,13,68,150053,0.35,0.15,0.0,128,6
5316,heavy_dissipation_013,heavy_dissipation,13,69,150053,0.35,0.15,0.0,128,6
5317,heavy_dissipation_013,heavy_dissipation,13,70,150053,0.35,0.15,0.0,128,6
5318,heavy_dissipation_013,heavy_dissipation,13,71,150053,0.35,0.15,0.0,128,6
5319,heavy_dissipation_013,heavy_dissipation,13,72,150053,0.35,0.15,0.0,128,6
5320,heavy_dissipation_013,heavy_dissipation,13,73,150053,0.35,0.15,0.0,128,6
5321,heavy_dissipation_013,heavy_dissipation,13,74,150053,0.35,0.15,0.0,128,6
5322,heavy_dissipation_013,heavy_dissipation,13,75,150053,0.35,0.15,0.0,128,6
5323,heavy_dissipation_013,heavy_dissipation,13,76,150053,0.35,0.15,0.0,128,6
5324,heavy_dissipation_013,heavy_dissipation,13,77,150053,0.35,0.15,0.0,128,6
5325,heavy_dissipation_013,heavy_dissipation,13,78,150053,0.35,0.15,0.0,128,6
5326,heavy_dissipation_013,heavy_dissipation,13,79,150053,0.35,0.15,0.0,128,6
5327,heavy_dissipation_013,heavy_dissipation,13,80,150053,0.35,0.15,0.0,128,6
5328,heavy_dissipation_013,heavy_dissipation,13,81,150053,0.35,0.15,0.0,128,6
5329,heavy_dissipation_013,heavy_dissipation,13,82,150053,0.35,0.15,0.0,128,6
5330,heavy_dissipation_013,heavy_dissipation,13,83,150053,0.35,0.15,0.0,128,6
5331,heavy_dissipation_013,heavy_dissipation,13,84,150053,0.35,0.15,0.0,128,6
5332,heavy_dissipation_013,heavy_dissipation,13,85,150053,0.35,0.15,0.0,128,6
5333,heavy_dissipation_013,heavy_dissipation,13,86,150053,0.35,0.15,0.0,128,6
5334,heavy_dissipation_013,heavy_dissipation,13,87,150053,0.35,0.15,0.0,128,6
5335,heavy_dissipation_013,heavy_dissipation,13,88,150053,0.35,0.15,0.0,128,6
5336,heavy_dissipation_013,heavy_dissipation,13,89,150053,0.35,0.15,0.0,128,6
5337,heavy_dissipation_013,heavy_dissipation,13,90,150053,0.35,0.15,0.0,128,6
5338,heavy_dissipation_013,heavy_dissipation,13,91,150053,0.35,0.15,0.0,128,6
5339,heavy_dissipation_013,heavy_dissipation,13,92,150053,0.35,0.15,0.0,128,6
5340,heavy_dissipation_013,heavy_dissipation,13,93,150053,0.35,0.15,0.0,128,6
5341,heavy_dissipation_013,heavy_dissipation,13,94,150053,0.35,0.15,0.0,128,6
5342,heavy_dissipation_013,heavy_dissipation,13,95,150053,0.35,0.15,0.0,128,6
5343,heavy_dissipation_013,heavy_dissipation,13,96,150053,0.35,0.15,0.0,128,6
5344,heavy_dissipation_013,heavy_dissipation,13,97,150053,0.35,0.15,0.0,128,6
5345,heavy_dissipation_013,heavy_dissipation,13,98,150053,0.35,0.15,0.0,128,6
5346,heavy_dissipation_014,heavy_dissipation,14,0,150054,0.35,0.15,0.0,128,6
5347,heavy_dissipation_014,heavy_dissipation,14,1,150054,0.35,0.15,0.0,128,6
5348,heavy_dissipation_014,heavy_dissipation,14,2,150054,0.35,0.15,0.0,128,6
5349,heavy_dissipation_014,heavy_dissipation,14,3,150054,0.35,0.15,0.0,128,6
5350,heavy_dissipation_014,heavy_dissipation,14,4,150054,0.35,0.15,0.0,128,6
5351,heavy_dissipation_014,heavy_dissipation,14,5,150054,0.35,0.15,0.0,128,6
5352,heavy_dissipation_014,heavy_dissipation,14,6,150054,0.35,0.15,0.0,128,6
5353,heavy_dissipation_014,heavy_dissipation,14,7,150054,0.35,0.15,0.0,128,6
5354,heavy_dissipation_014,heavy_dissipation,14,8,150054,0.35,0.15,0.0,128,6
5355,heavy_dissipation_014,heavy_dissipation,14,9,150054,0.35,0.15,0.0,128,6
5356,heavy_dissipation_014,heavy_dissipation,14,10,150054,0.35,0.15,0.0,128,6
5357,heavy_dissipation_014,heavy_dissipation,14,11,150054,0.35,0.15,0.0,128,6
5358,heavy_dissipation_014,heavy_dissipation,14,12,150054,0.35,0.15,0.0,128,6
5359,heavy_dissipation_014,heavy_dissipation,14,13,150054,0.35,0.15,0.0,128,6
5360,heavy_dissipation_014,heavy_dissipation,14,14,150054,0.35,0.15,0.0,128,6
5361,heavy_dissipation_014,heavy_dissipation,14,15,150054,0.35,0.15,0.0,128,6
5362,heavy_dissipation_014,heavy_dissipation,14,16,150054,0.35,0.15,0.0,128,6
5363,heavy_dissipation_014,heavy_dissipation,14,17,150054,0.35,0.15,0.0,128,6
5364,heavy_dissipation_014,heavy_dissipation,14,18,150054,0.35,0.15,0.0,128,6
5365,heavy_dissipation_014,heavy_dissipation,14,19,150054,0.35,0.15,0.0,128,6
5366,heavy_dissipation_014,heavy_dissipation,14,20,150054,0.35,0.15,0.0,128,6
5367,heavy_dissipation_014,heavy_dissipation,14,21,150054,0.35,0.15,0.0,128,6
5368,heavy_dissipation_014,heavy_dissipation,14,22,150054,0.35,0.15,0.0,128,6
5369,heavy_dissipation_014,heavy_dissipation,14,23,150054,0.35,0.15,0.0,128,6
5370,heavy_dissipation_014,heavy_dissipation,14,24,150054,0.35,0.15,0.0,128,6
5371,heavy_dissipation_014,heavy_dissipation,14,25,150054,0.35,0.15,0.0,128,6
5372,heavy_dissipation_014,heavy_dissipation,14,26,150054,0.35,0.15,0.0,128,6
5373,heavy_dissipation_014,heavy_dissipation,14,27,150054,0.35,0.15,0.0,128,6
5374,heavy_dissipation_014,heavy_dissipation,14,28,150054,0.35,0.15,0.0,128,6
5375,heavy_dissipation_014,heavy_dissipation,14,29,150054,0.35,0.15,0.0,128,6
5376,heavy_dissipation_014,heavy_dissipation,14,30,150054,0.35,0.15,0.0,128,6
5377,heavy_dissipation_014,heavy_dissipation,14,31,150054,0.35,0.15,0.0,128,6
5378,heavy_dissipation_014,heavy_dissipation,14,32,150054,0.35,0.15,0.0,128,6
5379,heavy_dissipation_014,heavy_dissipation,14,33,150054,0.35,0.15,0.0,128,6
5380,heavy_dissipation_014,heavy_dissipation,14,34,150054,0.35,0.15,0.0,128,6
5381,heavy_dissipation_014,heavy_dissipation,14,35,150054,0.35,0.15,0.0,128,6
5382,heavy_dissipation_014,heavy_dissipation,14,36,150054,0.35,0.15,0.0,128,6
5383,heavy_dissipation_014,heavy_dissipation,14,37,150054,0.35,0.15,0.0,128,6
5384,heavy_dissipation_014,heavy_dissipation,14,38,150054,0.35,0.15,0.0,128,6
5385,heavy_dissipation_014,heavy_dissipation,14,39,150054,0.35,0.15,0.0,128,6
5386,heavy_dissipation_014,heavy_dissipation,14,40,150054,0.35,0.15,0.0,128,6
5387,heavy_dissipation_014,heavy_dissipation,14,41,150054,0.35,0.15,0.0,128,6
5388,heavy_dissipation_014,heavy_dissipation,14,42,150054,0.35,0.15,0.0,128,6
5389,heavy_dissipation_014,heavy_dissipation,14,43,150054,0.35,0.15,0.0,128,6
5390,heavy_dissipation_014,heavy_dissipation,14,44,150054,0.35,0.15,0.0,128,6
5391,heavy_dissipation_014,heavy_dissipation,14,45,150054,0.35,0.15,0.0,128,6
5392,heavy_dissipation_014,heavy_dissipation,14,46,150054,0.35,0.15,0.0,128,6
5393,heavy_dissipation_014,heavy_dissipation,14,47,150054,0.35,0.15,0.0,128,6
5394,heavy_dissipation_014,heavy_dissipation,14,48,150054,0.35,0.15,0.0,128,6
5395,heavy_dissipation_014,heavy_dissipation,14,49,150054,0.35,0.15,0.0,128,6
5396,heavy_dissipation_014,heavy_dissipation,14,50,150054,0.35,0.15,0.0,128,6
5397,heavy_dissipation_014,heavy_dissipation,14,51,150054,0.35,0.15,0.0,128,6
5398,heavy_dissipation_014,heavy_dissipation,14,52,150054,0.35,0.15,0.0,128,6
5399,heavy_dissipation_014,heavy_dissipation,14,53,150054,0.35,0.15,0.0,128,6
5400,heavy_dissipation_014,heavy_dissipation,14,54,150054,0.35,0.15,0.0,128,6
5401,heavy_dissipation_014,heavy_dissipation,14,55,150054,0.35,0.15,0.0,128,6
5402,heavy_dissipation_014,heavy_dissipation,14,56,150054,0.35,0.15,0.0,128,6
5403,heavy_dissipation_014,heavy_dissipation,14,57,150054,0.35,0.15,0.0,128,6
5404,heavy_dissipation_014,heavy_dissipation,14,58,150054,0.35,0.15,0.0,128,6
5405,heavy_dissipation_014,heavy_dissipation,14,59,150054,0.35,0.15,0.0,128,6
5406,heavy_dissipation_014,heavy_dissipation,14,60,150054,0.35,0.15,0.0,128,6
5407,heavy_dissipation_014,heavy_dissipation,14,61,150054,0.35,0.15,0.0,128,6
5408,heavy_dissipation_014,heavy_dissipation,14,62,150054,0.35,0.15,0.0,128,6
5409,heavy_dissipation_014,heavy_dissipation,14,63,150054,0.35,0.15,0.0,128,6
5410,heavy_dissipation_014,heavy_dissipation,14,64,150054,0.35,0.15,0.0,128,6
5411,heavy_dissipation_014,heavy_dissipation,14,65,150054,0.35,0.15,0.0,128,6
5412,heavy_dissipation_014,heavy_dissipation,14,66,150054,0.35,0.15,0.0,128,6
5413,heavy_dissipation_014,heavy_dissipation,14,67,150054,0.35,0.15,0.0,128,6
5414,heavy_dissipation_014,heavy_dissipation,14,68,150054,0.35,0.15,0.0,128,6
5415,heavy_dissipation_014,heavy_dissipation,14,69,150054,0.35,0.15,0.0,128,6
5416,heavy_dissipation_014,heavy_dissipation,14,70,150054,0.35,0.15,0.0,128,6
5417,heavy_dissipation_014,heavy_dissipation,14,71,150054,0.35,0.15,0.0,128,6
5418,heavy_dissipation_014,heavy_dissipation,14,72,150054,0.35,0.15,0.0,128,6
5419,heavy_dissipation_014,heavy_dissipation,14,73,150054,0.35,0.15,0.0,128,6
5420,heavy_dissipation_014,heavy_dissipation,14,74,150054,0.35,0.15,0.0,128,6
5421,heavy_dissipation_014,heavy_dissipation,14,75,150054,0.35,0.15,0.0,128,6
5422,heavy_dissipation_014,heavy_dissipation,14,76,150054,0.35,0.15,0.0,128,6
5423,heavy_dissipation_014,heavy_dissipation,14,77,150054,0.35,0.15,0.0,128,6
5424,heavy_dissipation_014,heavy_dissipation,14,78,150054,0.35,0.15,0.0,128,6
5425,heavy_dissipation_014,heavy_dissipation,14,79,150054,0.35,0.15,0.0,128,6
5426,heavy_dissipation_014,heavy_dissipation,14,80,150054,0.35,0.15,0.0,128,6
5427,heavy_dissipation_014,heavy_dissipation,14,81,150054,0.35,0.15,0.0,128,6
5428,heavy_dissipation_014,heavy_dissipation,14,82,150054,0.35,0.15,0.0,128,6
5429,heavy_dissipation_014,heavy_dissipation,14,83,150054,0.35,0.15,0.0,128,6
5430,heavy_dissipation_014,heavy_dissipation,14,84,150054,0.35,0.15,0.0,128,6
5431,heavy_dissipation_014,heavy_dissipation,14,85,150054,0.35,0.15,0.0,128,6
5432,heavy_dissipation_014,heavy_dissipation,14,86,150054,0.35,0.15,0.0,128,6
5433,heavy_dissipation_014,heavy_dissipation,14,87,150054,0.35,0.15,0.0,128,6
5434,heavy_dissipation_014,heavy_dissipation,14,88,150054,0.35,0.15,0.0,128,6
5435,heavy_dissipation_014,heavy_dissipation,14,89,150054,0.35,0.15,0.0,128,6
5436,heavy_dissipation_014,heavy_dissipation,14,90,150054,0.35,0.15,0.0,128,6
5437,heavy_dissipation_014,heavy_dissipation,14,91,150054,0.35,0.15,0.0,128,6
5438,heavy_dissipation_014,heavy_dissipation,14,92,150054,0.35,0.15,0.0,128,6
5439,heavy_dissipation_014,heavy_dissipation,14,93,150054,0.35,0.15,0.0,128,6
5440,heavy_dissipation_014,heavy_dissipation,14,94,150054,0.35,0.15,0.0,128,6
5441,heavy_dissipation_014,heavy_dissipation,14,95,150054,0.35,0.15,0.0,128,6
5442,heavy_dissipation_014,heavy_dissipation,14,96,150054,0.35,0.15,0.0,128,6
5443,heavy_dissipation_014,heavy_dissipation,14,97,150054,0.35,0.15,0.0,128,6
5444,heavy_dissipation_014,heavy_dissipation,14,98,150054,0.35,0.15,0.0,128,6
5445,heavy_dissipation_015,heavy_dissipation,15,0,150055,0.35,0.15,0.0,128,6
5446,heavy_dissipation_015,heavy_dissipation,15,1,150055,0.35,0.15,0.0,128,6
5447,heavy_dissipation_015,heavy_dissipation,15,2,150055,0.35,0.15,0.0,128,6
5448,heavy_dissipation_015,heavy_dissipation,15,3,150055,0.35,0.15,0.0,128,6
5449,heavy_dissipation_015,heavy_dissipation,15,4,150055,0.35,0.15,0.0,128,6
5450,heavy_dissipation_015,heavy_dissipation,15,5,150055,0.35,0.15,0.0,128,6
5451,heavy_dissipation_015,heavy_dissipation,15,6,150055,0.35,0.15,0.0,128,6
5452,heavy_dissipation_015,heavy_dissipation,15,7,150055,0.35,0.15,0.0,128,6
5453,heavy_dissipation_015,heavy_dissipation,15,8,150055,0.35,0.15,0.0,128,6
5454,heavy_dissipation_015,heavy_dissipation,15,9,150055,0.35,0.15,0.0,128,6
5455,heavy_dissipation_015,heavy_dissipation,15,10,150055,0.35,0.15,0.0,128,6
5456,heavy_dissipation_015,heavy_dissipation,15,11,150055,0.35,0.15,0.0,128,6
5457,heavy_dissipation_015,heavy_dissipation,15,12,150055,0.35,0.15,0.0,128,6
5458,heavy_dissipation_015,heavy_dissipation,15,13,150055,0.35,0.15,0.0,128,6
5459,heavy_dissipation_015,heavy_dissipation,15,14,150055,0.35,0.15,0.0,128,6
5460,heavy_dissipation_015,heavy_dissipation,15,15,150055,0.35,0.15,0.0,128,6
5461,heavy_dissipation_015,heavy_dissipation,15,16,150055,0.35,0.15,0.0,128,6
5462,heavy_dissipation_015,heavy_dissipation,15,17,150055,0.35,0.15,0.0,128,6
5463,heavy_dissipation_015,heavy_dissipation,15,18,150055,0.35,0.15,0.0,128,6
5464,heavy_dissipation_015,heavy_dissipation,15,19,150055,0.35,0.15,0.0,128,6
5465,heavy_dissipation_015,heavy_dissipation,15,20,150055,0.35,0.15,0.0,128,6
5466,heavy_dissipation_015,heavy_dissipation,15,21,150055,0.35,0.15,0.0,128,6
5467,heavy_dissipation_015,heavy_dissipation,15,22,150055,0.35,0.15,0.0,128,6
5468,heavy_dissipation_015,heavy_dissipation,15,23,150055,0.35,0.15,0.0,128,6
5469,heavy_dissipation_015,heavy_dissipation,15,24,150055,0.35,0.15,0.0,128,6
5470,heavy_dissipation_015,heavy_dissipation,15,25,150055,0.35,0.15,0.0,128,6
5471,heavy_dissipation_015,heavy_dissipation,15,26,150055,0.35,0.15,0.0,128,6
5472,heavy_dissipation_015,heavy_dissipation,15,27,150055,0.35,0.15,0.0,128,6
5473,heavy_dissipation_015,heavy_dissipation,15,28,150055,0.35,0.15,0.0,128,6
5474,heavy_dissipation_015,heavy_dissipation,15,29,150055,0.35,0.15,0.0,128,6
5475,heavy_dissipation_015,heavy_dissipation,15,30,150055,0.35,0.15,0.0,128,6
5476,heavy_dissipation_015,heavy_dissipation,15,31,150055,0.35,0.15,0.0,128,6
5477,heavy_dissipation_015,heavy_dissipation,15,32,150055,0.35,0.15,0.0,128,6
5478,heavy_dissipation_015,heavy_dissipation,15,33,150055,0.35,0.15,0.0,128,6
5479,heavy_dissipation_015,heavy_dissipation,15,34,150055,0.35,0.15,0.0,128,6
5480,heavy_dissipation_015,heavy_dissipation,15,35,150055,0.35,0.15,0.0,128,6
5481,heavy_dissipation_015,heavy_dissipation,15,36,150055,0.35,0.15,0.0,128,6
5482,heavy_dissipation_015,heavy_dissipation,15,37,150055,0.35,0.15,0.0,128,6
5483,heavy_dissipation_015,heavy_dissipation,15,38,150055,0.35,0.15,0.0,128,6
5484,heavy_dissipation_015,heavy_dissipation,15,39,150055,0.35,0.15,0.0,128,6
5485,heavy_dissipation_015,heavy_dissipation,15,40,150055,0.35,0.15,0.0,128,6
5486,heavy_dissipation_015,heavy_dissipation,15,41,150055,0.35,0.15,0.0,128,6
5487,heavy_dissipation_015,heavy_dissipation,15,42,150055,0.35,0.15,0.0,128,6
5488,heavy_dissipation_015,heavy_dissipation,15,43,150055,0.35,0.15,0.0,128,6
5489,heavy_dissipation_015,heavy_dissipation,15,44,150055,0.35,0.15,0.0,128,6
5490,heavy_dissipation_015,heavy_dissipation,15,45,150055,0.35,0.15,0.0,128,6
5491,heavy_dissipation_015,heavy_dissipation,15,46,150055,0.35,0.15,0.0,128,6
5492,heavy_dissipation_015,heavy_dissipation,15,47,150055,0.35,0.15,0.0,128,6
5493,heavy_dissipation_015,heavy_dissipation,15,48,150055,0.35,0.15,0.0,128,6
5494,heavy_dissipation_015,heavy_dissipation,15,49,150055,0.35,0.15,0.0,128,6
5495,heavy_dissipation_015,heavy_dissipation,15,50,150055,0.35,0.15,0.0,128,6
5496,heavy_dissipation_015,heavy_dissipation,15,51,150055,0.35,0.15,0.0,128,6
5497,heavy_dissipation_015,heavy_dissipation,15,52,150055,0.35,0.15,0.0,128,6
5498,heavy_dissipation_015,heavy_dissipation,15,53,150055,0.35,0.15,0.0,128,6
5499,heavy_dissipation_015,heavy_dissipation,15,54,150055,0.35,0.15,0.0,128,6
5500,heavy_dissipation_015,heavy_dissipation,15,55,150055,0.35,0.15,0.0,128,6
5501,heavy_dissipation_015,heavy_dissipation,15,56,150055,0.35,0.15,0.0,128,6
5502,heavy_dissipation_015,heavy_dissipation,15,57,150055,0.35,0.15,0.0,128,6
5503,heavy_dissipation_015,heavy_dissipation,15,58,150055,0.35,0.15,0.0,128,6
5504,heavy_dissipation_015,heavy_dissipation,15,59,150055,0.35,0.15,0.0,128,6
5505,heavy_dissipation_015,heavy_dissipation,15,60,150055,0.35,0.15,0.0,128,6
5506,heavy_dissipation_015,heavy_dissipation,15,61,150055,0.35,0.15,0.0,128,6
5507,heavy_dissipation_015,heavy_dissipation,15,62,150055,0.35,0.15,0.0,128,6
5508,heavy_dissipation_015,heavy_dissipation,15,63,150055,0.35,0.15,0.0,128,6
5509,heavy_dissipation_015,heavy_dissipation,15,64,150055,0.35,0.15,0.0,128,6
5510,heavy_dissipation_015,heavy_dissipation,15,65,150055,0.35,0.15,0.0,128,6
5511,heavy_dissipation_015,heavy_dissipation,15,66,150055,0.35,0.15,0.0,128,6
5512,heavy_dissipation_015,heavy_dissipation,15,67,150055,0.35,0.15,0.0,128,6
5513,heavy_dissipation_015,heavy_dissipation,15,68,150055,0.35,0.15,0.0,128,6
5514,heavy_dissipation_015,heavy_dissipation,15,69,150055,0.35,0.15,0.0,128,6
5515,heavy_dissipation_015,heavy_dissipation,15,70,150055,0.35,0.15,0.0,128,6
5516,heavy_dissipation_015,heavy_dissipation,15,71,150055,0.35,0.15,0.0,128,6
5517,heavy_dissipation_015,heavy_dissipation,15,72,150055,0.35,0.15,0.0,128,6
5518,heavy_dissipation_015,heavy_dissipation,15,73,150055,0.35,0.15,0.0,128,6
5519,heavy_dissipation_015,heavy_dissipation,15,74,150055,0.35,0.15,0.0,128,6
5520,heavy_dissipation_015,heavy_dissipation,15,75,150055,0.35,0.15,0.0,128,6
5521,heavy_dissipation_015,heavy_dissipation,15,76,150055,0.35,0.15,0.0,128,6
5522,heavy_dissipation_015,heavy_dissipation,15,77,150055,0.35,0.15,0.0,128,6
5523,heavy_dissipation_015,heavy_dissipation,15,78,150055,0.35,0.15,0.0,128,6
5524,heavy_dissipation_015,heavy_dissipation,15,79,150055,0.35,0.15,0.0,128,6
5525,heavy_dissipation_015,heavy_dissipation,15,80,150055,0.35,0.15,0.0,128,6
5526,heavy_dissipation_015,heavy_dissipation,15,81,150055,0.35,0.15,0.0,128,6
5527,heavy_dissipation_015,heavy_dissipation,15,82,150055,0.35,0.15,0.0,128,6
5528,heavy_dissipation_015,heavy_dissipation,15,83,150055,0.35,0.15,0.0,128,6
5529,heavy_dissipation_015,heavy_dissipation,15,84,150055,0.35,0.15,0.0,128,6
5530,heavy_dissipation_015,heavy_dissipation,15,85,150055,0.35,0.15,0.0,128,6
5531,heavy_dissipation_015,heavy_dissipation,15,86,150055,0.35,0.15,0.0,128,6
5532,heavy_dissipation_015,heavy_dissipation,15,87,150055,0.35,0.15,0.0,128,6
5533,heavy_dissipation_015,heavy_dissipation,15,88,150055,0.35,0.15,0.0,128,6
5534,heavy_dissipation_015,heavy_dissipation,15,89,150055,0.35,0.15,0.0,128,6
5535,heavy_dissipation_015,heavy_dissipation,15,90,150055,0.35,0.15,0.0,128,6
5536,heavy_dissipation_015,heavy_dissipation,15,91,150055,0.35,0.15,0.0,128,6
5537,heavy_dissipation_015,heavy_dissipation,15,92,150055,0.35,0.15,0.0,128,6
5538,heavy_dissipation_015,heavy_dissipation,15,93,150055,0.35,0.15,0.0,128,6
5539,heavy_dissipation_015,heavy_dissipation,15,94,150055,0.35,0.15,0.0,128,6
5540,heavy_dissipation_015,heavy_dissipation,15,95,150055,0.35,0.15,0.0,128,6
5541,heavy_dissipation_015,heavy_dissipation,15,96,150055,0.35,0.15,0.0,128,6
5542,heavy_dissipation_015,heavy_dissipation,15,97,150055,0.35,0.15,0.0,128,6
5543,heavy_dissipation_015,heavy_dissipation,15,98,150055,0.35,0.15,0.0,128,6
5544,heavy_dissipation_016,heavy_dissipation,16,0,150056,0.35,0.15,0.0,128,6
5545,heavy_dissipation_016,heavy_dissipation,16,1,150056,0.35,0.15,0.0,128,6
5546,heavy_dissipation_016,heavy_dissipation,16,2,150056,0.35,0.15,0.0,128,6
5547,heavy_dissipation_016,heavy_dissipation,16,3,150056,0.35,0.15,0.0,128,6
5548,heavy_dissipation_016,heavy_dissipation,16,4,150056,0.35,0.15,0.0,128,6
5549,heavy_dissipation_016,heavy_dissipation,16,5,150056,0.35,0.15,0.0,128,6
5550,heavy_dissipation_016,heavy_dissipation,16,6,150056,0.35,0.15,0.0,128,6
5551,heavy_dissipation_016,heavy_dissipation,16,7,150056,0.35,0.15,0.0,128,6
5552,heavy_dissipation_016,heavy_dissipation,16,8,150056,0.35,0.15,0.0,128,6
5553,heavy_dissipation_016,heavy_dissipation,16,9,150056,0.35,0.15,0.0,128,6
5554,heavy_dissipation_016,heavy_dissipation,16,10,150056,0.35,0.15,0.0,128,6
5555,heavy_dissipation_016,heavy_dissipation,16,11,150056,0.35,0.15,0.0,128,6
5556,heavy_dissipation_016,heavy_dissipation,16,12,150056,0.35,0.15,0.0,128,6
5557,heavy_dissipation_016,heavy_dissipation,16,13,150056,0.35,0.15,0.0,128,6
5558,heavy_dissipation_016,heavy_dissipation,16,14,150056,0.35,0.15,0.0,128,6
5559,heavy_dissipation_016,heavy_dissipation,16,15,150056,0.35,0.15,0.0,128,6
5560,heavy_dissipation_016,heavy_dissipation,16,16,150056,0.35,0.15,0.0,128,6
5561,heavy_dissipation_016,heavy_dissipation,16,17,150056,0.35,0.15,0.0,128,6
5562,heavy_dissipation_016,heavy_dissipation,16,18,150056,0.35,0.15,0.0,128,6
5563,heavy_dissipation_016,heavy_dissipation,16,19,150056,0.35,0.15,0.0,128,6
5564,heavy_dissipation_016,heavy_dissipation,16,20,150056,0.35,0.15,0.0,128,6
5565,heavy_dissipation_016,heavy_dissipation,16,21,150056,0.35,0.15,0.0,128,6
5566,heavy_dissipation_016,heavy_dissipation,16,22,150056,0.35,0.15,0.0,128,6
5567,heavy_dissipation_016,heavy_dissipation,16,23,150056,0.35,0.15,0.0,128,6
5568,heavy_dissipation_016,heavy_dissipation,16,24,150056,0.35,0.15,0.0,128,6
5569,heavy_dissipation_016,heavy_dissipation,16,25,150056,0.35,0.15,0.0,128,6
5570,heavy_dissipation_016,heavy_dissipation,16,26,150056,0.35,0.15,0.0,128,6
5571,heavy_dissipation_016,heavy_dissipation,16,27,150056,0.35,0.15,0.0,128,6
5572,heavy_dissipation_016,heavy_dissipation,16,28,150056,0.35,0.15,0.0,128,6
5573,heavy_dissipation_016,heavy_dissipation,16,29,150056,0.35,0.15,0.0,128,6
5574,heavy_dissipation_016,heavy_dissipation,16,30,150056,0.35,0.15,0.0,128,6
5575,heavy_dissipation_016,heavy_dissipation,16,31,150056,0.35,0.15,0.0,128,6
5576,heavy_dissipation_016,heavy_dissipation,16,32,150056,0.35,0.15,0.0,128,6
5577,heavy_dissipation_016,heavy_dissipation,16,33,150056,0.35,0.15,0.0,128,6
5578,heavy_dissipation_016,heavy_dissipation,16,34,150056,0.35,0.15,0.0,128,6
5579,heavy_dissipation_016,heavy_dissipation,16,35,150056,0.35,0.15,0.0,128,6
5580,heavy_dissipation_016,heavy_dissipation,16,36,150056,0.35,0.15,0.0,128,6
5581,heavy_dissipation_016,heavy_dissipation,16,37,150056,0.35,0.15,0.0,128,6
5582,heavy_dissipation_016,heavy_dissipation,16,38,150056,0.35,0.15,0.0,128,6
5583,heavy_dissipation_016,heavy_dissipation,16,39,150056,0.35,0.15,0.0,128,6
5584,heavy_dissipation_016,heavy_dissipation,16,40,150056,0.35,0.15,0.0,128,6
5585,heavy_dissipation_016,heavy_dissipation,16,41,150056,0.35,0.15,0.0,128,6
5586,heavy_dissipation_016,heavy_dissipation,16,42,150056,0.35,0.15,0.0,128,6
5587,heavy_dissipation_016,heavy_dissipation,16,43,150056,0.35,0.15,0.0,128,6
5588,heavy_dissipation_016,heavy_dissipation,16,44,150056,0.35,0.15,0.0,128,6
5589,heavy_dissipation_016,heavy_dissipation,16,45,150056,0.35,0.15,0.0,128,6
5590,heavy_dissipation_016,heavy_dissipation,16,46,150056,0.35,0.15,0.0,128,6
5591,heavy_dissipation_016,heavy_dissipation,16,47,150056,0.35,0.15,0.0,128,6
5592,heavy_dissipation_016,heavy_dissipation,16,48,150056,0.35,0.15,0.0,128,6
5593,heavy_dissipation_016,heavy_dissipation,16,49,150056,0.35,0.15,0.0,128,6
5594,heavy_dissipation_016,heavy_dissipation,16,50,150056,0.35,0.15,0.0,128,6
5595,heavy_dissipation_016,heavy_dissipation,16,51,150056,0.35,0.15,0.0,128,6
5596,heavy_dissipation_016,heavy_dissipation,16,52,150056,0.35,0.15,0.0,128,6
5597,heavy_dissipation_016,heavy_dissipation,16,53,150056,0.35,0.15,0.0,128,6
5598,heavy_dissipation_016,heavy_dissipation,16,54,150056,0.35,0.15,0.0,128,6
5599,heavy_dissipation_016,heavy_dissipation,16,55,150056,0.35,0.15,0.0,128,6
5600,heavy_dissipation_016,heavy_dissipation,16,56,150056,0.35,0.15,0.0,128,6
5601,heavy_dissipation_016,heavy_dissipation,16,57,150056,0.35,0.15,0.0,128,6
5602,heavy_dissipation_016,heavy_dissipation,16,58,150056,0.35,0.15,0.0,128,6
5603,heavy_dissipation_016,heavy_dissipation,16,59,150056,0.35,0.15,0.0,128,6
5604,heavy_dissipation_016,heavy_dissipation,16,60,150056,0.35,0.15,0.0,128,6
5605,heavy_dissipation_016,heavy_dissipation,16,61,150056,0.35,0.15,0.0,128,6
5606,heavy_dissipation_016,heavy_dissipation,16,62,150056,0.35,0.15,0.0,128,6
5607,heavy_dissipation_016,heavy_dissipation,16,63,150056,0.35,0.15,0.0,128,6
5608,heavy_dissipation_016,heavy_dissipation,16,64,150056,0.35,0.15,0.0,128,6
5609,heavy_dissipation_016,heavy_dissipation,16,65,150056,0.35,0.15,0.0,128,6
5610,heavy_dissipation_016,heavy_dissipation,16,66,150056,0.35,0.15,0.0,128,6
5611,heavy_dissipation_016,heavy_dissipation,16,67,150056,0.35,0.15,0.0,128,6
5612,heavy_dissipation_016,heavy_dissipation,16,68,150056,0.35,0.15,0.0,128,6
5613,heavy_dissipation_016,heavy_dissipation,16,69,150056,0.35,0.15,0.0,128,6
5614,heavy_dissipation_016,heavy_dissipation,16,70,150056,0.35,0.15,0.0,128,6
5615,heavy_dissipation_016,heavy_dissipation,16,71,150056,0.35,0.15,0.0,128,6
5616,heavy_dissipation_016,heavy_dissipation,16,72,150056,0.35,0.15,0.0,128,6
5617,heavy_dissipation_016,heavy_dissipation,16,73,150056,0.35,0.15,0.0,128,6
5618,heavy_dissipation_016,heavy_dissipation,16,74,150056,0.35,0.15,0.0,128,6
5619,heavy_dissipation_016,heavy_dissipation,16,75,150056,0.35,0.15,0.0,128,6
5620,heavy_dissipation_016,heavy_dissipation,16,76,150056,0.35,0.15,0.0,128,6
5621,heavy_dissipation_016,heavy_dissipation,16,77,150056,0.35,0.15,0.0,128,6
5622,heavy_dissipation_016,heavy_dissipation,16,78,150056,0.35,0.15,0.0,128,6
5623,heavy_dissipation_016,heavy_dissipation,16,79,150056,0.35,0.15,0.0,128,6
5624,heavy_dissipation_016,heavy_dissipation,16,80,150056,0.35,0.15,0.0,128,6
5625,heavy_dissipation_016,heavy_dissipation,16,81,150056,0.35,0.15,0.0,128,6
5626,heavy_dissipation_016,heavy_dissipation,16,82,150056,0.35,0.15,0.0,128,6
5627,heavy_dissipation_016,heavy_dissipation,16,83,150056,0.35,0.15,0.0,128,6
5628,heavy_dissipation_016,heavy_dissipation,16,84,150056,0.35,0.15,0.0,128,6
5629,heavy_dissipation_016,heavy_dissipation,16,85,150056,0.35,0.15,0.0,128,6
5630,heavy_dissipation_016,heavy_dissipation,16,86,150056,0.35,0.15,0.0,128,6
5631,heavy_dissipation_016,heavy_dissipation,16,87,150056,0.35,0.15,0.0,128,6
5632,heavy_dissipation_016,heavy_dissipation,16,88,150056,0.35,0.15,0.0,128,6
5633,heavy_dissipation_016,heavy_dissipation,16,89,150056,0.35,0.15,0.0,128,6
5634,heavy_dissipation_016,heavy_dissipation,16,90,150056,0.35,0.15,0.0,128,6
5635,heavy_dissipation_016,heavy_dissipation,16,91,150056,0.35,0.15,0.0,128,6
5636,heavy_dissipation_016,heavy_dissipation,16,92,150056,0.35,0.15,0.0,128,6
5637,heavy_dissipation_016,heavy_dissipation,16,93,150056,0.35,0.15,0.0,128,6
5638,heavy_dissipation_016,heavy_dissipation,16,94,150056,0.35,0.15,0.0,128,6
5639,heavy_dissipation_016,heavy_dissipation,16,95,150056,0.35,0.15,0.0,128,6
5640,heavy_dissipation_016,heavy_dissipation,16,96,150056,0.35,0.15,0.0,128,6
5641,heavy_dissipation_016,heavy_dissipation,16,97,150056,0.35,0.15,0.0,128,6
5642,heavy_dissipation_016,heavy_dissipation,16,98,150056,0.35,0.15,0.0,128,6
5643,heavy_dissipation_017,heavy_dissipation,17,0,150057,0.35,0.15,0.0,128,6
5644,heavy_dissipation_017,heavy_dissipation,17,1,150057,0.35,0.15,0.0,128,6
5645,heavy_dissipation_017,heavy_dissipation,17,2,150057,0.35,0.15,0.0,128,6
5646,heavy_dissipation_017,heavy_dissipation,17,3,150057,0.35,0.15,0.0,128,6
5647,heavy_dissipation_017,heavy_dissipation,17,4,150057,0.35,0.15,0.0,128,6
5648,heavy_dissipation_017,heavy_dissipation,17,5,150057,0.35,0.15,0.0,128,6
5649,heavy_dissipation_017,heavy_dissipation,17,6,150057,0.35,0.15,0.0,128,6
5650,heavy_dissipation_017,heavy_dissipation,17,7,150057,0.35,0.15,0.0,128,6
5651,heavy_dissipation_017,heavy_dissipation,17,8,150057,0.35,0.15,0.0,128,6
5652,heavy_dissipation_017,heavy_dissipation,17,9,150057,0.35,0.15,0.0,128,6
5653,heavy_dissipation_017,heavy_dissipation,17,10,150057,0.35,0.15,0.0,128,6
5654,heavy_dissipation_017,heavy_dissipation,17,11,150057,0.35,0.15,0.0,128,6
5655,heavy_dissipation_017,heavy_dissipation,17,12,150057,0.35,0.15,0.0,128,6
5656,heavy_dissipation_017,heavy_dissipation,17,13,150057,0.35,0.15,0.0,128,6
5657,heavy_dissipation_017,heavy_dissipation,17,14,150057,0.35,0.15,0.0,128,6
5658,heavy_dissipation_017,heavy_dissipation,17,15,150057,0.35,0.15,0.0,128,6
5659,heavy_dissipation_017,heavy_dissipation,17,16,150057,0.35,0.15,0.0,128,6
5660,heavy_dissipation_017,heavy_dissipation,17,17,150057,0.35,0.15,0.0,128,6
5661,heavy_dissipation_017,heavy_dissipation,17,18,150057,0.35,0.15,0.0,128,6
5662,heavy_dissipation_017,heavy_dissipation,17,19,150057,0.35,0.15,0.0,128,6
5663,heavy_dissipation_017,heavy_dissipation,17,20,150057,0.35,0.15,0.0,128,6
5664,heavy_dissipation_017,heavy_dissipation,17,21,150057,0.35,0.15,0.0,128,6
5665,heavy_dissipation_017,heavy_dissipation,17,22,150057,0.35,0.15,0.0,128,6
5666,heavy_dissipation_017,heavy_dissipation,17,23,150057,0.35,0.15,0.0,128,6
5667,heavy_dissipation_017,heavy_dissipation,17,24,150057,0.35,0.15,0.0,128,6
5668,heavy_dissipation_017,heavy_dissipation,17,25,150057,0.35,0.15,0.0,128,6
5669,heavy_dissipation_017,heavy_dissipation,17,26,150057,0.35,0.15,0.0,128,6
5670,heavy_dissipation_017,heavy_dissipation,17,27,150057,0.35,0.15,0.0,128,6
5671,heavy_dissipation_017,heavy_dissipation,17,28,150057,0.35,0.15,0.0,128,6
5672,heavy_dissipation_017,heavy_dissipation,17,29,150057,0.35,0.15,0.0,128,6
5673,heavy_dissipation_017,heavy_dissipation,17,30,150057,0.35,0.15,0.0,128,6
5674,heavy_dissipation_017,heavy_dissipation,17,31,150057,0.35,0.15,0.0,128,6
5675,heavy_dissipation_017,heavy_dissipation,17,32,150057,0.35,0.15,0.0,128,6
5676,heavy_dissipation_017,heavy_dissipation,17,33,150057,0.35,0.15,0.0,128,6
5677,heavy_dissipation_017,heavy_dissipation,17,34,150057,0.35,0.15,0.0,128,6
5678,heavy_dissipation_017,heavy_dissipation,17,35,150057,0.35,0.15,0.0,128,6
5679,heavy_dissipation_017,heavy_dissipation,17,36,150057,0.35,0.15,0.0,128,6
5680,heavy_dissipation_017,heavy_dissipation,17,37,150057,0.35,0.15,0.0,128,6
5681,heavy_dissipation_017,heavy_dissipation,17,38,150057,0.35,0.15,0.0,128,6
5682,heavy_dissipation_017,heavy_dissipation,17,39,150057,0.35,0.15,0.0,128,6
5683,heavy_dissipation_017,heavy_dissipation,17,40,150057,0.35,0.15,0.0,128,6
5684,heavy_dissipation_017,heavy_dissipation,17,41,150057,0.35,0.15,0.0,128,6
5685,heavy_dissipation_017,heavy_dissipation,17,42,150057,0.35,0.15,0.0,128,6
5686,heavy_dissipation_017,heavy_dissipation,17,43,150057,0.35,0.15,0.0,128,6
5687,heavy_dissipation_017,heavy_dissipation,17,44,150057,0.35,0.15,0.0,128,6
5688,heavy_dissipation_017,heavy_dissipation,17,45,150057,0.35,0.15,0.0,128,6
5689,heavy_dissipation_017,heavy_dissipation,17,46,150057,0.35,0.15,0.0,128,6
5690,heavy_dissipation_017,heavy_dissipation,17,47,150057,0.35,0.15,0.0,128,6
5691,heavy_dissipation_017,heavy_dissipation,17,48,150057,0.35,0.15,0.0,128,6
5692,heavy_dissipation_017,heavy_dissipation,17,49,150057,0.35,0.15,0.0,128,6
5693,heavy_dissipation_017,heavy_dissipation,17,50,150057,0.35,0.15,0.0,128,6
5694,heavy_dissipation_017,heavy_dissipation,17,51,150057,0.35,0.15,0.0,128,6
5695,heavy_dissipation_017,heavy_dissipation,17,52,150057,0.35,0.15,0.0,128,6
5696,heavy_dissipation_017,heavy_dissipation,17,53,150057,0.35,0.15,0.0,128,6
5697,heavy_dissipation_017,heavy_dissipation,17,54,150057,0.35,0.15,0.0,128,6
5698,heavy_dissipation_017,heavy_dissipation,17,55,150057,0.35,0.15,0.0,128,6
5699,heavy_dissipation_017,heavy_dissipation,17,56,150057,0.35,0.15,0.0,128,6
5700,heavy_dissipation_017,heavy_dissipation,17,57,150057,0.35,0.15,0.0,128,6
5701,heavy_dissipation_017,heavy_dissipation,17,58,150057,0.35,0.15,0.0,128,6
5702,heavy_dissipation_017,heavy_dissipation,17,59,150057,0.35,0.15,0.0,128,6
5703,heavy_dissipation_017,heavy_dissipation,17,60,150057,0.35,0.15,0.0,128,6
5704,heavy_dissipation_017,heavy_dissipation,17,61,150057,0.35,0.15,0.0,128,6
5705,heavy_dissipation_017,heavy_dissipation,17,62,150057,0.35,0.15,0.0,128,6
5706,heavy_dissipation_017,heavy_dissipation,17,63,150057,0.35,0.15,0.0,128,6
5707,heavy_dissipation_017,heavy_dissipation,17,64,150057,0.35,0.15,0.0,128,6
5708,heavy_dissipation_017,heavy_dissipation,17,65,150057,0.35,0.15,0.0,128,6
5709,heavy_dissipation_017,heavy_dissipation,17,66,150057,0.35,0.15,0.0,128,6
5710,heavy_dissipation_017,heavy_dissipation,17,67,150057,0.35,0.15,0.0,128,6
5711,heavy_dissipation_017,heavy_dissipation,17,68,150057,0.35,0.15,0.0,128,6
5712,heavy_dissipation_017,heavy_dissipation,17,69,150057,0.35,0.15,0.0,128,6
5713,heavy_dissipation_017,heavy_dissipation,17,70,150057,0.35,0.15,0.0,128,6
5714,heavy_dissipation_017,heavy_dissipation,17,71,150057,0.35,0.15,0.0,128,6
5715,heavy_dissipation_017,heavy_dissipation,17,72,150057,0.35,0.15,0.0,128,6
5716,heavy_dissipation_017,heavy_dissipation,17,73,150057,0.35,0.15,0.0,128,6
5717,heavy_dissipation_017,heavy_dissipation,17,74,150057,0.35,0.15,0.0,128,6
5718,heavy_dissipation_017,heavy_dissipation,17,75,150057,0.35,0.15,0.0,128,6
5719,heavy_dissipation_017,heavy_dissipation,17,76,150057,0.35,0.15,0.0,128,6
5720,heavy_dissipation_017,heavy_dissipation,17,77,150057,0.35,0.15,0.0,128,6
5721,heavy_dissipation_017,heavy_dissipation,17,78,150057,0.35,0.15,0.0,128,6
5722,heavy_dissipation_017,heavy_dissipation,17,79,150057,0.35,0.15,0.0,128,6
5723,heavy_dissipation_017,heavy_dissipation,17,80,150057,0.35,0.15,0.0,128,6
5724,heavy_dissipation_017,heavy_dissipation,17,81,150057,0.35,0.15,0.0,128,6
5725,heavy_dissipation_017,heavy_dissipation,17,82,150057,0.35,0.15,0.0,128,6
5726,heavy_dissipation_017,heavy_dissipation,17,83,150057,0.35,0.15,0.0,128,6
5727,heavy_dissipation_017,heavy_dissipation,17,84,150057,0.35,0.15,0.0,128,6
5728,heavy_dissipation_017,heavy_dissipation,17,85,150057,0.35,0.15,0.0,128,6
5729,heavy_dissipation_017,heavy_dissipation,17,86,150057,0.35,0.15,0.0,128,6
5730,heavy_dissipation_017,heavy_dissipation,17,87,150057,0.35,0.15,0.0,128,6
5731,heavy_dissipation_017,heavy_dissipation,17,88,150057,0.35,0.15,0.0,128,6
5732,heavy_dissipation_017,heavy_dissipation,17,89,150057,0.35,0.15,0.0,128,6
5733,heavy_dissipation_017,heavy_dissipation,17,90,150057,0.35,0.15,0.0,128,6
5734,heavy_dissipation_017,heavy_dissipation,17,91,150057,0.35,0.15,0.0,128,6
5735,heavy_dissipation_017,heavy_dissipation,17,92,150057,0.35,0.15,0.0,128,6
5736,heavy_dissipation_017,heavy_dissipation,17,93,150057,0.35,0.15,0.0,128,6
5737,heavy_dissipation_017,heavy_dissipation,17,94,150057,0.35,0.15,0.0,128,6
5738,heavy_dissipation_017,heavy_dissipation,17,95,150057,0.35,0.15,0.0,128,6
5739,heavy_dissipation_017,heavy_dissipation,17,96,150057,0.35,0.15,0.0,128,6
5740,heavy_dissipation_017,heavy_dissipation,17,97,150057,0.35,0.15,0.0,128,6
5741,heavy_dissipation_017,heavy_dissipation,17,98,150057,0.35,0.15,0.0,128,6
5742,heavy_dissipation_018,heavy_dissipation,18,0,150058,0.35,0.15,0.0,128,6
5743,heavy_dissipation_018,heavy_dissipation,18,1,150058,0.35,0.15,0.0,128,6
5744,heavy_dissipation_018,heavy_dissipation,18,2,150058,0.35,0.15,0.0,128,6
5745,heavy_dissipation_018,heavy_dissipation,18,3,150058,0.35,0.15,0.0,128,6
5746,heavy_dissipation_018,heavy_dissipation,18,4,150058,0.35,0.15,0.0,128,6
5747,heavy_dissipation_018,heavy_dissipation,18,5,150058,0.35,0.15,0.0,128,6
5748,heavy_dissipation_018,heavy_dissipation,18,6,150058,0.35,0.15,0.0,128,6
5749,heavy_dissipation_018,heavy_dissipation,18,7,150058,0.35,0.15,0.0,128,6
5750,heavy_dissipation_018,heavy_dissipation,18,8,150058,0.35,0.15,0.0,128,6
5751,heavy_dissipation_018,heavy_dissipation,18,9,150058,0.35,0.15,0.0,128,6
5752,heavy_dissipation_018,heavy_dissipation,18,10,150058,0.35,0.15,0.0,128,6
5753,heavy_dissipation_018,heavy_dissipation,18,11,150058,0.35,0.15,0.0,128,6
5754,heavy_dissipation_018,heavy_dissipation,18,12,150058,0.35,0.15,0.0,128,6
5755,heavy_dissipation_018,heavy_dissipation,18,13,150058,0.35,0.15,0.0,128,6
5756,heavy_dissipation_018,heavy_dissipation,18,14,150058,0.35,0.15,0.0,128,6
5757,heavy_dissipation_018,heavy_dissipation,18,15,150058,0.35,0.15,0.0,128,6
5758,heavy_dissipation_018,heavy_dissipation,18,16,150058,0.35,0.15,0.0,128,6
5759,heavy_dissipation_018,heavy_dissipation,18,17,150058,0.35,0.15,0.0,128,6
5760,heavy_dissipation_018,heavy_dissipation,18,18,150058,0.35,0.15,0.0,128,6
5761,heavy_dissipation_018,heavy_dissipation,18,19,150058,0.35,0.15,0.0,128,6
5762,heavy_dissipation_018,heavy_dissipation,18,20,150058,0.35,0.15,0.0,128,6
5763,heavy_dissipation_018,heavy_dissipation,18,21,150058,0.35,0.15,0.0,128,6
5764,heavy_dissipation_018,heavy_dissipation,18,22,150058,0.35,0.15,0.0,128,6
5765,heavy_dissipation_018,heavy_dissipation,18,23,150058,0.35,0.15,0.0,128,6
5766,heavy_dissipation_018,heavy_dissipation,18,24,150058,0.35,0.15,0.0,128,6
5767,heavy_dissipation_018,heavy_dissipation,18,25,150058,0.35,0.15,0.0,128,6
5768,heavy_dissipation_018,heavy_dissipation,18,26,150058,0.35,0.15,0.0,128,6
5769,heavy_dissipation_018,heavy_dissipation,18,27,150058,0.35,0.15,0.0,128,6
5770,heavy_dissipation_018,heavy_dissipation,18,28,150058,0.35,0.15,0.0,128,6
5771,heavy_dissipation_018,heavy_dissipation,18,29,150058,0.35,0.15,0.0,128,6
5772,heavy_dissipation_018,heavy_dissipation,18,30,150058,0.35,0.15,0.0,128,6
5773,heavy_dissipation_018,heavy_dissipation,18,31,150058,0.35,0.15,0.0,128,6
5774,heavy_dissipation_018,heavy_dissipation,18,32,150058,0.35,0.15,0.0,128,6
5775,heavy_dissipation_018,heavy_dissipation,18,33,150058,0.35,0.15,0.0,128,6
5776,heavy_dissipation_018,heavy_dissipation,18,34,150058,0.35,0.15,0.0,128,6
5777,heavy_dissipation_018,heavy_dissipation,18,35,150058,0.35,0.15,0.0,128,6
5778,heavy_dissipation_018,heavy_dissipation,18,36,150058,0.35,0.15,0.0,128,6
5779,heavy_dissipation_018,heavy_dissipation,18,37,150058,0.35,0.15,0.0,128,6
5780,heavy_dissipation_018,heavy_dissipation,18,38,150058,0.35,0.15,0.0,128,6
5781,heavy_dissipation_018,heavy_dissipation,18,39,150058,0.35,0.15,0.0,128,6
5782,heavy_dissipation_018,heavy_dissipation,18,40,150058,0.35,0.15,0.0,128,6
5783,heavy_dissipation_018,heavy_dissipation,18,41,150058,0.35,0.15,0.0,128,6
5784,heavy_dissipation_018,heavy_dissipation,18,42,150058,0.35,0.15,0.0,128,6
5785,heavy_dissipation_018,heavy_dissipation,18,43,150058,0.35,0.15,0.0,128,6
5786,heavy_dissipation_018,heavy_dissipation,18,44,150058,0.35,0.15,0.0,128,6
5787,heavy_dissipation_018,heavy_dissipation,18,45,150058,0.35,0.15,0.0,128,6
5788,heavy_dissipation_018,heavy_dissipation,18,46,150058,0.35,0.15,0.0,128,6
5789,heavy_dissipation_018,heavy_dissipation,18,47,150058,0.35,0.15,0.0,128,6
5790,heavy_dissipation_018,heavy_dissipation,18,48,150058,0.35,0.15,0.0,128,6
5791,heavy_dissipation_018,heavy_dissipation,18,49,150058,0.35,0.15,0.0,128,6
5792,heavy_dissipation_018,heavy_dissipation,18,50,150058,0.35,0.15,0.0,128,6
5793,heavy_dissipation_018,heavy_dissipation,18,51,150058,0.35,0.15,0.0,128,6
5794,heavy_dissipation_018,heavy_dissipation,18,52,150058,0.35,0.15,0.0,128,6
5795,heavy_dissipation_018,heavy_dissipation,18,53,150058,0.35,0.15,0.0,128,6
5796,heavy_dissipation_018,heavy_dissipation,18,54,150058,0.35,0.15,0.0,128,6
5797,heavy_dissipation_018,heavy_dissipation,18,55,150058,0.35,0.15,0.0,128,6
5798,heavy_dissipation_018,heavy_dissipation,18,56,150058,0.35,0.15,0.0,128,6
5799,heavy_dissipation_018,heavy_dissipation,18,57,150058,0.35,0.15,0.0,128,6
5800,heavy_dissipation_018,heavy_dissipation,18,58,150058,0.35,0.15,0.0,128,6
5801,heavy_dissipation_018,heavy_dissipation,18,59,150058,0.35,0.15,0.0,128,6
5802,heavy_dissipation_018,heavy_dissipation,18,60,150058,0.35,0.15,0.0,128,6
5803,heavy_dissipation_018,heavy_dissipation,18,61,150058,0.35,0.15,0.0,128,6
5804,heavy_dissipation_018,heavy_dissipation,18,62,150058,0.35,0.15,0.0,128,6
5805,heavy_dissipation_018,heavy_dissipation,18,63,150058,0.35,0.15,0.0,128,6
5806,heavy_dissipation_018,heavy_dissipation,18,64,150058,0.35,0.15,0.0,128,6
5807,heavy_dissipation_018,heavy_dissipation,18,65,150058,0.35,0.15,0.0,128,6
5808,heavy_dissipation_018,heavy_dissipation,18,66,150058,0.35,0.15,0.0,128,6
5809,heavy_dissipation_018,heavy_dissipation,18,67,150058,0.35,0.15,0.0,128,6
5810,heavy_dissipation_018,heavy_dissipation,18,68,150058,0.35,0.15,0.0,128,6
5811,heavy_dissipation_018,heavy_dissipation,18,69,150058,0.35,0.15,0.0,128,6
5812,heavy_dissipation_018,heavy_dissipation,18,70,150058,0.35,0.15,0.0,128,6
5813,heavy_dissipation_018,heavy_dissipation,18,71,150058,0.35,0.15,0.0,128,6
5814,heavy_dissipation_018,heavy_dissipation,18,72,150058,0.35,0.15,0.0,128,6
5815,heavy_dissipation_018,heavy_dissipation,18,73,150058,0.35,0.15,0.0,128,6
5816,heavy_dissipation_018,heavy_dissipation,18,74,150058,0.35,0.15,0.0,128,6
5817,heavy_dissipation_018,heavy_dissipation,18,75,150058,0.35,0.15,0.0,128,6
5818,heavy_dissipation_018,heavy_dissipation,18,76,150058,0.35,0.15,0.0,128,6
5819,heavy_dissipation_018,heavy_dissipation,18,77,150058,0.35,0.15,0.0,128,6
5820,heavy_dissipation_018,heavy_dissipation,18,78,150058,0.35,0.15,0.0,128,6
5821,heavy_dissipation_018,heavy_dissipation,18,79,150058,0.35,0.15,0.0,128,6
5822,heavy_dissipation_018,heavy_dissipation,18,80,150058,0.35,0.15,0.0,128,6
5823,heavy_dissipation_018,heavy_dissipation,18,81,150058,0.35,0.15,0.0,128,6
5824,heavy_dissipation_018,heavy_dissipation,18,82,150058,0.35,0.15,0.0,128,6
5825,heavy_dissipation_018,heavy_dissipation,18,83,150058,0.35,0.15,0.0,128,6
5826,heavy_dissipation_018,heavy_dissipation,18,84,150058,0.35,0.15,0.0,128,6
5827,heavy_dissipation_018,heavy_dissipation,18,85,150058,0.35,0.15,0.0,128,6
5828,heavy_dissipation_018,heavy_dissipation,18,86,150058,0.35,0.15,0.0,128,6
5829,heavy_dissipation_018,heavy_dissipation,18,87,150058,0.35,0.15,0.0,128,6
5830,heavy_dissipation_018,heavy_dissipation,18,88,150058,0.35,0.15,0.0,128,6
5831,heavy_dissipation_018,heavy_dissipation,18,89,150058,0.35,0.15,0.0,128,6
5832,heavy_dissipation_018,heavy_dissipation,18,90,150058,0.35,0.15,0.0,128,6
5833,heavy_dissipation_018,heavy_dissipation,18,91,150058,0.35,0.15,0.0,128,6
5834,heavy_dissipation_018,heavy_dissipation,18,92,150058,0.35,0.15,0.0,128,6
5835,heavy_dissipation_018,heavy_dissipation,18,93,150058,0.35,0.15,0.0,128,6
5836,heavy_dissipation_018,heavy_dissipation,18,94,150058,0.35,0.15,0.0,128,6
5837,heavy_dissipation_018,heavy_dissipation,18,95,150058,0.35,0.15,0.0,128,6
5838,heavy_dissipation_018,heavy_dissipation,18,96,150058,0.35,0.15,0.0,128,6
5839,heavy_dissipation_018,heavy_dissipation,18,97,150058,0.35,0.15,0.0,128,6
5840,heavy_dissipation_018,heavy_dissipation,18,98,150058,0.35,0.15,0.0,128,6
5841,heavy_dissipation_019,heavy_dissipation,19,0,150059,0.35,0.15,0.0,128,6
5842,heavy_dissipation_019,heavy_dissipation,19,1,150059,0.35,0.15,0.0,128,6
5843,heavy_dissipation_019,heavy_dissipation,19,2,150059,0.35,0.15,0.0,128,6
5844,heavy_dissipation_019,heavy_dissipation,19,3,150059,0.35,0.15,0.0,128,6
5845,heavy_dissipation_019,heavy_dissipation,19,4,150059,0.35,0.15,0.0,128,6
5846,heavy_dissipation_019,heavy_dissipation,19,5,150059,0.35,0.15,0.0,128,6
5847,heavy_dissipation_019,heavy_dissipation,19,6,150059,0.35,0.15,0.0,128,6
5848,heavy_dissipation_019,heavy_dissipation,19,7,150059,0.35,0.15,0.0,128,6
5849,heavy_dissipation_019,heavy_dissipation,19,8,150059,0.35,0.15,0.0,128,6
5850,heavy_dissipation_019,heavy_dissipation,19,9,150059,0.35,0.15,0.0,128,6
5851,heavy_dissipation_019,heavy_dissipation,19,10,150059,0.35,0.15,0.0,128,6
5852,heavy_dissipation_019,heavy_dissipation,19,11,150059,0.35,0.15,0.0,128,6
5853,heavy_dissipation_019,heavy_dissipation,19,12,150059,0.35,0.15,0.0,128,6
5854,heavy_dissipation_019,heavy_dissipation,19,13,150059,0.35,0.15,0.0,128,6
5855,heavy_dissipation_019,heavy_dissipation,19,14,150059,0.35,0.15,0.0,128,6
5856,heavy_dissipation_019,heavy_dissipation,19,15,150059,0.35,0.15,0.0,128,6
5857,heavy_dissipation_019,heavy_dissipation,19,16,150059,0.35,0.15,0.0,128,6
5858,heavy_dissipation_019,heavy_dissipation,19,17,150059,0.35,0.15,0.0,128,6
5859,heavy_dissipation_019,heavy_dissipation,19,18,150059,0.35,0.15,0.0,128,6
5860,heavy_dissipation_019,heavy_dissipation,19,19,150059,0.35,0.15,0.0,128,6
5861,heavy_dissipation_019,heavy_dissipation,19,20,150059,0.35,0.15,0.0,128,6
5862,heavy_dissipation_019,heavy_dissipation,19,21,150059,0.35,0.15,0.0,128,6
5863,heavy_dissipation_019,heavy_dissipation,19,22,150059,0.35,0.15,0.0,128,6
5864,heavy_dissipation_019,heavy_dissipation,19,23,150059,0.35,0.15,0.0,128,6
5865,heavy_dissipation_019,heavy_dissipation,19,24,150059,0.35,0.15,0.0,128,6
5866,heavy_dissipation_019,heavy_dissipation,19,25,150059,0.35,0.15,0.0,128,6
5867,heavy_dissipation_019,heavy_dissipation,19,26,150059,0.35,0.15,0.0,128,6
5868,heavy_dissipation_019,heavy_dissipation,19,27,150059,0.35,0.15,0.0,128,6
5869,heavy_dissipation_019,heavy_dissipation,19,28,150059,0.35,0.15,0.0,128,6
5870,heavy_dissipation_019,heavy_dissipation,19,29,150059,0.35,0.15,0.0,128,6
5871,heavy_dissipation_019,heavy_dissipation,19,30,150059,0.35,0.15,0.0,128,6
5872,heavy_dissipation_019,heavy_dissipation,19,31,150059,0.35,0.15,0.0,128,6
5873,heavy_dissipation_019,heavy_dissipation,19,32,150059,0.35,0.15,0.0,128,6
5874,heavy_dissipation_019,heavy_dissipation,19,33,150059,0.35,0.15,0.0,128,6
5875,heavy_dissipation_019,heavy_dissipation,19,34,150059,0.35,0.15,0.0,128,6
5876,heavy_dissipation_019,heavy_dissipation,19,35,150059,0.35,0.15,0.0,128,6
5877,heavy_dissipation_019,heavy_dissipation,19,36,150059,0.35,0.15,0.0,128,6
5878,heavy_dissipation_019,heavy_dissipation,19,37,150059,0.35,0.15,0.0,128,6
5879,heavy_dissipation_019,heavy_dissipation,19,38,150059,0.35,0.15,0.0,128,6
5880,heavy_dissipation_019,heavy_dissipation,19,39,150059,0.35,0.15,0.0,128,6
5881,heavy_dissipation_019,heavy_dissipation,19,40,150059,0.35,0.15,0.0,128,6
5882,heavy_dissipation_019,heavy_dissipation,19,41,150059,0.35,0.15,0.0,128,6
5883,heavy_dissipation_019,heavy_dissipation,19,42,150059,0.35,0.15,0.0,128,6
5884,heavy_dissipation_019,heavy_dissipation,19,43,150059,0.35,0.15,0.0,128,6
5885,heavy_dissipation_019,heavy_dissipation,19,44,150059,0.35,0.15,0.0,128,6
5886,heavy_dissipation_019,heavy_dissipation,19,45,150059,0.35,0.15,0.0,128,6
5887,heavy_dissipation_019,heavy_dissipation,19,46,150059,0.35,0.15,0.0,128,6
5888,heavy_dissipation_019,heavy_dissipation,19,47,150059,0.35,0.15,0.0,128,6
5889,heavy_dissipation_019,heavy_dissipation,19,48,150059,0.35,0.15,0.0,128,6
5890,heavy_dissipation_019,heavy_dissipation,19,49,150059,0.35,0.15,0.0,128,6
5891,heavy_dissipation_019,heavy_dissipation,19,50,150059,0.35,0.15,0.0,128,6
5892,heavy_dissipation_019,heavy_dissipation,19,51,150059,0.35,0.15,0.0,128,6
5893,heavy_dissipation_019,heavy_dissipation,19,52,150059,0.35,0.15,0.0,128,6
5894,heavy_dissipation_019,heavy_dissipation,19,53,150059,0.35,0.15,0.0,128,6
5895,heavy_dissipation_019,heavy_dissipation,19,54,150059,0.35,0.15,0.0,128,6
5896,heavy_dissipation_019,heavy_dissipation,19,55,150059,0.35,0.15,0.0,128,6
5897,heavy_dissipation_019,heavy_dissipation,19,56,150059,0.35,0.15,0.0,128,6
5898,heavy_dissipation_019,heavy_dissipation,19,57,150059,0.35,0.15,0.0,128,6
5899,heavy_dissipation_019,heavy_dissipation,19,58,150059,0.35,0.15,0.0,128,6
5900,heavy_dissipation_019,heavy_dissipation,19,59,150059,0.35,0.15,0.0,128,6
5901,heavy_dissipation_019,heavy_dissipation,19,60,150059,0.35,0.15,0.0,128,6
5902,heavy_dissipation_019,heavy_dissipation,19,61,150059,0.35,0.15,0.0,128,6
5903,heavy_dissipation_019,heavy_dissipation,19,62,150059,0.35,0.15,0.0,128,6
5904,heavy_dissipation_019,heavy_dissipation,19,63,150059,0.35,0.15,0.0,128,6
5905,heavy_dissipation_019,heavy_dissipation,19,64,150059,0.35,0.15,0.0,128,6
5906,heavy_dissipation_019,heavy_dissipation,19,65,150059,0.35,0.15,0.0,128,6
5907,heavy_dissipation_019,heavy_dissipation,19,66,150059,0.35,0.15,0.0,128,6
5908,heavy_dissipation_019,heavy_dissipation,19,67,150059,0.35,0.15,0.0,128,6
5909,heavy_dissipation_019,heavy_dissipation,19,68,150059,0.35,0.15,0.0,128,6
5910,heavy_dissipation_019,heavy_dissipation,19,69,150059,0.35,0.15,0.0,128,6
5911,heavy_dissipation_019,heavy_dissipation,19,70,150059,0.35,0.15,0.0,128,6
5912,heavy_dissipation_019,heavy_dissipation,19,71,150059,0.35,0.15,0.0,128,6
5913,heavy_dissipation_019,heavy_dissipation,19,72,150059,0.35,0.15,0.0,128,6
5914,heavy_dissipation_019,heavy_dissipation,19,73,150059,0.35,0.15,0.0,128,6
5915,heavy_dissipation_019,heavy_dissipation,19,74,150059,0.35,0.15,0.0,128,6
5916,heavy_dissipation_019,heavy_dissipation,19,75,150059,0.35,0.15,0.0,128,6
5917,heavy_dissipation_019,heavy_dissipation,19,76,150059,0.35,0.15,0.0,128,6
5918,heavy_dissipation_019,heavy_dissipation,19,77,150059,0.35,0.15,0.0,128,6
5919,heavy_dissipation_019,heavy_dissipation,19,78,150059,0.35,0.15,0.0,128,6
5920,heavy_dissipation_019,heavy_dissipation,19,79,150059,0.35,0.15,0.0,128,6
5921,heavy_dissipation_019,heavy_dissipation,19,80,150059,0.35,0.15,0.0,128,6
5922,heavy_dissipation_019,heavy_dissipation,19,81,150059,0.35,0.15,0.0,128,6
5923,heavy_dissipation_019,heavy_dissipation,19,82,150059,0.35,0.15,0.0,128,6
5924,heavy_dissipation_019,heavy_dissipation,19,83,150059,0.35,0.15,0.0,128,6
5925,heavy_dissipation_019,heavy_dissipation,19,84,150059,0.35,0.15,0.0,128,6
5926,heavy_dissipation_019,heavy_dissipation,19,85,150059,0.35,0.15,0.0,128,6
5927,heavy_dissipation_019,heavy_dissipation,19,86,150059,0.35,0.15,0.0,128,6
5928,heavy_dissipation_019,heavy_dissipation,19,87,150059,0.35,0.15,0.0,128,6
5929,heavy_dissipation_019,heavy_dissipation,19,88,150059,0.35,0.15,0.0,128,6
5930,heavy_dissipation_019,heavy_dissipation,19,89,150059,0.35,0.15,0.0,128,6
5931,heavy_dissipation_019,heavy_dissipation,19,90,150059,0.35,0.15,0.0,128,6
5932,heavy_dissipation_019,heavy_dissipation,19,91,150059,0.35,0.15,0.0,128,6
5933,heavy_dissipation_019,heavy_dissipation,19,92,150059,0.35,0.15,0.0,128,6
5934,heavy_dissipation_019,heavy_dissipation,19,93,150059,0.35,0.15,0.0,128,6
5935,heavy_dissipation_019,heavy_dissipation,19,94,150059,0.35,0.15,0.0,128,6
5936,heavy_dissipation_019,heavy_dissipation,19,95,150059,0.35,0.15,0.0,128,6
5937,heavy_dissipation_019,heavy_dissipation,19,96,150059,0.35,0.15,0.0,128,6
5938,heavy_dissipation_019,heavy_dissipation,19,97,150059,0.35,0.15,0.0,128,6
5939,heavy_dissipation_019,heavy_dissipation,19,98,150059,0.35,0.15,0.0,128,6
5940,collapse_000,collapse,0,0,150060,0.5,0.65,0.0,128,6
5941,collapse_000,collapse,0,1,150060,0.5,0.65,0.0,128,6
5942,collapse_000,collapse,0,2,150060,0.5,0.65,0.0,128,6
5943,collapse_000,collapse,0,3,150060,0.5,0.65,0.0,128,6
5944,collapse_000,collapse,0,4,150060,0.5,0.65,0.0,128,6
5945,collapse_000,collapse,0,5,150060,0.5,0.65,0.0,128,6
5946,collapse_000,collapse,0,6,150060,0.5,0.65,0.0,128,6
5947,collapse_000,collapse,0,7,150060,0.5,0.65,0.0,128,6
5948,collapse_000,collapse,0,8,150060,0.5,0.65,0.0,128,6
5949,collapse_000,collapse,0,9,150060,0.5,0.65,0.0,128,6
5950,collapse_000,collapse,0,10,150060,0.5,0.65,0.0,128,6
5951,collapse_000,collapse,0,11,150060,0.5,0.65,0.0,128,6
5952,collapse_000,collapse,0,12,150060,0.5,0.65,0.0,128,6
5953,collapse_000,collapse,0,13,150060,0.5,0.65,0.0,128,6
5954,collapse_000,collapse,0,14,150060,0.5,0.65,0.0,128,6
5955,collapse_000,collapse,0,15,150060,0.5,0.65,0.0,128,6
5956,collapse_000,collapse,0,16,150060,0.5,0.65,0.0,128,6
5957,collapse_000,collapse,0,17,150060,0.5,0.65,0.0,128,6
5958,collapse_000,collapse,0,18,150060,0.5,0.65,0.0,128,6
5959,collapse_000,collapse,0,19,150060,0.5,0.65,0.0,128,6
5960,collapse_000,collapse,0,20,150060,0.5,0.65,0.0,128,6
5961,collapse_000,collapse,0,21,150060,0.5,0.65,0.0,128,6
5962,collapse_000,collapse,0,22,150060,0.5,0.65,0.0,128,6
5963,collapse_000,collapse,0,23,150060,0.5,0.65,0.0,128,6
5964,collapse_000,collapse,0,24,150060,0.5,0.65,0.0,128,6
5965,collapse_000,collapse,0,25,150060,0.5,0.65,0.0,128,6
5966,collapse_000,collapse,0,26,150060,0.5,0.65,0.0,128,6
5967,collapse_000,collapse,0,27,150060,0.5,0.65,0.0,128,6
5968,collapse_000,collapse,0,28,150060,0.5,0.65,0.0,128,6
5969,collapse_000,collapse,0,29,150060,0.5,0.65,0.0,128,6
5970,collapse_000,collapse,0,30,150060,0.5,0.65,0.0,128,6
5971,collapse_000,collapse,0,31,150060,0.5,0.65,0.0,128,6
5972,collapse_000,collapse,0,32,150060,0.5,0.65,0.0,128,6
5973,collapse_000,collapse,0,33,150060,0.5,0.65,0.0,128,6
5974,collapse_000,collapse,0,34,150060,0.5,0.65,0.0,128,6
5975,collapse_000,collapse,0,35,150060,0.5,0.65,0.0,128,6
5976,collapse_000,collapse,0,36,150060,0.5,0.65,0.0,128,6
5977,collapse_000,collapse,0,37,150060,0.5,0.65,0.0,128,6
5978,collapse_000,collapse,0,38,150060,0.5,0.65,0.0,128,6
5979,collapse_000,collapse,0,39,150060,0.5,0.65,0.0,128,6
5980,collapse_000,collapse,0,40,150060,0.5,0.65,0.0,128,6
5981,collapse_000,collapse,0,41,150060,0.5,0.65,0.0,128,6
5982,collapse_000,collapse,0,42,150060,0.5,0.65,0.0,128,6
5983,collapse_000,collapse,0,43,150060,0.5,0.65,0.0,128,6
5984,collapse_000,collapse,0,44,150060,0.5,0.65,0.0,128,6
5985,collapse_000,collapse,0,45,150060,0.5,0.65,0.0,128,6
5986,collapse_000,collapse,0,46,150060,0.5,0.65,0.0,128,6
5987,collapse_000,collapse,0,47,150060,0.5,0.65,0.0,128,6
5988,collapse_000,collapse,0,48,150060,0.5,0.65,0.0,128,6
5989,collapse_000,collapse,0,49,150060,0.5,0.65,0.0,128,6
5990,collapse_000,collapse,0,50,150060,0.5,0.65,0.0,128,6
5991,collapse_000,collapse,0,51,150060,0.5,0.65,0.0,128,6
5992,collapse_000,collapse,0,52,150060,0.5,0.65,0.0,128,6
5993,collapse_000,collapse,0,53,150060,0.5,0.65,0.0,128,6
5994,collapse_000,collapse,0,54,150060,0.5,0.65,0.0,128,6
5995,collapse_000,collapse,0,55,150060,0.5,0.65,0.0,128,6
5996,collapse_000,collapse,0,56,150060,0.5,0.65,0.0,128,6
5997,collapse_000,collapse,0,57,150060,0.5,0.65,0.0,128,6
5998,collapse_000,collapse,0,58,150060,0.5,0.65,0.0,128,6
5999,collapse_000,collapse,0,59,150060,0.5,0.65,0.0,128,6
6000,collapse_000,collapse,0,60,150060,0.5,0.65,0.0,128,6
6001,collapse_000,collapse,0,61,150060,0.5,0.65,0.0,128,6
6002,collapse_000,collapse,0,62,150060,0.5,0.65,0.0,128,6
6003,collapse_000,collapse,0,63,150060,0.5,0.65,0.0,128,6
6004,collapse_000,collapse,0,64,150060,0.5,0.65,0.0,128,6
6005,collapse_000,collapse,0,65,150060,0.5,0.65,0.0,128,6
6006,collapse_000,collapse,0,66,150060,0.5,0.65,0.0,128,6
6007,collapse_000,collapse,0,67,150060,0.5,0.65,0.0,128,6
6008,collapse_000,collapse,0,68,150060,0.5,0.65,0.0,128,6
6009,collapse_000,collapse,0,69,150060,0.5,0.65,0.0,128,6
6010,collapse_000,collapse,0,70,150060,0.5,0.65,0.0,128,6
6011,collapse_000,collapse,0,71,150060,0.5,0.65,0.0,128,6
6012,collapse_000,collapse,0,72,150060,0.5,0.65,0.0,128,6
6013,collapse_000,collapse,0,73,150060,0.5,0.65,0.0,128,6
6014,collapse_000,collapse,0,74,150060,0.5,0.65,0.0,128,6
6015,collapse_000,collapse,0,75,150060,0.5,0.65,0.0,128,6
6016,collapse_000,collapse,0,76,150060,0.5,0.65,0.0,128,6
6017,collapse_000,collapse,0,77,150060,0.5,0.65,0.0,128,6
6018,collapse_000,collapse,0,78,150060,0.5,0.65,0.0,128,6
6019,collapse_000,collapse,0,79,150060,0.5,0.65,0.0,128,6
6020,collapse_000,collapse,0,80,150060,0.5,0.65,0.0,128,6
6021,collapse_000,collapse,0,81,150060,0.5,0.65,0.0,128,6
6022,collapse_000,collapse,0,82,150060,0.5,0.65,0.0,128,6
6023,collapse_000,collapse,0,83,150060,0.5,0.65,0.0,128,6
6024,collapse_000,collapse,0,84,150060,0.5,0.65,0.0,128,6
6025,collapse_000,collapse,0,85,150060,0.5,0.65,0.0,128,6
6026,collapse_000,collapse,0,86,150060,0.5,0.65,0.0,128,6
6027,collapse_000,collapse,0,87,150060,0.5,0.65,0.0,128,6
6028,collapse_000,collapse,0,88,150060,0.5,0.65,0.0,128,6
6029,collapse_000,collapse,0,89,150060,0.5,0.65,0.0,128,6
6030,collapse_000,collapse,0,90,150060,0.5,0.65,0.0,128,6
6031,collapse_000,collapse,0,91,150060,0.5,0.65,0.0,128,6
6032,collapse_000,collapse,0,92,150060,0.5,0.65,0.0,128,6
6033,collapse_000,collapse,0,93,150060,0.5,0.65,0.0,128,6
6034,collapse_000,collapse,0,94,150060,0.5,0.65,0.0,128,6
6035,collapse_000,collapse,0,95,150060,0.5,0.65,0.0,128,6
6036,collapse_000,collapse,0,96,150060,0.5,0.65,0.0,128,6
6037,collapse_000,collapse,0,97,150060,0.5,0.65,0.0,128,6
6038,collapse_000,collapse,0,98,150060,0.5,0.65,0.0,128,6
6039,collapse_001,collapse,1,0,150061,0.5,0.65,0.0,128,6
6040,collapse_001,collapse,1,1,150061,0.5,0.65,0.0,128,6
6041,collapse_001,collapse,1,2,150061,0.5,0.65,0.0,128,6
6042,collapse_001,collapse,1,3,150061,0.5,0.65,0.0,128,6
6043,collapse_001,collapse,1,4,150061,0.5,0.65,0.0,128,6
6044,collapse_001,collapse,1,5,150061,0.5,0.65,0.0,128,6
6045,collapse_001,collapse,1,6,150061,0.5,0.65,0.0,128,6
6046,collapse_001,collapse,1,7,150061,0.5,0.65,0.0,128,6
6047,collapse_001,collapse,1,8,150061,0.5,0.65,0.0,128,6
6048,collapse_001,collapse,1,9,150061,0.5,0.65,0.0,128,6
6049,collapse_001,collapse,1,10,150061,0.5,0.65,0.0,128,6
6050,collapse_001,collapse,1,11,150061,0.5,0.65,0.0,128,6
6051,collapse_001,collapse,1,12,150061,0.5,0.65,0.0,128,6
6052,collapse_001,collapse,1,13,150061,0.5,0.65,0.0,128,6
6053,collapse_001,collapse,1,14,150061,0.5,0.65,0.0,128,6
6054,collapse_001,collapse,1,15,150061,0.5,0.65,0.0,128,6
6055,collapse_001,collapse,1,16,150061,0.5,0.65,0.0,128,6
6056,collapse_001,collapse,1,17,150061,0.5,0.65,0.0,128,6
6057,collapse_001,collapse,1,18,150061,0.5,0.65,0.0,128,6
6058,collapse_001,collapse,1,19,150061,0.5,0.65,0.0,128,6
6059,collapse_001,collapse,1,20,150061,0.5,0.65,0.0,128,6
6060,collapse_001,collapse,1,21,150061,0.5,0.65,0.0,128,6
6061,collapse_001,collapse,1,22,150061,0.5,0.65,0.0,128,6
6062,collapse_001,collapse,1,23,150061,0.5,0.65,0.0,128,6
6063,collapse_001,collapse,1,24,150061,0.5,0.65,0.0,128,6
6064,collapse_001,collapse,1,25,150061,0.5,0.65,0.0,128,6
6065,collapse_001,collapse,1,26,150061,0.5,0.65,0.0,128,6
6066,collapse_001,collapse,1,27,150061,0.5,0.65,0.0,128,6
6067,collapse_001,collapse,1,28,150061,0.5,0.65,0.0,128,6
6068,collapse_001,collapse,1,29,150061,0.5,0.65,0.0,128,6
6069,collapse_001,collapse,1,30,150061,0.5,0.65,0.0,128,6
6070,collapse_001,collapse,1,31,150061,0.5,0.65,0.0,128,6
6071,collapse_001,collapse,1,32,150061,0.5,0.65,0.0,128,6
6072,collapse_001,collapse,1,33,150061,0.5,0.65,0.0,128,6
6073,collapse_001,collapse,1,34,150061,0.5,0.65,0.0,128,6
6074,collapse_001,collapse,1,35,150061,0.5,0.65,0.0,128,6
6075,collapse_001,collapse,1,36,150061,0.5,0.65,0.0,128,6
6076,collapse_001,collapse,1,37,150061,0.5,0.65,0.0,128,6
6077,collapse_001,collapse,1,38,150061,0.5,0.65,0.0,128,6
6078,collapse_001,collapse,1,39,150061,0.5,0.65,0.0,128,6
6079,collapse_001,collapse,1,40,150061,0.5,0.65,0.0,128,6
6080,collapse_001,collapse,1,41,150061,0.5,0.65,0.0,128,6
6081,collapse_001,collapse,1,42,150061,0.5,0.65,0.0,128,6
6082,collapse_001,collapse,1,43,150061,0.5,0.65,0.0,128,6
6083,collapse_001,collapse,1,44,150061,0.5,0.65,0.0,128,6
6084,collapse_001,collapse,1,45,150061,0.5,0.65,0.0,128,6
6085,collapse_001,collapse,1,46,150061,0.5,0.65,0.0,128,6
6086,collapse_001,collapse,1,47,150061,0.5,0.65,0.0,128,6
6087,collapse_001,collapse,1,48,150061,0.5,0.65,0.0,128,6
6088,collapse_001,collapse,1,49,150061,0.5,0.65,0.0,128,6
6089,collapse_001,collapse,1,50,150061,0.5,0.65,0.0,128,6
6090,collapse_001,collapse,1,51,150061,0.5,0.65,0.0,128,6
6091,collapse_001,collapse,1,52,150061,0.5,0.65,0.0,128,6
6092,collapse_001,collapse,1,53,150061,0.5,0.65,0.0,128,6
6093,collapse_001,collapse,1,54,150061,0.5,0.65,0.0,128,6
6094,collapse_001,collapse,1,55,150061,0.5,0.65,0.0,128,6
6095,collapse_001,collapse,1,56,150061,0.5,0.65,0.0,128,6
6096,collapse_001,collapse,1,57,150061,0.5,0.65,0.0,128,6
6097,collapse_001,collapse,1,58,150061,0.5,0.65,0.0,128,6
6098,collapse_001,collapse,1,59,150061,0.5,0.65,0.0,128,6
6099,collapse_001,collapse,1,60,150061,0.5,0.65,0.0,128,6
6100,collapse_001,collapse,1,61,150061,0.5,0.65,0.0,128,6
6101,collapse_001,collapse,1,62,150061,0.5,0.65,0.0,128,6
6102,collapse_001,collapse,1,63,150061,0.5,0.65,0.0,128,6
6103,collapse_001,collapse,1,64,150061,0.5,0.65,0.0,128,6
6104,collapse_001,collapse,1,65,150061,0.5,0.65,0.0,128,6
6105,collapse_001,collapse,1,66,150061,0.5,0.65,0.0,128,6
6106,collapse_001,collapse,1,67,150061,0.5,0.65,0.0,128,6
6107,collapse_001,collapse,1,68,150061,0.5,0.65,0.0,128,6
6108,collapse_001,collapse,1,69,150061,0.5,0.65,0.0,128,6
6109,collapse_001,collapse,1,70,150061,0.5,0.65,0.0,128,6
6110,collapse_001,collapse,1,71,150061,0.5,0.65,0.0,128,6
6111,collapse_001,collapse,1,72,150061,0.5,0.65,0.0,128,6
6112,collapse_001,collapse,1,73,150061,0.5,0.65,0.0,128,6
6113,collapse_001,collapse,1,74,150061,0.5,0.65,0.0,128,6
6114,collapse_001,collapse,1,75,150061,0.5,0.65,0.0,128,6
6115,collapse_001,collapse,1,76,150061,0.5,0.65,0.0,128,6
6116,collapse_001,collapse,1,77,150061,0.5,0.65,0.0,128,6
6117,collapse_001,collapse,1,78,150061,0.5,0.65,0.0,128,6
6118,collapse_001,collapse,1,79,150061,0.5,0.65,0.0,128,6
6119,collapse_001,collapse,1,80,150061,0.5,0.65,0.0,128,6
6120,collapse_001,collapse,1,81,150061,0.5,0.65,0.0,128,6
6121,collapse_001,collapse,1,82,150061,0.5,0.65,0.0,128,6
6122,collapse_001,collapse,1,83,150061,0.5,0.65,0.0,128,6
6123,collapse_001,collapse,1,84,150061,0.5,0.65,0.0,128,6
6124,collapse_001,collapse,1,85,150061,0.5,0.65,0.0,128,6
6125,collapse_001,collapse,1,86,150061,0.5,0.65,0.0,128,6
6126,collapse_001,collapse,1,87,150061,0.5,0.65,0.0,128,6
6127,collapse_001,collapse,1,88,150061,0.5,0.65,0.0,128,6
6128,collapse_001,collapse,1,89,150061,0.5,0.65,0.0,128,6
6129,collapse_001,collapse,1,90,150061,0.5,0.65,0.0,128,6
6130,collapse_001,collapse,1,91,150061,0.5,0.65,0.0,128,6
6131,collapse_001,collapse,1,92,150061,0.5,0.65,0.0,128,6
6132,collapse_001,collapse,1,93,150061,0.5,0.65,0.0,128,6
6133,collapse_001,collapse,1,94,150061,0.5,0.65,0.0,128,6
6134,collapse_001,collapse,1,95,150061,0.5,0.65,0.0,128,6
6135,collapse_001,collapse,1,96,150061,0.5,0.65,0.0,128,6
6136,collapse_001,collapse,1,97,150061,0.5,0.65,0.0,128,6
6137,collapse_001,collapse,1,98,150061,0.5,0.65,0.0,128,6
6138,collapse_002,collapse,2,0,150062,0.5,0.65,0.0,128,6
6139,collapse_002,collapse,2,1,150062,0.5,0.65,0.0,128,6
6140,collapse_002,collapse,2,2,150062,0.5,0.65,0.0,128,6
6141,collapse_002,collapse,2,3,150062,0.5,0.65,0.0,128,6
6142,collapse_002,collapse,2,4,150062,0.5,0.65,0.0,128,6
6143,collapse_002,collapse,2,5,150062,0.5,0.65,0.0,128,6
6144,collapse_002,collapse,2,6,150062,0.5,0.65,0.0,128,6
6145,collapse_002,collapse,2,7,150062,0.5,0.65,0.0,128,6
6146,collapse_002,collapse,2,8,150062,0.5,0.65,0.0,128,6
6147,collapse_002,collapse,2,9,150062,0.5,0.65,0.0,128,6
6148,collapse_002,collapse,2,10,150062,0.5,0.65,0.0,128,6
6149,collapse_002,collapse,2,11,150062,0.5,0.65,0.0,128,6
6150,collapse_002,collapse,2,12,150062,0.5,0.65,0.0,128,6
6151,collapse_002,collapse,2,13,150062,0.5,0.65,0.0,128,6
6152,collapse_002,collapse,2,14,150062,0.5,0.65,0.0,128,6
6153,collapse_002,collapse,2,15,150062,0.5,0.65,0.0,128,6
6154,collapse_002,collapse,2,16,150062,0.5,0.65,0.0,128,6
6155,collapse_002,collapse,2,17,150062,0.5,0.65,0.0,128,6
6156,collapse_002,collapse,2,18,150062,0.5,0.65,0.0,128,6
6157,collapse_002,collapse,2,19,150062,0.5,0.65,0.0,128,6
6158,collapse_002,collapse,2,20,150062,0.5,0.65,0.0,128,6
6159,collapse_002,collapse,2,21,150062,0.5,0.65,0.0,128,6
6160,collapse_002,collapse,2,22,150062,0.5,0.65,0.0,128,6
6161,collapse_002,collapse,2,23,150062,0.5,0.65,0.0,128,6
6162,collapse_002,collapse,2,24,150062,0.5,0.65,0.0,128,6
6163,collapse_002,collapse,2,25,150062,0.5,0.65,0.0,128,6
6164,collapse_002,collapse,2,26,150062,0.5,0.65,0.0,128,6
6165,collapse_002,collapse,2,27,150062,0.5,0.65,0.0,128,6
6166,collapse_002,collapse,2,28,150062,0.5,0.65,0.0,128,6
6167,collapse_002,collapse,2,29,150062,0.5,0.65,0.0,128,6
6168,collapse_002,collapse,2,30,150062,0.5,0.65,0.0,128,6
6169,collapse_002,collapse,2,31,150062,0.5,0.65,0.0,128,6
6170,collapse_002,collapse,2,32,150062,0.5,0.65,0.0,128,6
6171,collapse_002,collapse,2,33,150062,0.5,0.65,0.0,128,6
6172,collapse_002,collapse,2,34,150062,0.5,0.65,0.0,128,6
6173,collapse_002,collapse,2,35,150062,0.5,0.65,0.0,128,6
6174,collapse_002,collapse,2,36,150062,0.5,0.65,0.0,128,6
6175,collapse_002,collapse,2,37,150062,0.5,0.65,0.0,128,6
6176,collapse_002,collapse,2,38,150062,0.5,0.65,0.0,128,6
6177,collapse_002,collapse,2,39,150062,0.5,0.65,0.0,128,6
6178,collapse_002,collapse,2,40,150062,0.5,0.65,0.0,128,6
6179,collapse_002,collapse,2,41,150062,0.5,0.65,0.0,128,6
6180,collapse_002,collapse,2,42,150062,0.5,0.65,0.0,128,6
6181,collapse_002,collapse,2,43,150062,0.5,0.65,0.0,128,6
6182,collapse_002,collapse,2,44,150062,0.5,0.65,0.0,128,6
6183,collapse_002,collapse,2,45,150062,0.5,0.65,0.0,128,6
6184,collapse_002,collapse,2,46,150062,0.5,0.65,0.0,128,6
6185,collapse_002,collapse,2,47,150062,0.5,0.65,0.0,128,6
6186,collapse_002,collapse,2,48,150062,0.5,0.65,0.0,128,6
6187,collapse_002,collapse,2,49,150062,0.5,0.65,0.0,128,6
6188,collapse_002,collapse,2,50,150062,0.5,0.65,0.0,128,6
6189,collapse_002,collapse,2,51,150062,0.5,0.65,0.0,128,6
6190,collapse_002,collapse,2,52,150062,0.5,0.65,0.0,128,6
6191,collapse_002,collapse,2,53,150062,0.5,0.65,0.0,128,6
6192,collapse_002,collapse,2,54,150062,0.5,0.65,0.0,128,6
6193,collapse_002,collapse,2,55,150062,0.5,0.65,0.0,128,6
6194,collapse_002,collapse,2,56,150062,0.5,0.65,0.0,128,6
6195,collapse_002,collapse,2,57,150062,0.5,0.65,0.0,128,6
6196,collapse_002,collapse,2,58,150062,0.5,0.65,0.0,128,6
6197,collapse_002,collapse,2,59,150062,0.5,0.65,0.0,128,6
6198,collapse_002,collapse,2,60,150062,0.5,0.65,0.0,128,6
6199,collapse_002,collapse,2,61,150062,0.5,0.65,0.0,128,6
6200,collapse_002,collapse,2,62,150062,0.5,0.65,0.0,128,6
6201,collapse_002,collapse,2,63,150062,0.5,0.65,0.0,128,6
6202,collapse_002,collapse,2,64,150062,0.5,0.65,0.0,128,6
6203,collapse_002,collapse,2,65,150062,0.5,0.65,0.0,128,6
6204,collapse_002,collapse,2,66,150062,0.5,0.65,0.0,128,6
6205,collapse_002,collapse,2,67,150062,0.5,0.65,0.0,128,6
6206,collapse_002,collapse,2,68,150062,0.5,0.65,0.0,128,6
6207,collapse_002,collapse,2,69,150062,0.5,0.65,0.0,128,6
6208,collapse_002,collapse,2,70,150062,0.5,0.65,0.0,128,6
6209,collapse_002,collapse,2,71,150062,0.5,0.65,0.0,128,6
6210,collapse_002,collapse,2,72,150062,0.5,0.65,0.0,128,6
6211,collapse_002,collapse,2,73,150062,0.5,0.65,0.0,128,6
6212,collapse_002,collapse,2,74,150062,0.5,0.65,0.0,128,6
6213,collapse_002,collapse,2,75,150062,0.5,0.65,0.0,128,6
6214,collapse_002,collapse,2,76,150062,0.5,0.65,0.0,128,6
6215,collapse_002,collapse,2,77,150062,0.5,0.65,0.0,128,6
6216,collapse_002,collapse,2,78,150062,0.5,0.65,0.0,128,6
6217,collapse_002,collapse,2,79,150062,0.5,0.65,0.0,128,6
6218,collapse_002,collapse,2,80,150062,0.5,0.65,0.0,128,6
6219,collapse_002,collapse,2,81,150062,0.5,0.65,0.0,128,6
6220,collapse_002,collapse,2,82,150062,0.5,0.65,0.0,128,6
6221,collapse_002,collapse,2,83,150062,0.5,0.65,0.0,128,6
6222,collapse_002,collapse,2,84,150062,0.5,0.65,0.0,128,6
6223,collapse_002,collapse,2,85,150062,0.5,0.65,0.0,128,6
6224,collapse_002,collapse,2,86,150062,0.5,0.65,0.0,128,6
6225,collapse_002,collapse,2,87,150062,0.5,0.65,0.0,128,6
6226,collapse_002,collapse,2,88,150062,0.5,0.65,0.0,128,6
6227,collapse_002,collapse,2,89,150062,0.5,0.65,0.0,128,6
6228,collapse_002,collapse,2,90,150062,0.5,0.65,0.0,128,6
6229,collapse_002,collapse,2,91,150062,0.5,0.65,0.0,128,6
6230,collapse_002,collapse,2,92,150062,0.5,0.65,0.0,128,6
6231,collapse_002,collapse,2,93,150062,0.5,0.65,0.0,128,6
6232,collapse_002,collapse,2,94,150062,0.5,0.65,0.0,128,6
6233,collapse_002,collapse,2,95,150062,0.5,0.65,0.0,128,6
6234,collapse_002,collapse,2,96,150062,0.5,0.65,0.0,128,6
6235,collapse_002,collapse,2,97,150062,0.5,0.65,0.0,128,6
6236,collapse_002,collapse,2,98,150062,0.5,0.65,0.0,128,6
6237,collapse_003,collapse,3,0,150063,0.5,0.65,0.0,128,6
6238,collapse_003,collapse,3,1,150063,0.5,0.65,0.0,128,6
6239,collapse_003,collapse,3,2,150063,0.5,0.65,0.0,128,6
6240,collapse_003,collapse,3,3,150063,0.5,0.65,0.0,128,6
6241,collapse_003,collapse,3,4,150063,0.5,0.65,0.0,128,6
6242,collapse_003,collapse,3,5,150063,0.5,0.65,0.0,128,6
6243,collapse_003,collapse,3,6,150063,0.5,0.65,0.0,128,6
6244,collapse_003,collapse,3,7,150063,0.5,0.65,0.0,128,6
6245,collapse_003,collapse,3,8,150063,0.5,0.65,0.0,128,6
6246,collapse_003,collapse,3,9,150063,0.5,0.65,0.0,128,6
6247,collapse_003,collapse,3,10,150063,0.5,0.65,0.0,128,6
6248,collapse_003,collapse,3,11,150063,0.5,0.65,0.0,128,6
6249,collapse_003,collapse,3,12,150063,0.5,0.65,0.0,128,6
6250,collapse_003,collapse,3,13,150063,0.5,0.65,0.0,128,6
6251,collapse_003,collapse,3,14,150063,0.5,0.65,0.0,128,6
6252,collapse_003,collapse,3,15,150063,0.5,0.65,0.0,128,6
6253,collapse_003,collapse,3,16,150063,0.5,0.65,0.0,128,6
6254,collapse_003,collapse,3,17,150063,0.5,0.65,0.0,128,6
6255,collapse_003,collapse,3,18,150063,0.5,0.65,0.0,128,6
6256,collapse_003,collapse,3,19,150063,0.5,0.65,0.0,128,6
6257,collapse_003,collapse,3,20,150063,0.5,0.65,0.0,128,6
6258,collapse_003,collapse,3,21,150063,0.5,0.65,0.0,128,6
6259,collapse_003,collapse,3,22,150063,0.5,0.65,0.0,128,6
6260,collapse_003,collapse,3,23,150063,0.5,0.65,0.0,128,6
6261,collapse_003,collapse,3,24,150063,0.5,0.65,0.0,128,6
6262,collapse_003,collapse,3,25,150063,0.5,0.65,0.0,128,6
6263,collapse_003,collapse,3,26,150063,0.5,0.65,0.0,128,6
6264,collapse_003,collapse,3,27,150063,0.5,0.65,0.0,128,6
6265,collapse_003,collapse,3,28,150063,0.5,0.65,0.0,128,6
6266,collapse_003,collapse,3,29,150063,0.5,0.65,0.0,128,6
6267,collapse_003,collapse,3,30,150063,0.5,0.65,0.0,128,6
6268,collapse_003,collapse,3,31,150063,0.5,0.65,0.0,128,6
6269,collapse_003,collapse,3,32,150063,0.5,0.65,0.0,128,6
6270,collapse_003,collapse,3,33,150063,0.5,0.65,0.0,128,6
6271,collapse_003,collapse,3,34,150063,0.5,0.65,0.0,128,6
6272,collapse_003,collapse,3,35,150063,0.5,0.65,0.0,128,6
6273,collapse_003,collapse,3,36,150063,0.5,0.65,0.0,128,6
6274,collapse_003,collapse,3,37,150063,0.5,0.65,0.0,128,6
6275,collapse_003,collapse,3,38,150063,0.5,0.65,0.0,128,6
6276,collapse_003,collapse,3,39,150063,0.5,0.65,0.0,128,6
6277,collapse_003,collapse,3,40,150063,0.5,0.65,0.0,128,6
6278,collapse_003,collapse,3,41,150063,0.5,0.65,0.0,128,6
6279,collapse_003,collapse,3,42,150063,0.5,0.65,0.0,128,6
6280,collapse_003,collapse,3,43,150063,0.5,0.65,0.0,128,6
6281,collapse_003,collapse,3,44,150063,0.5,0.65,0.0,128,6
6282,collapse_003,collapse,3,45,150063,0.5,0.65,0.0,128,6
6283,collapse_003,collapse,3,46,150063,0.5,0.65,0.0,128,6
6284,collapse_003,collapse,3,47,150063,0.5,0.65,0.0,128,6
6285,collapse_003,collapse,3,48,150063,0.5,0.65,0.0,128,6
6286,collapse_003,collapse,3,49,150063,0.5,0.65,0.0,128,6
6287,collapse_003,collapse,3,50,150063,0.5,0.65,0.0,128,6
6288,collapse_003,collapse,3,51,150063,0.5,0.65,0.0,128,6
6289,collapse_003,collapse,3,52,150063,0.5,0.65,0.0,128,6
6290,collapse_003,collapse,3,53,150063,0.5,0.65,0.0,128,6
6291,collapse_003,collapse,3,54,150063,0.5,0.65,0.0,128,6
6292,collapse_003,collapse,3,55,150063,0.5,0.65,0.0,128,6
6293,collapse_003,collapse,3,56,150063,0.5,0.65,0.0,128,6
6294,collapse_003,collapse,3,57,150063,0.5,0.65,0.0,128,6
6295,collapse_003,collapse,3,58,150063,0.5,0.65,0.0,128,6
6296,collapse_003,collapse,3,59,150063,0.5,0.65,0.0,128,6
6297,collapse_003,collapse,3,60,150063,0.5,0.65,0.0,128,6
6298,collapse_003,collapse,3,61,150063,0.5,0.65,0.0,128,6
6299,collapse_003,collapse,3,62,150063,0.5,0.65,0.0,128,6
6300,collapse_003,collapse,3,63,150063,0.5,0.65,0.0,128,6
6301,collapse_003,collapse,3,64,150063,0.5,0.65,0.0,128,6
6302,collapse_003,collapse,3,65,150063,0.5,0.65,0.0,128,6
6303,collapse_003,collapse,3,66,150063,0.5,0.65,0.0,128,6
6304,collapse_003,collapse,3,67,150063,0.5,0.65,0.0,128,6
6305,collapse_003,collapse,3,68,150063,0.5,0.65,0.0,128,6
6306,collapse_003,collapse,3,69,150063,0.5,0.65,0.0,128,6
6307,collapse_003,collapse,3,70,150063,0.5,0.65,0.0,128,6
6308,collapse_003,collapse,3,71,150063,0.5,0.65,0.0,128,6
6309,collapse_003,collapse,3,72,150063,0.5,0.65,0.0,128,6
6310,collapse_003,collapse,3,73,150063,0.5,0.65,0.0,128,6
6311,collapse_003,collapse,3,74,150063,0.5,0.65,0.0,128,6
6312,collapse_003,collapse,3,75,150063,0.5,0.65,0.0,128,6
6313,collapse_003,collapse,3,76,150063,0.5,0.65,0.0,128,6
6314,collapse_003,collapse,3,77,150063,0.5,0.65,0.0,128,6
6315,collapse_003,collapse,3,78,150063,0.5,0.65,0.0,128,6
6316,collapse_003,collapse,3,79,150063,0.5,0.65,0.0,128,6
6317,collapse_003,collapse,3,80,150063,0.5,0.65,0.0,128,6
6318,collapse_003,collapse,3,81,150063,0.5,0.65,0.0,128,6
6319,collapse_003,collapse,3,82,150063,0.5,0.65,0.0,128,6
6320,collapse_003,collapse,3,83,150063,0.5,0.65,0.0,128,6
6321,collapse_003,collapse,3,84,150063,0.5,0.65,0.0,128,6
6322,collapse_003,collapse,3,85,150063,0.5,0.65,0.0,128,6
6323,collapse_003,collapse,3,86,150063,0.5,0.65,0.0,128,6
6324,collapse_003,collapse,3,87,150063,0.5,0.65,0.0,128,6
6325,collapse_003,collapse,3,88,150063,0.5,0.65,0.0,128,6
6326,collapse_003,collapse,3,89,150063,0.5,0.65,0.0,128,6
6327,collapse_003,collapse,3,90,150063,0.5,0.65,0.0,128,6
6328,collapse_003,collapse,3,91,150063,0.5,0.65,0.0,128,6
6329,collapse_003,collapse,3,92,150063,0.5,0.65,0.0,128,6
6330,collapse_003,collapse,3,93,150063,0.5,0.65,0.0,128,6
6331,collapse_003,collapse,3,94,150063,0.5,0.65,0.0,128,6
6332,collapse_003,collapse,3,95,150063,0.5,0.65,0.0,128,6
6333,collapse_003,collapse,3,96,150063,0.5,0.65,0.0,128,6
6334,collapse_003,collapse,3,97,150063,0.5,0.65,0.0,128,6
6335,collapse_003,collapse,3,98,150063,0.5,0.65,0.0,128,6
6336,collapse_004,collapse,4,0,150064,0.5,0.65,0.0,128,6
6337,collapse_004,collapse,4,1,150064,0.5,0.65,0.0,128,6
6338,collapse_004,collapse,4,2,150064,0.5,0.65,0.0,128,6
6339,collapse_004,collapse,4,3,150064,0.5,0.65,0.0,128,6
6340,collapse_004,collapse,4,4,150064,0.5,0.65,0.0,128,6
6341,collapse_004,collapse,4,5,150064,0.5,0.65,0.0,128,6
6342,collapse_004,collapse,4,6,150064,0.5,0.65,0.0,128,6
6343,collapse_004,collapse,4,7,150064,0.5,0.65,0.0,128,6
6344,collapse_004,collapse,4,8,150064,0.5,0.65,0.0,128,6
6345,collapse_004,collapse,4,9,150064,0.5,0.65,0.0,128,6
6346,collapse_004,collapse,4,10,150064,0.5,0.65,0.0,128,6
6347,collapse_004,collapse,4,11,150064,0.5,0.65,0.0,128,6
6348,collapse_004,collapse,4,12,150064,0.5,0.65,0.0,128,6
6349,collapse_004,collapse,4,13,150064,0.5,0.65,0.0,128,6
6350,collapse_004,collapse,4,14,150064,0.5,0.65,0.0,128,6
6351,collapse_004,collapse,4,15,150064,0.5,0.65,0.0,128,6
6352,collapse_004,collapse,4,16,150064,0.5,0.65,0.0,128,6
6353,collapse_004,collapse,4,17,150064,0.5,0.65,0.0,128,6
6354,collapse_004,collapse,4,18,150064,0.5,0.65,0.0,128,6
6355,collapse_004,collapse,4,19,150064,0.5,0.65,0.0,128,6
6356,collapse_004,collapse,4,20,150064,0.5,0.65,0.0,128,6
6357,collapse_004,collapse,4,21,150064,0.5,0.65,0.0,128,6
6358,collapse_004,collapse,4,22,150064,0.5,0.65,0.0,128,6
6359,collapse_004,collapse,4,23,150064,0.5,0.65,0.0,128,6
6360,collapse_004,collapse,4,24,150064,0.5,0.65,0.0,128,6
6361,collapse_004,collapse,4,25,150064,0.5,0.65,0.0,128,6
6362,collapse_004,collapse,4,26,150064,0.5,0.65,0.0,128,6
6363,collapse_004,collapse,4,27,150064,0.5,0.65,0.0,128,6
6364,collapse_004,collapse,4,28,150064,0.5,0.65,0.0,128,6
6365,collapse_004,collapse,4,29,150064,0.5,0.65,0.0,128,6
6366,collapse_004,collapse,4,30,150064,0.5,0.65,0.0,128,6
6367,collapse_004,collapse,4,31,150064,0.5,0.65,0.0,128,6
6368,collapse_004,collapse,4,32,150064,0.5,0.65,0.0,128,6
6369,collapse_004,collapse,4,33,150064,0.5,0.65,0.0,128,6
6370,collapse_004,collapse,4,34,150064,0.5,0.65,0.0,128,6
6371,collapse_004,collapse,4,35,150064,0.5,0.65,0.0,128,6
6372,collapse_004,collapse,4,36,150064,0.5,0.65,0.0,128,6
6373,collapse_004,collapse,4,37,150064,0.5,0.65,0.0,128,6
6374,collapse_004,collapse,4,38,150064,0.5,0.65,0.0,128,6
6375,collapse_004,collapse,4,39,150064,0.5,0.65,0.0,128,6
6376,collapse_004,collapse,4,40,150064,0.5,0.65,0.0,128,6
6377,collapse_004,collapse,4,41,150064,0.5,0.65,0.0,128,6
6378,collapse_004,collapse,4,42,150064,0.5,0.65,0.0,128,6
6379,collapse_004,collapse,4,43,150064,0.5,0.65,0.0,128,6
6380,collapse_004,collapse,4,44,150064,0.5,0.65,0.0,128,6
6381,collapse_004,collapse,4,45,150064,0.5,0.65,0.0,128,6
6382,collapse_004,collapse,4,46,150064,0.5,0.65,0.0,128,6
6383,collapse_004,collapse,4,47,150064,0.5,0.65,0.0,128,6
6384,collapse_004,collapse,4,48,150064,0.5,0.65,0.0,128,6
6385,collapse_004,collapse,4,49,150064,0.5,0.65,0.0,128,6
6386,collapse_004,collapse,4,50,150064,0.5,0.65,0.0,128,6
6387,collapse_004,collapse,4,51,150064,0.5,0.65,0.0,128,6
6388,collapse_004,collapse,4,52,150064,0.5,0.65,0.0,128,6
6389,collapse_004,collapse,4,53,150064,0.5,0.65,0.0,128,6
6390,collapse_004,collapse,4,54,150064,0.5,0.65,0.0,128,6
6391,collapse_004,collapse,4,55,150064,0.5,0.65,0.0,128,6
6392,collapse_004,collapse,4,56,150064,0.5,0.65,0.0,128,6
6393,collapse_004,collapse,4,57,150064,0.5,0.65,0.0,128,6
6394,collapse_004,collapse,4,58,150064,0.5,0.65,0.0,128,6
6395,collapse_004,collapse,4,59,150064,0.5,0.65,0.0,128,6
6396,collapse_004,collapse,4,60,150064,0.5,0.65,0.0,128,6
6397,collapse_004,collapse,4,61,150064,0.5,0.65,0.0,128,6
6398,collapse_004,collapse,4,62,150064,0.5,0.65,0.0,128,6
6399,collapse_004,collapse,4,63,150064,0.5,0.65,0.0,128,6
6400,collapse_004,collapse,4,64,150064,0.5,0.65,0.0,128,6
6401,collapse_004,collapse,4,65,150064,0.5,0.65,0.0,128,6
6402,collapse_004,collapse,4,66,150064,0.5,0.65,0.0,128,6
6403,collapse_004,collapse,4,67,150064,0.5,0.65,0.0,128,6
6404,collapse_004,collapse,4,68,150064,0.5,0.65,0.0,128,6
6405,collapse_004,collapse,4,69,150064,0.5,0.65,0.0,128,6
6406,collapse_004,collapse,4,70,150064,0.5,0.65,0.0,128,6
6407,collapse_004,collapse,4,71,150064,0.5,0.65,0.0,128,6
6408,collapse_004,collapse,4,72,150064,0.5,0.65,0.0,128,6
6409,collapse_004,collapse,4,73,150064,0.5,0.65,0.0,128,6
6410,collapse_004,collapse,4,74,150064,0.5,0.65,0.0,128,6
6411,collapse_004,collapse,4,75,150064,0.5,0.65,0.0,128,6
6412,collapse_004,collapse,4,76,150064,0.5,0.65,0.0,128,6
6413,collapse_004,collapse,4,77,150064,0.5,0.65,0.0,128,6
6414,collapse_004,collapse,4,78,150064,0.5,0.65,0.0,128,6
6415,collapse_004,collapse,4,79,150064,0.5,0.65,0.0,128,6
6416,collapse_004,collapse,4,80,150064,0.5,0.65,0.0,128,6
6417,collapse_004,collapse,4,81,150064,0.5,0.65,0.0,128,6
6418,collapse_004,collapse,4,82,150064,0.5,0.65,0.0,128,6
6419,collapse_004,collapse,4,83,150064,0.5,0.65,0.0,128,6
6420,collapse_004,collapse,4,84,150064,0.5,0.65,0.0,128,6
6421,collapse_004,collapse,4,85,150064,0.5,0.65,0.0,128,6
6422,collapse_004,collapse,4,86,150064,0.5,0.65,0.0,128,6
6423,collapse_004,collapse,4,87,150064,0.5,0.65,0.0,128,6
6424,collapse_004,collapse,4,88,150064,0.5,0.65,0.0,128,6
6425,collapse_004,collapse,4,89,150064,0.5,0.65,0.0,128,6
6426,collapse_004,collapse,4,90,150064,0.5,0.65,0.0,128,6
6427,collapse_004,collapse,4,91,150064,0.5,0.65,0.0,128,6
6428,collapse_004,collapse,4,92,150064,0.5,0.65,0.0,128,6
6429,collapse_004,collapse,4,93,150064,0.5,0.65,0.0,128,6
6430,collapse_004,collapse,4,94,150064,0.5,0.65,0.0,128,6
6431,collapse_004,collapse,4,95,150064,0.5,0.65,0.0,128,6
6432,collapse_004,collapse,4,96,150064,0.5,0.65,0.0,128,6
6433,collapse_004,collapse,4,97,150064,0.5,0.65,0.0,128,6
6434,collapse_004,collapse,4,98,150064,0.5,0.65,0.0,128,6
6435,collapse_005,collapse,5,0,150065,0.5,0.65,0.0,128,6
6436,collapse_005,collapse,5,1,150065,0.5,0.65,0.0,128,6
6437,collapse_005,collapse,5,2,150065,0.5,0.65,0.0,128,6
6438,collapse_005,collapse,5,3,150065,0.5,0.65,0.0,128,6
6439,collapse_005,collapse,5,4,150065,0.5,0.65,0.0,128,6
6440,collapse_005,collapse,5,5,150065,0.5,0.65,0.0,128,6
6441,collapse_005,collapse,5,6,150065,0.5,0.65,0.0,128,6
6442,collapse_005,collapse,5,7,150065,0.5,0.65,0.0,128,6
6443,collapse_005,collapse,5,8,150065,0.5,0.65,0.0,128,6
6444,collapse_005,collapse,5,9,150065,0.5,0.65,0.0,128,6
6445,collapse_005,collapse,5,10,150065,0.5,0.65,0.0,128,6
6446,collapse_005,collapse,5,11,150065,0.5,0.65,0.0,128,6
6447,collapse_005,collapse,5,12,150065,0.5,0.65,0.0,128,6
6448,collapse_005,collapse,5,13,150065,0.5,0.65,0.0,128,6
6449,collapse_005,collapse,5,14,150065,0.5,0.65,0.0,128,6
6450,collapse_005,collapse,5,15,150065,0.5,0.65,0.0,128,6
6451,collapse_005,collapse,5,16,150065,0.5,0.65,0.0,128,6
6452,collapse_005,collapse,5,17,150065,0.5,0.65,0.0,128,6
6453,collapse_005,collapse,5,18,150065,0.5,0.65,0.0,128,6
6454,collapse_005,collapse,5,19,150065,0.5,0.65,0.0,128,6
6455,collapse_005,collapse,5,20,150065,0.5,0.65,0.0,128,6
6456,collapse_005,collapse,5,21,150065,0.5,0.65,0.0,128,6
6457,collapse_005,collapse,5,22,150065,0.5,0.65,0.0,128,6
6458,collapse_005,collapse,5,23,150065,0.5,0.65,0.0,128,6
6459,collapse_005,collapse,5,24,150065,0.5,0.65,0.0,128,6
6460,collapse_005,collapse,5,25,150065,0.5,0.65,0.0,128,6
6461,collapse_005,collapse,5,26,150065,0.5,0.65,0.0,128,6
6462,collapse_005,collapse,5,27,150065,0.5,0.65,0.0,128,6
6463,collapse_005,collapse,5,28,150065,0.5,0.65,0.0,128,6
6464,collapse_005,collapse,5,29,150065,0.5,0.65,0.0,128,6
6465,collapse_005,collapse,5,30,150065,0.5,0.65,0.0,128,6
6466,collapse_005,collapse,5,31,150065,0.5,0.65,0.0,128,6
6467,collapse_005,collapse,5,32,150065,0.5,0.65,0.0,128,6
6468,collapse_005,collapse,5,33,150065,0.5,0.65,0.0,128,6
6469,collapse_005,collapse,5,34,150065,0.5,0.65,0.0,128,6
6470,collapse_005,collapse,5,35,150065,0.5,0.65,0.0,128,6
6471,collapse_005,collapse,5,36,150065,0.5,0.65,0.0,128,6
6472,collapse_005,collapse,5,37,150065,0.5,0.65,0.0,128,6
6473,collapse_005,collapse,5,38,150065,0.5,0.65,0.0,128,6
6474,collapse_005,collapse,5,39,150065,0.5,0.65,0.0,128,6
6475,collapse_005,collapse,5,40,150065,0.5,0.65,0.0,128,6
6476,collapse_005,collapse,5,41,150065,0.5,0.65,0.0,128,6
6477,collapse_005,collapse,5,42,150065,0.5,0.65,0.0,128,6
6478,collapse_005,collapse,5,43,150065,0.5,0.65,0.0,128,6
6479,collapse_005,collapse,5,44,150065,0.5,0.65,0.0,128,6
6480,collapse_005,collapse,5,45,150065,0.5,0.65,0.0,128,6
6481,collapse_005,collapse,5,46,150065,0.5,0.65,0.0,128,6
6482,collapse_005,collapse,5,47,150065,0.5,0.65,0.0,128,6
6483,collapse_005,collapse,5,48,150065,0.5,0.65,0.0,128,6
6484,collapse_005,collapse,5,49,150065,0.5,0.65,0.0,128,6
6485,collapse_005,collapse,5,50,150065,0.5,0.65,0.0,128,6
6486,collapse_005,collapse,5,51,150065,0.5,0.65,0.0,128,6
6487,collapse_005,collapse,5,52,150065,0.5,0.65,0.0,128,6
6488,collapse_005,collapse,5,53,150065,0.5,0.65,0.0,128,6
6489,collapse_005,collapse,5,54,150065,0.5,0.65,0.0,128,6
6490,collapse_005,collapse,5,55,150065,0.5,0.65,0.0,128,6
6491,collapse_005,collapse,5,56,150065,0.5,0.65,0.0,128,6
6492,collapse_005,collapse,5,57,150065,0.5,0.65,0.0,128,6
6493,collapse_005,collapse,5,58,150065,0.5,0.65,0.0,128,6
6494,collapse_005,collapse,5,59,150065,0.5,0.65,0.0,128,6
6495,collapse_005,collapse,5,60,150065,0.5,0.65,0.0,128,6
6496,collapse_005,collapse,5,61,150065,0.5,0.65,0.0,128,6
6497,collapse_005,collapse,5,62,150065,0.5,0.65,0.0,128,6
6498,collapse_005,collapse,5,63,150065,0.5,0.65,0.0,128,6
6499,collapse_005,collapse,5,64,150065,0.5,0.65,0.0,128,6
6500,collapse_005,collapse,5,65,150065,0.5,0.65,0.0,128,6
6501,collapse_005,collapse,5,66,150065,0.5,0.65,0.0,128,6
6502,collapse_005,collapse,5,67,150065,0.5,0.65,0.0,128,6
6503,collapse_005,collapse,5,68,150065,0.5,0.65,0.0,128,6
6504,collapse_005,collapse,5,69,150065,0.5,0.65,0.0,128,6
6505,collapse_005,collapse,5,70,150065,0.5,0.65,0.0,128,6
6506,collapse_005,collapse,5,71,150065,0.5,0.65,0.0,128,6
6507,collapse_005,collapse,5,72,150065,0.5,0.65,0.0,128,6
6508,collapse_005,collapse,5,73,150065,0.5,0.65,0.0,128,6
6509,collapse_005,collapse,5,74,150065,0.5,0.65,0.0,128,6
6510,collapse_005,collapse,5,75,150065,0.5,0.65,0.0,128,6
6511,collapse_005,collapse,5,76,150065,0.5,0.65,0.0,128,6
6512,collapse_005,collapse,5,77,150065,0.5,0.65,0.0,128,6
6513,collapse_005,collapse,5,78,150065,0.5,0.65,0.0,128,6
6514,collapse_005,collapse,5,79,150065,0.5,0.65,0.0,128,6
6515,collapse_005,collapse,5,80,150065,0.5,0.65,0.0,128,6
6516,collapse_005,collapse,5,81,150065,0.5,0.65,0.0,128,6
6517,collapse_005,collapse,5,82,150065,0.5,0.65,0.0,128,6
6518,collapse_005,collapse,5,83,150065,0.5,0.65,0.0,128,6
6519,collapse_005,collapse,5,84,150065,0.5,0.65,0.0,128,6
6520,collapse_005,collapse,5,85,150065,0.5,0.65,0.0,128,6
6521,collapse_005,collapse,5,86,150065,0.5,0.65,0.0,128,6
6522,collapse_005,collapse,5,87,150065,0.5,0.65,0.0,128,6
6523,collapse_005,collapse,5,88,150065,0.5,0.65,0.0,128,6
6524,collapse_005,collapse,5,89,150065,0.5,0.65,0.0,128,6
6525,collapse_005,collapse,5,90,150065,0.5,0.65,0.0,128,6
6526,collapse_005,collapse,5,91,150065,0.5,0.65,0.0,128,6
6527,collapse_005,collapse,5,92,150065,0.5,0.65,0.0,128,6
6528,collapse_005,collapse,5,93,150065,0.5,0.65,0.0,128,6
6529,collapse_005,collapse,5,94,150065,0.5,0.65,0.0,128,6
6530,collapse_005,collapse,5,95,150065,0.5,0.65,0.0,128,6
6531,collapse_005,collapse,5,96,150065,0.5,0.65,0.0,128,6
6532,collapse_005,collapse,5,97,150065,0.5,0.65,0.0,128,6
6533,collapse_005,collapse,5,98,150065,0.5,0.65,0.0,128,6
6534,collapse_006,collapse,6,0,150066,0.5,0.65,0.0,128,6
6535,collapse_006,collapse,6,1,150066,0.5,0.65,0.0,128,6
6536,collapse_006,collapse,6,2,150066,0.5,0.65,0.0,128,6
6537,collapse_006,collapse,6,3,150066,0.5,0.65,0.0,128,6
6538,collapse_006,collapse,6,4,150066,0.5,0.65,0.0,128,6
6539,collapse_006,collapse,6,5,150066,0.5,0.65,0.0,128,6
6540,collapse_006,collapse,6,6,150066,0.5,0.65,0.0,128,6
6541,collapse_006,collapse,6,7,150066,0.5,0.65,0.0,128,6
6542,collapse_006,collapse,6,8,150066,0.5,0.65,0.0,128,6
6543,collapse_006,collapse,6,9,150066,0.5,0.65,0.0,128,6
6544,collapse_006,collapse,6,10,150066,0.5,0.65,0.0,128,6
6545,collapse_006,collapse,6,11,150066,0.5,0.65,0.0,128,6
6546,collapse_006,collapse,6,12,150066,0.5,0.65,0.0,128,6
6547,collapse_006,collapse,6,13,150066,0.5,0.65,0.0,128,6
6548,collapse_006,collapse,6,14,150066,0.5,0.65,0.0,128,6
6549,collapse_006,collapse,6,15,150066,0.5,0.65,0.0,128,6
6550,collapse_006,collapse,6,16,150066,0.5,0.65,0.0,128,6
6551,collapse_006,collapse,6,17,150066,0.5,0.65,0.0,128,6
6552,collapse_006,collapse,6,18,150066,0.5,0.65,0.0,128,6
6553,collapse_006,collapse,6,19,150066,0.5,0.65,0.0,128,6
6554,collapse_006,collapse,6,20,150066,0.5,0.65,0.0,128,6
6555,collapse_006,collapse,6,21,150066,0.5,0.65,0.0,128,6
6556,collapse_006,collapse,6,22,150066,0.5,0.65,0.0,128,6
6557,collapse_006,collapse,6,23,150066,0.5,0.65,0.0,128,6
6558,collapse_006,collapse,6,24,150066,0.5,0.65,0.0,128,6
6559,collapse_006,collapse,6,25,150066,0.5,0.65,0.0,128,6
6560,collapse_006,collapse,6,26,150066,0.5,0.65,0.0,128,6
6561,collapse_006,collapse,6,27,150066,0.5,0.65,0.0,128,6
6562,collapse_006,collapse,6,28,150066,0.5,0.65,0.0,128,6
6563,collapse_006,collapse,6,29,150066,0.5,0.65,0.0,128,6
6564,collapse_006,collapse,6,30,150066,0.5,0.65,0.0,128,6
6565,collapse_006,collapse,6,31,150066,0.5,0.65,0.0,128,6
6566,collapse_006,collapse,6,32,150066,0.5,0.65,0.0,128,6
6567,collapse_006,collapse,6,33,150066,0.5,0.65,0.0,128,6
6568,collapse_006,collapse,6,34,150066,0.5,0.65,0.0,128,6
6569,collapse_006,collapse,6,35,150066,0.5,0.65,0.0,128,6
6570,collapse_006,collapse,6,36,150066,0.5,0.65,0.0,128,6
6571,collapse_006,collapse,6,37,150066,0.5,0.65,0.0,128,6
6572,collapse_006,collapse,6,38,150066,0.5,0.65,0.0,128,6
6573,collapse_006,collapse,6,39,150066,0.5,0.65,0.0,128,6
6574,collapse_006,collapse,6,40,150066,0.5,0.65,0.0,128,6
6575,collapse_006,collapse,6,41,150066,0.5,0.65,0.0,128,6
6576,collapse_006,collapse,6,42,150066,0.5,0.65,0.0,128,6
6577,collapse_006,collapse,6,43,150066,0.5,0.65,0.0,128,6
6578,collapse_006,collapse,6,44,150066,0.5,0.65,0.0,128,6
6579,collapse_006,collapse,6,45,150066,0.5,0.65,0.0,128,6
6580,collapse_006,collapse,6,46,150066,0.5,0.65,0.0,128,6
6581,collapse_006,collapse,6,47,150066,0.5,0.65,0.0,128,6
6582,collapse_006,collapse,6,48,150066,0.5,0.65,0.0,128,6
6583,collapse_006,collapse,6,49,150066,0.5,0.65,0.0,128,6
6584,collapse_006,collapse,6,50,150066,0.5,0.65,0.0,128,6
6585,collapse_006,collapse,6,51,150066,0.5,0.65,0.0,128,6
6586,collapse_006,collapse,6,52,150066,0.5,0.65,0.0,128,6
6587,collapse_006,collapse,6,53,150066,0.5,0.65,0.0,128,6
6588,collapse_006,collapse,6,54,150066,0.5,0.65,0.0,128,6
6589,collapse_006,collapse,6,55,150066,0.5,0.65,0.0,128,6
6590,collapse_006,collapse,6,56,150066,0.5,0.65,0.0,128,6
6591,collapse_006,collapse,6,57,150066,0.5,0.65,0.0,128,6
6592,collapse_006,collapse,6,58,150066,0.5,0.65,0.0,128,6
6593,collapse_006,collapse,6,59,150066,0.5,0.65,0.0,128,6
6594,collapse_006,collapse,6,60,150066,0.5,0.65,0.0,128,6
6595,collapse_006,collapse,6,61,150066,0.5,0.65,0.0,128,6
6596,collapse_006,collapse,6,62,150066,0.5,0.65,0.0,128,6
6597,collapse_006,collapse,6,63,150066,0.5,0.65,0.0,128,6
6598,collapse_006,collapse,6,64,150066,0.5,0.65,0.0,128,6
6599,collapse_006,collapse,6,65,150066,0.5,0.65,0.0,128,6
6600,collapse_006,collapse,6,66,150066,0.5,0.65,0.0,128,6
6601,collapse_006,collapse,6,67,150066,0.5,0.65,0.0,128,6
6602,collapse_006,collapse,6,68,150066,0.5,0.65,0.0,128,6
6603,collapse_006,collapse,6,69,150066,0.5,0.65,0.0,128,6
6604,collapse_006,collapse,6,70,150066,0.5,0.65,0.0,128,6
6605,collapse_006,collapse,6,71,150066,0.5,0.65,0.0,128,6
6606,collapse_006,collapse,6,72,150066,0.5,0.65,0.0,128,6
6607,collapse_006,collapse,6,73,150066,0.5,0.65,0.0,128,6
6608,collapse_006,collapse,6,74,150066,0.5,0.65,0.0,128,6
6609,collapse_006,collapse,6,75,150066,0.5,0.65,0.0,128,6
6610,collapse_006,collapse,6,76,150066,0.5,0.65,0.0,128,6
6611,collapse_006,collapse,6,77,150066,0.5,0.65,0.0,128,6
6612,collapse_006,collapse,6,78,150066,0.5,0.65,0.0,128,6
6613,collapse_006,collapse,6,79,150066,0.5,0.65,0.0,128,6
6614,collapse_006,collapse,6,80,150066,0.5,0.65,0.0,128,6
6615,collapse_006,collapse,6,81,150066,0.5,0.65,0.0,128,6
6616,collapse_006,collapse,6,82,150066,0.5,0.65,0.0,128,6
6617,collapse_006,collapse,6,83,150066,0.5,0.65,0.0,128,6
6618,collapse_006,collapse,6,84,150066,0.5,0.65,0.0,128,6
6619,collapse_006,collapse,6,85,150066,0.5,0.65,0.0,128,6
6620,collapse_006,collapse,6,86,150066,0.5,0.65,0.0,128,6
6621,collapse_006,collapse,6,87,150066,0.5,0.65,0.0,128,6
6622,collapse_006,collapse,6,88,150066,0.5,0.65,0.0,128,6
6623,collapse_006,collapse,6,89,150066,0.5,0.65,0.0,128,6
6624,collapse_006,collapse,6,90,150066,0.5,0.65,0.0,128,6
6625,collapse_006,collapse,6,91,150066,0.5,0.65,0.0,128,6
6626,collapse_006,collapse,6,92,150066,0.5,0.65,0.0,128,6
6627,collapse_006,collapse,6,93,150066,0.5,0.65,0.0,128,6
6628,collapse_006,collapse,6,94,150066,0.5,0.65,0.0,128,6
6629,collapse_006,collapse,6,95,150066,0.5,0.65,0.0,128,6
6630,collapse_006,collapse,6,96,150066,0.5,0.65,0.0,128,6
6631,collapse_006,collapse,6,97,150066,0.5,0.65,0.0,128,6
6632,collapse_006,collapse,6,98,150066,0.5,0.65,0.0,128,6
6633,collapse_007,collapse,7,0,150067,0.5,0.65,0.0,128,6
6634,collapse_007,collapse,7,1,150067,0.5,0.65,0.0,128,6
6635,collapse_007,collapse,7,2,150067,0.5,0.65,0.0,128,6
6636,collapse_007,collapse,7,3,150067,0.5,0.65,0.0,128,6
6637,collapse_007,collapse,7,4,150067,0.5,0.65,0.0,128,6
6638,collapse_007,collapse,7,5,150067,0.5,0.65,0.0,128,6
6639,collapse_007,collapse,7,6,150067,0.5,0.65,0.0,128,6
6640,collapse_007,collapse,7,7,150067,0.5,0.65,0.0,128,6
6641,collapse_007,collapse,7,8,150067,0.5,0.65,0.0,128,6
6642,collapse_007,collapse,7,9,150067,0.5,0.65,0.0,128,6
6643,collapse_007,collapse,7,10,150067,0.5,0.65,0.0,128,6
6644,collapse_007,collapse,7,11,150067,0.5,0.65,0.0,128,6
6645,collapse_007,collapse,7,12,150067,0.5,0.65,0.0,128,6
6646,collapse_007,collapse,7,13,150067,0.5,0.65,0.0,128,6
6647,collapse_007,collapse,7,14,150067,0.5,0.65,0.0,128,6
6648,collapse_007,collapse,7,15,150067,0.5,0.65,0.0,128,6
6649,collapse_007,collapse,7,16,150067,0.5,0.65,0.0,128,6
6650,collapse_007,collapse,7,17,150067,0.5,0.65,0.0,128,6
6651,collapse_007,collapse,7,18,150067,0.5,0.65,0.0,128,6
6652,collapse_007,collapse,7,19,150067,0.5,0.65,0.0,128,6
6653,collapse_007,collapse,7,20,150067,0.5,0.65,0.0,128,6
6654,collapse_007,collapse,7,21,150067,0.5,0.65,0.0,128,6
6655,collapse_007,collapse,7,22,150067,0.5,0.65,0.0,128,6
6656,collapse_007,collapse,7,23,150067,0.5,0.65,0.0,128,6
6657,collapse_007,collapse,7,24,150067,0.5,0.65,0.0,128,6
6658,collapse_007,collapse,7,25,150067,0.5,0.65,0.0,128,6
6659,collapse_007,collapse,7,26,150067,0.5,0.65,0.0,128,6
6660,collapse_007,collapse,7,27,150067,0.5,0.65,0.0,128,6
6661,collapse_007,collapse,7,28,150067,0.5,0.65,0.0,128,6
6662,collapse_007,collapse,7,29,150067,0.5,0.65,0.0,128,6
6663,collapse_007,collapse,7,30,150067,0.5,0.65,0.0,128,6
6664,collapse_007,collapse,7,31,150067,0.5,0.65,0.0,128,6
6665,collapse_007,collapse,7,32,150067,0.5,0.65,0.0,128,6
6666,collapse_007,collapse,7,33,150067,0.5,0.65,0.0,128,6
6667,collapse_007,collapse,7,34,150067,0.5,0.65,0.0,128,6
6668,collapse_007,collapse,7,35,150067,0.5,0.65,0.0,128,6
6669,collapse_007,collapse,7,36,150067,0.5,0.65,0.0,128,6
6670,collapse_007,collapse,7,37,150067,0.5,0.65,0.0,128,6
6671,collapse_007,collapse,7,38,150067,0.5,0.65,0.0,128,6
6672,collapse_007,collapse,7,39,150067,0.5,0.65,0.0,128,6
6673,collapse_007,collapse,7,40,150067,0.5,0.65,0.0,128,6
6674,collapse_007,collapse,7,41,150067,0.5,0.65,0.0,128,6
6675,collapse_007,collapse,7,42,150067,0.5,0.65,0.0,128,6
6676,collapse_007,collapse,7,43,150067,0.5,0.65,0.0,128,6
6677,collapse_007,collapse,7,44,150067,0.5,0.65,0.0,128,6
6678,collapse_007,collapse,7,45,150067,0.5,0.65,0.0,128,6
6679,collapse_007,collapse,7,46,150067,0.5,0.65,0.0,128,6
6680,collapse_007,collapse,7,47,150067,0.5,0.65,0.0,128,6
6681,collapse_007,collapse,7,48,150067,0.5,0.65,0.0,128,6
6682,collapse_007,collapse,7,49,150067,0.5,0.65,0.0,128,6
6683,collapse_007,collapse,7,50,150067,0.5,0.65,0.0,128,6
6684,collapse_007,collapse,7,51,150067,0.5,0.65,0.0,128,6
6685,collapse_007,collapse,7,52,150067,0.5,0.65,0.0,128,6
6686,collapse_007,collapse,7,53,150067,0.5,0.65,0.0,128,6
6687,collapse_007,collapse,7,54,150067,0.5,0.65,0.0,128,6
6688,collapse_007,collapse,7,55,150067,0.5,0.65,0.0,128,6
6689,collapse_007,collapse,7,56,150067,0.5,0.65,0.0,128,6
6690,collapse_007,collapse,7,57,150067,0.5,0.65,0.0,128,6
6691,collapse_007,collapse,7,58,150067,0.5,0.65,0.0,128,6
6692,collapse_007,collapse,7,59,150067,0.5,0.65,0.0,128,6
6693,collapse_007,collapse,7,60,150067,0.5,0.65,0.0,128,6
6694,collapse_007,collapse,7,61,150067,0.5,0.65,0.0,128,6
6695,collapse_007,collapse,7,62,150067,0.5,0.65,0.0,128,6
6696,collapse_007,collapse,7,63,150067,0.5,0.65,0.0,128,6
6697,collapse_007,collapse,7,64,150067,0.5,0.65,0.0,128,6
6698,collapse_007,collapse,7,65,150067,0.5,0.65,0.0,128,6
6699,collapse_007,collapse,7,66,150067,0.5,0.65,0.0,128,6
6700,collapse_007,collapse,7,67,150067,0.5,0.65,0.0,128,6
6701,collapse_007,collapse,7,68,150067,0.5,0.65,0.0,128,6
6702,collapse_007,collapse,7,69,150067,0.5,0.65,0.0,128,6
6703,collapse_007,collapse,7,70,150067,0.5,0.65,0.0,128,6
6704,collapse_007,collapse,7,71,150067,0.5,0.65,0.0,128,6
6705,collapse_007,collapse,7,72,150067,0.5,0.65,0.0,128,6
6706,collapse_007,collapse,7,73,150067,0.5,0.65,0.0,128,6
6707,collapse_007,collapse,7,74,150067,0.5,0.65,0.0,128,6
6708,collapse_007,collapse,7,75,150067,0.5,0.65,0.0,128,6
6709,collapse_007,collapse,7,76,150067,0.5,0.65,0.0,128,6
6710,collapse_007,collapse,7,77,150067,0.5,0.65,0.0,128,6
6711,collapse_007,collapse,7,78,150067,0.5,0.65,0.0,128,6
6712,collapse_007,collapse,7,79,150067,0.5,0.65,0.0,128,6
6713,collapse_007,collapse,7,80,150067,0.5,0.65,0.0,128,6
6714,collapse_007,collapse,7,81,150067,0.5,0.65,0.0,128,6
6715,collapse_007,collapse,7,82,150067,0.5,0.65,0.0,128,6
6716,collapse_007,collapse,7,83,150067,0.5,0.65,0.0,128,6
6717,collapse_007,collapse,7,84,150067,0.5,0.65,0.0,128,6
6718,collapse_007,collapse,7,85,150067,0.5,0.65,0.0,128,6
6719,collapse_007,collapse,7,86,150067,0.5,0.65,0.0,128,6
6720,collapse_007,collapse,7,87,150067,0.5,0.65,0.0,128,6
6721,collapse_007,collapse,7,88,150067,0.5,0.65,0.0,128,6
6722,collapse_007,collapse,7,89,150067,0.5,0.65,0.0,128,6
6723,collapse_007,collapse,7,90,150067,0.5,0.65,0.0,128,6
6724,collapse_007,collapse,7,91,150067,0.5,0.65,0.0,128,6
6725,collapse_007,collapse,7,92,150067,0.5,0.65,0.0,128,6
6726,collapse_007,collapse,7,93,150067,0.5,0.65,0.0,128,6
6727,collapse_007,collapse,7,94,150067,0.5,0.65,0.0,128,6
6728,collapse_007,collapse,7,95,150067,0.5,0.65,0.0,128,6
6729,collapse_007,collapse,7,96,150067,0.5,0.65,0.0,128,6
6730,collapse_007,collapse,7,97,150067,0.5,0.65,0.0,128,6
6731,collapse_007,collapse,7,98,150067,0.5,0.65,0.0,128,6
6732,collapse_008,collapse,8,0,150068,0.5,0.65,0.0,128,6
6733,collapse_008,collapse,8,1,150068,0.5,0.65,0.0,128,6
6734,collapse_008,collapse,8,2,150068,0.5,0.65,0.0,128,6
6735,collapse_008,collapse,8,3,150068,0.5,0.65,0.0,128,6
6736,collapse_008,collapse,8,4,150068,0.5,0.65,0.0,128,6
6737,collapse_008,collapse,8,5,150068,0.5,0.65,0.0,128,6
6738,collapse_008,collapse,8,6,150068,0.5,0.65,0.0,128,6
6739,collapse_008,collapse,8,7,150068,0.5,0.65,0.0,128,6
6740,collapse_008,collapse,8,8,150068,0.5,0.65,0.0,128,6
6741,collapse_008,collapse,8,9,150068,0.5,0.65,0.0,128,6
6742,collapse_008,collapse,8,10,150068,0.5,0.65,0.0,128,6
6743,collapse_008,collapse,8,11,150068,0.5,0.65,0.0,128,6
6744,collapse_008,collapse,8,12,150068,0.5,0.65,0.0,128,6
6745,collapse_008,collapse,8,13,150068,0.5,0.65,0.0,128,6
6746,collapse_008,collapse,8,14,150068,0.5,0.65,0.0,128,6
6747,collapse_008,collapse,8,15,150068,0.5,0.65,0.0,128,6
6748,collapse_008,collapse,8,16,150068,0.5,0.65,0.0,128,6
6749,collapse_008,collapse,8,17,150068,0.5,0.65,0.0,128,6
6750,collapse_008,collapse,8,18,150068,0.5,0.65,0.0,128,6
6751,collapse_008,collapse,8,19,150068,0.5,0.65,0.0,128,6
6752,collapse_008,collapse,8,20,150068,0.5,0.65,0.0,128,6
6753,collapse_008,collapse,8,21,150068,0.5,0.65,0.0,128,6
6754,collapse_008,collapse,8,22,150068,0.5,0.65,0.0,128,6
6755,collapse_008,collapse,8,23,150068,0.5,0.65,0.0,128,6
6756,collapse_008,collapse,8,24,150068,0.5,0.65,0.0,128,6
6757,collapse_008,collapse,8,25,150068,0.5,0.65,0.0,128,6
6758,collapse_008,collapse,8,26,150068,0.5,0.65,0.0,128,6
6759,collapse_008,collapse,8,27,150068,0.5,0.65,0.0,128,6
6760,collapse_008,collapse,8,28,150068,0.5,0.65,0.0,128,6
6761,collapse_008,collapse,8,29,150068,0.5,0.65,0.0,128,6
6762,collapse_008,collapse,8,30,150068,0.5,0.65,0.0,128,6
6763,collapse_008,collapse,8,31,150068,0.5,0.65,0.0,128,6
6764,collapse_008,collapse,8,32,150068,0.5,0.65,0.0,128,6
6765,collapse_008,collapse,8,33,150068,0.5,0.65,0.0,128,6
6766,collapse_008,collapse,8,34,150068,0.5,0.65,0.0,128,6
6767,collapse_008,collapse,8,35,150068,0.5,0.65,0.0,128,6
6768,collapse_008,collapse,8,36,150068,0.5,0.65,0.0,128,6
6769,collapse_008,collapse,8,37,150068,0.5,0.65,0.0,128,6
6770,collapse_008,collapse,8,38,150068,0.5,0.65,0.0,128,6
6771,collapse_008,collapse,8,39,150068,0.5,0.65,0.0,128,6
6772,collapse_008,collapse,8,40,150068,0.5,0.65,0.0,128,6
6773,collapse_008,collapse,8,41,150068,0.5,0.65,0.0,128,6
6774,collapse_008,collapse,8,42,150068,0.5,0.65,0.0,128,6
6775,collapse_008,collapse,8,43,150068,0.5,0.65,0.0,128,6
6776,collapse_008,collapse,8,44,150068,0.5,0.65,0.0,128,6
6777,collapse_008,collapse,8,45,150068,0.5,0.65,0.0,128,6
6778,collapse_008,collapse,8,46,150068,0.5,0.65,0.0,128,6
6779,collapse_008,collapse,8,47,150068,0.5,0.65,0.0,128,6
6780,collapse_008,collapse,8,48,150068,0.5,0.65,0.0,128,6
6781,collapse_008,collapse,8,49,150068,0.5,0.65,0.0,128,6
6782,collapse_008,collapse,8,50,150068,0.5,0.65,0.0,128,6
6783,collapse_008,collapse,8,51,150068,0.5,0.65,0.0,128,6
6784,collapse_008,collapse,8,52,150068,0.5,0.65,0.0,128,6
6785,collapse_008,collapse,8,53,150068,0.5,0.65,0.0,128,6
6786,collapse_008,collapse,8,54,150068,0.5,0.65,0.0,128,6
6787,collapse_008,collapse,8,55,150068,0.5,0.65,0.0,128,6
6788,collapse_008,collapse,8,56,150068,0.5,0.65,0.0,128,6
6789,collapse_008,collapse,8,57,150068,0.5,0.65,0.0,128,6
6790,collapse_008,collapse,8,58,150068,0.5,0.65,0.0,128,6
6791,collapse_008,collapse,8,59,150068,0.5,0.65,0.0,128,6
6792,collapse_008,collapse,8,60,150068,0.5,0.65,0.0,128,6
6793,collapse_008,collapse,8,61,150068,0.5,0.65,0.0,128,6
6794,collapse_008,collapse,8,62,150068,0.5,0.65,0.0,128,6
6795,collapse_008,collapse,8,63,150068,0.5,0.65,0.0,128,6
6796,collapse_008,collapse,8,64,150068,0.5,0.65,0.0,128,6
6797,collapse_008,collapse,8,65,150068,0.5,0.65,0.0,128,6
6798,collapse_008,collapse,8,66,150068,0.5,0.65,0.0,128,6
6799,collapse_008,collapse,8,67,150068,0.5,0.65,0.0,128,6
6800,collapse_008,collapse,8,68,150068,0.5,0.65,0.0,128,6
6801,collapse_008,collapse,8,69,150068,0.5,0.65,0.0,128,6
6802,collapse_008,collapse,8,70,150068,0.5,0.65,0.0,128,6
6803,collapse_008,collapse,8,71,150068,0.5,0.65,0.0,128,6
6804,collapse_008,collapse,8,72,150068,0.5,0.65,0.0,128,6
6805,collapse_008,collapse,8,73,150068,0.5,0.65,0.0,128,6
6806,collapse_008,collapse,8,74,150068,0.5,0.65,0.0,128,6
6807,collapse_008,collapse,8,75,150068,0.5,0.65,0.0,128,6
6808,collapse_008,collapse,8,76,150068,0.5,0.65,0.0,128,6
6809,collapse_008,collapse,8,77,150068,0.5,0.65,0.0,128,6
6810,collapse_008,collapse,8,78,150068,0.5,0.65,0.0,128,6
6811,collapse_008,collapse,8,79,150068,0.5,0.65,0.0,128,6
6812,collapse_008,collapse,8,80,150068,0.5,0.65,0.0,128,6
6813,collapse_008,collapse,8,81,150068,0.5,0.65,0.0,128,6
6814,collapse_008,collapse,8,82,150068,0.5,0.65,0.0,128,6
6815,collapse_008,collapse,8,83,150068,0.5,0.65,0.0,128,6
6816,collapse_008,collapse,8,84,150068,0.5,0.65,0.0,128,6
6817,collapse_008,collapse,8,85,150068,0.5,0.65,0.0,128,6
6818,collapse_008,collapse,8,86,150068,0.5,0.65,0.0,128,6
6819,collapse_008,collapse,8,87,150068,0.5,0.65,0.0,128,6
6820,collapse_008,collapse,8,88,150068,0.5,0.65,0.0,128,6
6821,collapse_008,collapse,8,89,150068,0.5,0.65,0.0,128,6
6822,collapse_008,collapse,8,90,150068,0.5,0.65,0.0,128,6
6823,collapse_008,collapse,8,91,150068,0.5,0.65,0.0,128,6
6824,collapse_008,collapse,8,92,150068,0.5,0.65,0.0,128,6
6825,collapse_008,collapse,8,93,150068,0.5,0.65,0.0,128,6
6826,collapse_008,collapse,8,94,150068,0.5,0.65,0.0,128,6
6827,collapse_008,collapse,8,95,150068,0.5,0.65,0.0,128,6
6828,collapse_008,collapse,8,96,150068,0.5,0.65,0.0,128,6
6829,collapse_008,collapse,8,97,150068,0.5,0.65,0.0,128,6
6830,collapse_008,collapse,8,98,150068,0.5,0.65,0.0,128,6
6831,collapse_009,collapse,9,0,150069,0.5,0.65,0.0,128,6
6832,collapse_009,collapse,9,1,150069,0.5,0.65,0.0,128,6
6833,collapse_009,collapse,9,2,150069,0.5,0.65,0.0,128,6
6834,collapse_009,collapse,9,3,150069,0.5,0.65,0.0,128,6
6835,collapse_009,collapse,9,4,150069,0.5,0.65,0.0,128,6
6836,collapse_009,collapse,9,5,150069,0.5,0.65,0.0,128,6
6837,collapse_009,collapse,9,6,150069,0.5,0.65,0.0,128,6
6838,collapse_009,collapse,9,7,150069,0.5,0.65,0.0,128,6
6839,collapse_009,collapse,9,8,150069,0.5,0.65,0.0,128,6
6840,collapse_009,collapse,9,9,150069,0.5,0.65,0.0,128,6
6841,collapse_009,collapse,9,10,150069,0.5,0.65,0.0,128,6
6842,collapse_009,collapse,9,11,150069,0.5,0.65,0.0,128,6
6843,collapse_009,collapse,9,12,150069,0.5,0.65,0.0,128,6
6844,collapse_009,collapse,9,13,150069,0.5,0.65,0.0,128,6
6845,collapse_009,collapse,9,14,150069,0.5,0.65,0.0,128,6
6846,collapse_009,collapse,9,15,150069,0.5,0.65,0.0,128,6
6847,collapse_009,collapse,9,16,150069,0.5,0.65,0.0,128,6
6848,collapse_009,collapse,9,17,150069,0.5,0.65,0.0,128,6
6849,collapse_009,collapse,9,18,150069,0.5,0.65,0.0,128,6
6850,collapse_009,collapse,9,19,150069,0.5,0.65,0.0,128,6
6851,collapse_009,collapse,9,20,150069,0.5,0.65,0.0,128,6
6852,collapse_009,collapse,9,21,150069,0.5,0.65,0.0,128,6
6853,collapse_009,collapse,9,22,150069,0.5,0.65,0.0,128,6
6854,collapse_009,collapse,9,23,150069,0.5,0.65,0.0,128,6
6855,collapse_009,collapse,9,24,150069,0.5,0.65,0.0,128,6
6856,collapse_009,collapse,9,25,150069,0.5,0.65,0.0,128,6
6857,collapse_009,collapse,9,26,150069,0.5,0.65,0.0,128,6
6858,collapse_009,collapse,9,27,150069,0.5,0.65,0.0,128,6
6859,collapse_009,collapse,9,28,150069,0.5,0.65,0.0,128,6
6860,collapse_009,collapse,9,29,150069,0.5,0.65,0.0,128,6
6861,collapse_009,collapse,9,30,150069,0.5,0.65,0.0,128,6
6862,collapse_009,collapse,9,31,150069,0.5,0.65,0.0,128,6
6863,collapse_009,collapse,9,32,150069,0.5,0.65,0.0,128,6
6864,collapse_009,collapse,9,33,150069,0.5,0.65,0.0,128,6
6865,collapse_009,collapse,9,34,150069,0.5,0.65,0.0,128,6
6866,collapse_009,collapse,9,35,150069,0.5,0.65,0.0,128,6
6867,collapse_009,collapse,9,36,150069,0.5,0.65,0.0,128,6
6868,collapse_009,collapse,9,37,150069,0.5,0.65,0.0,128,6
6869,collapse_009,collapse,9,38,150069,0.5,0.65,0.0,128,6
6870,collapse_009,collapse,9,39,150069,0.5,0.65,0.0,128,6
6871,collapse_009,collapse,9,40,150069,0.5,0.65,0.0,128,6
6872,collapse_009,collapse,9,41,150069,0.5,0.65,0.0,128,6
6873,collapse_009,collapse,9,42,150069,0.5,0.65,0.0,128,6
6874,collapse_009,collapse,9,43,150069,0.5,0.65,0.0,128,6
6875,collapse_009,collapse,9,44,150069,0.5,0.65,0.0,128,6
6876,collapse_009,collapse,9,45,150069,0.5,0.65,0.0,128,6
6877,collapse_009,collapse,9,46,150069,0.5,0.65,0.0,128,6
6878,collapse_009,collapse,9,47,150069,0.5,0.65,0.0,128,6
6879,collapse_009,collapse,9,48,150069,0.5,0.65,0.0,128,6
6880,collapse_009,collapse,9,49,150069,0.5,0.65,0.0,128,6
6881,collapse_009,collapse,9,50,150069,0.5,0.65,0.0,128,6
6882,collapse_009,collapse,9,51,150069,0.5,0.65,0.0,128,6
6883,collapse_009,collapse,9,52,150069,0.5,0.65,0.0,128,6
6884,collapse_009,collapse,9,53,150069,0.5,0.65,0.0,128,6
6885,collapse_009,collapse,9,54,150069,0.5,0.65,0.0,128,6
6886,collapse_009,collapse,9,55,150069,0.5,0.65,0.0,128,6
6887,collapse_009,collapse,9,56,150069,0.5,0.65,0.0,128,6
6888,collapse_009,collapse,9,57,150069,0.5,0.65,0.0,128,6
6889,collapse_009,collapse,9,58,150069,0.5,0.65,0.0,128,6
6890,collapse_009,collapse,9,59,150069,0.5,0.65,0.0,128,6
6891,collapse_009,collapse,9,60,150069,0.5,0.65,0.0,128,6
6892,collapse_009,collapse,9,61,150069,0.5,0.65,0.0,128,6
6893,collapse_009,collapse,9,62,150069,0.5,0.65,0.0,128,6
6894,collapse_009,collapse,9,63,150069,0.5,0.65,0.0,128,6
6895,collapse_009,collapse,9,64,150069,0.5,0.65,0.0,128,6
6896,collapse_009,collapse,9,65,150069,0.5,0.65,0.0,128,6
6897,collapse_009,collapse,9,66,150069,0.5,0.65,0.0,128,6
6898,collapse_009,collapse,9,67,150069,0.5,0.65,0.0,128,6
6899,collapse_009,collapse,9,68,150069,0.5,0.65,0.0,128,6
6900,collapse_009,collapse,9,69,150069,0.5,0.65,0.0,128,6
6901,collapse_009,collapse,9,70,150069,0.5,0.65,0.0,128,6
6902,collapse_009,collapse,9,71,150069,0.5,0.65,0.0,128,6
6903,collapse_009,collapse,9,72,150069,0.5,0.65,0.0,128,6
6904,collapse_009,collapse,9,73,150069,0.5,0.65,0.0,128,6
6905,collapse_009,collapse,9,74,150069,0.5,0.65,0.0,128,6
6906,collapse_009,collapse,9,75,150069,0.5,0.65,0.0,128,6
6907,collapse_009,collapse,9,76,150069,0.5,0.65,0.0,128,6
6908,collapse_009,collapse,9,77,150069,0.5,0.65,0.0,128,6
6909,collapse_009,collapse,9,78,150069,0.5,0.65,0.0,128,6
6910,collapse_009,collapse,9,79,150069,0.5,0.65,0.0,128,6
6911,collapse_009,collapse,9,80,150069,0.5,0.65,0.0,128,6
6912,collapse_009,collapse,9,81,150069,0.5,0.65,0.0,128,6
6913,collapse_009,collapse,9,82,150069,0.5,0.65,0.0,128,6
6914,collapse_009,collapse,9,83,150069,0.5,0.65,0.0,128,6
6915,collapse_009,collapse,9,84,150069,0.5,0.65,0.0,128,6
6916,collapse_009,collapse,9,85,150069,0.5,0.65,0.0,128,6
6917,collapse_009,collapse,9,86,150069,0.5,0.65,0.0,128,6
6918,collapse_009,collapse,9,87,150069,0.5,0.65,0.0,128,6
6919,collapse_009,collapse,9,88,150069,0.5,0.65,0.0,128,6
6920,collapse_009,collapse,9,89,150069,0.5,0.65,0.0,128,6
6921,collapse_009,collapse,9,90,150069,0.5,0.65,0.0,128,6
6922,collapse_009,collapse,9,91,150069,0.5,0.65,0.0,128,6
6923,collapse_009,collapse,9,92,150069,0.5,0.65,0.0,128,6
6924,collapse_009,collapse,9,93,150069,0.5,0.65,0.0,128,6
6925,collapse_009,collapse,9,94,150069,0.5,0.65,0.0,128,6
6926,collapse_009,collapse,9,95,150069,0.5,0.65,0.0,128,6
6927,collapse_009,collapse,9,96,150069,0.5,0.65,0.0,128,6
6928,collapse_009,collapse,9,97,150069,0.5,0.65,0.0,128,6
6929,collapse_009,collapse,9,98,150069,0.5,0.65,0.0,128,6
6930,collapse_010,collapse,10,0,150070,0.5,0.65,0.0,128,6
6931,collapse_010,collapse,10,1,150070,0.5,0.65,0.0,128,6
6932,collapse_010,collapse,10,2,150070,0.5,0.65,0.0,128,6
6933,collapse_010,collapse,10,3,150070,0.5,0.65,0.0,128,6
6934,collapse_010,collapse,10,4,150070,0.5,0.65,0.0,128,6
6935,collapse_010,collapse,10,5,150070,0.5,0.65,0.0,128,6
6936,collapse_010,collapse,10,6,150070,0.5,0.65,0.0,128,6
6937,collapse_010,collapse,10,7,150070,0.5,0.65,0.0,128,6
6938,collapse_010,collapse,10,8,150070,0.5,0.65,0.0,128,6
6939,collapse_010,collapse,10,9,150070,0.5,0.65,0.0,128,6
6940,collapse_010,collapse,10,10,150070,0.5,0.65,0.0,128,6
6941,collapse_010,collapse,10,11,150070,0.5,0.65,0.0,128,6
6942,collapse_010,collapse,10,12,150070,0.5,0.65,0.0,128,6
6943,collapse_010,collapse,10,13,150070,0.5,0.65,0.0,128,6
6944,collapse_010,collapse,10,14,150070,0.5,0.65,0.0,128,6
6945,collapse_010,collapse,10,15,150070,0.5,0.65,0.0,128,6
6946,collapse_010,collapse,10,16,150070,0.5,0.65,0.0,128,6
6947,collapse_010,collapse,10,17,150070,0.5,0.65,0.0,128,6
6948,collapse_010,collapse,10,18,150070,0.5,0.65,0.0,128,6
6949,collapse_010,collapse,10,19,150070,0.5,0.65,0.0,128,6
6950,collapse_010,collapse,10,20,150070,0.5,0.65,0.0,128,6
6951,collapse_010,collapse,10,21,150070,0.5,0.65,0.0,128,6
6952,collapse_010,collapse,10,22,150070,0.5,0.65,0.0,128,6
6953,collapse_010,collapse,10,23,150070,0.5,0.65,0.0,128,6
6954,collapse_010,collapse,10,24,150070,0.5,0.65,0.0,128,6
6955,collapse_010,collapse,10,25,150070,0.5,0.65,0.0,128,6
6956,collapse_010,collapse,10,26,150070,0.5,0.65,0.0,128,6
6957,collapse_010,collapse,10,27,150070,0.5,0.65,0.0,128,6
6958,collapse_010,collapse,10,28,150070,0.5,0.65,0.0,128,6
6959,collapse_010,collapse,10,29,150070,0.5,0.65,0.0,128,6
6960,collapse_010,collapse,10,30,150070,0.5,0.65,0.0,128,6
6961,collapse_010,collapse,10,31,150070,0.5,0.65,0.0,128,6
6962,collapse_010,collapse,10,32,150070,0.5,0.65,0.0,128,6
6963,collapse_010,collapse,10,33,150070,0.5,0.65,0.0,128,6
6964,collapse_010,collapse,10,34,150070,0.5,0.65,0.0,128,6
6965,collapse_010,collapse,10,35,150070,0.5,0.65,0.0,128,6
6966,collapse_010,collapse,10,36,150070,0.5,0.65,0.0,128,6
6967,collapse_010,collapse,10,37,150070,0.5,0.65,0.0,128,6
6968,collapse_010,collapse,10,38,150070,0.5,0.65,0.0,128,6
6969,collapse_010,collapse,10,39,150070,0.5,0.65,0.0,128,6
6970,collapse_010,collapse,10,40,150070,0.5,0.65,0.0,128,6
6971,collapse_010,collapse,10,41,150070,0.5,0.65,0.0,128,6
6972,collapse_010,collapse,10,42,150070,0.5,0.65,0.0,128,6
6973,collapse_010,collapse,10,43,150070,0.5,0.65,0.0,128,6
6974,collapse_010,collapse,10,44,150070,0.5,0.65,0.0,128,6
6975,collapse_010,collapse,10,45,150070,0.5,0.65,0.0,128,6
6976,collapse_010,collapse,10,46,150070,0.5,0.65,0.0,128,6
6977,collapse_010,collapse,10,47,150070,0.5,0.65,0.0,128,6
6978,collapse_010,collapse,10,48,150070,0.5,0.65,0.0,128,6
6979,collapse_010,collapse,10,49,150070,0.5,0.65,0.0,128,6
6980,collapse_010,collapse,10,50,150070,0.5,0.65,0.0,128,6
6981,collapse_010,collapse,10,51,150070,0.5,0.65,0.0,128,6
6982,collapse_010,collapse,10,52,150070,0.5,0.65,0.0,128,6
6983,collapse_010,collapse,10,53,150070,0.5,0.65,0.0,128,6
6984,collapse_010,collapse,10,54,150070,0.5,0.65,0.0,128,6
6985,collapse_010,collapse,10,55,150070,0.5,0.65,0.0,128,6
6986,collapse_010,collapse,10,56,150070,0.5,0.65,0.0,128,6
6987,collapse_010,collapse,10,57,150070,0.5,0.65,0.0,128,6
6988,collapse_010,collapse,10,58,150070,0.5,0.65,0.0,128,6
6989,collapse_010,collapse,10,59,150070,0.5,0.65,0.0,128,6
6990,collapse_010,collapse,10,60,150070,0.5,0.65,0.0,128,6
6991,collapse_010,collapse,10,61,150070,0.5,0.65,0.0,128,6
6992,collapse_010,collapse,10,62,150070,0.5,0.65,0.0,128,6
6993,collapse_010,collapse,10,63,150070,0.5,0.65,0.0,128,6
6994,collapse_010,collapse,10,64,150070,0.5,0.65,0.0,128,6
6995,collapse_010,collapse,10,65,150070,0.5,0.65,0.0,128,6
6996,collapse_010,collapse,10,66,150070,0.5,0.65,0.0,128,6
6997,collapse_010,collapse,10,67,150070,0.5,0.65,0.0,128,6
6998,collapse_010,collapse,10,68,150070,0.5,0.65,0.0,128,6
6999,collapse_010,collapse,10,69,150070,0.5,0.65,0.0,128,6
7000,collapse_010,collapse,10,70,150070,0.5,0.65,0.0,128,6
7001,collapse_010,collapse,10,71,150070,0.5,0.65,0.0,128,6
7002,collapse_010,collapse,10,72,150070,0.5,0.65,0.0,128,6
7003,collapse_010,collapse,10,73,150070,0.5,0.65,0.0,128,6
7004,collapse_010,collapse,10,74,150070,0.5,0.65,0.0,128,6
7005,collapse_010,collapse,10,75,150070,0.5,0.65,0.0,128,6
7006,collapse_010,collapse,10,76,150070,0.5,0.65,0.0,128,6
7007,collapse_010,collapse,10,77,150070,0.5,0.65,0.0,128,6
7008,collapse_010,collapse,10,78,150070,0.5,0.65,0.0,128,6
7009,collapse_010,collapse,10,79,150070,0.5,0.65,0.0,128,6
7010,collapse_010,collapse,10,80,150070,0.5,0.65,0.0,128,6
7011,collapse_010,collapse,10,81,150070,0.5,0.65,0.0,128,6
7012,collapse_010,collapse,10,82,150070,0.5,0.65,0.0,128,6
7013,collapse_010,collapse,10,83,150070,0.5,0.65,0.0,128,6
7014,collapse_010,collapse,10,84,150070,0.5,0.65,0.0,128,6
7015,collapse_010,collapse,10,85,150070,0.5,0.65,0.0,128,6
7016,collapse_010,collapse,10,86,150070,0.5,0.65,0.0,128,6
7017,collapse_010,collapse,10,87,150070,0.5,0.65,0.0,128,6
7018,collapse_010,collapse,10,88,150070,0.5,0.65,0.0,128,6
7019,collapse_010,collapse,10,89,150070,0.5,0.65,0.0,128,6
7020,collapse_010,collapse,10,90,150070,0.5,0.65,0.0,128,6
7021,collapse_010,collapse,10,91,150070,0.5,0.65,0.0,128,6
7022,collapse_010,collapse,10,92,150070,0.5,0.65,0.0,128,6
7023,collapse_010,collapse,10,93,150070,0.5,0.65,0.0,128,6
7024,collapse_010,collapse,10,94,150070,0.5,0.65,0.0,128,6
7025,collapse_010,collapse,10,95,150070,0.5,0.65,0.0,128,6
7026,collapse_010,collapse,10,96,150070,0.5,0.65,0.0,128,6
7027,collapse_010,collapse,10,97,150070,0.5,0.65,0.0,128,6
7028,collapse_010,collapse,10,98,150070,0.5,0.65,0.0,128,6
7029,collapse_011,collapse,11,0,150071,0.5,0.65,0.0,128,6
7030,collapse_011,collapse,11,1,150071,0.5,0.65,0.0,128,6
7031,collapse_011,collapse,11,2,150071,0.5,0.65,0.0,128,6
7032,collapse_011,collapse,11,3,150071,0.5,0.65,0.0,128,6
7033,collapse_011,collapse,11,4,150071,0.5,0.65,0.0,128,6
7034,collapse_011,collapse,11,5,150071,0.5,0.65,0.0,128,6
7035,collapse_011,collapse,11,6,150071,0.5,0.65,0.0,128,6
7036,collapse_011,collapse,11,7,150071,0.5,0.65,0.0,128,6
7037,collapse_011,collapse,11,8,150071,0.5,0.65,0.0,128,6
7038,collapse_011,collapse,11,9,150071,0.5,0.65,0.0,128,6
7039,collapse_011,collapse,11,10,150071,0.5,0.65,0.0,128,6
7040,collapse_011,collapse,11,11,150071,0.5,0.65,0.0,128,6
7041,collapse_011,collapse,11,12,150071,0.5,0.65,0.0,128,6
7042,collapse_011,collapse,11,13,150071,0.5,0.65,0.0,128,6
7043,collapse_011,collapse,11,14,150071,0.5,0.65,0.0,128,6
7044,collapse_011,collapse,11,15,150071,0.5,0.65,0.0,128,6
7045,collapse_011,collapse,11,16,150071,0.5,0.65,0.0,128,6
7046,collapse_011,collapse,11,17,150071,0.5,0.65,0.0,128,6
7047,collapse_011,collapse,11,18,150071,0.5,0.65,0.0,128,6
7048,collapse_011,collapse,11,19,150071,0.5,0.65,0.0,128,6
7049,collapse_011,collapse,11,20,150071,0.5,0.65,0.0,128,6
7050,collapse_011,collapse,11,21,150071,0.5,0.65,0.0,128,6
7051,collapse_011,collapse,11,22,150071,0.5,0.65,0.0,128,6
7052,collapse_011,collapse,11,23,150071,0.5,0.65,0.0,128,6
7053,collapse_011,collapse,11,24,150071,0.5,0.65,0.0,128,6
7054,collapse_011,collapse,11,25,150071,0.5,0.65,0.0,128,6
7055,collapse_011,collapse,11,26,150071,0.5,0.65,0.0,128,6
7056,collapse_011,collapse,11,27,150071,0.5,0.65,0.0,128,6
7057,collapse_011,collapse,11,28,150071,0.5,0.65,0.0,128,6
7058,collapse_011,collapse,11,29,150071,0.5,0.65,0.0,128,6
7059,collapse_011,collapse,11,30,150071,0.5,0.65,0.0,128,6
7060,collapse_011,collapse,11,31,150071,0.5,0.65,0.0,128,6
7061,collapse_011,collapse,11,32,150071,0.5,0.65,0.0,128,6
7062,collapse_011,collapse,11,33,150071,0.5,0.65,0.0,128,6
7063,collapse_011,collapse,11,34,150071,0.5,0.65,0.0,128,6
7064,collapse_011,collapse,11,35,150071,0.5,0.65,0.0,128,6
7065,collapse_011,collapse,11,36,150071,0.5,0.65,0.0,128,6
7066,collapse_011,collapse,11,37,150071,0.5,0.65,0.0,128,6
7067,collapse_011,collapse,11,38,150071,0.5,0.65,0.0,128,6
7068,collapse_011,collapse,11,39,150071,0.5,0.65,0.0,128,6
7069,collapse_011,collapse,11,40,150071,0.5,0.65,0.0,128,6
7070,collapse_011,collapse,11,41,150071,0.5,0.65,0.0,128,6
7071,collapse_011,collapse,11,42,150071,0.5,0.65,0.0,128,6
7072,collapse_011,collapse,11,43,150071,0.5,0.65,0.0,128,6
7073,collapse_011,collapse,11,44,150071,0.5,0.65,0.0,128,6
7074,collapse_011,collapse,11,45,150071,0.5,0.65,0.0,128,6
7075,collapse_011,collapse,11,46,150071,0.5,0.65,0.0,128,6
7076,collapse_011,collapse,11,47,150071,0.5,0.65,0.0,128,6
7077,collapse_011,collapse,11,48,150071,0.5,0.65,0.0,128,6
7078,collapse_011,collapse,11,49,150071,0.5,0.65,0.0,128,6
7079,collapse_011,collapse,11,50,150071,0.5,0.65,0.0,128,6
7080,collapse_011,collapse,11,51,150071,0.5,0.65,0.0,128,6
7081,collapse_011,collapse,11,52,150071,0.5,0.65,0.0,128,6
7082,collapse_011,collapse,11,53,150071,0.5,0.65,0.0,128,6
7083,collapse_011,collapse,11,54,150071,0.5,0.65,0.0,128,6
7084,collapse_011,collapse,11,55,150071,0.5,0.65,0.0,128,6
7085,collapse_011,collapse,11,56,150071,0.5,0.65,0.0,128,6
7086,collapse_011,collapse,11,57,150071,0.5,0.65,0.0,128,6
7087,collapse_011,collapse,11,58,150071,0.5,0.65,0.0,128,6
7088,collapse_011,collapse,11,59,150071,0.5,0.65,0.0,128,6
7089,collapse_011,collapse,11,60,150071,0.5,0.65,0.0,128,6
7090,collapse_011,collapse,11,61,150071,0.5,0.65,0.0,128,6
7091,collapse_011,collapse,11,62,150071,0.5,0.65,0.0,128,6
7092,collapse_011,collapse,11,63,150071,0.5,0.65,0.0,128,6
7093,collapse_011,collapse,11,64,150071,0.5,0.65,0.0,128,6
7094,collapse_011,collapse,11,65,150071,0.5,0.65,0.0,128,6
7095,collapse_011,collapse,11,66,150071,0.5,0.65,0.0,128,6
7096,collapse_011,collapse,11,67,150071,0.5,0.65,0.0,128,6
7097,collapse_011,collapse,11,68,150071,0.5,0.65,0.0,128,6
7098,collapse_011,collapse,11,69,150071,0.5,0.65,0.0,128,6
7099,collapse_011,collapse,11,70,150071,0.5,0.65,0.0,128,6
7100,collapse_011,collapse,11,71,150071,0.5,0.65,0.0,128,6
7101,collapse_011,collapse,11,72,150071,0.5,0.65,0.0,128,6
7102,collapse_011,collapse,11,73,150071,0.5,0.65,0.0,128,6
7103,collapse_011,collapse,11,74,150071,0.5,0.65,0.0,128,6
7104,collapse_011,collapse,11,75,150071,0.5,0.65,0.0,128,6
7105,collapse_011,collapse,11,76,150071,0.5,0.65,0.0,128,6
7106,collapse_011,collapse,11,77,150071,0.5,0.65,0.0,128,6
7107,collapse_011,collapse,11,78,150071,0.5,0.65,0.0,128,6
7108,collapse_011,collapse,11,79,150071,0.5,0.65,0.0,128,6
7109,collapse_011,collapse,11,80,150071,0.5,0.65,0.0,128,6
7110,collapse_011,collapse,11,81,150071,0.5,0.65,0.0,128,6
7111,collapse_011,collapse,11,82,150071,0.5,0.65,0.0,128,6
7112,collapse_011,collapse,11,83,150071,0.5,0.65,0.0,128,6
7113,collapse_011,collapse,11,84,150071,0.5,0.65,0.0,128,6
7114,collapse_011,collapse,11,85,150071,0.5,0.65,0.0,128,6
7115,collapse_011,collapse,11,86,150071,0.5,0.65,0.0,128,6
7116,collapse_011,collapse,11,87,150071,0.5,0.65,0.0,128,6
7117,collapse_011,collapse,11,88,150071,0.5,0.65,0.0,128,6
7118,collapse_011,collapse,11,89,150071,0.5,0.65,0.0,128,6
7119,collapse_011,collapse,11,90,150071,0.5,0.65,0.0,128,6
7120,collapse_011,collapse,11,91,150071,0.5,0.65,0.0,128,6
7121,collapse_011,collapse,11,92,150071,0.5,0.65,0.0,128,6
7122,collapse_011,collapse,11,93,150071,0.5,0.65,0.0,128,6
7123,collapse_011,collapse,11,94,150071,0.5,0.65,0.0,128,6
7124,collapse_011,collapse,11,95,150071,0.5,0.65,0.0,128,6
7125,collapse_011,collapse,11,96,150071,0.5,0.65,0.0,128,6
7126,collapse_011,collapse,11,97,150071,0.5,0.65,0.0,128,6
7127,collapse_011,collapse,11,98,150071,0.5,0.65,0.0,128,6
7128,collapse_012,collapse,12,0,150072,0.5,0.65,0.0,128,6
7129,collapse_012,collapse,12,1,150072,0.5,0.65,0.0,128,6
7130,collapse_012,collapse,12,2,150072,0.5,0.65,0.0,128,6
7131,collapse_012,collapse,12,3,150072,0.5,0.65,0.0,128,6
7132,collapse_012,collapse,12,4,150072,0.5,0.65,0.0,128,6
7133,collapse_012,collapse,12,5,150072,0.5,0.65,0.0,128,6
7134,collapse_012,collapse,12,6,150072,0.5,0.65,0.0,128,6
7135,collapse_012,collapse,12,7,150072,0.5,0.65,0.0,128,6
7136,collapse_012,collapse,12,8,150072,0.5,0.65,0.0,128,6
7137,collapse_012,collapse,12,9,150072,0.5,0.65,0.0,128,6
7138,collapse_012,collapse,12,10,150072,0.5,0.65,0.0,128,6
7139,collapse_012,collapse,12,11,150072,0.5,0.65,0.0,128,6
7140,collapse_012,collapse,12,12,150072,0.5,0.65,0.0,128,6
7141,collapse_012,collapse,12,13,150072,0.5,0.65,0.0,128,6
7142,collapse_012,collapse,12,14,150072,0.5,0.65,0.0,128,6
7143,collapse_012,collapse,12,15,150072,0.5,0.65,0.0,128,6
7144,collapse_012,collapse,12,16,150072,0.5,0.65,0.0,128,6
7145,collapse_012,collapse,12,17,150072,0.5,0.65,0.0,128,6
7146,collapse_012,collapse,12,18,150072,0.5,0.65,0.0,128,6
7147,collapse_012,collapse,12,19,150072,0.5,0.65,0.0,128,6
7148,collapse_012,collapse,12,20,150072,0.5,0.65,0.0,128,6
7149,collapse_012,collapse,12,21,150072,0.5,0.65,0.0,128,6
7150,collapse_012,collapse,12,22,150072,0.5,0.65,0.0,128,6
7151,collapse_012,collapse,12,23,150072,0.5,0.65,0.0,128,6
7152,collapse_012,collapse,12,24,150072,0.5,0.65,0.0,128,6
7153,collapse_012,collapse,12,25,150072,0.5,0.65,0.0,128,6
7154,collapse_012,collapse,12,26,150072,0.5,0.65,0.0,128,6
7155,collapse_012,collapse,12,27,150072,0.5,0.65,0.0,128,6
7156,collapse_012,collapse,12,28,150072,0.5,0.65,0.0,128,6
7157,collapse_012,collapse,12,29,150072,0.5,0.65,0.0,128,6
7158,collapse_012,collapse,12,30,150072,0.5,0.65,0.0,128,6
7159,collapse_012,collapse,12,31,150072,0.5,0.65,0.0,128,6
7160,collapse_012,collapse,12,32,150072,0.5,0.65,0.0,128,6
7161,collapse_012,collapse,12,33,150072,0.5,0.65,0.0,128,6
7162,collapse_012,collapse,12,34,150072,0.5,0.65,0.0,128,6
7163,collapse_012,collapse,12,35,150072,0.5,0.65,0.0,128,6
7164,collapse_012,collapse,12,36,150072,0.5,0.65,0.0,128,6
7165,collapse_012,collapse,12,37,150072,0.5,0.65,0.0,128,6
7166,collapse_012,collapse,12,38,150072,0.5,0.65,0.0,128,6
7167,collapse_012,collapse,12,39,150072,0.5,0.65,0.0,128,6
7168,collapse_012,collapse,12,40,150072,0.5,0.65,0.0,128,6
7169,collapse_012,collapse,12,41,150072,0.5,0.65,0.0,128,6
7170,collapse_012,collapse,12,42,150072,0.5,0.65,0.0,128,6
7171,collapse_012,collapse,12,43,150072,0.5,0.65,0.0,128,6
7172,collapse_012,collapse,12,44,150072,0.5,0.65,0.0,128,6
7173,collapse_012,collapse,12,45,150072,0.5,0.65,0.0,128,6
7174,collapse_012,collapse,12,46,150072,0.5,0.65,0.0,128,6
7175,collapse_012,collapse,12,47,150072,0.5,0.65,0.0,128,6
7176,collapse_012,collapse,12,48,150072,0.5,0.65,0.0,128,6
7177,collapse_012,collapse,12,49,150072,0.5,0.65,0.0,128,6
7178,collapse_012,collapse,12,50,150072,0.5,0.65,0.0,128,6
7179,collapse_012,collapse,12,51,150072,0.5,0.65,0.0,128,6
7180,collapse_012,collapse,12,52,150072,0.5,0.65,0.0,128,6
7181,collapse_012,collapse,12,53,150072,0.5,0.65,0.0,128,6
7182,collapse_012,collapse,12,54,150072,0.5,0.65,0.0,128,6
7183,collapse_012,collapse,12,55,150072,0.5,0.65,0.0,128,6
7184,collapse_012,collapse,12,56,150072,0.5,0.65,0.0,128,6
7185,collapse_012,collapse,12,57,150072,0.5,0.65,0.0,128,6
7186,collapse_012,collapse,12,58,150072,0.5,0.65,0.0,128,6
7187,collapse_012,collapse,12,59,150072,0.5,0.65,0.0,128,6
7188,collapse_012,collapse,12,60,150072,0.5,0.65,0.0,128,6
7189,collapse_012,collapse,12,61,150072,0.5,0.65,0.0,128,6
7190,collapse_012,collapse,12,62,150072,0.5,0.65,0.0,128,6
7191,collapse_012,collapse,12,63,150072,0.5,0.65,0.0,128,6
7192,collapse_012,collapse,12,64,150072,0.5,0.65,0.0,128,6
7193,collapse_012,collapse,12,65,150072,0.5,0.65,0.0,128,6
7194,collapse_012,collapse,12,66,150072,0.5,0.65,0.0,128,6
7195,collapse_012,collapse,12,67,150072,0.5,0.65,0.0,128,6
7196,collapse_012,collapse,12,68,150072,0.5,0.65,0.0,128,6
7197,collapse_012,collapse,12,69,150072,0.5,0.65,0.0,128,6
7198,collapse_012,collapse,12,70,150072,0.5,0.65,0.0,128,6
7199,collapse_012,collapse,12,71,150072,0.5,0.65,0.0,128,6
7200,collapse_012,collapse,12,72,150072,0.5,0.65,0.0,128,6
7201,collapse_012,collapse,12,73,150072,0.5,0.65,0.0,128,6
7202,collapse_012,collapse,12,74,150072,0.5,0.65,0.0,128,6
7203,collapse_012,collapse,12,75,150072,0.5,0.65,0.0,128,6
7204,collapse_012,collapse,12,76,150072,0.5,0.65,0.0,128,6
7205,collapse_012,collapse,12,77,150072,0.5,0.65,0.0,128,6
7206,collapse_012,collapse,12,78,150072,0.5,0.65,0.0,128,6
7207,collapse_012,collapse,12,79,150072,0.5,0.65,0.0,128,6
7208,collapse_012,collapse,12,80,150072,0.5,0.65,0.0,128,6
7209,collapse_012,collapse,12,81,150072,0.5,0.65,0.0,128,6
7210,collapse_012,collapse,12,82,150072,0.5,0.65,0.0,128,6
7211,collapse_012,collapse,12,83,150072,0.5,0.65,0.0,128,6
7212,collapse_012,collapse,12,84,150072,0.5,0.65,0.0,128,6
7213,collapse_012,collapse,12,85,150072,0.5,0.65,0.0,128,6
7214,collapse_012,collapse,12,86,150072,0.5,0.65,0.0,128,6
7215,collapse_012,collapse,12,87,150072,0.5,0.65,0.0,128,6
7216,collapse_012,collapse,12,88,150072,0.5,0.65,0.0,128,6
7217,collapse_012,collapse,12,89,150072,0.5,0.65,0.0,128,6
7218,collapse_012,collapse,12,90,150072,0.5,0.65,0.0,128,6
7219,collapse_012,collapse,12,91,150072,0.5,0.65,0.0,128,6
7220,collapse_012,collapse,12,92,150072,0.5,0.65,0.0,128,6
7221,collapse_012,collapse,12,93,150072,0.5,0.65,0.0,128,6
7222,collapse_012,collapse,12,94,150072,0.5,0.65,0.0,128,6
7223,collapse_012,collapse,12,95,150072,0.5,0.65,0.0,128,6
7224,collapse_012,collapse,12,96,150072,0.5,0.65,0.0,128,6
7225,collapse_012,collapse,12,97,150072,0.5,0.65,0.0,128,6
7226,collapse_012,collapse,12,98,150072,0.5,0.65,0.0,128,6
7227,collapse_013,collapse,13,0,150073,0.5,0.65,0.0,128,6
7228,collapse_013,collapse,13,1,150073,0.5,0.65,0.0,128,6
7229,collapse_013,collapse,13,2,150073,0.5,0.65,0.0,128,6
7230,collapse_013,collapse,13,3,150073,0.5,0.65,0.0,128,6
7231,collapse_013,collapse,13,4,150073,0.5,0.65,0.0,128,6
7232,collapse_013,collapse,13,5,150073,0.5,0.65,0.0,128,6
7233,collapse_013,collapse,13,6,150073,0.5,0.65,0.0,128,6
7234,collapse_013,collapse,13,7,150073,0.5,0.65,0.0,128,6
7235,collapse_013,collapse,13,8,150073,0.5,0.65,0.0,128,6
7236,collapse_013,collapse,13,9,150073,0.5,0.65,0.0,128,6
7237,collapse_013,collapse,13,10,150073,0.5,0.65,0.0,128,6
7238,collapse_013,collapse,13,11,150073,0.5,0.65,0.0,128,6
7239,collapse_013,collapse,13,12,150073,0.5,0.65,0.0,128,6
7240,collapse_013,collapse,13,13,150073,0.5,0.65,0.0,128,6
7241,collapse_013,collapse,13,14,150073,0.5,0.65,0.0,128,6
7242,collapse_013,collapse,13,15,150073,0.5,0.65,0.0,128,6
7243,collapse_013,collapse,13,16,150073,0.5,0.65,0.0,128,6
7244,collapse_013,collapse,13,17,150073,0.5,0.65,0.0,128,6
7245,collapse_013,collapse,13,18,150073,0.5,0.65,0.0,128,6
7246,collapse_013,collapse,13,19,150073,0.5,0.65,0.0,128,6
7247,collapse_013,collapse,13,20,150073,0.5,0.65,0.0,128,6
7248,collapse_013,collapse,13,21,150073,0.5,0.65,0.0,128,6
7249,collapse_013,collapse,13,22,150073,0.5,0.65,0.0,128,6
7250,collapse_013,collapse,13,23,150073,0.5,0.65,0.0,128,6
7251,collapse_013,collapse,13,24,150073,0.5,0.65,0.0,128,6
7252,collapse_013,collapse,13,25,150073,0.5,0.65,0.0,128,6
7253,collapse_013,collapse,13,26,150073,0.5,0.65,0.0,128,6
7254,collapse_013,collapse,13,27,150073,0.5,0.65,0.0,128,6
7255,collapse_013,collapse,13,28,150073,0.5,0.65,0.0,128,6
7256,collapse_013,collapse,13,29,150073,0.5,0.65,0.0,128,6
7257,collapse_013,collapse,13,30,150073,0.5,0.65,0.0,128,6
7258,collapse_013,collapse,13,31,150073,0.5,0.65,0.0,128,6
7259,collapse_013,collapse,13,32,150073,0.5,0.65,0.0,128,6
7260,collapse_013,collapse,13,33,150073,0.5,0.65,0.0,128,6
7261,collapse_013,collapse,13,34,150073,0.5,0.65,0.0,128,6
7262,collapse_013,collapse,13,35,150073,0.5,0.65,0.0,128,6
7263,collapse_013,collapse,13,36,150073,0.5,0.65,0.0,128,6
7264,collapse_013,collapse,13,37,150073,0.5,0.65,0.0,128,6
7265,collapse_013,collapse,13,38,150073,0.5,0.65,0.0,128,6
7266,collapse_013,collapse,13,39,150073,0.5,0.65,0.0,128,6
7267,collapse_013,collapse,13,40,150073,0.5,0.65,0.0,128,6
7268,collapse_013,collapse,13,41,150073,0.5,0.65,0.0,128,6
7269,collapse_013,collapse,13,42,150073,0.5,0.65,0.0,128,6
7270,collapse_013,collapse,13,43,150073,0.5,0.65,0.0,128,6
7271,collapse_013,collapse,13,44,150073,0.5,0.65,0.0,128,6
7272,collapse_013,collapse,13,45,150073,0.5,0.65,0.0,128,6
7273,collapse_013,collapse,13,46,150073,0.5,0.65,0.0,128,6
7274,collapse_013,collapse,13,47,150073,0.5,0.65,0.0,128,6
7275,collapse_013,collapse,13,48,150073,0.5,0.65,0.0,128,6
7276,collapse_013,collapse,13,49,150073,0.5,0.65,0.0,128,6
7277,collapse_013,collapse,13,50,150073,0.5,0.65,0.0,128,6
7278,collapse_013,collapse,13,51,150073,0.5,0.65,0.0,128,6
7279,collapse_013,collapse,13,52,150073,0.5,0.65,0.0,128,6
7280,collapse_013,collapse,13,53,150073,0.5,0.65,0.0,128,6
7281,collapse_013,collapse,13,54,150073,0.5,0.65,0.0,128,6
7282,collapse_013,collapse,13,55,150073,0.5,0.65,0.0,128,6
7283,collapse_013,collapse,13,56,150073,0.5,0.65,0.0,128,6
7284,collapse_013,collapse,13,57,150073,0.5,0.65,0.0,128,6
7285,collapse_013,collapse,13,58,150073,0.5,0.65,0.0,128,6
7286,collapse_013,collapse,13,59,150073,0.5,0.65,0.0,128,6
7287,collapse_013,collapse,13,60,150073,0.5,0.65,0.0,128,6
7288,collapse_013,collapse,13,61,150073,0.5,0.65,0.0,128,6
7289,collapse_013,collapse,13,62,150073,0.5,0.65,0.0,128,6
7290,collapse_013,collapse,13,63,150073,0.5,0.65,0.0,128,6
7291,collapse_013,collapse,13,64,150073,0.5,0.65,0.0,128,6
7292,collapse_013,collapse,13,65,150073,0.5,0.65,0.0,128,6
7293,collapse_013,collapse,13,66,150073,0.5,0.65,0.0,128,6
7294,collapse_013,collapse,13,67,150073,0.5,0.65,0.0,128,6
7295,collapse_013,collapse,13,68,150073,0.5,0.65,0.0,128,6
7296,collapse_013,collapse,13,69,150073,0.5,0.65,0.0,128,6
7297,collapse_013,collapse,13,70,150073,0.5,0.65,0.0,128,6
7298,collapse_013,collapse,13,71,150073,0.5,0.65,0.0,128,6
7299,collapse_013,collapse,13,72,150073,0.5,0.65,0.0,128,6
7300,collapse_013,collapse,13,73,150073,0.5,0.65,0.0,128,6
7301,collapse_013,collapse,13,74,150073,0.5,0.65,0.0,128,6
7302,collapse_013,collapse,13,75,150073,0.5,0.65,0.0,128,6
7303,collapse_013,collapse,13,76,150073,0.5,0.65,0.0,128,6
7304,collapse_013,collapse,13,77,150073,0.5,0.65,0.0,128,6
7305,collapse_013,collapse,13,78,150073,0.5,0.65,0.0,128,6
7306,collapse_013,collapse,13,79,150073,0.5,0.65,0.0,128,6
7307,collapse_013,collapse,13,80,150073,0.5,0.65,0.0,128,6
7308,collapse_013,collapse,13,81,150073,0.5,0.65,0.0,128,6
7309,collapse_013,collapse,13,82,150073,0.5,0.65,0.0,128,6
7310,collapse_013,collapse,13,83,150073,0.5,0.65,0.0,128,6
7311,collapse_013,collapse,13,84,150073,0.5,0.65,0.0,128,6
7312,collapse_013,collapse,13,85,150073,0.5,0.65,0.0,128,6
7313,collapse_013,collapse,13,86,150073,0.5,0.65,0.0,128,6
7314,collapse_013,collapse,13,87,150073,0.5,0.65,0.0,128,6
7315,collapse_013,collapse,13,88,150073,0.5,0.65,0.0,128,6
7316,collapse_013,collapse,13,89,150073,0.5,0.65,0.0,128,6
7317,collapse_013,collapse,13,90,150073,0.5,0.65,0.0,128,6
7318,collapse_013,collapse,13,91,150073,0.5,0.65,0.0,128,6
7319,collapse_013,collapse,13,92,150073,0.5,0.65,0.0,128,6
7320,collapse_013,collapse,13,93,150073,0.5,0.65,0.0,128,6
7321,collapse_013,collapse,13,94,150073,0.5,0.65,0.0,128,6
7322,collapse_013,collapse,13,95,150073,0.5,0.65,0.0,128,6
7323,collapse_013,collapse,13,96,150073,0.5,0.65,0.0,128,6
7324,collapse_013,collapse,13,97,150073,0.5,0.65,0.0,128,6
7325,collapse_013,collapse,13,98,150073,0.5,0.65,0.0,128,6
7326,collapse_014,collapse,14,0,150074,0.5,0.65,0.0,128,6
7327,collapse_014,collapse,14,1,150074,0.5,0.65,0.0,128,6
7328,collapse_014,collapse,14,2,150074,0.5,0.65,0.0,128,6
7329,collapse_014,collapse,14,3,150074,0.5,0.65,0.0,128,6
7330,collapse_014,collapse,14,4,150074,0.5,0.65,0.0,128,6
7331,collapse_014,collapse,14,5,150074,0.5,0.65,0.0,128,6
7332,collapse_014,collapse,14,6,150074,0.5,0.65,0.0,128,6
7333,collapse_014,collapse,14,7,150074,0.5,0.65,0.0,128,6
7334,collapse_014,collapse,14,8,150074,0.5,0.65,0.0,128,6
7335,collapse_014,collapse,14,9,150074,0.5,0.65,0.0,128,6
7336,collapse_014,collapse,14,10,150074,0.5,0.65,0.0,128,6
7337,collapse_014,collapse,14,11,150074,0.5,0.65,0.0,128,6
7338,collapse_014,collapse,14,12,150074,0.5,0.65,0.0,128,6
7339,collapse_014,collapse,14,13,150074,0.5,0.65,0.0,128,6
7340,collapse_014,collapse,14,14,150074,0.5,0.65,0.0,128,6
7341,collapse_014,collapse,14,15,150074,0.5,0.65,0.0,128,6
7342,collapse_014,collapse,14,16,150074,0.5,0.65,0.0,128,6
7343,collapse_014,collapse,14,17,150074,0.5,0.65,0.0,128,6
7344,collapse_014,collapse,14,18,150074,0.5,0.65,0.0,128,6
7345,collapse_014,collapse,14,19,150074,0.5,0.65,0.0,128,6
7346,collapse_014,collapse,14,20,150074,0.5,0.65,0.0,128,6
7347,collapse_014,collapse,14,21,150074,0.5,0.65,0.0,128,6
7348,collapse_014,collapse,14,22,150074,0.5,0.65,0.0,128,6
7349,collapse_014,collapse,14,23,150074,0.5,0.65,0.0,128,6
7350,collapse_014,collapse,14,24,150074,0.5,0.65,0.0,128,6
7351,collapse_014,collapse,14,25,150074,0.5,0.65,0.0,128,6
7352,collapse_014,collapse,14,26,150074,0.5,0.65,0.0,128,6
7353,collapse_014,collapse,14,27,150074,0.5,0.65,0.0,128,6
7354,collapse_014,collapse,14,28,150074,0.5,0.65,0.0,128,6
7355,collapse_014,collapse,14,29,150074,0.5,0.65,0.0,128,6
7356,collapse_014,collapse,14,30,150074,0.5,0.65,0.0,128,6
7357,collapse_014,collapse,14,31,150074,0.5,0.65,0.0,128,6
7358,collapse_014,collapse,14,32,150074,0.5,0.65,0.0,128,6
7359,collapse_014,collapse,14,33,150074,0.5,0.65,0.0,128,6
7360,collapse_014,collapse,14,34,150074,0.5,0.65,0.0,128,6
7361,collapse_014,collapse,14,35,150074,0.5,0.65,0.0,128,6
7362,collapse_014,collapse,14,36,150074,0.5,0.65,0.0,128,6
7363,collapse_014,collapse,14,37,150074,0.5,0.65,0.0,128,6
7364,collapse_014,collapse,14,38,150074,0.5,0.65,0.0,128,6
7365,collapse_014,collapse,14,39,150074,0.5,0.65,0.0,128,6
7366,collapse_014,collapse,14,40,150074,0.5,0.65,0.0,128,6
7367,collapse_014,collapse,14,41,150074,0.5,0.65,0.0,128,6
7368,collapse_014,collapse,14,42,150074,0.5,0.65,0.0,128,6
7369,collapse_014,collapse,14,43,150074,0.5,0.65,0.0,128,6
7370,collapse_014,collapse,14,44,150074,0.5,0.65,0.0,128,6
7371,collapse_014,collapse,14,45,150074,0.5,0.65,0.0,128,6
7372,collapse_014,collapse,14,46,150074,0.5,0.65,0.0,128,6
7373,collapse_014,collapse,14,47,150074,0.5,0.65,0.0,128,6
7374,collapse_014,collapse,14,48,150074,0.5,0.65,0.0,128,6
7375,collapse_014,collapse,14,49,150074,0.5,0.65,0.0,128,6
7376,collapse_014,collapse,14,50,150074,0.5,0.65,0.0,128,6
7377,collapse_014,collapse,14,51,150074,0.5,0.65,0.0,128,6
7378,collapse_014,collapse,14,52,150074,0.5,0.65,0.0,128,6
7379,collapse_014,collapse,14,53,150074,0.5,0.65,0.0,128,6
7380,collapse_014,collapse,14,54,150074,0.5,0.65,0.0,128,6
7381,collapse_014,collapse,14,55,150074,0.5,0.65,0.0,128,6
7382,collapse_014,collapse,14,56,150074,0.5,0.65,0.0,128,6
7383,collapse_014,collapse,14,57,150074,0.5,0.65,0.0,128,6
7384,collapse_014,collapse,14,58,150074,0.5,0.65,0.0,128,6
7385,collapse_014,collapse,14,59,150074,0.5,0.65,0.0,128,6
7386,collapse_014,collapse,14,60,150074,0.5,0.65,0.0,128,6
7387,collapse_014,collapse,14,61,150074,0.5,0.65,0.0,128,6
7388,collapse_014,collapse,14,62,150074,0.5,0.65,0.0,128,6
7389,collapse_014,collapse,14,63,150074,0.5,0.65,0.0,128,6
7390,collapse_014,collapse,14,64,150074,0.5,0.65,0.0,128,6
7391,collapse_014,collapse,14,65,150074,0.5,0.65,0.0,128,6
7392,collapse_014,collapse,14,66,150074,0.5,0.65,0.0,128,6
7393,collapse_014,collapse,14,67,150074,0.5,0.65,0.0,128,6
7394,collapse_014,collapse,14,68,150074,0.5,0.65,0.0,128,6
7395,collapse_014,collapse,14,69,150074,0.5,0.65,0.0,128,6
7396,collapse_014,collapse,14,70,150074,0.5,0.65,0.0,128,6
7397,collapse_014,collapse,14,71,150074,0.5,0.65,0.0,128,6
7398,collapse_014,collapse,14,72,150074,0.5,0.65,0.0,128,6
7399,collapse_014,collapse,14,73,150074,0.5,0.65,0.0,128,6
7400,collapse_014,collapse,14,74,150074,0.5,0.65,0.0,128,6
7401,collapse_014,collapse,14,75,150074,0.5,0.65,0.0,128,6
7402,collapse_014,collapse,14,76,150074,0.5,0.65,0.0,128,6
7403,collapse_014,collapse,14,77,150074,0.5,0.65,0.0,128,6
7404,collapse_014,collapse,14,78,150074,0.5,0.65,0.0,128,6
7405,collapse_014,collapse,14,79,150074,0.5,0.65,0.0,128,6
7406,collapse_014,collapse,14,80,150074,0.5,0.65,0.0,128,6
7407,collapse_014,collapse,14,81,150074,0.5,0.65,0.0,128,6
7408,collapse_014,collapse,14,82,150074,0.5,0.65,0.0,128,6
7409,collapse_014,collapse,14,83,150074,0.5,0.65,0.0,128,6
7410,collapse_014,collapse,14,84,150074,0.5,0.65,0.0,128,6
7411,collapse_014,collapse,14,85,150074,0.5,0.65,0.0,128,6
7412,collapse_014,collapse,14,86,150074,0.5,0.65,0.0,128,6
7413,collapse_014,collapse,14,87,150074,0.5,0.65,0.0,128,6
7414,collapse_014,collapse,14,88,150074,0.5,0.65,0.0,128,6
7415,collapse_014,collapse,14,89,150074,0.5,0.65,0.0,128,6
7416,collapse_014,collapse,14,90,150074,0.5,0.65,0.0,128,6
7417,collapse_014,collapse,14,91,150074,0.5,0.65,0.0,128,6
7418,collapse_014,collapse,14,92,150074,0.5,0.65,0.0,128,6
7419,collapse_014,collapse,14,93,150074,0.5,0.65,0.0,128,6
7420,collapse_014,collapse,14,94,150074,0.5,0.65,0.0,128,6
7421,collapse_014,collapse,14,95,150074,0.5,0.65,0.0,128,6
7422,collapse_014,collapse,14,96,150074,0.5,0.65,0.0,128,6
7423,collapse_014,collapse,14,97,150074,0.5,0.65,0.0,128,6
7424,collapse_014,collapse,14,98,150074,0.5,0.65,0.0,128,6
7425,collapse_015,collapse,15,0,150075,0.5,0.65,0.0,128,6
7426,collapse_015,collapse,15,1,150075,0.5,0.65,0.0,128,6
7427,collapse_015,collapse,15,2,150075,0.5,0.65,0.0,128,6
7428,collapse_015,collapse,15,3,150075,0.5,0.65,0.0,128,6
7429,collapse_015,collapse,15,4,150075,0.5,0.65,0.0,128,6
7430,collapse_015,collapse,15,5,150075,0.5,0.65,0.0,128,6
7431,collapse_015,collapse,15,6,150075,0.5,0.65,0.0,128,6
7432,collapse_015,collapse,15,7,150075,0.5,0.65,0.0,128,6
7433,collapse_015,collapse,15,8,150075,0.5,0.65,0.0,128,6
7434,collapse_015,collapse,15,9,150075,0.5,0.65,0.0,128,6
7435,collapse_015,collapse,15,10,150075,0.5,0.65,0.0,128,6
7436,collapse_015,collapse,15,11,150075,0.5,0.65,0.0,128,6
7437,collapse_015,collapse,15,12,150075,0.5,0.65,0.0,128,6
7438,collapse_015,collapse,15,13,150075,0.5,0.65,0.0,128,6
7439,collapse_015,collapse,15,14,150075,0.5,0.65,0.0,128,6
7440,collapse_015,collapse,15,15,150075,0.5,0.65,0.0,128,6
7441,collapse_015,collapse,15,16,150075,0.5,0.65,0.0,128,6
7442,collapse_015,collapse,15,17,150075,0.5,0.65,0.0,128,6
7443,collapse_015,collapse,15,18,150075,0.5,0.65,0.0,128,6
7444,collapse_015,collapse,15,19,150075,0.5,0.65,0.0,128,6
7445,collapse_015,collapse,15,20,150075,0.5,0.65,0.0,128,6
7446,collapse_015,collapse,15,21,150075,0.5,0.65,0.0,128,6
7447,collapse_015,collapse,15,22,150075,0.5,0.65,0.0,128,6
7448,collapse_015,collapse,15,23,150075,0.5,0.65,0.0,128,6
7449,collapse_015,collapse,15,24,150075,0.5,0.65,0.0,128,6
7450,collapse_015,collapse,15,25,150075,0.5,0.65,0.0,128,6
7451,collapse_015,collapse,15,26,150075,0.5,0.65,0.0,128,6
7452,collapse_015,collapse,15,27,150075,0.5,0.65,0.0,128,6
7453,collapse_015,collapse,15,28,150075,0.5,0.65,0.0,128,6
7454,collapse_015,collapse,15,29,150075,0.5,0.65,0.0,128,6
7455,collapse_015,collapse,15,30,150075,0.5,0.65,0.0,128,6
7456,collapse_015,collapse,15,31,150075,0.5,0.65,0.0,128,6
7457,collapse_015,collapse,15,32,150075,0.5,0.65,0.0,128,6
7458,collapse_015,collapse,15,33,150075,0.5,0.65,0.0,128,6
7459,collapse_015,collapse,15,34,150075,0.5,0.65,0.0,128,6
7460,collapse_015,collapse,15,35,150075,0.5,0.65,0.0,128,6
7461,collapse_015,collapse,15,36,150075,0.5,0.65,0.0,128,6
7462,collapse_015,collapse,15,37,150075,0.5,0.65,0.0,128,6
7463,collapse_015,collapse,15,38,150075,0.5,0.65,0.0,128,6
7464,collapse_015,collapse,15,39,150075,0.5,0.65,0.0,128,6
7465,collapse_015,collapse,15,40,150075,0.5,0.65,0.0,128,6
7466,collapse_015,collapse,15,41,150075,0.5,0.65,0.0,128,6
7467,collapse_015,collapse,15,42,150075,0.5,0.65,0.0,128,6
7468,collapse_015,collapse,15,43,150075,0.5,0.65,0.0,128,6
7469,collapse_015,collapse,15,44,150075,0.5,0.65,0.0,128,6
7470,collapse_015,collapse,15,45,150075,0.5,0.65,0.0,128,6
7471,collapse_015,collapse,15,46,150075,0.5,0.65,0.0,128,6
7472,collapse_015,collapse,15,47,150075,0.5,0.65,0.0,128,6
7473,collapse_015,collapse,15,48,150075,0.5,0.65,0.0,128,6
7474,collapse_015,collapse,15,49,150075,0.5,0.65,0.0,128,6
7475,collapse_015,collapse,15,50,150075,0.5,0.65,0.0,128,6
7476,collapse_015,collapse,15,51,150075,0.5,0.65,0.0,128,6
7477,collapse_015,collapse,15,52,150075,0.5,0.65,0.0,128,6
7478,collapse_015,collapse,15,53,150075,0.5,0.65,0.0,128,6
7479,collapse_015,collapse,15,54,150075,0.5,0.65,0.0,128,6
7480,collapse_015,collapse,15,55,150075,0.5,0.65,0.0,128,6
7481,collapse_015,collapse,15,56,150075,0.5,0.65,0.0,128,6
7482,collapse_015,collapse,15,57,150075,0.5,0.65,0.0,128,6
7483,collapse_015,collapse,15,58,150075,0.5,0.65,0.0,128,6
7484,collapse_015,collapse,15,59,150075,0.5,0.65,0.0,128,6
7485,collapse_015,collapse,15,60,150075,0.5,0.65,0.0,128,6
7486,collapse_015,collapse,15,61,150075,0.5,0.65,0.0,128,6
7487,collapse_015,collapse,15,62,150075,0.5,0.65,0.0,128,6
7488,collapse_015,collapse,15,63,150075,0.5,0.65,0.0,128,6
7489,collapse_015,collapse,15,64,150075,0.5,0.65,0.0,128,6
7490,collapse_015,collapse,15,65,150075,0.5,0.65,0.0,128,6
7491,collapse_015,collapse,15,66,150075,0.5,0.65,0.0,128,6
7492,collapse_015,collapse,15,67,150075,0.5,0.65,0.0,128,6
7493,collapse_015,collapse,15,68,150075,0.5,0.65,0.0,128,6
7494,collapse_015,collapse,15,69,150075,0.5,0.65,0.0,128,6
7495,collapse_015,collapse,15,70,150075,0.5,0.65,0.0,128,6
7496,collapse_015,collapse,15,71,150075,0.5,0.65,0.0,128,6
7497,collapse_015,collapse,15,72,150075,0.5,0.65,0.0,128,6
7498,collapse_015,collapse,15,73,150075,0.5,0.65,0.0,128,6
7499,collapse_015,collapse,15,74,150075,0.5,0.65,0.0,128,6
7500,collapse_015,collapse,15,75,150075,0.5,0.65,0.0,128,6
7501,collapse_015,collapse,15,76,150075,0.5,0.65,0.0,128,6
7502,collapse_015,collapse,15,77,150075,0.5,0.65,0.0,128,6
7503,collapse_015,collapse,15,78,150075,0.5,0.65,0.0,128,6
7504,collapse_015,collapse,15,79,150075,0.5,0.65,0.0,128,6
7505,collapse_015,collapse,15,80,150075,0.5,0.65,0.0,128,6
7506,collapse_015,collapse,15,81,150075,0.5,0.65,0.0,128,6
7507,collapse_015,collapse,15,82,150075,0.5,0.65,0.0,128,6
7508,collapse_015,collapse,15,83,150075,0.5,0.65,0.0,128,6
7509,collapse_015,collapse,15,84,150075,0.5,0.65,0.0,128,6
7510,collapse_015,collapse,15,85,150075,0.5,0.65,0.0,128,6
7511,collapse_015,collapse,15,86,150075,0.5,0.65,0.0,128,6
7512,collapse_015,collapse,15,87,150075,0.5,0.65,0.0,128,6
7513,collapse_015,collapse,15,88,150075,0.5,0.65,0.0,128,6
7514,collapse_015,collapse,15,89,150075,0.5,0.65,0.0,128,6
7515,collapse_015,collapse,15,90,150075,0.5,0.65,0.0,128,6
7516,collapse_015,collapse,15,91,150075,0.5,0.65,0.0,128,6
7517,collapse_015,collapse,15,92,150075,0.5,0.65,0.0,128,6
7518,collapse_015,collapse,15,93,150075,0.5,0.65,0.0,128,6
7519,collapse_015,collapse,15,94,150075,0.5,0.65,0.0,128,6
7520,collapse_015,collapse,15,95,150075,0.5,0.65,0.0,128,6
7521,collapse_015,collapse,15,96,150075,0.5,0.65,0.0,128,6
7522,collapse_015,collapse,15,97,150075,0.5,0.65,0.0,128,6
7523,collapse_015,collapse,15,98,150075,0.5,0.65,0.0,128,6
7524,collapse_016,collapse,16,0,150076,0.5,0.65,0.0,128,6
7525,collapse_016,collapse,16,1,150076,0.5,0.65,0.0,128,6
7526,collapse_016,collapse,16,2,150076,0.5,0.65,0.0,128,6
7527,collapse_016,collapse,16,3,150076,0.5,0.65,0.0,128,6
7528,collapse_016,collapse,16,4,150076,0.5,0.65,0.0,128,6
7529,collapse_016,collapse,16,5,150076,0.5,0.65,0.0,128,6
7530,collapse_016,collapse,16,6,150076,0.5,0.65,0.0,128,6
7531,collapse_016,collapse,16,7,150076,0.5,0.65,0.0,128,6
7532,collapse_016,collapse,16,8,150076,0.5,0.65,0.0,128,6
7533,collapse_016,collapse,16,9,150076,0.5,0.65,0.0,128,6
7534,collapse_016,collapse,16,10,150076,0.5,0.65,0.0,128,6
7535,collapse_016,collapse,16,11,150076,0.5,0.65,0.0,128,6
7536,collapse_016,collapse,16,12,150076,0.5,0.65,0.0,128,6
7537,collapse_016,collapse,16,13,150076,0.5,0.65,0.0,128,6
7538,collapse_016,collapse,16,14,150076,0.5,0.65,0.0,128,6
7539,collapse_016,collapse,16,15,150076,0.5,0.65,0.0,128,6
7540,collapse_016,collapse,16,16,150076,0.5,0.65,0.0,128,6
7541,collapse_016,collapse,16,17,150076,0.5,0.65,0.0,128,6
7542,collapse_016,collapse,16,18,150076,0.5,0.65,0.0,128,6
7543,collapse_016,collapse,16,19,150076,0.5,0.65,0.0,128,6
7544,collapse_016,collapse,16,20,150076,0.5,0.65,0.0,128,6
7545,collapse_016,collapse,16,21,150076,0.5,0.65,0.0,128,6
7546,collapse_016,collapse,16,22,150076,0.5,0.65,0.0,128,6
7547,collapse_016,collapse,16,23,150076,0.5,0.65,0.0,128,6
7548,collapse_016,collapse,16,24,150076,0.5,0.65,0.0,128,6
7549,collapse_016,collapse,16,25,150076,0.5,0.65,0.0,128,6
7550,collapse_016,collapse,16,26,150076,0.5,0.65,0.0,128,6
7551,collapse_016,collapse,16,27,150076,0.5,0.65,0.0,128,6
7552,collapse_016,collapse,16,28,150076,0.5,0.65,0.0,128,6
7553,collapse_016,collapse,16,29,150076,0.5,0.65,0.0,128,6
7554,collapse_016,collapse,16,30,150076,0.5,0.65,0.0,128,6
7555,collapse_016,collapse,16,31,150076,0.5,0.65,0.0,128,6
7556,collapse_016,collapse,16,32,150076,0.5,0.65,0.0,128,6
7557,collapse_016,collapse,16,33,150076,0.5,0.65,0.0,128,6
7558,collapse_016,collapse,16,34,150076,0.5,0.65,0.0,128,6
7559,collapse_016,collapse,16,35,150076,0.5,0.65,0.0,128,6
7560,collapse_016,collapse,16,36,150076,0.5,0.65,0.0,128,6
7561,collapse_016,collapse,16,37,150076,0.5,0.65,0.0,128,6
7562,collapse_016,collapse,16,38,150076,0.5,0.65,0.0,128,6
7563,collapse_016,collapse,16,39,150076,0.5,0.65,0.0,128,6
7564,collapse_016,collapse,16,40,150076,0.5,0.65,0.0,128,6
7565,collapse_016,collapse,16,41,150076,0.5,0.65,0.0,128,6
7566,collapse_016,collapse,16,42,150076,0.5,0.65,0.0,128,6
7567,collapse_016,collapse,16,43,150076,0.5,0.65,0.0,128,6
7568,collapse_016,collapse,16,44,150076,0.5,0.65,0.0,128,6
7569,collapse_016,collapse,16,45,150076,0.5,0.65,0.0,128,6
7570,collapse_016,collapse,16,46,150076,0.5,0.65,0.0,128,6
7571,collapse_016,collapse,16,47,150076,0.5,0.65,0.0,128,6
7572,collapse_016,collapse,16,48,150076,0.5,0.65,0.0,128,6
7573,collapse_016,collapse,16,49,150076,0.5,0.65,0.0,128,6
7574,collapse_016,collapse,16,50,150076,0.5,0.65,0.0,128,6
7575,collapse_016,collapse,16,51,150076,0.5,0.65,0.0,128,6
7576,collapse_016,collapse,16,52,150076,0.5,0.65,0.0,128,6
7577,collapse_016,collapse,16,53,150076,0.5,0.65,0.0,128,6
7578,collapse_016,collapse,16,54,150076,0.5,0.65,0.0,128,6
7579,collapse_016,collapse,16,55,150076,0.5,0.65,0.0,128,6
7580,collapse_016,collapse,16,56,150076,0.5,0.65,0.0,128,6
7581,collapse_016,collapse,16,57,150076,0.5,0.65,0.0,128,6
7582,collapse_016,collapse,16,58,150076,0.5,0.65,0.0,128,6
7583,collapse_016,collapse,16,59,150076,0.5,0.65,0.0,128,6
7584,collapse_016,collapse,16,60,150076,0.5,0.65,0.0,128,6
7585,collapse_016,collapse,16,61,150076,0.5,0.65,0.0,128,6
7586,collapse_016,collapse,16,62,150076,0.5,0.65,0.0,128,6
7587,collapse_016,collapse,16,63,150076,0.5,0.65,0.0,128,6
7588,collapse_016,collapse,16,64,150076,0.5,0.65,0.0,128,6
7589,collapse_016,collapse,16,65,150076,0.5,0.65,0.0,128,6
7590,collapse_016,collapse,16,66,150076,0.5,0.65,0.0,128,6
7591,collapse_016,collapse,16,67,150076,0.5,0.65,0.0,128,6
7592,collapse_016,collapse,16,68,150076,0.5,0.65,0.0,128,6
7593,collapse_016,collapse,16,69,150076,0.5,0.65,0.0,128,6
7594,collapse_016,collapse,16,70,150076,0.5,0.65,0.0,128,6
7595,collapse_016,collapse,16,71,150076,0.5,0.65,0.0,128,6
7596,collapse_016,collapse,16,72,150076,0.5,0.65,0.0,128,6
7597,collapse_016,collapse,16,73,150076,0.5,0.65,0.0,128,6
7598,collapse_016,collapse,16,74,150076,0.5,0.65,0.0,128,6
7599,collapse_016,collapse,16,75,150076,0.5,0.65,0.0,128,6
7600,collapse_016,collapse,16,76,150076,0.5,0.65,0.0,128,6
7601,collapse_016,collapse,16,77,150076,0.5,0.65,0.0,128,6
7602,collapse_016,collapse,16,78,150076,0.5,0.65,0.0,128,6
7603,collapse_016,collapse,16,79,150076,0.5,0.65,0.0,128,6
7604,collapse_016,collapse,16,80,150076,0.5,0.65,0.0,128,6
7605,collapse_016,collapse,16,81,150076,0.5,0.65,0.0,128,6
7606,collapse_016,collapse,16,82,150076,0.5,0.65,0.0,128,6
7607,collapse_016,collapse,16,83,150076,0.5,0.65,0.0,128,6
7608,collapse_016,collapse,16,84,150076,0.5,0.65,0.0,128,6
7609,collapse_016,collapse,16,85,150076,0.5,0.65,0.0,128,6
7610,collapse_016,collapse,16,86,150076,0.5,0.65,0.0,128,6
7611,collapse_016,collapse,16,87,150076,0.5,0.65,0.0,128,6
7612,collapse_016,collapse,16,88,150076,0.5,0.65,0.0,128,6
7613,collapse_016,collapse,16,89,150076,0.5,0.65,0.0,128,6
7614,collapse_016,collapse,16,90,150076,0.5,0.65,0.0,128,6
7615,collapse_016,collapse,16,91,150076,0.5,0.65,0.0,128,6
7616,collapse_016,collapse,16,92,150076,0.5,0.65,0.0,128,6
7617,collapse_016,collapse,16,93,150076,0.5,0.65,0.0,128,6
7618,collapse_016,collapse,16,94,150076,0.5,0.65,0.0,128,6
7619,collapse_016,collapse,16,95,150076,0.5,0.65,0.0,128,6
7620,collapse_016,collapse,16,96,150076,0.5,0.65,0.0,128,6
7621,collapse_016,collapse,16,97,150076,0.5,0.65,0.0,128,6
7622,collapse_016,collapse,16,98,150076,0.5,0.65,0.0,128,6
7623,collapse_017,collapse,17,0,150077,0.5,0.65,0.0,128,6
7624,collapse_017,collapse,17,1,150077,0.5,0.65,0.0,128,6
7625,collapse_017,collapse,17,2,150077,0.5,0.65,0.0,128,6
7626,collapse_017,collapse,17,3,150077,0.5,0.65,0.0,128,6
7627,collapse_017,collapse,17,4,150077,0.5,0.65,0.0,128,6
7628,collapse_017,collapse,17,5,150077,0.5,0.65,0.0,128,6
7629,collapse_017,collapse,17,6,150077,0.5,0.65,0.0,128,6
7630,collapse_017,collapse,17,7,150077,0.5,0.65,0.0,128,6
7631,collapse_017,collapse,17,8,150077,0.5,0.65,0.0,128,6
7632,collapse_017,collapse,17,9,150077,0.5,0.65,0.0,128,6
7633,collapse_017,collapse,17,10,150077,0.5,0.65,0.0,128,6
7634,collapse_017,collapse,17,11,150077,0.5,0.65,0.0,128,6
7635,collapse_017,collapse,17,12,150077,0.5,0.65,0.0,128,6
7636,collapse_017,collapse,17,13,150077,0.5,0.65,0.0,128,6
7637,collapse_017,collapse,17,14,150077,0.5,0.65,0.0,128,6
7638,collapse_017,collapse,17,15,150077,0.5,0.65,0.0,128,6
7639,collapse_017,collapse,17,16,150077,0.5,0.65,0.0,128,6
7640,collapse_017,collapse,17,17,150077,0.5,0.65,0.0,128,6
7641,collapse_017,collapse,17,18,150077,0.5,0.65,0.0,128,6
7642,collapse_017,collapse,17,19,150077,0.5,0.65,0.0,128,6
7643,collapse_017,collapse,17,20,150077,0.5,0.65,0.0,128,6
7644,collapse_017,collapse,17,21,150077,0.5,0.65,0.0,128,6
7645,collapse_017,collapse,17,22,150077,0.5,0.65,0.0,128,6
7646,collapse_017,collapse,17,23,150077,0.5,0.65,0.0,128,6
7647,collapse_017,collapse,17,24,150077,0.5,0.65,0.0,128,6
7648,collapse_017,collapse,17,25,150077,0.5,0.65,0.0,128,6
7649,collapse_017,collapse,17,26,150077,0.5,0.65,0.0,128,6
7650,collapse_017,collapse,17,27,150077,0.5,0.65,0.0,128,6
7651,collapse_017,collapse,17,28,150077,0.5,0.65,0.0,128,6
7652,collapse_017,collapse,17,29,150077,0.5,0.65,0.0,128,6
7653,collapse_017,collapse,17,30,150077,0.5,0.65,0.0,128,6
7654,collapse_017,collapse,17,31,150077,0.5,0.65,0.0,128,6
7655,collapse_017,collapse,17,32,150077,0.5,0.65,0.0,128,6
7656,collapse_017,collapse,17,33,150077,0.5,0.65,0.0,128,6
7657,collapse_017,collapse,17,34,150077,0.5,0.65,0.0,128,6
7658,collapse_017,collapse,17,35,150077,0.5,0.65,0.0,128,6
7659,collapse_017,collapse,17,36,150077,0.5,0.65,0.0,128,6
7660,collapse_017,collapse,17,37,150077,0.5,0.65,0.0,128,6
7661,collapse_017,collapse,17,38,150077,0.5,0.65,0.0,128,6
7662,collapse_017,collapse,17,39,150077,0.5,0.65,0.0,128,6
7663,collapse_017,collapse,17,40,150077,0.5,0.65,0.0,128,6
7664,collapse_017,collapse,17,41,150077,0.5,0.65,0.0,128,6
7665,collapse_017,collapse,17,42,150077,0.5,0.65,0.0,128,6
7666,collapse_017,collapse,17,43,150077,0.5,0.65,0.0,128,6
7667,collapse_017,collapse,17,44,150077,0.5,0.65,0.0,128,6
7668,collapse_017,collapse,17,45,150077,0.5,0.65,0.0,128,6
7669,collapse_017,collapse,17,46,150077,0.5,0.65,0.0,128,6
7670,collapse_017,collapse,17,47,150077,0.5,0.65,0.0,128,6
7671,collapse_017,collapse,17,48,150077,0.5,0.65,0.0,128,6
7672,collapse_017,collapse,17,49,150077,0.5,0.65,0.0,128,6
7673,collapse_017,collapse,17,50,150077,0.5,0.65,0.0,128,6
7674,collapse_017,collapse,17,51,150077,0.5,0.65,0.0,128,6
7675,collapse_017,collapse,17,52,150077,0.5,0.65,0.0,128,6
7676,collapse_017,collapse,17,53,150077,0.5,0.65,0.0,128,6
7677,collapse_017,collapse,17,54,150077,0.5,0.65,0.0,128,6
7678,collapse_017,collapse,17,55,150077,0.5,0.65,0.0,128,6
7679,collapse_017,collapse,17,56,150077,0.5,0.65,0.0,128,6
7680,collapse_017,collapse,17,57,150077,0.5,0.65,0.0,128,6
7681,collapse_017,collapse,17,58,150077,0.5,0.65,0.0,128,6
7682,collapse_017,collapse,17,59,150077,0.5,0.65,0.0,128,6
7683,collapse_017,collapse,17,60,150077,0.5,0.65,0.0,128,6
7684,collapse_017,collapse,17,61,150077,0.5,0.65,0.0,128,6
7685,collapse_017,collapse,17,62,150077,0.5,0.65,0.0,128,6
7686,collapse_017,collapse,17,63,150077,0.5,0.65,0.0,128,6
7687,collapse_017,collapse,17,64,150077,0.5,0.65,0.0,128,6
7688,collapse_017,collapse,17,65,150077,0.5,0.65,0.0,128,6
7689,collapse_017,collapse,17,66,150077,0.5,0.65,0.0,128,6
7690,collapse_017,collapse,17,67,150077,0.5,0.65,0.0,128,6
7691,collapse_017,collapse,17,68,150077,0.5,0.65,0.0,128,6
7692,collapse_017,collapse,17,69,150077,0.5,0.65,0.0,128,6
7693,collapse_017,collapse,17,70,150077,0.5,0.65,0.0,128,6
7694,collapse_017,collapse,17,71,150077,0.5,0.65,0.0,128,6
7695,collapse_017,collapse,17,72,150077,0.5,0.65,0.0,128,6
7696,collapse_017,collapse,17,73,150077,0.5,0.65,0.0,128,6
7697,collapse_017,collapse,17,74,150077,0.5,0.65,0.0,128,6
7698,collapse_017,collapse,17,75,150077,0.5,0.65,0.0,128,6
7699,collapse_017,collapse,17,76,150077,0.5,0.65,0.0,128,6
7700,collapse_017,collapse,17,77,150077,0.5,0.65,0.0,128,6
7701,collapse_017,collapse,17,78,150077,0.5,0.65,0.0,128,6
7702,collapse_017,collapse,17,79,150077,0.5,0.65,0.0,128,6
7703,collapse_017,collapse,17,80,150077,0.5,0.65,0.0,128,6
7704,collapse_017,collapse,17,81,150077,0.5,0.65,0.0,128,6
7705,collapse_017,collapse,17,82,150077,0.5,0.65,0.0,128,6
7706,collapse_017,collapse,17,83,150077,0.5,0.65,0.0,128,6
7707,collapse_017,collapse,17,84,150077,0.5,0.65,0.0,128,6
7708,collapse_017,collapse,17,85,150077,0.5,0.65,0.0,128,6
7709,collapse_017,collapse,17,86,150077,0.5,0.65,0.0,128,6
7710,collapse_017,collapse,17,87,150077,0.5,0.65,0.0,128,6
7711,collapse_017,collapse,17,88,150077,0.5,0.65,0.0,128,6
7712,collapse_017,collapse,17,89,150077,0.5,0.65,0.0,128,6
7713,collapse_017,collapse,17,90,150077,0.5,0.65,0.0,128,6
7714,collapse_017,collapse,17,91,150077,0.5,0.65,0.0,128,6
7715,collapse_017,collapse,17,92,150077,0.5,0.65,0.0,128,6
7716,collapse_017,collapse,17,93,150077,0.5,0.65,0.0,128,6
7717,collapse_017,collapse,17,94,150077,0.5,0.65,0.0,128,6
7718,collapse_017,collapse,17,95,150077,0.5,0.65,0.0,128,6
7719,collapse_017,collapse,17,96,150077,0.5,0.65,0.0,128,6
7720,collapse_017,collapse,17,97,150077,0.5,0.65,0.0,128,6
7721,collapse_017,collapse,17,98,150077,0.5,0.65,0.0,128,6
7722,collapse_018,collapse,18,0,150078,0.5,0.65,0.0,128,6
7723,collapse_018,collapse,18,1,150078,0.5,0.65,0.0,128,6
7724,collapse_018,collapse,18,2,150078,0.5,0.65,0.0,128,6
7725,collapse_018,collapse,18,3,150078,0.5,0.65,0.0,128,6
7726,collapse_018,collapse,18,4,150078,0.5,0.65,0.0,128,6
7727,collapse_018,collapse,18,5,150078,0.5,0.65,0.0,128,6
7728,collapse_018,collapse,18,6,150078,0.5,0.65,0.0,128,6
7729,collapse_018,collapse,18,7,150078,0.5,0.65,0.0,128,6
7730,collapse_018,collapse,18,8,150078,0.5,0.65,0.0,128,6
7731,collapse_018,collapse,18,9,150078,0.5,0.65,0.0,128,6
7732,collapse_018,collapse,18,10,150078,0.5,0.65,0.0,128,6
7733,collapse_018,collapse,18,11,150078,0.5,0.65,0.0,128,6
7734,collapse_018,collapse,18,12,150078,0.5,0.65,0.0,128,6
7735,collapse_018,collapse,18,13,150078,0.5,0.65,0.0,128,6
7736,collapse_018,collapse,18,14,150078,0.5,0.65,0.0,128,6
7737,collapse_018,collapse,18,15,150078,0.5,0.65,0.0,128,6
7738,collapse_018,collapse,18,16,150078,0.5,0.65,0.0,128,6
7739,collapse_018,collapse,18,17,150078,0.5,0.65,0.0,128,6
7740,collapse_018,collapse,18,18,150078,0.5,0.65,0.0,128,6
7741,collapse_018,collapse,18,19,150078,0.5,0.65,0.0,128,6
7742,collapse_018,collapse,18,20,150078,0.5,0.65,0.0,128,6
7743,collapse_018,collapse,18,21,150078,0.5,0.65,0.0,128,6
7744,collapse_018,collapse,18,22,150078,0.5,0.65,0.0,128,6
7745,collapse_018,collapse,18,23,150078,0.5,0.65,0.0,128,6
7746,collapse_018,collapse,18,24,150078,0.5,0.65,0.0,128,6
7747,collapse_018,collapse,18,25,150078,0.5,0.65,0.0,128,6
7748,collapse_018,collapse,18,26,150078,0.5,0.65,0.0,128,6
7749,collapse_018,collapse,18,27,150078,0.5,0.65,0.0,128,6
7750,collapse_018,collapse,18,28,150078,0.5,0.65,0.0,128,6
7751,collapse_018,collapse,18,29,150078,0.5,0.65,0.0,128,6
7752,collapse_018,collapse,18,30,150078,0.5,0.65,0.0,128,6
7753,collapse_018,collapse,18,31,150078,0.5,0.65,0.0,128,6
7754,collapse_018,collapse,18,32,150078,0.5,0.65,0.0,128,6
7755,collapse_018,collapse,18,33,150078,0.5,0.65,0.0,128,6
7756,collapse_018,collapse,18,34,150078,0.5,0.65,0.0,128,6
7757,collapse_018,collapse,18,35,150078,0.5,0.65,0.0,128,6
7758,collapse_018,collapse,18,36,150078,0.5,0.65,0.0,128,6
7759,collapse_018,collapse,18,37,150078,0.5,0.65,0.0,128,6
7760,collapse_018,collapse,18,38,150078,0.5,0.65,0.0,128,6
7761,collapse_018,collapse,18,39,150078,0.5,0.65,0.0,128,6
7762,collapse_018,collapse,18,40,150078,0.5,0.65,0.0,128,6
7763,collapse_018,collapse,18,41,150078,0.5,0.65,0.0,128,6
7764,collapse_018,collapse,18,42,150078,0.5,0.65,0.0,128,6
7765,collapse_018,collapse,18,43,150078,0.5,0.65,0.0,128,6
7766,collapse_018,collapse,18,44,150078,0.5,0.65,0.0,128,6
7767,collapse_018,collapse,18,45,150078,0.5,0.65,0.0,128,6
7768,collapse_018,collapse,18,46,150078,0.5,0.65,0.0,128,6
7769,collapse_018,collapse,18,47,150078,0.5,0.65,0.0,128,6
7770,collapse_018,collapse,18,48,150078,0.5,0.65,0.0,128,6
7771,collapse_018,collapse,18,49,150078,0.5,0.65,0.0,128,6
7772,collapse_018,collapse,18,50,150078,0.5,0.65,0.0,128,6
7773,collapse_018,collapse,18,51,150078,0.5,0.65,0.0,128,6
7774,collapse_018,collapse,18,52,150078,0.5,0.65,0.0,128,6
7775,collapse_018,collapse,18,53,150078,0.5,0.65,0.0,128,6
7776,collapse_018,collapse,18,54,150078,0.5,0.65,0.0,128,6
7777,collapse_018,collapse,18,55,150078,0.5,0.65,0.0,128,6
7778,collapse_018,collapse,18,56,150078,0.5,0.65,0.0,128,6
7779,collapse_018,collapse,18,57,150078,0.5,0.65,0.0,128,6
7780,collapse_018,collapse,18,58,150078,0.5,0.65,0.0,128,6
7781,collapse_018,collapse,18,59,150078,0.5,0.65,0.0,128,6
7782,collapse_018,collapse,18,60,150078,0.5,0.65,0.0,128,6
7783,collapse_018,collapse,18,61,150078,0.5,0.65,0.0,128,6
7784,collapse_018,collapse,18,62,150078,0.5,0.65,0.0,128,6
7785,collapse_018,collapse,18,63,150078,0.5,0.65,0.0,128,6
7786,collapse_018,collapse,18,64,150078,0.5,0.65,0.0,128,6
7787,collapse_018,collapse,18,65,150078,0.5,0.65,0.0,128,6
7788,collapse_018,collapse,18,66,150078,0.5,0.65,0.0,128,6
7789,collapse_018,collapse,18,67,150078,0.5,0.65,0.0,128,6
7790,collapse_018,collapse,18,68,150078,0.5,0.65,0.0,128,6
7791,collapse_018,collapse,18,69,150078,0.5,0.65,0.0,128,6
7792,collapse_018,collapse,18,70,150078,0.5,0.65,0.0,128,6
7793,collapse_018,collapse,18,71,150078,0.5,0.65,0.0,128,6
7794,collapse_018,collapse,18,72,150078,0.5,0.65,0.0,128,6
7795,collapse_018,collapse,18,73,150078,0.5,0.65,0.0,128,6
7796,collapse_018,collapse,18,74,150078,0.5,0.65,0.0,128,6
7797,collapse_018,collapse,18,75,150078,0.5,0.65,0.0,128,6
7798,collapse_018,collapse,18,76,150078,0.5,0.65,0.0,128,6
7799,collapse_018,collapse,18,77,150078,0.5,0.65,0.0,128,6
7800,collapse_018,collapse,18,78,150078,0.5,0.65,0.0,128,6
7801,collapse_018,collapse,18,79,150078,0.5,0.65,0.0,128,6
7802,collapse_018,collapse,18,80,150078,0.5,0.65,0.0,128,6
7803,collapse_018,collapse,18,81,150078,0.5,0.65,0.0,128,6
7804,collapse_018,collapse,18,82,150078,0.5,0.65,0.0,128,6
7805,collapse_018,collapse,18,83,150078,0.5,0.65,0.0,128,6
7806,collapse_018,collapse,18,84,150078,0.5,0.65,0.0,128,6
7807,collapse_018,collapse,18,85,150078,0.5,0.65,0.0,128,6
7808,collapse_018,collapse,18,86,150078,0.5,0.65,0.0,128,6
7809,collapse_018,collapse,18,87,150078,0.5,0.65,0.0,128,6
7810,collapse_018,collapse,18,88,150078,0.5,0.65,0.0,128,6
7811,collapse_018,collapse,18,89,150078,0.5,0.65,0.0,128,6
7812,collapse_018,collapse,18,90,150078,0.5,0.65,0.0,128,6
7813,collapse_018,collapse,18,91,150078,0.5,0.65,0.0,128,6
7814,collapse_018,collapse,18,92,150078,0.5,0.65,0.0,128,6
7815,collapse_018,collapse,18,93,150078,0.5,0.65,0.0,128,6
7816,collapse_018,collapse,18,94,150078,0.5,0.65,0.0,128,6
7817,collapse_018,collapse,18,95,150078,0.5,0.65,0.0,128,6
7818,collapse_018,collapse,18,96,150078,0.5,0.65,0.0,128,6
7819,collapse_018,collapse,18,97,150078,0.5,0.65,0.0,128,6
7820,collapse_018,collapse,18,98,150078,0.5,0.65,0.0,128,6
7821,collapse_019,collapse,19,0,150079,0.5,0.65,0.0,128,6
7822,collapse_019,collapse,19,1,150079,0.5,0.65,0.0,128,6
7823,collapse_019,collapse,19,2,150079,0.5,0.65,0.0,128,6
7824,collapse_019,collapse,19,3,150079,0.5,0.65,0.0,128,6
7825,collapse_019,collapse,19,4,150079,0.5,0.65,0.0,128,6
7826,collapse_019,collapse,19,5,150079,0.5,0.65,0.0,128,6
7827,collapse_019,collapse,19,6,150079,0.5,0.65,0.0,128,6
7828,collapse_019,collapse,19,7,150079,0.5,0.65,0.0,128,6
7829,collapse_019,collapse,19,8,150079,0.5,0.65,0.0,128,6
7830,collapse_019,collapse,19,9,150079,0.5,0.65,0.0,128,6
7831,collapse_019,collapse,19,10,150079,0.5,0.65,0.0,128,6
7832,collapse_019,collapse,19,11,150079,0.5,0.65,0.0,128,6
7833,collapse_019,collapse,19,12,150079,0.5,0.65,0.0,128,6
7834,collapse_019,collapse,19,13,150079,0.5,0.65,0.0,128,6
7835,collapse_019,collapse,19,14,150079,0.5,0.65,0.0,128,6
7836,collapse_019,collapse,19,15,150079,0.5,0.65,0.0,128,6
7837,collapse_019,collapse,19,16,150079,0.5,0.65,0.0,128,6
7838,collapse_019,collapse,19,17,150079,0.5,0.65,0.0,128,6
7839,collapse_019,collapse,19,18,150079,0.5,0.65,0.0,128,6
7840,collapse_019,collapse,19,19,150079,0.5,0.65,0.0,128,6
7841,collapse_019,collapse,19,20,150079,0.5,0.65,0.0,128,6
7842,collapse_019,collapse,19,21,150079,0.5,0.65,0.0,128,6
7843,collapse_019,collapse,19,22,150079,0.5,0.65,0.0,128,6
7844,collapse_019,collapse,19,23,150079,0.5,0.65,0.0,128,6
7845,collapse_019,collapse,19,24,150079,0.5,0.65,0.0,128,6
7846,collapse_019,collapse,19,25,150079,0.5,0.65,0.0,128,6
7847,collapse_019,collapse,19,26,150079,0.5,0.65,0.0,128,6
7848,collapse_019,collapse,19,27,150079,0.5,0.65,0.0,128,6
7849,collapse_019,collapse,19,28,150079,0.5,0.65,0.0,128,6
7850,collapse_019,collapse,19,29,150079,0.5,0.65,0.0,128,6
7851,collapse_019,collapse,19,30,150079,0.5,0.65,0.0,128,6
7852,collapse_019,collapse,19,31,150079,0.5,0.65,0.0,128,6
7853,collapse_019,collapse,19,32,150079,0.5,0.65,0.0,128,6
7854,collapse_019,collapse,19,33,150079,0.5,0.65,0.0,128,6
7855,collapse_019,collapse,19,34,150079,0.5,0.65,0.0,128,6
7856,collapse_019,collapse,19,35,150079,0.5,0.65,0.0,128,6
7857,collapse_019,collapse,19,36,150079,0.5,0.65,0.0,128,6
7858,collapse_019,collapse,19,37,150079,0.5,0.65,0.0,128,6
7859,collapse_019,collapse,19,38,150079,0.5,0.65,0.0,128,6
7860,collapse_019,collapse,19,39,150079,0.5,0.65,0.0,128,6
7861,collapse_019,collapse,19,40,150079,0.5,0.65,0.0,128,6
7862,collapse_019,collapse,19,41,150079,0.5,0.65,0.0,128,6
7863,collapse_019,collapse,19,42,150079,0.5,0.65,0.0,128,6
7864,collapse_019,collapse,19,43,150079,0.5,0.65,0.0,128,6
7865,collapse_019,collapse,19,44,150079,0.5,0.65,0.0,128,6
7866,collapse_019,collapse,19,45,150079,0.5,0.65,0.0,128,6
7867,collapse_019,collapse,19,46,150079,0.5,0.65,0.0,128,6
7868,collapse_019,collapse,19,47,150079,0.5,0.65,0.0,128,6
7869,collapse_019,collapse,19,48,150079,0.5,0.65,0.0,128,6
7870,collapse_019,collapse,19,49,150079,0.5,0.65,0.0,128,6
7871,collapse_019,collapse,19,50,150079,0.5,0.65,0.0,128,6
7872,collapse_019,collapse,19,51,150079,0.5,0.65,0.0,128,6
7873,collapse_019,collapse,19,52,150079,0.5,0.65,0.0,128,6
7874,collapse_019,collapse,19,53,150079,0.5,0.65,0.0,128,6
7875,collapse_019,collapse,19,54,150079,0.5,0.65,0.0,128,6
7876,collapse_019,collapse,19,55,150079,0.5,0.65,0.0,128,6
7877,collapse_019,collapse,19,56,150079,0.5,0.65,0.0,128,6
7878,collapse_019,collapse,19,57,150079,0.5,0.65,0.0,128,6
7879,collapse_019,collapse,19,58,150079,0.5,0.65,0.0,128,6
7880,collapse_019,collapse,19,59,150079,0.5,0.65,0.0,128,6
7881,collapse_019,collapse,19,60,150079,0.5,0.65,0.0,128,6
7882,collapse_019,collapse,19,61,150079,0.5,0.65,0.0,128,6
7883,collapse_019,collapse,19,62,150079,0.5,0.65,0.0,128,6
7884,collapse_019,collapse,19,63,150079,0.5,0.65,0.0,128,6
7885,collapse_019,collapse,19,64,150079,0.5,0.65,0.0,128,6
7886,collapse_019,collapse,19,65,150079,0.5,0.65,0.0,128,6
7887,collapse_019,collapse,19,66,150079,0.5,0.65,0.0,128,6
7888,collapse_019,collapse,19,67,150079,0.5,0.65,0.0,128,6
7889,collapse_019,collapse,19,68,150079,0.5,0.65,0.0,128,6
7890,collapse_019,collapse,19,69,150079,0.5,0.65,0.0,128,6
7891,collapse_019,collapse,19,70,150079,0.5,0.65,0.0,128,6
7892,collapse_019,collapse,19,71,150079,0.5,0.65,0.0,128,6
7893,collapse_019,collapse,19,72,150079,0.5,0.65,0.0,128,6
7894,collapse_019,collapse,19,73,150079,0.5,0.65,0.0,128,6
7895,collapse_019,collapse,19,74,150079,0.5,0.65,0.0,128,6
7896,collapse_019,collapse,19,75,150079,0.5,0.65,0.0,128,6
7897,collapse_019,collapse,19,76,150079,0.5,0.65,0.0,128,6
7898,collapse_019,collapse,19,77,150079,0.5,0.65,0.0,128,6
7899,collapse_019,collapse,19,78,150079,0.5,0.65,0.0,128,6
7900,collapse_019,collapse,19,79,150079,0.5,0.65,0.0,128,6
7901,collapse_019,collapse,19,80,150079,0.5,0.65,0.0,128,6
7902,collapse_019,collapse,19,81,150079,0.5,0.65,0.0,128,6
7903,collapse_019,collapse,19,82,150079,0.5,0.65,0.0,128,6
7904,collapse_019,collapse,19,83,150079,0.5,0.65,0.0,128,6
7905,collapse_019,collapse,19,84,150079,0.5,0.65,0.0,128,6
7906,collapse_019,collapse,19,85,150079,0.5,0.65,0.0,128,6
7907,collapse_019,collapse,19,86,150079,0.5,0.65,0.0,128,6
7908,collapse_019,collapse,19,87,150079,0.5,0.65,0.0,128,6
7909,collapse_019,collapse,19,88,150079,0.5,0.65,0.0,128,6
7910,collapse_019,collapse,19,89,150079,0.5,0.65,0.0,128,6
7911,collapse_019,collapse,19,90,150079,0.5,0.65,0.0,128,6
7912,collapse_019,collapse,19,91,150079,0.5,0.65,0.0,128,6
7913,collapse_019,collapse,19,92,150079,0.5,0.65,0.0,128,6
7914,collapse_019,collapse,19,93,150079,0.5,0.65,0.0,128,6
7915,collapse_019,collapse,19,94,150079,0.5,0.65,0.0,128,6
7916,collapse_019,collapse,19,95,150079,0.5,0.65,0.0,128,6
7917,collapse_019,collapse,19,96,150079,0.5,0.65,0.0,128,6
7918,collapse_019,collapse,19,97,150079,0.5,0.65,0.0,128,6
7919,collapse_019,collapse,19,98,150079,0.5,0.65,0.0,128,6
7920,metastable_000,metastable,0,0,150080,0.15,0.3,0.0,128,6
7921,metastable_000,metastable,0,1,150080,0.15,0.3,0.0,128,6
7922,metastable_000,metastable,0,2,150080,0.15,0.3,0.0,128,6
7923,metastable_000,metastable,0,3,150080,0.15,0.3,0.0,128,6
7924,metastable_000,metastable,0,4,150080,0.15,0.3,0.0,128,6
7925,metastable_000,metastable,0,5,150080,0.15,0.3,0.0,128,6
7926,metastable_000,metastable,0,6,150080,0.15,0.3,0.0,128,6
7927,metastable_000,metastable,0,7,150080,0.15,0.3,0.0,128,6
7928,metastable_000,metastable,0,8,150080,0.15,0.3,0.0,128,6
7929,metastable_000,metastable,0,9,150080,0.15,0.3,0.0,128,6
7930,metastable_000,metastable,0,10,150080,0.15,0.3,0.0,128,6
7931,metastable_000,metastable,0,11,150080,0.15,0.3,0.0,128,6
7932,metastable_000,metastable,0,12,150080,0.15,0.3,0.0,128,6
7933,metastable_000,metastable,0,13,150080,0.15,0.3,0.0,128,6
7934,metastable_000,metastable,0,14,150080,0.15,0.3,0.0,128,6
7935,metastable_000,metastable,0,15,150080,0.15,0.3,0.0,128,6
7936,metastable_000,metastable,0,16,150080,0.15,0.3,0.0,128,6
7937,metastable_000,metastable,0,17,150080,0.15,0.3,0.0,128,6
7938,metastable_000,metastable,0,18,150080,0.15,0.3,0.0,128,6
7939,metastable_000,metastable,0,19,150080,0.15,0.3,0.0,128,6
7940,metastable_000,metastable,0,20,150080,0.15,0.3,0.0,128,6
7941,metastable_000,metastable,0,21,150080,0.15,0.3,0.0,128,6
7942,metastable_000,metastable,0,22,150080,0.15,0.3,0.0,128,6
7943,metastable_000,metastable,0,23,150080,0.15,0.3,0.0,128,6
7944,metastable_000,metastable,0,24,150080,0.15,0.3,0.0,128,6
7945,metastable_000,metastable,0,25,150080,0.15,0.3,0.0,128,6
7946,metastable_000,metastable,0,26,150080,0.15,0.3,0.0,128,6
7947,metastable_000,metastable,0,27,150080,0.15,0.3,0.0,128,6
7948,metastable_000,metastable,0,28,150080,0.15,0.3,0.0,128,6
7949,metastable_000,metastable,0,29,150080,0.15,0.3,0.0,128,6
7950,metastable_000,metastable,0,30,150080,0.15,0.3,0.0,128,6
7951,metastable_000,metastable,0,31,150080,0.15,0.3,0.0,128,6
7952,metastable_000,metastable,0,32,150080,0.15,0.3,0.0,128,6
7953,metastable_000,metastable,0,33,150080,0.15,0.3,0.0,128,6
7954,metastable_000,metastable,0,34,150080,0.15,0.3,0.0,128,6
7955,metastable_000,metastable,0,35,150080,0.15,0.3,0.0,128,6
7956,metastable_000,metastable,0,36,150080,0.15,0.3,0.0,128,6
7957,metastable_000,metastable,0,37,150080,0.15,0.3,0.0,128,6
7958,metastable_000,metastable,0,38,150080,0.15,0.3,0.0,128,6
7959,metastable_000,metastable,0,39,150080,0.15,0.3,0.0,128,6
7960,metastable_000,metastable,0,40,150080,0.15,0.3,0.0,128,6
7961,metastable_000,metastable,0,41,150080,0.15,0.3,0.0,128,6
7962,metastable_000,metastable,0,42,150080,0.15,0.3,0.0,128,6
7963,metastable_000,metastable,0,43,150080,0.15,0.3,0.0,128,6
7964,metastable_000,metastable,0,44,150080,0.15,0.3,0.0,128,6
7965,metastable_000,metastable,0,45,150080,0.15,0.3,0.0,128,6
7966,metastable_000,metastable,0,46,150080,0.15,0.3,0.0,128,6
7967,metastable_000,metastable,0,47,150080,0.15,0.3,0.0,128,6
7968,metastable_000,metastable,0,48,150080,0.15,0.3,0.0,128,6
7969,metastable_000,metastable,0,49,150080,0.15,0.3,0.0,128,6
7970,metastable_000,metastable,0,50,150080,0.15,0.3,0.0,128,6
7971,metastable_000,metastable,0,51,150080,0.15,0.3,0.0,128,6
7972,metastable_000,metastable,0,52,150080,0.15,0.3,0.0,128,6
7973,metastable_000,metastable,0,53,150080,0.15,0.3,0.0,128,6
7974,metastable_000,metastable,0,54,150080,0.15,0.3,0.0,128,6
7975,metastable_000,metastable,0,55,150080,0.15,0.3,0.0,128,6
7976,metastable_000,metastable,0,56,150080,0.15,0.3,0.0,128,6
7977,metastable_000,metastable,0,57,150080,0.15,0.3,0.0,128,6
7978,metastable_000,metastable,0,58,150080,0.15,0.3,0.0,128,6
7979,metastable_000,metastable,0,59,150080,0.15,0.3,0.0,128,6
7980,metastable_000,metastable,0,60,150080,0.15,0.3,0.0,128,6
7981,metastable_000,metastable,0,61,150080,0.15,0.3,0.0,128,6
7982,metastable_000,metastable,0,62,150080,0.15,0.3,0.0,128,6
7983,metastable_000,metastable,0,63,150080,0.15,0.3,0.0,128,6
7984,metastable_000,metastable,0,64,150080,0.15,0.3,0.0,128,6
7985,metastable_000,metastable,0,65,150080,0.15,0.3,0.0,128,6
7986,metastable_000,metastable,0,66,150080,0.15,0.3,0.0,128,6
7987,metastable_000,metastable,0,67,150080,0.15,0.3,0.0,128,6
7988,metastable_000,metastable,0,68,150080,0.15,0.3,0.0,128,6
7989,metastable_000,metastable,0,69,150080,0.15,0.3,0.0,128,6
7990,metastable_000,metastable,0,70,150080,0.15,0.3,0.0,128,6
7991,metastable_000,metastable,0,71,150080,0.15,0.3,0.0,128,6
7992,metastable_000,metastable,0,72,150080,0.15,0.3,0.0,128,6
7993,metastable_000,metastable,0,73,150080,0.15,0.3,0.0,128,6
7994,metastable_000,metastable,0,74,150080,0.15,0.3,0.0,128,6
7995,metastable_000,metastable,0,75,150080,0.15,0.3,0.0,128,6
7996,metastable_000,metastable,0,76,150080,0.15,0.3,0.0,128,6
7997,metastable_000,metastable,0,77,150080,0.15,0.3,0.0,128,6
7998,metastable_000,metastable,0,78,150080,0.15,0.3,0.0,128,6
7999,metastable_000,metastable,0,79,150080,0.15,0.3,0.0,128,6
8000,metastable_000,metastable,0,80,150080,0.15,0.3,0.0,128,6
8001,metastable_000,metastable,0,81,150080,0.15,0.3,0.0,128,6
8002,metastable_000,metastable,0,82,150080,0.15,0.3,0.0,128,6
8003,metastable_000,metastable,0,83,150080,0.15,0.3,0.0,128,6
8004,metastable_000,metastable,0,84,150080,0.15,0.3,0.0,128,6
8005,metastable_000,metastable,0,85,150080,0.15,0.3,0.0,128,6
8006,metastable_000,metastable,0,86,150080,0.15,0.3,0.0,128,6
8007,metastable_000,metastable,0,87,150080,0.15,0.3,0.0,128,6
8008,metastable_000,metastable,0,88,150080,0.15,0.3,0.0,128,6
8009,metastable_000,metastable,0,89,150080,0.15,0.3,0.0,128,6
8010,metastable_000,metastable,0,90,150080,0.15,0.3,0.0,128,6
8011,metastable_000,metastable,0,91,150080,0.15,0.3,0.0,128,6
8012,metastable_000,metastable,0,92,150080,0.15,0.3,0.0,128,6
8013,metastable_000,metastable,0,93,150080,0.15,0.3,0.0,128,6
8014,metastable_000,metastable,0,94,150080,0.15,0.3,0.0,128,6
8015,metastable_000,metastable,0,95,150080,0.15,0.3,0.0,128,6
8016,metastable_000,metastable,0,96,150080,0.15,0.3,0.0,128,6
8017,metastable_000,metastable,0,97,150080,0.15,0.3,0.0,128,6
8018,metastable_000,metastable,0,98,150080,0.15,0.3,0.0,128,6
8019,metastable_001,metastable,1,0,150081,0.15,0.3,0.0,128,6
8020,metastable_001,metastable,1,1,150081,0.15,0.3,0.0,128,6
8021,metastable_001,metastable,1,2,150081,0.15,0.3,0.0,128,6
8022,metastable_001,metastable,1,3,150081,0.15,0.3,0.0,128,6
8023,metastable_001,metastable,1,4,150081,0.15,0.3,0.0,128,6
8024,metastable_001,metastable,1,5,150081,0.15,0.3,0.0,128,6
8025,metastable_001,metastable,1,6,150081,0.15,0.3,0.0,128,6
8026,metastable_001,metastable,1,7,150081,0.15,0.3,0.0,128,6
8027,metastable_001,metastable,1,8,150081,0.15,0.3,0.0,128,6
8028,metastable_001,metastable,1,9,150081,0.15,0.3,0.0,128,6
8029,metastable_001,metastable,1,10,150081,0.15,0.3,0.0,128,6
8030,metastable_001,metastable,1,11,150081,0.15,0.3,0.0,128,6
8031,metastable_001,metastable,1,12,150081,0.15,0.3,0.0,128,6
8032,metastable_001,metastable,1,13,150081,0.15,0.3,0.0,128,6
8033,metastable_001,metastable,1,14,150081,0.15,0.3,0.0,128,6
8034,metastable_001,metastable,1,15,150081,0.15,0.3,0.0,128,6
8035,metastable_001,metastable,1,16,150081,0.15,0.3,0.0,128,6
8036,metastable_001,metastable,1,17,150081,0.15,0.3,0.0,128,6
8037,metastable_001,metastable,1,18,150081,0.15,0.3,0.0,128,6
8038,metastable_001,metastable,1,19,150081,0.15,0.3,0.0,128,6
8039,metastable_001,metastable,1,20,150081,0.15,0.3,0.0,128,6
8040,metastable_001,metastable,1,21,150081,0.15,0.3,0.0,128,6
8041,metastable_001,metastable,1,22,150081,0.15,0.3,0.0,128,6
8042,metastable_001,metastable,1,23,150081,0.15,0.3,0.0,128,6
8043,metastable_001,metastable,1,24,150081,0.15,0.3,0.0,128,6
8044,metastable_001,metastable,1,25,150081,0.15,0.3,0.0,128,6
8045,metastable_001,metastable,1,26,150081,0.15,0.3,0.0,128,6
8046,metastable_001,metastable,1,27,150081,0.15,0.3,0.0,128,6
8047,metastable_001,metastable,1,28,150081,0.15,0.3,0.0,128,6
8048,metastable_001,metastable,1,29,150081,0.15,0.3,0.0,128,6
8049,metastable_001,metastable,1,30,150081,0.15,0.3,0.0,128,6
8050,metastable_001,metastable,1,31,150081,0.15,0.3,0.0,128,6
8051,metastable_001,metastable,1,32,150081,0.15,0.3,0.0,128,6
8052,metastable_001,metastable,1,33,150081,0.15,0.3,0.0,128,6
8053,metastable_001,metastable,1,34,150081,0.15,0.3,0.0,128,6
8054,metastable_001,metastable,1,35,150081,0.15,0.3,0.0,128,6
8055,metastable_001,metastable,1,36,150081,0.15,0.3,0.0,128,6
8056,metastable_001,metastable,1,37,150081,0.15,0.3,0.0,128,6
8057,metastable_001,metastable,1,38,150081,0.15,0.3,0.0,128,6
8058,metastable_001,metastable,1,39,150081,0.15,0.3,0.0,128,6
8059,metastable_001,metastable,1,40,150081,0.15,0.3,0.0,128,6
8060,metastable_001,metastable,1,41,150081,0.15,0.3,0.0,128,6
8061,metastable_001,metastable,1,42,150081,0.15,0.3,0.0,128,6
8062,metastable_001,metastable,1,43,150081,0.15,0.3,0.0,128,6
8063,metastable_001,metastable,1,44,150081,0.15,0.3,0.0,128,6
8064,metastable_001,metastable,1,45,150081,0.15,0.3,0.0,128,6
8065,metastable_001,metastable,1,46,150081,0.15,0.3,0.0,128,6
8066,metastable_001,metastable,1,47,150081,0.15,0.3,0.0,128,6
8067,metastable_001,metastable,1,48,150081,0.15,0.3,0.0,128,6
8068,metastable_001,metastable,1,49,150081,0.15,0.3,0.0,128,6
8069,metastable_001,metastable,1,50,150081,0.15,0.3,0.0,128,6
8070,metastable_001,metastable,1,51,150081,0.15,0.3,0.0,128,6
8071,metastable_001,metastable,1,52,150081,0.15,0.3,0.0,128,6
8072,metastable_001,metastable,1,53,150081,0.15,0.3,0.0,128,6
8073,metastable_001,metastable,1,54,150081,0.15,0.3,0.0,128,6
8074,metastable_001,metastable,1,55,150081,0.15,0.3,0.0,128,6
8075,metastable_001,metastable,1,56,150081,0.15,0.3,0.0,128,6
8076,metastable_001,metastable,1,57,150081,0.15,0.3,0.0,128,6
8077,metastable_001,metastable,1,58,150081,0.15,0.3,0.0,128,6
8078,metastable_001,metastable,1,59,150081,0.15,0.3,0.0,128,6
8079,metastable_001,metastable,1,60,150081,0.15,0.3,0.0,128,6
8080,metastable_001,metastable,1,61,150081,0.15,0.3,0.0,128,6
8081,metastable_001,metastable,1,62,150081,0.15,0.3,0.0,128,6
8082,metastable_001,metastable,1,63,150081,0.15,0.3,0.0,128,6
8083,metastable_001,metastable,1,64,150081,0.15,0.3,0.0,128,6
8084,metastable_001,metastable,1,65,150081,0.15,0.3,0.0,128,6
8085,metastable_001,metastable,1,66,150081,0.15,0.3,0.0,128,6
8086,metastable_001,metastable,1,67,150081,0.15,0.3,0.0,128,6
8087,metastable_001,metastable,1,68,150081,0.15,0.3,0.0,128,6
8088,metastable_001,metastable,1,69,150081,0.15,0.3,0.0,128,6
8089,metastable_001,metastable,1,70,150081,0.15,0.3,0.0,128,6
8090,metastable_001,metastable,1,71,150081,0.15,0.3,0.0,128,6
8091,metastable_001,metastable,1,72,150081,0.15,0.3,0.0,128,6
8092,metastable_001,metastable,1,73,150081,0.15,0.3,0.0,128,6
8093,metastable_001,metastable,1,74,150081,0.15,0.3,0.0,128,6
8094,metastable_001,metastable,1,75,150081,0.15,0.3,0.0,128,6
8095,metastable_001,metastable,1,76,150081,0.15,0.3,0.0,128,6
8096,metastable_001,metastable,1,77,150081,0.15,0.3,0.0,128,6
8097,metastable_001,metastable,1,78,150081,0.15,0.3,0.0,128,6
8098,metastable_001,metastable,1,79,150081,0.15,0.3,0.0,128,6
8099,metastable_001,metastable,1,80,150081,0.15,0.3,0.0,128,6
8100,metastable_001,metastable,1,81,150081,0.15,0.3,0.0,128,6
8101,metastable_001,metastable,1,82,150081,0.15,0.3,0.0,128,6
8102,metastable_001,metastable,1,83,150081,0.15,0.3,0.0,128,6
8103,metastable_001,metastable,1,84,150081,0.15,0.3,0.0,128,6
8104,metastable_001,metastable,1,85,150081,0.15,0.3,0.0,128,6
8105,metastable_001,metastable,1,86,150081,0.15,0.3,0.0,128,6
8106,metastable_001,metastable,1,87,150081,0.15,0.3,0.0,128,6
8107,metastable_001,metastable,1,88,150081,0.15,0.3,0.0,128,6
8108,metastable_001,metastable,1,89,150081,0.15,0.3,0.0,128,6
8109,metastable_001,metastable,1,90,150081,0.15,0.3,0.0,128,6
8110,metastable_001,metastable,1,91,150081,0.15,0.3,0.0,128,6
8111,metastable_001,metastable,1,92,150081,0.15,0.3,0.0,128,6
8112,metastable_001,metastable,1,93,150081,0.15,0.3,0.0,128,6
8113,metastable_001,metastable,1,94,150081,0.15,0.3,0.0,128,6
8114,metastable_001,metastable,1,95,150081,0.15,0.3,0.0,128,6
8115,metastable_001,metastable,1,96,150081,0.15,0.3,0.0,128,6
8116,metastable_001,metastable,1,97,150081,0.15,0.3,0.0,128,6
8117,metastable_001,metastable,1,98,150081,0.15,0.3,0.0,128,6
8118,metastable_002,metastable,2,0,150082,0.15,0.3,0.0,128,6
8119,metastable_002,metastable,2,1,150082,0.15,0.3,0.0,128,6
8120,metastable_002,metastable,2,2,150082,0.15,0.3,0.0,128,6
8121,metastable_002,metastable,2,3,150082,0.15,0.3,0.0,128,6
8122,metastable_002,metastable,2,4,150082,0.15,0.3,0.0,128,6
8123,metastable_002,metastable,2,5,150082,0.15,0.3,0.0,128,6
8124,metastable_002,metastable,2,6,150082,0.15,0.3,0.0,128,6
8125,metastable_002,metastable,2,7,150082,0.15,0.3,0.0,128,6
8126,metastable_002,metastable,2,8,150082,0.15,0.3,0.0,128,6
8127,metastable_002,metastable,2,9,150082,0.15,0.3,0.0,128,6
8128,metastable_002,metastable,2,10,150082,0.15,0.3,0.0,128,6
8129,metastable_002,metastable,2,11,150082,0.15,0.3,0.0,128,6
8130,metastable_002,metastable,2,12,150082,0.15,0.3,0.0,128,6
8131,metastable_002,metastable,2,13,150082,0.15,0.3,0.0,128,6
8132,metastable_002,metastable,2,14,150082,0.15,0.3,0.0,128,6
8133,metastable_002,metastable,2,15,150082,0.15,0.3,0.0,128,6
8134,metastable_002,metastable,2,16,150082,0.15,0.3,0.0,128,6
8135,metastable_002,metastable,2,17,150082,0.15,0.3,0.0,128,6
8136,metastable_002,metastable,2,18,150082,0.15,0.3,0.0,128,6
8137,metastable_002,metastable,2,19,150082,0.15,0.3,0.0,128,6
8138,metastable_002,metastable,2,20,150082,0.15,0.3,0.0,128,6
8139,metastable_002,metastable,2,21,150082,0.15,0.3,0.0,128,6
8140,metastable_002,metastable,2,22,150082,0.15,0.3,0.0,128,6
8141,metastable_002,metastable,2,23,150082,0.15,0.3,0.0,128,6
8142,metastable_002,metastable,2,24,150082,0.15,0.3,0.0,128,6
8143,metastable_002,metastable,2,25,150082,0.15,0.3,0.0,128,6
8144,metastable_002,metastable,2,26,150082,0.15,0.3,0.0,128,6
8145,metastable_002,metastable,2,27,150082,0.15,0.3,0.0,128,6
8146,metastable_002,metastable,2,28,150082,0.15,0.3,0.0,128,6
8147,metastable_002,metastable,2,29,150082,0.15,0.3,0.0,128,6
8148,metastable_002,metastable,2,30,150082,0.15,0.3,0.0,128,6
8149,metastable_002,metastable,2,31,150082,0.15,0.3,0.0,128,6
8150,metastable_002,metastable,2,32,150082,0.15,0.3,0.0,128,6
8151,metastable_002,metastable,2,33,150082,0.15,0.3,0.0,128,6
8152,metastable_002,metastable,2,34,150082,0.15,0.3,0.0,128,6
8153,metastable_002,metastable,2,35,150082,0.15,0.3,0.0,128,6
8154,metastable_002,metastable,2,36,150082,0.15,0.3,0.0,128,6
8155,metastable_002,metastable,2,37,150082,0.15,0.3,0.0,128,6
8156,metastable_002,metastable,2,38,150082,0.15,0.3,0.0,128,6
8157,metastable_002,metastable,2,39,150082,0.15,0.3,0.0,128,6
8158,metastable_002,metastable,2,40,150082,0.15,0.3,0.0,128,6
8159,metastable_002,metastable,2,41,150082,0.15,0.3,0.0,128,6
8160,metastable_002,metastable,2,42,150082,0.15,0.3,0.0,128,6
8161,metastable_002,metastable,2,43,150082,0.15,0.3,0.0,128,6
8162,metastable_002,metastable,2,44,150082,0.15,0.3,0.0,128,6
8163,metastable_002,metastable,2,45,150082,0.15,0.3,0.0,128,6
8164,metastable_002,metastable,2,46,150082,0.15,0.3,0.0,128,6
8165,metastable_002,metastable,2,47,150082,0.15,0.3,0.0,128,6
8166,metastable_002,metastable,2,48,150082,0.15,0.3,0.0,128,6
8167,metastable_002,metastable,2,49,150082,0.15,0.3,0.0,128,6
8168,metastable_002,metastable,2,50,150082,0.15,0.3,0.0,128,6
8169,metastable_002,metastable,2,51,150082,0.15,0.3,0.0,128,6
8170,metastable_002,metastable,2,52,150082,0.15,0.3,0.0,128,6
8171,metastable_002,metastable,2,53,150082,0.15,0.3,0.0,128,6
8172,metastable_002,metastable,2,54,150082,0.15,0.3,0.0,128,6
8173,metastable_002,metastable,2,55,150082,0.15,0.3,0.0,128,6
8174,metastable_002,metastable,2,56,150082,0.15,0.3,0.0,128,6
8175,metastable_002,metastable,2,57,150082,0.15,0.3,0.0,128,6
8176,metastable_002,metastable,2,58,150082,0.15,0.3,0.0,128,6
8177,metastable_002,metastable,2,59,150082,0.15,0.3,0.0,128,6
8178,metastable_002,metastable,2,60,150082,0.15,0.3,0.0,128,6
8179,metastable_002,metastable,2,61,150082,0.15,0.3,0.0,128,6
8180,metastable_002,metastable,2,62,150082,0.15,0.3,0.0,128,6
8181,metastable_002,metastable,2,63,150082,0.15,0.3,0.0,128,6
8182,metastable_002,metastable,2,64,150082,0.15,0.3,0.0,128,6
8183,metastable_002,metastable,2,65,150082,0.15,0.3,0.0,128,6
8184,metastable_002,metastable,2,66,150082,0.15,0.3,0.0,128,6
8185,metastable_002,metastable,2,67,150082,0.15,0.3,0.0,128,6
8186,metastable_002,metastable,2,68,150082,0.15,0.3,0.0,128,6
8187,metastable_002,metastable,2,69,150082,0.15,0.3,0.0,128,6
8188,metastable_002,metastable,2,70,150082,0.15,0.3,0.0,128,6
8189,metastable_002,metastable,2,71,150082,0.15,0.3,0.0,128,6
8190,metastable_002,metastable,2,72,150082,0.15,0.3,0.0,128,6
8191,metastable_002,metastable,2,73,150082,0.15,0.3,0.0,128,6
8192,metastable_002,metastable,2,74,150082,0.15,0.3,0.0,128,6
8193,metastable_002,metastable,2,75,150082,0.15,0.3,0.0,128,6
8194,metastable_002,metastable,2,76,150082,0.15,0.3,0.0,128,6
8195,metastable_002,metastable,2,77,150082,0.15,0.3,0.0,128,6
8196,metastable_002,metastable,2,78,150082,0.15,0.3,0.0,128,6
8197,metastable_002,metastable,2,79,150082,0.15,0.3,0.0,128,6
8198,metastable_002,metastable,2,80,150082,0.15,0.3,0.0,128,6
8199,metastable_002,metastable,2,81,150082,0.15,0.3,0.0,128,6
8200,metastable_002,metastable,2,82,150082,0.15,0.3,0.0,128,6
8201,metastable_002,metastable,2,83,150082,0.15,0.3,0.0,128,6
8202,metastable_002,metastable,2,84,150082,0.15,0.3,0.0,128,6
8203,metastable_002,metastable,2,85,150082,0.15,0.3,0.0,128,6
8204,metastable_002,metastable,2,86,150082,0.15,0.3,0.0,128,6
8205,metastable_002,metastable,2,87,150082,0.15,0.3,0.0,128,6
8206,metastable_002,metastable,2,88,150082,0.15,0.3,0.0,128,6
8207,metastable_002,metastable,2,89,150082,0.15,0.3,0.0,128,6
8208,metastable_002,metastable,2,90,150082,0.15,0.3,0.0,128,6
8209,metastable_002,metastable,2,91,150082,0.15,0.3,0.0,128,6
8210,metastable_002,metastable,2,92,150082,0.15,0.3,0.0,128,6
8211,metastable_002,metastable,2,93,150082,0.15,0.3,0.0,128,6
8212,metastable_002,metastable,2,94,150082,0.15,0.3,0.0,128,6
8213,metastable_002,metastable,2,95,150082,0.15,0.3,0.0,128,6
8214,metastable_002,metastable,2,96,150082,0.15,0.3,0.0,128,6
8215,metastable_002,metastable,2,97,150082,0.15,0.3,0.0,128,6
8216,metastable_002,metastable,2,98,150082,0.15,0.3,0.0,128,6
8217,metastable_003,metastable,3,0,150083,0.15,0.3,0.0,128,6
8218,metastable_003,metastable,3,1,150083,0.15,0.3,0.0,128,6
8219,metastable_003,metastable,3,2,150083,0.15,0.3,0.0,128,6
8220,metastable_003,metastable,3,3,150083,0.15,0.3,0.0,128,6
8221,metastable_003,metastable,3,4,150083,0.15,0.3,0.0,128,6
8222,metastable_003,metastable,3,5,150083,0.15,0.3,0.0,128,6
8223,metastable_003,metastable,3,6,150083,0.15,0.3,0.0,128,6
8224,metastable_003,metastable,3,7,150083,0.15,0.3,0.0,128,6
8225,metastable_003,metastable,3,8,150083,0.15,0.3,0.0,128,6
8226,metastable_003,metastable,3,9,150083,0.15,0.3,0.0,128,6
8227,metastable_003,metastable,3,10,150083,0.15,0.3,0.0,128,6
8228,metastable_003,metastable,3,11,150083,0.15,0.3,0.0,128,6
8229,metastable_003,metastable,3,12,150083,0.15,0.3,0.0,128,6
8230,metastable_003,metastable,3,13,150083,0.15,0.3,0.0,128,6
8231,metastable_003,metastable,3,14,150083,0.15,0.3,0.0,128,6
8232,metastable_003,metastable,3,15,150083,0.15,0.3,0.0,128,6
8233,metastable_003,metastable,3,16,150083,0.15,0.3,0.0,128,6
8234,metastable_003,metastable,3,17,150083,0.15,0.3,0.0,128,6
8235,metastable_003,metastable,3,18,150083,0.15,0.3,0.0,128,6
8236,metastable_003,metastable,3,19,150083,0.15,0.3,0.0,128,6
8237,metastable_003,metastable,3,20,150083,0.15,0.3,0.0,128,6
8238,metastable_003,metastable,3,21,150083,0.15,0.3,0.0,128,6
8239,metastable_003,metastable,3,22,150083,0.15,0.3,0.0,128,6
8240,metastable_003,metastable,3,23,150083,0.15,0.3,0.0,128,6
8241,metastable_003,metastable,3,24,150083,0.15,0.3,0.0,128,6
8242,metastable_003,metastable,3,25,150083,0.15,0.3,0.0,128,6
8243,metastable_003,metastable,3,26,150083,0.15,0.3,0.0,128,6
8244,metastable_003,metastable,3,27,150083,0.15,0.3,0.0,128,6
8245,metastable_003,metastable,3,28,150083,0.15,0.3,0.0,128,6
8246,metastable_003,metastable,3,29,150083,0.15,0.3,0.0,128,6
8247,metastable_003,metastable,3,30,150083,0.15,0.3,0.0,128,6
8248,metastable_003,metastable,3,31,150083,0.15,0.3,0.0,128,6
8249,metastable_003,metastable,3,32,150083,0.15,0.3,0.0,128,6
8250,metastable_003,metastable,3,33,150083,0.15,0.3,0.0,128,6
8251,metastable_003,metastable,3,34,150083,0.15,0.3,0.0,128,6
8252,metastable_003,metastable,3,35,150083,0.15,0.3,0.0,128,6
8253,metastable_003,metastable,3,36,150083,0.15,0.3,0.0,128,6
8254,metastable_003,metastable,3,37,150083,0.15,0.3,0.0,128,6
8255,metastable_003,metastable,3,38,150083,0.15,0.3,0.0,128,6
8256,metastable_003,metastable,3,39,150083,0.15,0.3,0.0,128,6
8257,metastable_003,metastable,3,40,150083,0.15,0.3,0.0,128,6
8258,metastable_003,metastable,3,41,150083,0.15,0.3,0.0,128,6
8259,metastable_003,metastable,3,42,150083,0.15,0.3,0.0,128,6
8260,metastable_003,metastable,3,43,150083,0.15,0.3,0.0,128,6
8261,metastable_003,metastable,3,44,150083,0.15,0.3,0.0,128,6
8262,metastable_003,metastable,3,45,150083,0.15,0.3,0.0,128,6
8263,metastable_003,metastable,3,46,150083,0.15,0.3,0.0,128,6
8264,metastable_003,metastable,3,47,150083,0.15,0.3,0.0,128,6
8265,metastable_003,metastable,3,48,150083,0.15,0.3,0.0,128,6
8266,metastable_003,metastable,3,49,150083,0.15,0.3,0.0,128,6
8267,metastable_003,metastable,3,50,150083,0.15,0.3,0.0,128,6
8268,metastable_003,metastable,3,51,150083,0.15,0.3,0.0,128,6
8269,metastable_003,metastable,3,52,150083,0.15,0.3,0.0,128,6
8270,metastable_003,metastable,3,53,150083,0.15,0.3,0.0,128,6
8271,metastable_003,metastable,3,54,150083,0.15,0.3,0.0,128,6
8272,metastable_003,metastable,3,55,150083,0.15,0.3,0.0,128,6
8273,metastable_003,metastable,3,56,150083,0.15,0.3,0.0,128,6
8274,metastable_003,metastable,3,57,150083,0.15,0.3,0.0,128,6
8275,metastable_003,metastable,3,58,150083,0.15,0.3,0.0,128,6
8276,metastable_003,metastable,3,59,150083,0.15,0.3,0.0,128,6
8277,metastable_003,metastable,3,60,150083,0.15,0.3,0.0,128,6
8278,metastable_003,metastable,3,61,150083,0.15,0.3,0.0,128,6
8279,metastable_003,metastable,3,62,150083,0.15,0.3,0.0,128,6
8280,metastable_003,metastable,3,63,150083,0.15,0.3,0.0,128,6
8281,metastable_003,metastable,3,64,150083,0.15,0.3,0.0,128,6
8282,metastable_003,metastable,3,65,150083,0.15,0.3,0.0,128,6
8283,metastable_003,metastable,3,66,150083,0.15,0.3,0.0,128,6
8284,metastable_003,metastable,3,67,150083,0.15,0.3,0.0,128,6
8285,metastable_003,metastable,3,68,150083,0.15,0.3,0.0,128,6
8286,metastable_003,metastable,3,69,150083,0.15,0.3,0.0,128,6
8287,metastable_003,metastable,3,70,150083,0.15,0.3,0.0,128,6
8288,metastable_003,metastable,3,71,150083,0.15,0.3,0.0,128,6
8289,metastable_003,metastable,3,72,150083,0.15,0.3,0.0,128,6
8290,metastable_003,metastable,3,73,150083,0.15,0.3,0.0,128,6
8291,metastable_003,metastable,3,74,150083,0.15,0.3,0.0,128,6
8292,metastable_003,metastable,3,75,150083,0.15,0.3,0.0,128,6
8293,metastable_003,metastable,3,76,150083,0.15,0.3,0.0,128,6
8294,metastable_003,metastable,3,77,150083,0.15,0.3,0.0,128,6
8295,metastable_003,metastable,3,78,150083,0.15,0.3,0.0,128,6
8296,metastable_003,metastable,3,79,150083,0.15,0.3,0.0,128,6
8297,metastable_003,metastable,3,80,150083,0.15,0.3,0.0,128,6
8298,metastable_003,metastable,3,81,150083,0.15,0.3,0.0,128,6
8299,metastable_003,metastable,3,82,150083,0.15,0.3,0.0,128,6
8300,metastable_003,metastable,3,83,150083,0.15,0.3,0.0,128,6
8301,metastable_003,metastable,3,84,150083,0.15,0.3,0.0,128,6
8302,metastable_003,metastable,3,85,150083,0.15,0.3,0.0,128,6
8303,metastable_003,metastable,3,86,150083,0.15,0.3,0.0,128,6
8304,metastable_003,metastable,3,87,150083,0.15,0.3,0.0,128,6
8305,metastable_003,metastable,3,88,150083,0.15,0.3,0.0,128,6
8306,metastable_003,metastable,3,89,150083,0.15,0.3,0.0,128,6
8307,metastable_003,metastable,3,90,150083,0.15,0.3,0.0,128,6
8308,metastable_003,metastable,3,91,150083,0.15,0.3,0.0,128,6
8309,metastable_003,metastable,3,92,150083,0.15,0.3,0.0,128,6
8310,metastable_003,metastable,3,93,150083,0.15,0.3,0.0,128,6
8311,metastable_003,metastable,3,94,150083,0.15,0.3,0.0,128,6
8312,metastable_003,metastable,3,95,150083,0.15,0.3,0.0,128,6
8313,metastable_003,metastable,3,96,150083,0.15,0.3,0.0,128,6
8314,metastable_003,metastable,3,97,150083,0.15,0.3,0.0,128,6
8315,metastable_003,metastable,3,98,150083,0.15,0.3,0.0,128,6
8316,metastable_004,metastable,4,0,150084,0.15,0.3,0.0,128,6
8317,metastable_004,metastable,4,1,150084,0.15,0.3,0.0,128,6
8318,metastable_004,metastable,4,2,150084,0.15,0.3,0.0,128,6
8319,metastable_004,metastable,4,3,150084,0.15,0.3,0.0,128,6
8320,metastable_004,metastable,4,4,150084,0.15,0.3,0.0,128,6
8321,metastable_004,metastable,4,5,150084,0.15,0.3,0.0,128,6
8322,metastable_004,metastable,4,6,150084,0.15,0.3,0.0,128,6
8323,metastable_004,metastable,4,7,150084,0.15,0.3,0.0,128,6
8324,metastable_004,metastable,4,8,150084,0.15,0.3,0.0,128,6
8325,metastable_004,metastable,4,9,150084,0.15,0.3,0.0,128,6
8326,metastable_004,metastable,4,10,150084,0.15,0.3,0.0,128,6
8327,metastable_004,metastable,4,11,150084,0.15,0.3,0.0,128,6
8328,metastable_004,metastable,4,12,150084,0.15,0.3,0.0,128,6
8329,metastable_004,metastable,4,13,150084,0.15,0.3,0.0,128,6
8330,metastable_004,metastable,4,14,150084,0.15,0.3,0.0,128,6
8331,metastable_004,metastable,4,15,150084,0.15,0.3,0.0,128,6
8332,metastable_004,metastable,4,16,150084,0.15,0.3,0.0,128,6
8333,metastable_004,metastable,4,17,150084,0.15,0.3,0.0,128,6
8334,metastable_004,metastable,4,18,150084,0.15,0.3,0.0,128,6
8335,metastable_004,metastable,4,19,150084,0.15,0.3,0.0,128,6
8336,metastable_004,metastable,4,20,150084,0.15,0.3,0.0,128,6
8337,metastable_004,metastable,4,21,150084,0.15,0.3,0.0,128,6
8338,metastable_004,metastable,4,22,150084,0.15,0.3,0.0,128,6
8339,metastable_004,metastable,4,23,150084,0.15,0.3,0.0,128,6
8340,metastable_004,metastable,4,24,150084,0.15,0.3,0.0,128,6
8341,metastable_004,metastable,4,25,150084,0.15,0.3,0.0,128,6
8342,metastable_004,metastable,4,26,150084,0.15,0.3,0.0,128,6
8343,metastable_004,metastable,4,27,150084,0.15,0.3,0.0,128,6
8344,metastable_004,metastable,4,28,150084,0.15,0.3,0.0,128,6
8345,metastable_004,metastable,4,29,150084,0.15,0.3,0.0,128,6
8346,metastable_004,metastable,4,30,150084,0.15,0.3,0.0,128,6
8347,metastable_004,metastable,4,31,150084,0.15,0.3,0.0,128,6
8348,metastable_004,metastable,4,32,150084,0.15,0.3,0.0,128,6
8349,metastable_004,metastable,4,33,150084,0.15,0.3,0.0,128,6
8350,metastable_004,metastable,4,34,150084,0.15,0.3,0.0,128,6
8351,metastable_004,metastable,4,35,150084,0.15,0.3,0.0,128,6
8352,metastable_004,metastable,4,36,150084,0.15,0.3,0.0,128,6
8353,metastable_004,metastable,4,37,150084,0.15,0.3,0.0,128,6
8354,metastable_004,metastable,4,38,150084,0.15,0.3,0.0,128,6
8355,metastable_004,metastable,4,39,150084,0.15,0.3,0.0,128,6
8356,metastable_004,metastable,4,40,150084,0.15,0.3,0.0,128,6
8357,metastable_004,metastable,4,41,150084,0.15,0.3,0.0,128,6
8358,metastable_004,metastable,4,42,150084,0.15,0.3,0.0,128,6
8359,metastable_004,metastable,4,43,150084,0.15,0.3,0.0,128,6
8360,metastable_004,metastable,4,44,150084,0.15,0.3,0.0,128,6
8361,metastable_004,metastable,4,45,150084,0.15,0.3,0.0,128,6
8362,metastable_004,metastable,4,46,150084,0.15,0.3,0.0,128,6
8363,metastable_004,metastable,4,47,150084,0.15,0.3,0.0,128,6
8364,metastable_004,metastable,4,48,150084,0.15,0.3,0.0,128,6
8365,metastable_004,metastable,4,49,150084,0.15,0.3,0.0,128,6
8366,metastable_004,metastable,4,50,150084,0.15,0.3,0.0,128,6
8367,metastable_004,metastable,4,51,150084,0.15,0.3,0.0,128,6
8368,metastable_004,metastable,4,52,150084,0.15,0.3,0.0,128,6
8369,metastable_004,metastable,4,53,150084,0.15,0.3,0.0,128,6
8370,metastable_004,metastable,4,54,150084,0.15,0.3,0.0,128,6
8371,metastable_004,metastable,4,55,150084,0.15,0.3,0.0,128,6
8372,metastable_004,metastable,4,56,150084,0.15,0.3,0.0,128,6
8373,metastable_004,metastable,4,57,150084,0.15,0.3,0.0,128,6
8374,metastable_004,metastable,4,58,150084,0.15,0.3,0.0,128,6
8375,metastable_004,metastable,4,59,150084,0.15,0.3,0.0,128,6
8376,metastable_004,metastable,4,60,150084,0.15,0.3,0.0,128,6
8377,metastable_004,metastable,4,61,150084,0.15,0.3,0.0,128,6
8378,metastable_004,metastable,4,62,150084,0.15,0.3,0.0,128,6
8379,metastable_004,metastable,4,63,150084,0.15,0.3,0.0,128,6
8380,metastable_004,metastable,4,64,150084,0.15,0.3,0.0,128,6
8381,metastable_004,metastable,4,65,150084,0.15,0.3,0.0,128,6
8382,metastable_004,metastable,4,66,150084,0.15,0.3,0.0,128,6
8383,metastable_004,metastable,4,67,150084,0.15,0.3,0.0,128,6
8384,metastable_004,metastable,4,68,150084,0.15,0.3,0.0,128,6
8385,metastable_004,metastable,4,69,150084,0.15,0.3,0.0,128,6
8386,metastable_004,metastable,4,70,150084,0.15,0.3,0.0,128,6
8387,metastable_004,metastable,4,71,150084,0.15,0.3,0.0,128,6
8388,metastable_004,metastable,4,72,150084,0.15,0.3,0.0,128,6
8389,metastable_004,metastable,4,73,150084,0.15,0.3,0.0,128,6
8390,metastable_004,metastable,4,74,150084,0.15,0.3,0.0,128,6
8391,metastable_004,metastable,4,75,150084,0.15,0.3,0.0,128,6
8392,metastable_004,metastable,4,76,150084,0.15,0.3,0.0,128,6
8393,metastable_004,metastable,4,77,150084,0.15,0.3,0.0,128,6
8394,metastable_004,metastable,4,78,150084,0.15,0.3,0.0,128,6
8395,metastable_004,metastable,4,79,150084,0.15,0.3,0.0,128,6
8396,metastable_004,metastable,4,80,150084,0.15,0.3,0.0,128,6
8397,metastable_004,metastable,4,81,150084,0.15,0.3,0.0,128,6
8398,metastable_004,metastable,4,82,150084,0.15,0.3,0.0,128,6
8399,metastable_004,metastable,4,83,150084,0.15,0.3,0.0,128,6
8400,metastable_004,metastable,4,84,150084,0.15,0.3,0.0,128,6
8401,metastable_004,metastable,4,85,150084,0.15,0.3,0.0,128,6
8402,metastable_004,metastable,4,86,150084,0.15,0.3,0.0,128,6
8403,metastable_004,metastable,4,87,150084,0.15,0.3,0.0,128,6
8404,metastable_004,metastable,4,88,150084,0.15,0.3,0.0,128,6
8405,metastable_004,metastable,4,89,150084,0.15,0.3,0.0,128,6
8406,metastable_004,metastable,4,90,150084,0.15,0.3,0.0,128,6
8407,metastable_004,metastable,4,91,150084,0.15,0.3,0.0,128,6
8408,metastable_004,metastable,4,92,150084,0.15,0.3,0.0,128,6
8409,metastable_004,metastable,4,93,150084,0.15,0.3,0.0,128,6
8410,metastable_004,metastable,4,94,150084,0.15,0.3,0.0,128,6
8411,metastable_004,metastable,4,95,150084,0.15,0.3,0.0,128,6
8412,metastable_004,metastable,4,96,150084,0.15,0.3,0.0,128,6
8413,metastable_004,metastable,4,97,150084,0.15,0.3,0.0,128,6
8414,metastable_004,metastable,4,98,150084,0.15,0.3,0.0,128,6
8415,metastable_005,metastable,5,0,150085,0.15,0.3,0.0,128,6
8416,metastable_005,metastable,5,1,150085,0.15,0.3,0.0,128,6
8417,metastable_005,metastable,5,2,150085,0.15,0.3,0.0,128,6
8418,metastable_005,metastable,5,3,150085,0.15,0.3,0.0,128,6
8419,metastable_005,metastable,5,4,150085,0.15,0.3,0.0,128,6
8420,metastable_005,metastable,5,5,150085,0.15,0.3,0.0,128,6
8421,metastable_005,metastable,5,6,150085,0.15,0.3,0.0,128,6
8422,metastable_005,metastable,5,7,150085,0.15,0.3,0.0,128,6
8423,metastable_005,metastable,5,8,150085,0.15,0.3,0.0,128,6
8424,metastable_005,metastable,5,9,150085,0.15,0.3,0.0,128,6
8425,metastable_005,metastable,5,10,150085,0.15,0.3,0.0,128,6
8426,metastable_005,metastable,5,11,150085,0.15,0.3,0.0,128,6
8427,metastable_005,metastable,5,12,150085,0.15,0.3,0.0,128,6
8428,metastable_005,metastable,5,13,150085,0.15,0.3,0.0,128,6
8429,metastable_005,metastable,5,14,150085,0.15,0.3,0.0,128,6
8430,metastable_005,metastable,5,15,150085,0.15,0.3,0.0,128,6
8431,metastable_005,metastable,5,16,150085,0.15,0.3,0.0,128,6
8432,metastable_005,metastable,5,17,150085,0.15,0.3,0.0,128,6
8433,metastable_005,metastable,5,18,150085,0.15,0.3,0.0,128,6
8434,metastable_005,metastable,5,19,150085,0.15,0.3,0.0,128,6
8435,metastable_005,metastable,5,20,150085,0.15,0.3,0.0,128,6
8436,metastable_005,metastable,5,21,150085,0.15,0.3,0.0,128,6
8437,metastable_005,metastable,5,22,150085,0.15,0.3,0.0,128,6
8438,metastable_005,metastable,5,23,150085,0.15,0.3,0.0,128,6
8439,metastable_005,metastable,5,24,150085,0.15,0.3,0.0,128,6
8440,metastable_005,metastable,5,25,150085,0.15,0.3,0.0,128,6
8441,metastable_005,metastable,5,26,150085,0.15,0.3,0.0,128,6
8442,metastable_005,metastable,5,27,150085,0.15,0.3,0.0,128,6
8443,metastable_005,metastable,5,28,150085,0.15,0.3,0.0,128,6
8444,metastable_005,metastable,5,29,150085,0.15,0.3,0.0,128,6
8445,metastable_005,metastable,5,30,150085,0.15,0.3,0.0,128,6
8446,metastable_005,metastable,5,31,150085,0.15,0.3,0.0,128,6
8447,metastable_005,metastable,5,32,150085,0.15,0.3,0.0,128,6
8448,metastable_005,metastable,5,33,150085,0.15,0.3,0.0,128,6
8449,metastable_005,metastable,5,34,150085,0.15,0.3,0.0,128,6
8450,metastable_005,metastable,5,35,150085,0.15,0.3,0.0,128,6
8451,metastable_005,metastable,5,36,150085,0.15,0.3,0.0,128,6
8452,metastable_005,metastable,5,37,150085,0.15,0.3,0.0,128,6
8453,metastable_005,metastable,5,38,150085,0.15,0.3,0.0,128,6
8454,metastable_005,metastable,5,39,150085,0.15,0.3,0.0,128,6
8455,metastable_005,metastable,5,40,150085,0.15,0.3,0.0,128,6
8456,metastable_005,metastable,5,41,150085,0.15,0.3,0.0,128,6
8457,metastable_005,metastable,5,42,150085,0.15,0.3,0.0,128,6
8458,metastable_005,metastable,5,43,150085,0.15,0.3,0.0,128,6
8459,metastable_005,metastable,5,44,150085,0.15,0.3,0.0,128,6
8460,metastable_005,metastable,5,45,150085,0.15,0.3,0.0,128,6
8461,metastable_005,metastable,5,46,150085,0.15,0.3,0.0,128,6
8462,metastable_005,metastable,5,47,150085,0.15,0.3,0.0,128,6
8463,metastable_005,metastable,5,48,150085,0.15,0.3,0.0,128,6
8464,metastable_005,metastable,5,49,150085,0.15,0.3,0.0,128,6
8465,metastable_005,metastable,5,50,150085,0.15,0.3,0.0,128,6
8466,metastable_005,metastable,5,51,150085,0.15,0.3,0.0,128,6
8467,metastable_005,metastable,5,52,150085,0.15,0.3,0.0,128,6
8468,metastable_005,metastable,5,53,150085,0.15,0.3,0.0,128,6
8469,metastable_005,metastable,5,54,150085,0.15,0.3,0.0,128,6
8470,metastable_005,metastable,5,55,150085,0.15,0.3,0.0,128,6
8471,metastable_005,metastable,5,56,150085,0.15,0.3,0.0,128,6
8472,metastable_005,metastable,5,57,150085,0.15,0.3,0.0,128,6
8473,metastable_005,metastable,5,58,150085,0.15,0.3,0.0,128,6
8474,metastable_005,metastable,5,59,150085,0.15,0.3,0.0,128,6
8475,metastable_005,metastable,5,60,150085,0.15,0.3,0.0,128,6
8476,metastable_005,metastable,5,61,150085,0.15,0.3,0.0,128,6
8477,metastable_005,metastable,5,62,150085,0.15,0.3,0.0,128,6
8478,metastable_005,metastable,5,63,150085,0.15,0.3,0.0,128,6
8479,metastable_005,metastable,5,64,150085,0.15,0.3,0.0,128,6
8480,metastable_005,metastable,5,65,150085,0.15,0.3,0.0,128,6
8481,metastable_005,metastable,5,66,150085,0.15,0.3,0.0,128,6
8482,metastable_005,metastable,5,67,150085,0.15,0.3,0.0,128,6
8483,metastable_005,metastable,5,68,150085,0.15,0.3,0.0,128,6
8484,metastable_005,metastable,5,69,150085,0.15,0.3,0.0,128,6
8485,metastable_005,metastable,5,70,150085,0.15,0.3,0.0,128,6
8486,metastable_005,metastable,5,71,150085,0.15,0.3,0.0,128,6
8487,metastable_005,metastable,5,72,150085,0.15,0.3,0.0,128,6
8488,metastable_005,metastable,5,73,150085,0.15,0.3,0.0,128,6
8489,metastable_005,metastable,5,74,150085,0.15,0.3,0.0,128,6
8490,metastable_005,metastable,5,75,150085,0.15,0.3,0.0,128,6
8491,metastable_005,metastable,5,76,150085,0.15,0.3,0.0,128,6
8492,metastable_005,metastable,5,77,150085,0.15,0.3,0.0,128,6
8493,metastable_005,metastable,5,78,150085,0.15,0.3,0.0,128,6
8494,metastable_005,metastable,5,79,150085,0.15,0.3,0.0,128,6
8495,metastable_005,metastable,5,80,150085,0.15,0.3,0.0,128,6
8496,metastable_005,metastable,5,81,150085,0.15,0.3,0.0,128,6
8497,metastable_005,metastable,5,82,150085,0.15,0.3,0.0,128,6
8498,metastable_005,metastable,5,83,150085,0.15,0.3,0.0,128,6
8499,metastable_005,metastable,5,84,150085,0.15,0.3,0.0,128,6
8500,metastable_005,metastable,5,85,150085,0.15,0.3,0.0,128,6
8501,metastable_005,metastable,5,86,150085,0.15,0.3,0.0,128,6
8502,metastable_005,metastable,5,87,150085,0.15,0.3,0.0,128,6
8503,metastable_005,metastable,5,88,150085,0.15,0.3,0.0,128,6
8504,metastable_005,metastable,5,89,150085,0.15,0.3,0.0,128,6
8505,metastable_005,metastable,5,90,150085,0.15,0.3,0.0,128,6
8506,metastable_005,metastable,5,91,150085,0.15,0.3,0.0,128,6
8507,metastable_005,metastable,5,92,150085,0.15,0.3,0.0,128,6
8508,metastable_005,metastable,5,93,150085,0.15,0.3,0.0,128,6
8509,metastable_005,metastable,5,94,150085,0.15,0.3,0.0,128,6
8510,metastable_005,metastable,5,95,150085,0.15,0.3,0.0,128,6
8511,metastable_005,metastable,5,96,150085,0.15,0.3,0.0,128,6
8512,metastable_005,metastable,5,97,150085,0.15,0.3,0.0,128,6
8513,metastable_005,metastable,5,98,150085,0.15,0.3,0.0,128,6
8514,metastable_006,metastable,6,0,150086,0.15,0.3,0.0,128,6
8515,metastable_006,metastable,6,1,150086,0.15,0.3,0.0,128,6
8516,metastable_006,metastable,6,2,150086,0.15,0.3,0.0,128,6
8517,metastable_006,metastable,6,3,150086,0.15,0.3,0.0,128,6
8518,metastable_006,metastable,6,4,150086,0.15,0.3,0.0,128,6
8519,metastable_006,metastable,6,5,150086,0.15,0.3,0.0,128,6
8520,metastable_006,metastable,6,6,150086,0.15,0.3,0.0,128,6
8521,metastable_006,metastable,6,7,150086,0.15,0.3,0.0,128,6
8522,metastable_006,metastable,6,8,150086,0.15,0.3,0.0,128,6
8523,metastable_006,metastable,6,9,150086,0.15,0.3,0.0,128,6
8524,metastable_006,metastable,6,10,150086,0.15,0.3,0.0,128,6
8525,metastable_006,metastable,6,11,150086,0.15,0.3,0.0,128,6
8526,metastable_006,metastable,6,12,150086,0.15,0.3,0.0,128,6
8527,metastable_006,metastable,6,13,150086,0.15,0.3,0.0,128,6
8528,metastable_006,metastable,6,14,150086,0.15,0.3,0.0,128,6
8529,metastable_006,metastable,6,15,150086,0.15,0.3,0.0,128,6
8530,metastable_006,metastable,6,16,150086,0.15,0.3,0.0,128,6
8531,metastable_006,metastable,6,17,150086,0.15,0.3,0.0,128,6
8532,metastable_006,metastable,6,18,150086,0.15,0.3,0.0,128,6
8533,metastable_006,metastable,6,19,150086,0.15,0.3,0.0,128,6
8534,metastable_006,metastable,6,20,150086,0.15,0.3,0.0,128,6
8535,metastable_006,metastable,6,21,150086,0.15,0.3,0.0,128,6
8536,metastable_006,metastable,6,22,150086,0.15,0.3,0.0,128,6
8537,metastable_006,metastable,6,23,150086,0.15,0.3,0.0,128,6
8538,metastable_006,metastable,6,24,150086,0.15,0.3,0.0,128,6
8539,metastable_006,metastable,6,25,150086,0.15,0.3,0.0,128,6
8540,metastable_006,metastable,6,26,150086,0.15,0.3,0.0,128,6
8541,metastable_006,metastable,6,27,150086,0.15,0.3,0.0,128,6
8542,metastable_006,metastable,6,28,150086,0.15,0.3,0.0,128,6
8543,metastable_006,metastable,6,29,150086,0.15,0.3,0.0,128,6
8544,metastable_006,metastable,6,30,150086,0.15,0.3,0.0,128,6
8545,metastable_006,metastable,6,31,150086,0.15,0.3,0.0,128,6
8546,metastable_006,metastable,6,32,150086,0.15,0.3,0.0,128,6
8547,metastable_006,metastable,6,33,150086,0.15,0.3,0.0,128,6
8548,metastable_006,metastable,6,34,150086,0.15,0.3,0.0,128,6
8549,metastable_006,metastable,6,35,150086,0.15,0.3,0.0,128,6
8550,metastable_006,metastable,6,36,150086,0.15,0.3,0.0,128,6
8551,metastable_006,metastable,6,37,150086,0.15,0.3,0.0,128,6
8552,metastable_006,metastable,6,38,150086,0.15,0.3,0.0,128,6
8553,metastable_006,metastable,6,39,150086,0.15,0.3,0.0,128,6
8554,metastable_006,metastable,6,40,150086,0.15,0.3,0.0,128,6
8555,metastable_006,metastable,6,41,150086,0.15,0.3,0.0,128,6
8556,metastable_006,metastable,6,42,150086,0.15,0.3,0.0,128,6
8557,metastable_006,metastable,6,43,150086,0.15,0.3,0.0,128,6
8558,metastable_006,metastable,6,44,150086,0.15,0.3,0.0,128,6
8559,metastable_006,metastable,6,45,150086,0.15,0.3,0.0,128,6
8560,metastable_006,metastable,6,46,150086,0.15,0.3,0.0,128,6
8561,metastable_006,metastable,6,47,150086,0.15,0.3,0.0,128,6
8562,metastable_006,metastable,6,48,150086,0.15,0.3,0.0,128,6
8563,metastable_006,metastable,6,49,150086,0.15,0.3,0.0,128,6
8564,metastable_006,metastable,6,50,150086,0.15,0.3,0.0,128,6
8565,metastable_006,metastable,6,51,150086,0.15,0.3,0.0,128,6
8566,metastable_006,metastable,6,52,150086,0.15,0.3,0.0,128,6
8567,metastable_006,metastable,6,53,150086,0.15,0.3,0.0,128,6
8568,metastable_006,metastable,6,54,150086,0.15,0.3,0.0,128,6
8569,metastable_006,metastable,6,55,150086,0.15,0.3,0.0,128,6
8570,metastable_006,metastable,6,56,150086,0.15,0.3,0.0,128,6
8571,metastable_006,metastable,6,57,150086,0.15,0.3,0.0,128,6
8572,metastable_006,metastable,6,58,150086,0.15,0.3,0.0,128,6
8573,metastable_006,metastable,6,59,150086,0.15,0.3,0.0,128,6
8574,metastable_006,metastable,6,60,150086,0.15,0.3,0.0,128,6
8575,metastable_006,metastable,6,61,150086,0.15,0.3,0.0,128,6
8576,metastable_006,metastable,6,62,150086,0.15,0.3,0.0,128,6
8577,metastable_006,metastable,6,63,150086,0.15,0.3,0.0,128,6
8578,metastable_006,metastable,6,64,150086,0.15,0.3,0.0,128,6
8579,metastable_006,metastable,6,65,150086,0.15,0.3,0.0,128,6
8580,metastable_006,metastable,6,66,150086,0.15,0.3,0.0,128,6
8581,metastable_006,metastable,6,67,150086,0.15,0.3,0.0,128,6
8582,metastable_006,metastable,6,68,150086,0.15,0.3,0.0,128,6
8583,metastable_006,metastable,6,69,150086,0.15,0.3,0.0,128,6
8584,metastable_006,metastable,6,70,150086,0.15,0.3,0.0,128,6
8585,metastable_006,metastable,6,71,150086,0.15,0.3,0.0,128,6
8586,metastable_006,metastable,6,72,150086,0.15,0.3,0.0,128,6
8587,metastable_006,metastable,6,73,150086,0.15,0.3,0.0,128,6
8588,metastable_006,metastable,6,74,150086,0.15,0.3,0.0,128,6
8589,metastable_006,metastable,6,75,150086,0.15,0.3,0.0,128,6
8590,metastable_006,metastable,6,76,150086,0.15,0.3,0.0,128,6
8591,metastable_006,metastable,6,77,150086,0.15,0.3,0.0,128,6
8592,metastable_006,metastable,6,78,150086,0.15,0.3,0.0,128,6
8593,metastable_006,metastable,6,79,150086,0.15,0.3,0.0,128,6
8594,metastable_006,metastable,6,80,150086,0.15,0.3,0.0,128,6
8595,metastable_006,metastable,6,81,150086,0.15,0.3,0.0,128,6
8596,metastable_006,metastable,6,82,150086,0.15,0.3,0.0,128,6
8597,metastable_006,metastable,6,83,150086,0.15,0.3,0.0,128,6
8598,metastable_006,metastable,6,84,150086,0.15,0.3,0.0,128,6
8599,metastable_006,metastable,6,85,150086,0.15,0.3,0.0,128,6
8600,metastable_006,metastable,6,86,150086,0.15,0.3,0.0,128,6
8601,metastable_006,metastable,6,87,150086,0.15,0.3,0.0,128,6
8602,metastable_006,metastable,6,88,150086,0.15,0.3,0.0,128,6
8603,metastable_006,metastable,6,89,150086,0.15,0.3,0.0,128,6
8604,metastable_006,metastable,6,90,150086,0.15,0.3,0.0,128,6
8605,metastable_006,metastable,6,91,150086,0.15,0.3,0.0,128,6
8606,metastable_006,metastable,6,92,150086,0.15,0.3,0.0,128,6
8607,metastable_006,metastable,6,93,150086,0.15,0.3,0.0,128,6
8608,metastable_006,metastable,6,94,150086,0.15,0.3,0.0,128,6
8609,metastable_006,metastable,6,95,150086,0.15,0.3,0.0,128,6
8610,metastable_006,metastable,6,96,150086,0.15,0.3,0.0,128,6
8611,metastable_006,metastable,6,97,150086,0.15,0.3,0.0,128,6
8612,metastable_006,metastable,6,98,150086,0.15,0.3,0.0,128,6
8613,metastable_007,metastable,7,0,150087,0.15,0.3,0.0,128,6
8614,metastable_007,metastable,7,1,150087,0.15,0.3,0.0,128,6
8615,metastable_007,metastable,7,2,150087,0.15,0.3,0.0,128,6
8616,metastable_007,metastable,7,3,150087,0.15,0.3,0.0,128,6
8617,metastable_007,metastable,7,4,150087,0.15,0.3,0.0,128,6
8618,metastable_007,metastable,7,5,150087,0.15,0.3,0.0,128,6
8619,metastable_007,metastable,7,6,150087,0.15,0.3,0.0,128,6
8620,metastable_007,metastable,7,7,150087,0.15,0.3,0.0,128,6
8621,metastable_007,metastable,7,8,150087,0.15,0.3,0.0,128,6
8622,metastable_007,metastable,7,9,150087,0.15,0.3,0.0,128,6
8623,metastable_007,metastable,7,10,150087,0.15,0.3,0.0,128,6
8624,metastable_007,metastable,7,11,150087,0.15,0.3,0.0,128,6
8625,metastable_007,metastable,7,12,150087,0.15,0.3,0.0,128,6
8626,metastable_007,metastable,7,13,150087,0.15,0.3,0.0,128,6
8627,metastable_007,metastable,7,14,150087,0.15,0.3,0.0,128,6
8628,metastable_007,metastable,7,15,150087,0.15,0.3,0.0,128,6
8629,metastable_007,metastable,7,16,150087,0.15,0.3,0.0,128,6
8630,metastable_007,metastable,7,17,150087,0.15,0.3,0.0,128,6
8631,metastable_007,metastable,7,18,150087,0.15,0.3,0.0,128,6
8632,metastable_007,metastable,7,19,150087,0.15,0.3,0.0,128,6
8633,metastable_007,metastable,7,20,150087,0.15,0.3,0.0,128,6
8634,metastable_007,metastable,7,21,150087,0.15,0.3,0.0,128,6
8635,metastable_007,metastable,7,22,150087,0.15,0.3,0.0,128,6
8636,metastable_007,metastable,7,23,150087,0.15,0.3,0.0,128,6
8637,metastable_007,metastable,7,24,150087,0.15,0.3,0.0,128,6
8638,metastable_007,metastable,7,25,150087,0.15,0.3,0.0,128,6
8639,metastable_007,metastable,7,26,150087,0.15,0.3,0.0,128,6
8640,metastable_007,metastable,7,27,150087,0.15,0.3,0.0,128,6
8641,metastable_007,metastable,7,28,150087,0.15,0.3,0.0,128,6
8642,metastable_007,metastable,7,29,150087,0.15,0.3,0.0,128,6
8643,metastable_007,metastable,7,30,150087,0.15,0.3,0.0,128,6
8644,metastable_007,metastable,7,31,150087,0.15,0.3,0.0,128,6
8645,metastable_007,metastable,7,32,150087,0.15,0.3,0.0,128,6
8646,metastable_007,metastable,7,33,150087,0.15,0.3,0.0,128,6
8647,metastable_007,metastable,7,34,150087,0.15,0.3,0.0,128,6
8648,metastable_007,metastable,7,35,150087,0.15,0.3,0.0,128,6
8649,metastable_007,metastable,7,36,150087,0.15,0.3,0.0,128,6
8650,metastable_007,metastable,7,37,150087,0.15,0.3,0.0,128,6
8651,metastable_007,metastable,7,38,150087,0.15,0.3,0.0,128,6
8652,metastable_007,metastable,7,39,150087,0.15,0.3,0.0,128,6
8653,metastable_007,metastable,7,40,150087,0.15,0.3,0.0,128,6
8654,metastable_007,metastable,7,41,150087,0.15,0.3,0.0,128,6
8655,metastable_007,metastable,7,42,150087,0.15,0.3,0.0,128,6
8656,metastable_007,metastable,7,43,150087,0.15,0.3,0.0,128,6
8657,metastable_007,metastable,7,44,150087,0.15,0.3,0.0,128,6
8658,metastable_007,metastable,7,45,150087,0.15,0.3,0.0,128,6
8659,metastable_007,metastable,7,46,150087,0.15,0.3,0.0,128,6
8660,metastable_007,metastable,7,47,150087,0.15,0.3,0.0,128,6
8661,metastable_007,metastable,7,48,150087,0.15,0.3,0.0,128,6
8662,metastable_007,metastable,7,49,150087,0.15,0.3,0.0,128,6
8663,metastable_007,metastable,7,50,150087,0.15,0.3,0.0,128,6
8664,metastable_007,metastable,7,51,150087,0.15,0.3,0.0,128,6
8665,metastable_007,metastable,7,52,150087,0.15,0.3,0.0,128,6
8666,metastable_007,metastable,7,53,150087,0.15,0.3,0.0,128,6
8667,metastable_007,metastable,7,54,150087,0.15,0.3,0.0,128,6
8668,metastable_007,metastable,7,55,150087,0.15,0.3,0.0,128,6
8669,metastable_007,metastable,7,56,150087,0.15,0.3,0.0,128,6
8670,metastable_007,metastable,7,57,150087,0.15,0.3,0.0,128,6
8671,metastable_007,metastable,7,58,150087,0.15,0.3,0.0,128,6
8672,metastable_007,metastable,7,59,150087,0.15,0.3,0.0,128,6
8673,metastable_007,metastable,7,60,150087,0.15,0.3,0.0,128,6
8674,metastable_007,metastable,7,61,150087,0.15,0.3,0.0,128,6
8675,metastable_007,metastable,7,62,150087,0.15,0.3,0.0,128,6
8676,metastable_007,metastable,7,63,150087,0.15,0.3,0.0,128,6
8677,metastable_007,metastable,7,64,150087,0.15,0.3,0.0,128,6
8678,metastable_007,metastable,7,65,150087,0.15,0.3,0.0,128,6
8679,metastable_007,metastable,7,66,150087,0.15,0.3,0.0,128,6
8680,metastable_007,metastable,7,67,150087,0.15,0.3,0.0,128,6
8681,metastable_007,metastable,7,68,150087,0.15,0.3,0.0,128,6
8682,metastable_007,metastable,7,69,150087,0.15,0.3,0.0,128,6
8683,metastable_007,metastable,7,70,150087,0.15,0.3,0.0,128,6
8684,metastable_007,metastable,7,71,150087,0.15,0.3,0.0,128,6
8685,metastable_007,metastable,7,72,150087,0.15,0.3,0.0,128,6
8686,metastable_007,metastable,7,73,150087,0.15,0.3,0.0,128,6
8687,metastable_007,metastable,7,74,150087,0.15,0.3,0.0,128,6
8688,metastable_007,metastable,7,75,150087,0.15,0.3,0.0,128,6
8689,metastable_007,metastable,7,76,150087,0.15,0.3,0.0,128,6
8690,metastable_007,metastable,7,77,150087,0.15,0.3,0.0,128,6
8691,metastable_007,metastable,7,78,150087,0.15,0.3,0.0,128,6
8692,metastable_007,metastable,7,79,150087,0.15,0.3,0.0,128,6
8693,metastable_007,metastable,7,80,150087,0.15,0.3,0.0,128,6
8694,metastable_007,metastable,7,81,150087,0.15,0.3,0.0,128,6
8695,metastable_007,metastable,7,82,150087,0.15,0.3,0.0,128,6
8696,metastable_007,metastable,7,83,150087,0.15,0.3,0.0,128,6
8697,metastable_007,metastable,7,84,150087,0.15,0.3,0.0,128,6
8698,metastable_007,metastable,7,85,150087,0.15,0.3,0.0,128,6
8699,metastable_007,metastable,7,86,150087,0.15,0.3,0.0,128,6
8700,metastable_007,metastable,7,87,150087,0.15,0.3,0.0,128,6
8701,metastable_007,metastable,7,88,150087,0.15,0.3,0.0,128,6
8702,metastable_007,metastable,7,89,150087,0.15,0.3,0.0,128,6
8703,metastable_007,metastable,7,90,150087,0.15,0.3,0.0,128,6
8704,metastable_007,metastable,7,91,150087,0.15,0.3,0.0,128,6
8705,metastable_007,metastable,7,92,150087,0.15,0.3,0.0,128,6
8706,metastable_007,metastable,7,93,150087,0.15,0.3,0.0,128,6
8707,metastable_007,metastable,7,94,150087,0.15,0.3,0.0,128,6
8708,metastable_007,metastable,7,95,150087,0.15,0.3,0.0,128,6
8709,metastable_007,metastable,7,96,150087,0.15,0.3,0.0,128,6
8710,metastable_007,metastable,7,97,150087,0.15,0.3,0.0,128,6
8711,metastable_007,metastable,7,98,150087,0.15,0.3,0.0,128,6
8712,metastable_008,metastable,8,0,150088,0.15,0.3,0.0,128,6
8713,metastable_008,metastable,8,1,150088,0.15,0.3,0.0,128,6
8714,metastable_008,metastable,8,2,150088,0.15,0.3,0.0,128,6
8715,metastable_008,metastable,8,3,150088,0.15,0.3,0.0,128,6
8716,metastable_008,metastable,8,4,150088,0.15,0.3,0.0,128,6
8717,metastable_008,metastable,8,5,150088,0.15,0.3,0.0,128,6
8718,metastable_008,metastable,8,6,150088,0.15,0.3,0.0,128,6
8719,metastable_008,metastable,8,7,150088,0.15,0.3,0.0,128,6
8720,metastable_008,metastable,8,8,150088,0.15,0.3,0.0,128,6
8721,metastable_008,metastable,8,9,150088,0.15,0.3,0.0,128,6
8722,metastable_008,metastable,8,10,150088,0.15,0.3,0.0,128,6
8723,metastable_008,metastable,8,11,150088,0.15,0.3,0.0,128,6
8724,metastable_008,metastable,8,12,150088,0.15,0.3,0.0,128,6
8725,metastable_008,metastable,8,13,150088,0.15,0.3,0.0,128,6
8726,metastable_008,metastable,8,14,150088,0.15,0.3,0.0,128,6
8727,metastable_008,metastable,8,15,150088,0.15,0.3,0.0,128,6
8728,metastable_008,metastable,8,16,150088,0.15,0.3,0.0,128,6
8729,metastable_008,metastable,8,17,150088,0.15,0.3,0.0,128,6
8730,metastable_008,metastable,8,18,150088,0.15,0.3,0.0,128,6
8731,metastable_008,metastable,8,19,150088,0.15,0.3,0.0,128,6
8732,metastable_008,metastable,8,20,150088,0.15,0.3,0.0,128,6
8733,metastable_008,metastable,8,21,150088,0.15,0.3,0.0,128,6
8734,metastable_008,metastable,8,22,150088,0.15,0.3,0.0,128,6
8735,metastable_008,metastable,8,23,150088,0.15,0.3,0.0,128,6
8736,metastable_008,metastable,8,24,150088,0.15,0.3,0.0,128,6
8737,metastable_008,metastable,8,25,150088,0.15,0.3,0.0,128,6
8738,metastable_008,metastable,8,26,150088,0.15,0.3,0.0,128,6
8739,metastable_008,metastable,8,27,150088,0.15,0.3,0.0,128,6
8740,metastable_008,metastable,8,28,150088,0.15,0.3,0.0,128,6
8741,metastable_008,metastable,8,29,150088,0.15,0.3,0.0,128,6
8742,metastable_008,metastable,8,30,150088,0.15,0.3,0.0,128,6
8743,metastable_008,metastable,8,31,150088,0.15,0.3,0.0,128,6
8744,metastable_008,metastable,8,32,150088,0.15,0.3,0.0,128,6
8745,metastable_008,metastable,8,33,150088,0.15,0.3,0.0,128,6
8746,metastable_008,metastable,8,34,150088,0.15,0.3,0.0,128,6
8747,metastable_008,metastable,8,35,150088,0.15,0.3,0.0,128,6
8748,metastable_008,metastable,8,36,150088,0.15,0.3,0.0,128,6
8749,metastable_008,metastable,8,37,150088,0.15,0.3,0.0,128,6
8750,metastable_008,metastable,8,38,150088,0.15,0.3,0.0,128,6
8751,metastable_008,metastable,8,39,150088,0.15,0.3,0.0,128,6
8752,metastable_008,metastable,8,40,150088,0.15,0.3,0.0,128,6
8753,metastable_008,metastable,8,41,150088,0.15,0.3,0.0,128,6
8754,metastable_008,metastable,8,42,150088,0.15,0.3,0.0,128,6
8755,metastable_008,metastable,8,43,150088,0.15,0.3,0.0,128,6
8756,metastable_008,metastable,8,44,150088,0.15,0.3,0.0,128,6
8757,metastable_008,metastable,8,45,150088,0.15,0.3,0.0,128,6
8758,metastable_008,metastable,8,46,150088,0.15,0.3,0.0,128,6
8759,metastable_008,metastable,8,47,150088,0.15,0.3,0.0,128,6
8760,metastable_008,metastable,8,48,150088,0.15,0.3,0.0,128,6
8761,metastable_008,metastable,8,49,150088,0.15,0.3,0.0,128,6
8762,metastable_008,metastable,8,50,150088,0.15,0.3,0.0,128,6
8763,metastable_008,metastable,8,51,150088,0.15,0.3,0.0,128,6
8764,metastable_008,metastable,8,52,150088,0.15,0.3,0.0,128,6
8765,metastable_008,metastable,8,53,150088,0.15,0.3,0.0,128,6
8766,metastable_008,metastable,8,54,150088,0.15,0.3,0.0,128,6
8767,metastable_008,metastable,8,55,150088,0.15,0.3,0.0,128,6
8768,metastable_008,metastable,8,56,150088,0.15,0.3,0.0,128,6
8769,metastable_008,metastable,8,57,150088,0.15,0.3,0.0,128,6
8770,metastable_008,metastable,8,58,150088,0.15,0.3,0.0,128,6
8771,metastable_008,metastable,8,59,150088,0.15,0.3,0.0,128,6
8772,metastable_008,metastable,8,60,150088,0.15,0.3,0.0,128,6
8773,metastable_008,metastable,8,61,150088,0.15,0.3,0.0,128,6
8774,metastable_008,metastable,8,62,150088,0.15,0.3,0.0,128,6
8775,metastable_008,metastable,8,63,150088,0.15,0.3,0.0,128,6
8776,metastable_008,metastable,8,64,150088,0.15,0.3,0.0,128,6
8777,metastable_008,metastable,8,65,150088,0.15,0.3,0.0,128,6
8778,metastable_008,metastable,8,66,150088,0.15,0.3,0.0,128,6
8779,metastable_008,metastable,8,67,150088,0.15,0.3,0.0,128,6
8780,metastable_008,metastable,8,68,150088,0.15,0.3,0.0,128,6
8781,metastable_008,metastable,8,69,150088,0.15,0.3,0.0,128,6
8782,metastable_008,metastable,8,70,150088,0.15,0.3,0.0,128,6
8783,metastable_008,metastable,8,71,150088,0.15,0.3,0.0,128,6
8784,metastable_008,metastable,8,72,150088,0.15,0.3,0.0,128,6
8785,metastable_008,metastable,8,73,150088,0.15,0.3,0.0,128,6
8786,metastable_008,metastable,8,74,150088,0.15,0.3,0.0,128,6
8787,metastable_008,metastable,8,75,150088,0.15,0.3,0.0,128,6
8788,metastable_008,metastable,8,76,150088,0.15,0.3,0.0,128,6
8789,metastable_008,metastable,8,77,150088,0.15,0.3,0.0,128,6
8790,metastable_008,metastable,8,78,150088,0.15,0.3,0.0,128,6
8791,metastable_008,metastable,8,79,150088,0.15,0.3,0.0,128,6
8792,metastable_008,metastable,8,80,150088,0.15,0.3,0.0,128,6
8793,metastable_008,metastable,8,81,150088,0.15,0.3,0.0,128,6
8794,metastable_008,metastable,8,82,150088,0.15,0.3,0.0,128,6
8795,metastable_008,metastable,8,83,150088,0.15,0.3,0.0,128,6
8796,metastable_008,metastable,8,84,150088,0.15,0.3,0.0,128,6
8797,metastable_008,metastable,8,85,150088,0.15,0.3,0.0,128,6
8798,metastable_008,metastable,8,86,150088,0.15,0.3,0.0,128,6
8799,metastable_008,metastable,8,87,150088,0.15,0.3,0.0,128,6
8800,metastable_008,metastable,8,88,150088,0.15,0.3,0.0,128,6
8801,metastable_008,metastable,8,89,150088,0.15,0.3,0.0,128,6
8802,metastable_008,metastable,8,90,150088,0.15,0.3,0.0,128,6
8803,metastable_008,metastable,8,91,150088,0.15,0.3,0.0,128,6
8804,metastable_008,metastable,8,92,150088,0.15,0.3,0.0,128,6
8805,metastable_008,metastable,8,93,150088,0.15,0.3,0.0,128,6
8806,metastable_008,metastable,8,94,150088,0.15,0.3,0.0,128,6
8807,metastable_008,metastable,8,95,150088,0.15,0.3,0.0,128,6
8808,metastable_008,metastable,8,96,150088,0.15,0.3,0.0,128,6
8809,metastable_008,metastable,8,97,150088,0.15,0.3,0.0,128,6
8810,metastable_008,metastable,8,98,150088,0.15,0.3,0.0,128,6
8811,metastable_009,metastable,9,0,150089,0.15,0.3,0.0,128,6
8812,metastable_009,metastable,9,1,150089,0.15,0.3,0.0,128,6
8813,metastable_009,metastable,9,2,150089,0.15,0.3,0.0,128,6
8814,metastable_009,metastable,9,3,150089,0.15,0.3,0.0,128,6
8815,metastable_009,metastable,9,4,150089,0.15,0.3,0.0,128,6
8816,metastable_009,metastable,9,5,150089,0.15,0.3,0.0,128,6
8817,metastable_009,metastable,9,6,150089,0.15,0.3,0.0,128,6
8818,metastable_009,metastable,9,7,150089,0.15,0.3,0.0,128,6
8819,metastable_009,metastable,9,8,150089,0.15,0.3,0.0,128,6
8820,metastable_009,metastable,9,9,150089,0.15,0.3,0.0,128,6
8821,metastable_009,metastable,9,10,150089,0.15,0.3,0.0,128,6
8822,metastable_009,metastable,9,11,150089,0.15,0.3,0.0,128,6
8823,metastable_009,metastable,9,12,150089,0.15,0.3,0.0,128,6
8824,metastable_009,metastable,9,13,150089,0.15,0.3,0.0,128,6
8825,metastable_009,metastable,9,14,150089,0.15,0.3,0.0,128,6
8826,metastable_009,metastable,9,15,150089,0.15,0.3,0.0,128,6
8827,metastable_009,metastable,9,16,150089,0.15,0.3,0.0,128,6
8828,metastable_009,metastable,9,17,150089,0.15,0.3,0.0,128,6
8829,metastable_009,metastable,9,18,150089,0.15,0.3,0.0,128,6
8830,metastable_009,metastable,9,19,150089,0.15,0.3,0.0,128,6
8831,metastable_009,metastable,9,20,150089,0.15,0.3,0.0,128,6
8832,metastable_009,metastable,9,21,150089,0.15,0.3,0.0,128,6
8833,metastable_009,metastable,9,22,150089,0.15,0.3,0.0,128,6
8834,metastable_009,metastable,9,23,150089,0.15,0.3,0.0,128,6
8835,metastable_009,metastable,9,24,150089,0.15,0.3,0.0,128,6
8836,metastable_009,metastable,9,25,150089,0.15,0.3,0.0,128,6
8837,metastable_009,metastable,9,26,150089,0.15,0.3,0.0,128,6
8838,metastable_009,metastable,9,27,150089,0.15,0.3,0.0,128,6
8839,metastable_009,metastable,9,28,150089,0.15,0.3,0.0,128,6
8840,metastable_009,metastable,9,29,150089,0.15,0.3,0.0,128,6
8841,metastable_009,metastable,9,30,150089,0.15,0.3,0.0,128,6
8842,metastable_009,metastable,9,31,150089,0.15,0.3,0.0,128,6
8843,metastable_009,metastable,9,32,150089,0.15,0.3,0.0,128,6
8844,metastable_009,metastable,9,33,150089,0.15,0.3,0.0,128,6
8845,metastable_009,metastable,9,34,150089,0.15,0.3,0.0,128,6
8846,metastable_009,metastable,9,35,150089,0.15,0.3,0.0,128,6
8847,metastable_009,metastable,9,36,150089,0.15,0.3,0.0,128,6
8848,metastable_009,metastable,9,37,150089,0.15,0.3,0.0,128,6
8849,metastable_009,metastable,9,38,150089,0.15,0.3,0.0,128,6
8850,metastable_009,metastable,9,39,150089,0.15,0.3,0.0,128,6
8851,metastable_009,metastable,9,40,150089,0.15,0.3,0.0,128,6
8852,metastable_009,metastable,9,41,150089,0.15,0.3,0.0,128,6
8853,metastable_009,metastable,9,42,150089,0.15,0.3,0.0,128,6
8854,metastable_009,metastable,9,43,150089,0.15,0.3,0.0,128,6
8855,metastable_009,metastable,9,44,150089,0.15,0.3,0.0,128,6
8856,metastable_009,metastable,9,45,150089,0.15,0.3,0.0,128,6
8857,metastable_009,metastable,9,46,150089,0.15,0.3,0.0,128,6
8858,metastable_009,metastable,9,47,150089,0.15,0.3,0.0,128,6
8859,metastable_009,metastable,9,48,150089,0.15,0.3,0.0,128,6
8860,metastable_009,metastable,9,49,150089,0.15,0.3,0.0,128,6
8861,metastable_009,metastable,9,50,150089,0.15,0.3,0.0,128,6
8862,metastable_009,metastable,9,51,150089,0.15,0.3,0.0,128,6
8863,metastable_009,metastable,9,52,150089,0.15,0.3,0.0,128,6
8864,metastable_009,metastable,9,53,150089,0.15,0.3,0.0,128,6
8865,metastable_009,metastable,9,54,150089,0.15,0.3,0.0,128,6
8866,metastable_009,metastable,9,55,150089,0.15,0.3,0.0,128,6
8867,metastable_009,metastable,9,56,150089,0.15,0.3,0.0,128,6
8868,metastable_009,metastable,9,57,150089,0.15,0.3,0.0,128,6
8869,metastable_009,metastable,9,58,150089,0.15,0.3,0.0,128,6
8870,metastable_009,metastable,9,59,150089,0.15,0.3,0.0,128,6
8871,metastable_009,metastable,9,60,150089,0.15,0.3,0.0,128,6
8872,metastable_009,metastable,9,61,150089,0.15,0.3,0.0,128,6
8873,metastable_009,metastable,9,62,150089,0.15,0.3,0.0,128,6
8874,metastable_009,metastable,9,63,150089,0.15,0.3,0.0,128,6
8875,metastable_009,metastable,9,64,150089,0.15,0.3,0.0,128,6
8876,metastable_009,metastable,9,65,150089,0.15,0.3,0.0,128,6
8877,metastable_009,metastable,9,66,150089,0.15,0.3,0.0,128,6
8878,metastable_009,metastable,9,67,150089,0.15,0.3,0.0,128,6
8879,metastable_009,metastable,9,68,150089,0.15,0.3,0.0,128,6
8880,metastable_009,metastable,9,69,150089,0.15,0.3,0.0,128,6
8881,metastable_009,metastable,9,70,150089,0.15,0.3,0.0,128,6
8882,metastable_009,metastable,9,71,150089,0.15,0.3,0.0,128,6
8883,metastable_009,metastable,9,72,150089,0.15,0.3,0.0,128,6
8884,metastable_009,metastable,9,73,150089,0.15,0.3,0.0,128,6
8885,metastable_009,metastable,9,74,150089,0.15,0.3,0.0,128,6
8886,metastable_009,metastable,9,75,150089,0.15,0.3,0.0,128,6
8887,metastable_009,metastable,9,76,150089,0.15,0.3,0.0,128,6
8888,metastable_009,metastable,9,77,150089,0.15,0.3,0.0,128,6
8889,metastable_009,metastable,9,78,150089,0.15,0.3,0.0,128,6
8890,metastable_009,metastable,9,79,150089,0.15,0.3,0.0,128,6
8891,metastable_009,metastable,9,80,150089,0.15,0.3,0.0,128,6
8892,metastable_009,metastable,9,81,150089,0.15,0.3,0.0,128,6
8893,metastable_009,metastable,9,82,150089,0.15,0.3,0.0,128,6
8894,metastable_009,metastable,9,83,150089,0.15,0.3,0.0,128,6
8895,metastable_009,metastable,9,84,150089,0.15,0.3,0.0,128,6
8896,metastable_009,metastable,9,85,150089,0.15,0.3,0.0,128,6
8897,metastable_009,metastable,9,86,150089,0.15,0.3,0.0,128,6
8898,metastable_009,metastable,9,87,150089,0.15,0.3,0.0,128,6
8899,metastable_009,metastable,9,88,150089,0.15,0.3,0.0,128,6
8900,metastable_009,metastable,9,89,150089,0.15,0.3,0.0,128,6
8901,metastable_009,metastable,9,90,150089,0.15,0.3,0.0,128,6
8902,metastable_009,metastable,9,91,150089,0.15,0.3,0.0,128,6
8903,metastable_009,metastable,9,92,150089,0.15,0.3,0.0,128,6
8904,metastable_009,metastable,9,93,150089,0.15,0.3,0.0,128,6
8905,metastable_009,metastable,9,94,150089,0.15,0.3,0.0,128,6
8906,metastable_009,metastable,9,95,150089,0.15,0.3,0.0,128,6
8907,metastable_009,metastable,9,96,150089,0.15,0.3,0.0,128,6
8908,metastable_009,metastable,9,97,150089,0.15,0.3,0.0,128,6
8909,metastable_009,metastable,9,98,150089,0.15,0.3,0.0,128,6
8910,metastable_010,metastable,10,0,150090,0.15,0.3,0.0,128,6
8911,metastable_010,metastable,10,1,150090,0.15,0.3,0.0,128,6
8912,metastable_010,metastable,10,2,150090,0.15,0.3,0.0,128,6
8913,metastable_010,metastable,10,3,150090,0.15,0.3,0.0,128,6
8914,metastable_010,metastable,10,4,150090,0.15,0.3,0.0,128,6
8915,metastable_010,metastable,10,5,150090,0.15,0.3,0.0,128,6
8916,metastable_010,metastable,10,6,150090,0.15,0.3,0.0,128,6
8917,metastable_010,metastable,10,7,150090,0.15,0.3,0.0,128,6
8918,metastable_010,metastable,10,8,150090,0.15,0.3,0.0,128,6
8919,metastable_010,metastable,10,9,150090,0.15,0.3,0.0,128,6
8920,metastable_010,metastable,10,10,150090,0.15,0.3,0.0,128,6
8921,metastable_010,metastable,10,11,150090,0.15,0.3,0.0,128,6
8922,metastable_010,metastable,10,12,150090,0.15,0.3,0.0,128,6
8923,metastable_010,metastable,10,13,150090,0.15,0.3,0.0,128,6
8924,metastable_010,metastable,10,14,150090,0.15,0.3,0.0,128,6
8925,metastable_010,metastable,10,15,150090,0.15,0.3,0.0,128,6
8926,metastable_010,metastable,10,16,150090,0.15,0.3,0.0,128,6
8927,metastable_010,metastable,10,17,150090,0.15,0.3,0.0,128,6
8928,metastable_010,metastable,10,18,150090,0.15,0.3,0.0,128,6
8929,metastable_010,metastable,10,19,150090,0.15,0.3,0.0,128,6
8930,metastable_010,metastable,10,20,150090,0.15,0.3,0.0,128,6
8931,metastable_010,metastable,10,21,150090,0.15,0.3,0.0,128,6
8932,metastable_010,metastable,10,22,150090,0.15,0.3,0.0,128,6
8933,metastable_010,metastable,10,23,150090,0.15,0.3,0.0,128,6
8934,metastable_010,metastable,10,24,150090,0.15,0.3,0.0,128,6
8935,metastable_010,metastable,10,25,150090,0.15,0.3,0.0,128,6
8936,metastable_010,metastable,10,26,150090,0.15,0.3,0.0,128,6
8937,metastable_010,metastable,10,27,150090,0.15,0.3,0.0,128,6
8938,metastable_010,metastable,10,28,150090,0.15,0.3,0.0,128,6
8939,metastable_010,metastable,10,29,150090,0.15,0.3,0.0,128,6
8940,metastable_010,metastable,10,30,150090,0.15,0.3,0.0,128,6
8941,metastable_010,metastable,10,31,150090,0.15,0.3,0.0,128,6
8942,metastable_010,metastable,10,32,150090,0.15,0.3,0.0,128,6
8943,metastable_010,metastable,10,33,150090,0.15,0.3,0.0,128,6
8944,metastable_010,metastable,10,34,150090,0.15,0.3,0.0,128,6
8945,metastable_010,metastable,10,35,150090,0.15,0.3,0.0,128,6
8946,metastable_010,metastable,10,36,150090,0.15,0.3,0.0,128,6
8947,metastable_010,metastable,10,37,150090,0.15,0.3,0.0,128,6
8948,metastable_010,metastable,10,38,150090,0.15,0.3,0.0,128,6
8949,metastable_010,metastable,10,39,150090,0.15,0.3,0.0,128,6
8950,metastable_010,metastable,10,40,150090,0.15,0.3,0.0,128,6
8951,metastable_010,metastable,10,41,150090,0.15,0.3,0.0,128,6
8952,metastable_010,metastable,10,42,150090,0.15,0.3,0.0,128,6
8953,metastable_010,metastable,10,43,150090,0.15,0.3,0.0,128,6
8954,metastable_010,metastable,10,44,150090,0.15,0.3,0.0,128,6
8955,metastable_010,metastable,10,45,150090,0.15,0.3,0.0,128,6
8956,metastable_010,metastable,10,46,150090,0.15,0.3,0.0,128,6
8957,metastable_010,metastable,10,47,150090,0.15,0.3,0.0,128,6
8958,metastable_010,metastable,10,48,150090,0.15,0.3,0.0,128,6
8959,metastable_010,metastable,10,49,150090,0.15,0.3,0.0,128,6
8960,metastable_010,metastable,10,50,150090,0.15,0.3,0.0,128,6
8961,metastable_010,metastable,10,51,150090,0.15,0.3,0.0,128,6
8962,metastable_010,metastable,10,52,150090,0.15,0.3,0.0,128,6
8963,metastable_010,metastable,10,53,150090,0.15,0.3,0.0,128,6
8964,metastable_010,metastable,10,54,150090,0.15,0.3,0.0,128,6
8965,metastable_010,metastable,10,55,150090,0.15,0.3,0.0,128,6
8966,metastable_010,metastable,10,56,150090,0.15,0.3,0.0,128,6
8967,metastable_010,metastable,10,57,150090,0.15,0.3,0.0,128,6
8968,metastable_010,metastable,10,58,150090,0.15,0.3,0.0,128,6
8969,metastable_010,metastable,10,59,150090,0.15,0.3,0.0,128,6
8970,metastable_010,metastable,10,60,150090,0.15,0.3,0.0,128,6
8971,metastable_010,metastable,10,61,150090,0.15,0.3,0.0,128,6
8972,metastable_010,metastable,10,62,150090,0.15,0.3,0.0,128,6
8973,metastable_010,metastable,10,63,150090,0.15,0.3,0.0,128,6
8974,metastable_010,metastable,10,64,150090,0.15,0.3,0.0,128,6
8975,metastable_010,metastable,10,65,150090,0.15,0.3,0.0,128,6
8976,metastable_010,metastable,10,66,150090,0.15,0.3,0.0,128,6
8977,metastable_010,metastable,10,67,150090,0.15,0.3,0.0,128,6
8978,metastable_010,metastable,10,68,150090,0.15,0.3,0.0,128,6
8979,metastable_010,metastable,10,69,150090,0.15,0.3,0.0,128,6
8980,metastable_010,metastable,10,70,150090,0.15,0.3,0.0,128,6
8981,metastable_010,metastable,10,71,150090,0.15,0.3,0.0,128,6
8982,metastable_010,metastable,10,72,150090,0.15,0.3,0.0,128,6
8983,metastable_010,metastable,10,73,150090,0.15,0.3,0.0,128,6
8984,metastable_010,metastable,10,74,150090,0.15,0.3,0.0,128,6
8985,metastable_010,metastable,10,75,150090,0.15,0.3,0.0,128,6
8986,metastable_010,metastable,10,76,150090,0.15,0.3,0.0,128,6
8987,metastable_010,metastable,10,77,150090,0.15,0.3,0.0,128,6
8988,metastable_010,metastable,10,78,150090,0.15,0.3,0.0,128,6
8989,metastable_010,metastable,10,79,150090,0.15,0.3,0.0,128,6
8990,metastable_010,metastable,10,80,150090,0.15,0.3,0.0,128,6
8991,metastable_010,metastable,10,81,150090,0.15,0.3,0.0,128,6
8992,metastable_010,metastable,10,82,150090,0.15,0.3,0.0,128,6
8993,metastable_010,metastable,10,83,150090,0.15,0.3,0.0,128,6
8994,metastable_010,metastable,10,84,150090,0.15,0.3,0.0,128,6
8995,metastable_010,metastable,10,85,150090,0.15,0.3,0.0,128,6
8996,metastable_010,metastable,10,86,150090,0.15,0.3,0.0,128,6
8997,metastable_010,metastable,10,87,150090,0.15,0.3,0.0,128,6
8998,metastable_010,metastable,10,88,150090,0.15,0.3,0.0,128,6
8999,metastable_010,metastable,10,89,150090,0.15,0.3,0.0,128,6
9000,metastable_010,metastable,10,90,150090,0.15,0.3,0.0,128,6
9001,metastable_010,metastable,10,91,150090,0.15,0.3,0.0,128,6
9002,metastable_010,metastable,10,92,150090,0.15,0.3,0.0,128,6
9003,metastable_010,metastable,10,93,150090,0.15,0.3,0.0,128,6
9004,metastable_010,metastable,10,94,150090,0.15,0.3,0.0,128,6
9005,metastable_010,metastable,10,95,150090,0.15,0.3,0.0,128,6
9006,metastable_010,metastable,10,96,150090,0.15,0.3,0.0,128,6
9007,metastable_010,metastable,10,97,150090,0.15,0.3,0.0,128,6
9008,metastable_010,metastable,10,98,150090,0.15,0.3,0.0,128,6
9009,metastable_011,metastable,11,0,150091,0.15,0.3,0.0,128,6
9010,metastable_011,metastable,11,1,150091,0.15,0.3,0.0,128,6
9011,metastable_011,metastable,11,2,150091,0.15,0.3,0.0,128,6
9012,metastable_011,metastable,11,3,150091,0.15,0.3,0.0,128,6
9013,metastable_011,metastable,11,4,150091,0.15,0.3,0.0,128,6
9014,metastable_011,metastable,11,5,150091,0.15,0.3,0.0,128,6
9015,metastable_011,metastable,11,6,150091,0.15,0.3,0.0,128,6
9016,metastable_011,metastable,11,7,150091,0.15,0.3,0.0,128,6
9017,metastable_011,metastable,11,8,150091,0.15,0.3,0.0,128,6
9018,metastable_011,metastable,11,9,150091,0.15,0.3,0.0,128,6
9019,metastable_011,metastable,11,10,150091,0.15,0.3,0.0,128,6
9020,metastable_011,metastable,11,11,150091,0.15,0.3,0.0,128,6
9021,metastable_011,metastable,11,12,150091,0.15,0.3,0.0,128,6
9022,metastable_011,metastable,11,13,150091,0.15,0.3,0.0,128,6
9023,metastable_011,metastable,11,14,150091,0.15,0.3,0.0,128,6
9024,metastable_011,metastable,11,15,150091,0.15,0.3,0.0,128,6
9025,metastable_011,metastable,11,16,150091,0.15,0.3,0.0,128,6
9026,metastable_011,metastable,11,17,150091,0.15,0.3,0.0,128,6
9027,metastable_011,metastable,11,18,150091,0.15,0.3,0.0,128,6
9028,metastable_011,metastable,11,19,150091,0.15,0.3,0.0,128,6
9029,metastable_011,metastable,11,20,150091,0.15,0.3,0.0,128,6
9030,metastable_011,metastable,11,21,150091,0.15,0.3,0.0,128,6
9031,metastable_011,metastable,11,22,150091,0.15,0.3,0.0,128,6
9032,metastable_011,metastable,11,23,150091,0.15,0.3,0.0,128,6
9033,metastable_011,metastable,11,24,150091,0.15,0.3,0.0,128,6
9034,metastable_011,metastable,11,25,150091,0.15,0.3,0.0,128,6
9035,metastable_011,metastable,11,26,150091,0.15,0.3,0.0,128,6
9036,metastable_011,metastable,11,27,150091,0.15,0.3,0.0,128,6
9037,metastable_011,metastable,11,28,150091,0.15,0.3,0.0,128,6
9038,metastable_011,metastable,11,29,150091,0.15,0.3,0.0,128,6
9039,metastable_011,metastable,11,30,150091,0.15,0.3,0.0,128,6
9040,metastable_011,metastable,11,31,150091,0.15,0.3,0.0,128,6
9041,metastable_011,metastable,11,32,150091,0.15,0.3,0.0,128,6
9042,metastable_011,metastable,11,33,150091,0.15,0.3,0.0,128,6
9043,metastable_011,metastable,11,34,150091,0.15,0.3,0.0,128,6
9044,metastable_011,metastable,11,35,150091,0.15,0.3,0.0,128,6
9045,metastable_011,metastable,11,36,150091,0.15,0.3,0.0,128,6
9046,metastable_011,metastable,11,37,150091,0.15,0.3,0.0,128,6
9047,metastable_011,metastable,11,38,150091,0.15,0.3,0.0,128,6
9048,metastable_011,metastable,11,39,150091,0.15,0.3,0.0,128,6
9049,metastable_011,metastable,11,40,150091,0.15,0.3,0.0,128,6
9050,metastable_011,metastable,11,41,150091,0.15,0.3,0.0,128,6
9051,metastable_011,metastable,11,42,150091,0.15,0.3,0.0,128,6
9052,metastable_011,metastable,11,43,150091,0.15,0.3,0.0,128,6
9053,metastable_011,metastable,11,44,150091,0.15,0.3,0.0,128,6
9054,metastable_011,metastable,11,45,150091,0.15,0.3,0.0,128,6
9055,metastable_011,metastable,11,46,150091,0.15,0.3,0.0,128,6
9056,metastable_011,metastable,11,47,150091,0.15,0.3,0.0,128,6
9057,metastable_011,metastable,11,48,150091,0.15,0.3,0.0,128,6
9058,metastable_011,metastable,11,49,150091,0.15,0.3,0.0,128,6
9059,metastable_011,metastable,11,50,150091,0.15,0.3,0.0,128,6
9060,metastable_011,metastable,11,51,150091,0.15,0.3,0.0,128,6
9061,metastable_011,metastable,11,52,150091,0.15,0.3,0.0,128,6
9062,metastable_011,metastable,11,53,150091,0.15,0.3,0.0,128,6
9063,metastable_011,metastable,11,54,150091,0.15,0.3,0.0,128,6
9064,metastable_011,metastable,11,55,150091,0.15,0.3,0.0,128,6
9065,metastable_011,metastable,11,56,150091,0.15,0.3,0.0,128,6
9066,metastable_011,metastable,11,57,150091,0.15,0.3,0.0,128,6
9067,metastable_011,metastable,11,58,150091,0.15,0.3,0.0,128,6
9068,metastable_011,metastable,11,59,150091,0.15,0.3,0.0,128,6
9069,metastable_011,metastable,11,60,150091,0.15,0.3,0.0,128,6
9070,metastable_011,metastable,11,61,150091,0.15,0.3,0.0,128,6
9071,metastable_011,metastable,11,62,150091,0.15,0.3,0.0,128,6
9072,metastable_011,metastable,11,63,150091,0.15,0.3,0.0,128,6
9073,metastable_011,metastable,11,64,150091,0.15,0.3,0.0,128,6
9074,metastable_011,metastable,11,65,150091,0.15,0.3,0.0,128,6
9075,metastable_011,metastable,11,66,150091,0.15,0.3,0.0,128,6
9076,metastable_011,metastable,11,67,150091,0.15,0.3,0.0,128,6
9077,metastable_011,metastable,11,68,150091,0.15,0.3,0.0,128,6
9078,metastable_011,metastable,11,69,150091,0.15,0.3,0.0,128,6
9079,metastable_011,metastable,11,70,150091,0.15,0.3,0.0,128,6
9080,metastable_011,metastable,11,71,150091,0.15,0.3,0.0,128,6
9081,metastable_011,metastable,11,72,150091,0.15,0.3,0.0,128,6
9082,metastable_011,metastable,11,73,150091,0.15,0.3,0.0,128,6
9083,metastable_011,metastable,11,74,150091,0.15,0.3,0.0,128,6
9084,metastable_011,metastable,11,75,150091,0.15,0.3,0.0,128,6
9085,metastable_011,metastable,11,76,150091,0.15,0.3,0.0,128,6
9086,metastable_011,metastable,11,77,150091,0.15,0.3,0.0,128,6
9087,metastable_011,metastable,11,78,150091,0.15,0.3,0.0,128,6
9088,metastable_011,metastable,11,79,150091,0.15,0.3,0.0,128,6
9089,metastable_011,metastable,11,80,150091,0.15,0.3,0.0,128,6
9090,metastable_011,metastable,11,81,150091,0.15,0.3,0.0,128,6
9091,metastable_011,metastable,11,82,150091,0.15,0.3,0.0,128,6
9092,metastable_011,metastable,11,83,150091,0.15,0.3,0.0,128,6
9093,metastable_011,metastable,11,84,150091,0.15,0.3,0.0,128,6
9094,metastable_011,metastable,11,85,150091,0.15,0.3,0.0,128,6
9095,metastable_011,metastable,11,86,150091,0.15,0.3,0.0,128,6
9096,metastable_011,metastable,11,87,150091,0.15,0.3,0.0,128,6
9097,metastable_011,metastable,11,88,150091,0.15,0.3,0.0,128,6
9098,metastable_011,metastable,11,89,150091,0.15,0.3,0.0,128,6
9099,metastable_011,metastable,11,90,150091,0.15,0.3,0.0,128,6
9100,metastable_011,metastable,11,91,150091,0.15,0.3,0.0,128,6
9101,metastable_011,metastable,11,92,150091,0.15,0.3,0.0,128,6
9102,metastable_011,metastable,11,93,150091,0.15,0.3,0.0,128,6
9103,metastable_011,metastable,11,94,150091,0.15,0.3,0.0,128,6
9104,metastable_011,metastable,11,95,150091,0.15,0.3,0.0,128,6
9105,metastable_011,metastable,11,96,150091,0.15,0.3,0.0,128,6
9106,metastable_011,metastable,11,97,150091,0.15,0.3,0.0,128,6
9107,metastable_011,metastable,11,98,150091,0.15,0.3,0.0,128,6
9108,metastable_012,metastable,12,0,150092,0.15,0.3,0.0,128,6
9109,metastable_012,metastable,12,1,150092,0.15,0.3,0.0,128,6
9110,metastable_012,metastable,12,2,150092,0.15,0.3,0.0,128,6
9111,metastable_012,metastable,12,3,150092,0.15,0.3,0.0,128,6
9112,metastable_012,metastable,12,4,150092,0.15,0.3,0.0,128,6
9113,metastable_012,metastable,12,5,150092,0.15,0.3,0.0,128,6
9114,metastable_012,metastable,12,6,150092,0.15,0.3,0.0,128,6
9115,metastable_012,metastable,12,7,150092,0.15,0.3,0.0,128,6
9116,metastable_012,metastable,12,8,150092,0.15,0.3,0.0,128,6
9117,metastable_012,metastable,12,9,150092,0.15,0.3,0.0,128,6
9118,metastable_012,metastable,12,10,150092,0.15,0.3,0.0,128,6
9119,metastable_012,metastable,12,11,150092,0.15,0.3,0.0,128,6
9120,metastable_012,metastable,12,12,150092,0.15,0.3,0.0,128,6
9121,metastable_012,metastable,12,13,150092,0.15,0.3,0.0,128,6
9122,metastable_012,metastable,12,14,150092,0.15,0.3,0.0,128,6
9123,metastable_012,metastable,12,15,150092,0.15,0.3,0.0,128,6
9124,metastable_012,metastable,12,16,150092,0.15,0.3,0.0,128,6
9125,metastable_012,metastable,12,17,150092,0.15,0.3,0.0,128,6
9126,metastable_012,metastable,12,18,150092,0.15,0.3,0.0,128,6
9127,metastable_012,metastable,12,19,150092,0.15,0.3,0.0,128,6
9128,metastable_012,metastable,12,20,150092,0.15,0.3,0.0,128,6
9129,metastable_012,metastable,12,21,150092,0.15,0.3,0.0,128,6
9130,metastable_012,metastable,12,22,150092,0.15,0.3,0.0,128,6
9131,metastable_012,metastable,12,23,150092,0.15,0.3,0.0,128,6
9132,metastable_012,metastable,12,24,150092,0.15,0.3,0.0,128,6
9133,metastable_012,metastable,12,25,150092,0.15,0.3,0.0,128,6
9134,metastable_012,metastable,12,26,150092,0.15,0.3,0.0,128,6
9135,metastable_012,metastable,12,27,150092,0.15,0.3,0.0,128,6
9136,metastable_012,metastable,12,28,150092,0.15,0.3,0.0,128,6
9137,metastable_012,metastable,12,29,150092,0.15,0.3,0.0,128,6
9138,metastable_012,metastable,12,30,150092,0.15,0.3,0.0,128,6
9139,metastable_012,metastable,12,31,150092,0.15,0.3,0.0,128,6
9140,metastable_012,metastable,12,32,150092,0.15,0.3,0.0,128,6
9141,metastable_012,metastable,12,33,150092,0.15,0.3,0.0,128,6
9142,metastable_012,metastable,12,34,150092,0.15,0.3,0.0,128,6
9143,metastable_012,metastable,12,35,150092,0.15,0.3,0.0,128,6
9144,metastable_012,metastable,12,36,150092,0.15,0.3,0.0,128,6
9145,metastable_012,metastable,12,37,150092,0.15,0.3,0.0,128,6
9146,metastable_012,metastable,12,38,150092,0.15,0.3,0.0,128,6
9147,metastable_012,metastable,12,39,150092,0.15,0.3,0.0,128,6
9148,metastable_012,metastable,12,40,150092,0.15,0.3,0.0,128,6
9149,metastable_012,metastable,12,41,150092,0.15,0.3,0.0,128,6
9150,metastable_012,metastable,12,42,150092,0.15,0.3,0.0,128,6
9151,metastable_012,metastable,12,43,150092,0.15,0.3,0.0,128,6
9152,metastable_012,metastable,12,44,150092,0.15,0.3,0.0,128,6
9153,metastable_012,metastable,12,45,150092,0.15,0.3,0.0,128,6
9154,metastable_012,metastable,12,46,150092,0.15,0.3,0.0,128,6
9155,metastable_012,metastable,12,47,150092,0.15,0.3,0.0,128,6
9156,metastable_012,metastable,12,48,150092,0.15,0.3,0.0,128,6
9157,metastable_012,metastable,12,49,150092,0.15,0.3,0.0,128,6
9158,metastable_012,metastable,12,50,150092,0.15,0.3,0.0,128,6
9159,metastable_012,metastable,12,51,150092,0.15,0.3,0.0,128,6
9160,metastable_012,metastable,12,52,150092,0.15,0.3,0.0,128,6
9161,metastable_012,metastable,12,53,150092,0.15,0.3,0.0,128,6
9162,metastable_012,metastable,12,54,150092,0.15,0.3,0.0,128,6
9163,metastable_012,metastable,12,55,150092,0.15,0.3,0.0,128,6
9164,metastable_012,metastable,12,56,150092,0.15,0.3,0.0,128,6
9165,metastable_012,metastable,12,57,150092,0.15,0.3,0.0,128,6
9166,metastable_012,metastable,12,58,150092,0.15,0.3,0.0,128,6
9167,metastable_012,metastable,12,59,150092,0.15,0.3,0.0,128,6
9168,metastable_012,metastable,12,60,150092,0.15,0.3,0.0,128,6
9169,metastable_012,metastable,12,61,150092,0.15,0.3,0.0,128,6
9170,metastable_012,metastable,12,62,150092,0.15,0.3,0.0,128,6
9171,metastable_012,metastable,12,63,150092,0.15,0.3,0.0,128,6
9172,metastable_012,metastable,12,64,150092,0.15,0.3,0.0,128,6
9173,metastable_012,metastable,12,65,150092,0.15,0.3,0.0,128,6
9174,metastable_012,metastable,12,66,150092,0.15,0.3,0.0,128,6
9175,metastable_012,metastable,12,67,150092,0.15,0.3,0.0,128,6
9176,metastable_012,metastable,12,68,150092,0.15,0.3,0.0,128,6
9177,metastable_012,metastable,12,69,150092,0.15,0.3,0.0,128,6
9178,metastable_012,metastable,12,70,150092,0.15,0.3,0.0,128,6
9179,metastable_012,metastable,12,71,150092,0.15,0.3,0.0,128,6
9180,metastable_012,metastable,12,72,150092,0.15,0.3,0.0,128,6
9181,metastable_012,metastable,12,73,150092,0.15,0.3,0.0,128,6
9182,metastable_012,metastable,12,74,150092,0.15,0.3,0.0,128,6
9183,metastable_012,metastable,12,75,150092,0.15,0.3,0.0,128,6
9184,metastable_012,metastable,12,76,150092,0.15,0.3,0.0,128,6
9185,metastable_012,metastable,12,77,150092,0.15,0.3,0.0,128,6
9186,metastable_012,metastable,12,78,150092,0.15,0.3,0.0,128,6
9187,metastable_012,metastable,12,79,150092,0.15,0.3,0.0,128,6
9188,metastable_012,metastable,12,80,150092,0.15,0.3,0.0,128,6
9189,metastable_012,metastable,12,81,150092,0.15,0.3,0.0,128,6
9190,metastable_012,metastable,12,82,150092,0.15,0.3,0.0,128,6
9191,metastable_012,metastable,12,83,150092,0.15,0.3,0.0,128,6
9192,metastable_012,metastable,12,84,150092,0.15,0.3,0.0,128,6
9193,metastable_012,metastable,12,85,150092,0.15,0.3,0.0,128,6
9194,metastable_012,metastable,12,86,150092,0.15,0.3,0.0,128,6
9195,metastable_012,metastable,12,87,150092,0.15,0.3,0.0,128,6
9196,metastable_012,metastable,12,88,150092,0.15,0.3,0.0,128,6
9197,metastable_012,metastable,12,89,150092,0.15,0.3,0.0,128,6
9198,metastable_012,metastable,12,90,150092,0.15,0.3,0.0,128,6
9199,metastable_012,metastable,12,91,150092,0.15,0.3,0.0,128,6
9200,metastable_012,metastable,12,92,150092,0.15,0.3,0.0,128,6
9201,metastable_012,metastable,12,93,150092,0.15,0.3,0.0,128,6
9202,metastable_012,metastable,12,94,150092,0.15,0.3,0.0,128,6
9203,metastable_012,metastable,12,95,150092,0.15,0.3,0.0,128,6
9204,metastable_012,metastable,12,96,150092,0.15,0.3,0.0,128,6
9205,metastable_012,metastable,12,97,150092,0.15,0.3,0.0,128,6
9206,metastable_012,metastable,12,98,150092,0.15,0.3,0.0,128,6
9207,metastable_013,metastable,13,0,150093,0.15,0.3,0.0,128,6
9208,metastable_013,metastable,13,1,150093,0.15,0.3,0.0,128,6
9209,metastable_013,metastable,13,2,150093,0.15,0.3,0.0,128,6
9210,metastable_013,metastable,13,3,150093,0.15,0.3,0.0,128,6
9211,metastable_013,metastable,13,4,150093,0.15,0.3,0.0,128,6
9212,metastable_013,metastable,13,5,150093,0.15,0.3,0.0,128,6
9213,metastable_013,metastable,13,6,150093,0.15,0.3,0.0,128,6
9214,metastable_013,metastable,13,7,150093,0.15,0.3,0.0,128,6
9215,metastable_013,metastable,13,8,150093,0.15,0.3,0.0,128,6
9216,metastable_013,metastable,13,9,150093,0.15,0.3,0.0,128,6
9217,metastable_013,metastable,13,10,150093,0.15,0.3,0.0,128,6
9218,metastable_013,metastable,13,11,150093,0.15,0.3,0.0,128,6
9219,metastable_013,metastable,13,12,150093,0.15,0.3,0.0,128,6
9220,metastable_013,metastable,13,13,150093,0.15,0.3,0.0,128,6
9221,metastable_013,metastable,13,14,150093,0.15,0.3,0.0,128,6
9222,metastable_013,metastable,13,15,150093,0.15,0.3,0.0,128,6
9223,metastable_013,metastable,13,16,150093,0.15,0.3,0.0,128,6
9224,metastable_013,metastable,13,17,150093,0.15,0.3,0.0,128,6
9225,metastable_013,metastable,13,18,150093,0.15,0.3,0.0,128,6
9226,metastable_013,metastable,13,19,150093,0.15,0.3,0.0,128,6
9227,metastable_013,metastable,13,20,150093,0.15,0.3,0.0,128,6
9228,metastable_013,metastable,13,21,150093,0.15,0.3,0.0,128,6
9229,metastable_013,metastable,13,22,150093,0.15,0.3,0.0,128,6
9230,metastable_013,metastable,13,23,150093,0.15,0.3,0.0,128,6
9231,metastable_013,metastable,13,24,150093,0.15,0.3,0.0,128,6
9232,metastable_013,metastable,13,25,150093,0.15,0.3,0.0,128,6
9233,metastable_013,metastable,13,26,150093,0.15,0.3,0.0,128,6
9234,metastable_013,metastable,13,27,150093,0.15,0.3,0.0,128,6
9235,metastable_013,metastable,13,28,150093,0.15,0.3,0.0,128,6
9236,metastable_013,metastable,13,29,150093,0.15,0.3,0.0,128,6
9237,metastable_013,metastable,13,30,150093,0.15,0.3,0.0,128,6
9238,metastable_013,metastable,13,31,150093,0.15,0.3,0.0,128,6
9239,metastable_013,metastable,13,32,150093,0.15,0.3,0.0,128,6
9240,metastable_013,metastable,13,33,150093,0.15,0.3,0.0,128,6
9241,metastable_013,metastable,13,34,150093,0.15,0.3,0.0,128,6
9242,metastable_013,metastable,13,35,150093,0.15,0.3,0.0,128,6
9243,metastable_013,metastable,13,36,150093,0.15,0.3,0.0,128,6
9244,metastable_013,metastable,13,37,150093,0.15,0.3,0.0,128,6
9245,metastable_013,metastable,13,38,150093,0.15,0.3,0.0,128,6
9246,metastable_013,metastable,13,39,150093,0.15,0.3,0.0,128,6
9247,metastable_013,metastable,13,40,150093,0.15,0.3,0.0,128,6
9248,metastable_013,metastable,13,41,150093,0.15,0.3,0.0,128,6
9249,metastable_013,metastable,13,42,150093,0.15,0.3,0.0,128,6
9250,metastable_013,metastable,13,43,150093,0.15,0.3,0.0,128,6
9251,metastable_013,metastable,13,44,150093,0.15,0.3,0.0,128,6
9252,metastable_013,metastable,13,45,150093,0.15,0.3,0.0,128,6
9253,metastable_013,metastable,13,46,150093,0.15,0.3,0.0,128,6
9254,metastable_013,metastable,13,47,150093,0.15,0.3,0.0,128,6
9255,metastable_013,metastable,13,48,150093,0.15,0.3,0.0,128,6
9256,metastable_013,metastable,13,49,150093,0.15,0.3,0.0,128,6
9257,metastable_013,metastable,13,50,150093,0.15,0.3,0.0,128,6
9258,metastable_013,metastable,13,51,150093,0.15,0.3,0.0,128,6
9259,metastable_013,metastable,13,52,150093,0.15,0.3,0.0,128,6
9260,metastable_013,metastable,13,53,150093,0.15,0.3,0.0,128,6
9261,metastable_013,metastable,13,54,150093,0.15,0.3,0.0,128,6
9262,metastable_013,metastable,13,55,150093,0.15,0.3,0.0,128,6
9263,metastable_013,metastable,13,56,150093,0.15,0.3,0.0,128,6
9264,metastable_013,metastable,13,57,150093,0.15,0.3,0.0,128,6
9265,metastable_013,metastable,13,58,150093,0.15,0.3,0.0,128,6
9266,metastable_013,metastable,13,59,150093,0.15,0.3,0.0,128,6
9267,metastable_013,metastable,13,60,150093,0.15,0.3,0.0,128,6
9268,metastable_013,metastable,13,61,150093,0.15,0.3,0.0,128,6
9269,metastable_013,metastable,13,62,150093,0.15,0.3,0.0,128,6
9270,metastable_013,metastable,13,63,150093,0.15,0.3,0.0,128,6
9271,metastable_013,metastable,13,64,150093,0.15,0.3,0.0,128,6
9272,metastable_013,metastable,13,65,150093,0.15,0.3,0.0,128,6
9273,metastable_013,metastable,13,66,150093,0.15,0.3,0.0,128,6
9274,metastable_013,metastable,13,67,150093,0.15,0.3,0.0,128,6
9275,metastable_013,metastable,13,68,150093,0.15,0.3,0.0,128,6
9276,metastable_013,metastable,13,69,150093,0.15,0.3,0.0,128,6
9277,metastable_013,metastable,13,70,150093,0.15,0.3,0.0,128,6
9278,metastable_013,metastable,13,71,150093,0.15,0.3,0.0,128,6
9279,metastable_013,metastable,13,72,150093,0.15,0.3,0.0,128,6
9280,metastable_013,metastable,13,73,150093,0.15,0.3,0.0,128,6
9281,metastable_013,metastable,13,74,150093,0.15,0.3,0.0,128,6
9282,metastable_013,metastable,13,75,150093,0.15,0.3,0.0,128,6
9283,metastable_013,metastable,13,76,150093,0.15,0.3,0.0,128,6
9284,metastable_013,metastable,13,77,150093,0.15,0.3,0.0,128,6
9285,metastable_013,metastable,13,78,150093,0.15,0.3,0.0,128,6
9286,metastable_013,metastable,13,79,150093,0.15,0.3,0.0,128,6
9287,metastable_013,metastable,13,80,150093,0.15,0.3,0.0,128,6
9288,metastable_013,metastable,13,81,150093,0.15,0.3,0.0,128,6
9289,metastable_013,metastable,13,82,150093,0.15,0.3,0.0,128,6
9290,metastable_013,metastable,13,83,150093,0.15,0.3,0.0,128,6
9291,metastable_013,metastable,13,84,150093,0.15,0.3,0.0,128,6
9292,metastable_013,metastable,13,85,150093,0.15,0.3,0.0,128,6
9293,metastable_013,metastable,13,86,150093,0.15,0.3,0.0,128,6
9294,metastable_013,metastable,13,87,150093,0.15,0.3,0.0,128,6
9295,metastable_013,metastable,13,88,150093,0.15,0.3,0.0,128,6
9296,metastable_013,metastable,13,89,150093,0.15,0.3,0.0,128,6
9297,metastable_013,metastable,13,90,150093,0.15,0.3,0.0,128,6
9298,metastable_013,metastable,13,91,150093,0.15,0.3,0.0,128,6
9299,metastable_013,metastable,13,92,150093,0.15,0.3,0.0,128,6
9300,metastable_013,metastable,13,93,150093,0.15,0.3,0.0,128,6
9301,metastable_013,metastable,13,94,150093,0.15,0.3,0.0,128,6
9302,metastable_013,metastable,13,95,150093,0.15,0.3,0.0,128,6
9303,metastable_013,metastable,13,96,150093,0.15,0.3,0.0,128,6
9304,metastable_013,metastable,13,97,150093,0.15,0.3,0.0,128,6
9305,metastable_013,metastable,13,98,150093,0.15,0.3,0.0,128,6
9306,metastable_014,metastable,14,0,150094,0.15,0.3,0.0,128,6
9307,metastable_014,metastable,14,1,150094,0.15,0.3,0.0,128,6
9308,metastable_014,metastable,14,2,150094,0.15,0.3,0.0,128,6
9309,metastable_014,metastable,14,3,150094,0.15,0.3,0.0,128,6
9310,metastable_014,metastable,14,4,150094,0.15,0.3,0.0,128,6
9311,metastable_014,metastable,14,5,150094,0.15,0.3,0.0,128,6
9312,metastable_014,metastable,14,6,150094,0.15,0.3,0.0,128,6
9313,metastable_014,metastable,14,7,150094,0.15,0.3,0.0,128,6
9314,metastable_014,metastable,14,8,150094,0.15,0.3,0.0,128,6
9315,metastable_014,metastable,14,9,150094,0.15,0.3,0.0,128,6
9316,metastable_014,metastable,14,10,150094,0.15,0.3,0.0,128,6
9317,metastable_014,metastable,14,11,150094,0.15,0.3,0.0,128,6
9318,metastable_014,metastable,14,12,150094,0.15,0.3,0.0,128,6
9319,metastable_014,metastable,14,13,150094,0.15,0.3,0.0,128,6
9320,metastable_014,metastable,14,14,150094,0.15,0.3,0.0,128,6
9321,metastable_014,metastable,14,15,150094,0.15,0.3,0.0,128,6
9322,metastable_014,metastable,14,16,150094,0.15,0.3,0.0,128,6
9323,metastable_014,metastable,14,17,150094,0.15,0.3,0.0,128,6
9324,metastable_014,metastable,14,18,150094,0.15,0.3,0.0,128,6
9325,metastable_014,metastable,14,19,150094,0.15,0.3,0.0,128,6
9326,metastable_014,metastable,14,20,150094,0.15,0.3,0.0,128,6
9327,metastable_014,metastable,14,21,150094,0.15,0.3,0.0,128,6
9328,metastable_014,metastable,14,22,150094,0.15,0.3,0.0,128,6
9329,metastable_014,metastable,14,23,150094,0.15,0.3,0.0,128,6
9330,metastable_014,metastable,14,24,150094,0.15,0.3,0.0,128,6
9331,metastable_014,metastable,14,25,150094,0.15,0.3,0.0,128,6
9332,metastable_014,metastable,14,26,150094,0.15,0.3,0.0,128,6
9333,metastable_014,metastable,14,27,150094,0.15,0.3,0.0,128,6
9334,metastable_014,metastable,14,28,150094,0.15,0.3,0.0,128,6
9335,metastable_014,metastable,14,29,150094,0.15,0.3,0.0,128,6
9336,metastable_014,metastable,14,30,150094,0.15,0.3,0.0,128,6
9337,metastable_014,metastable,14,31,150094,0.15,0.3,0.0,128,6
9338,metastable_014,metastable,14,32,150094,0.15,0.3,0.0,128,6
9339,metastable_014,metastable,14,33,150094,0.15,0.3,0.0,128,6
9340,metastable_014,metastable,14,34,150094,0.15,0.3,0.0,128,6
9341,metastable_014,metastable,14,35,150094,0.15,0.3,0.0,128,6
9342,metastable_014,metastable,14,36,150094,0.15,0.3,0.0,128,6
9343,metastable_014,metastable,14,37,150094,0.15,0.3,0.0,128,6
9344,metastable_014,metastable,14,38,150094,0.15,0.3,0.0,128,6
9345,metastable_014,metastable,14,39,150094,0.15,0.3,0.0,128,6
9346,metastable_014,metastable,14,40,150094,0.15,0.3,0.0,128,6
9347,metastable_014,metastable,14,41,150094,0.15,0.3,0.0,128,6
9348,metastable_014,metastable,14,42,150094,0.15,0.3,0.0,128,6
9349,metastable_014,metastable,14,43,150094,0.15,0.3,0.0,128,6
9350,metastable_014,metastable,14,44,150094,0.15,0.3,0.0,128,6
9351,metastable_014,metastable,14,45,150094,0.15,0.3,0.0,128,6
9352,metastable_014,metastable,14,46,150094,0.15,0.3,0.0,128,6
9353,metastable_014,metastable,14,47,150094,0.15,0.3,0.0,128,6
9354,metastable_014,metastable,14,48,150094,0.15,0.3,0.0,128,6
9355,metastable_014,metastable,14,49,150094,0.15,0.3,0.0,128,6
9356,metastable_014,metastable,14,50,150094,0.15,0.3,0.0,128,6
9357,metastable_014,metastable,14,51,150094,0.15,0.3,0.0,128,6
9358,metastable_014,metastable,14,52,150094,0.15,0.3,0.0,128,6
9359,metastable_014,metastable,14,53,150094,0.15,0.3,0.0,128,6
9360,metastable_014,metastable,14,54,150094,0.15,0.3,0.0,128,6
9361,metastable_014,metastable,14,55,150094,0.15,0.3,0.0,128,6
9362,metastable_014,metastable,14,56,150094,0.15,0.3,0.0,128,6
9363,metastable_014,metastable,14,57,150094,0.15,0.3,0.0,128,6
9364,metastable_014,metastable,14,58,150094,0.15,0.3,0.0,128,6
9365,metastable_014,metastable,14,59,150094,0.15,0.3,0.0,128,6
9366,metastable_014,metastable,14,60,150094,0.15,0.3,0.0,128,6
9367,metastable_014,metastable,14,61,150094,0.15,0.3,0.0,128,6
9368,metastable_014,metastable,14,62,150094,0.15,0.3,0.0,128,6
9369,metastable_014,metastable,14,63,150094,0.15,0.3,0.0,128,6
9370,metastable_014,metastable,14,64,150094,0.15,0.3,0.0,128,6
9371,metastable_014,metastable,14,65,150094,0.15,0.3,0.0,128,6
9372,metastable_014,metastable,14,66,150094,0.15,0.3,0.0,128,6
9373,metastable_014,metastable,14,67,150094,0.15,0.3,0.0,128,6
9374,metastable_014,metastable,14,68,150094,0.15,0.3,0.0,128,6
9375,metastable_014,metastable,14,69,150094,0.15,0.3,0.0,128,6
9376,metastable_014,metastable,14,70,150094,0.15,0.3,0.0,128,6
9377,metastable_014,metastable,14,71,150094,0.15,0.3,0.0,128,6
9378,metastable_014,metastable,14,72,150094,0.15,0.3,0.0,128,6
9379,metastable_014,metastable,14,73,150094,0.15,0.3,0.0,128,6
9380,metastable_014,metastable,14,74,150094,0.15,0.3,0.0,128,6
9381,metastable_014,metastable,14,75,150094,0.15,0.3,0.0,128,6
9382,metastable_014,metastable,14,76,150094,0.15,0.3,0.0,128,6
9383,metastable_014,metastable,14,77,150094,0.15,0.3,0.0,128,6
9384,metastable_014,metastable,14,78,150094,0.15,0.3,0.0,128,6
9385,metastable_014,metastable,14,79,150094,0.15,0.3,0.0,128,6
9386,metastable_014,metastable,14,80,150094,0.15,0.3,0.0,128,6
9387,metastable_014,metastable,14,81,150094,0.15,0.3,0.0,128,6
9388,metastable_014,metastable,14,82,150094,0.15,0.3,0.0,128,6
9389,metastable_014,metastable,14,83,150094,0.15,0.3,0.0,128,6
9390,metastable_014,metastable,14,84,150094,0.15,0.3,0.0,128,6
9391,metastable_014,metastable,14,85,150094,0.15,0.3,0.0,128,6
9392,metastable_014,metastable,14,86,150094,0.15,0.3,0.0,128,6
9393,metastable_014,metastable,14,87,150094,0.15,0.3,0.0,128,6
9394,metastable_014,metastable,14,88,150094,0.15,0.3,0.0,128,6
9395,metastable_014,metastable,14,89,150094,0.15,0.3,0.0,128,6
9396,metastable_014,metastable,14,90,150094,0.15,0.3,0.0,128,6
9397,metastable_014,metastable,14,91,150094,0.15,0.3,0.0,128,6
9398,metastable_014,metastable,14,92,150094,0.15,0.3,0.0,128,6
9399,metastable_014,metastable,14,93,150094,0.15,0.3,0.0,128,6
9400,metastable_014,metastable,14,94,150094,0.15,0.3,0.0,128,6
9401,metastable_014,metastable,14,95,150094,0.15,0.3,0.0,128,6
9402,metastable_014,metastable,14,96,150094,0.15,0.3,0.0,128,6
9403,metastable_014,metastable,14,97,150094,0.15,0.3,0.0,128,6
9404,metastable_014,metastable,14,98,150094,0.15,0.3,0.0,128,6
9405,metastable_015,metastable,15,0,150095,0.15,0.3,0.0,128,6
9406,metastable_015,metastable,15,1,150095,0.15,0.3,0.0,128,6
9407,metastable_015,metastable,15,2,150095,0.15,0.3,0.0,128,6
9408,metastable_015,metastable,15,3,150095,0.15,0.3,0.0,128,6
9409,metastable_015,metastable,15,4,150095,0.15,0.3,0.0,128,6
9410,metastable_015,metastable,15,5,150095,0.15,0.3,0.0,128,6
9411,metastable_015,metastable,15,6,150095,0.15,0.3,0.0,128,6
9412,metastable_015,metastable,15,7,150095,0.15,0.3,0.0,128,6
9413,metastable_015,metastable,15,8,150095,0.15,0.3,0.0,128,6
9414,metastable_015,metastable,15,9,150095,0.15,0.3,0.0,128,6
9415,metastable_015,metastable,15,10,150095,0.15,0.3,0.0,128,6
9416,metastable_015,metastable,15,11,150095,0.15,0.3,0.0,128,6
9417,metastable_015,metastable,15,12,150095,0.15,0.3,0.0,128,6
9418,metastable_015,metastable,15,13,150095,0.15,0.3,0.0,128,6
9419,metastable_015,metastable,15,14,150095,0.15,0.3,0.0,128,6
9420,metastable_015,metastable,15,15,150095,0.15,0.3,0.0,128,6
9421,metastable_015,metastable,15,16,150095,0.15,0.3,0.0,128,6
9422,metastable_015,metastable,15,17,150095,0.15,0.3,0.0,128,6
9423,metastable_015,metastable,15,18,150095,0.15,0.3,0.0,128,6
9424,metastable_015,metastable,15,19,150095,0.15,0.3,0.0,128,6
9425,metastable_015,metastable,15,20,150095,0.15,0.3,0.0,128,6
9426,metastable_015,metastable,15,21,150095,0.15,0.3,0.0,128,6
9427,metastable_015,metastable,15,22,150095,0.15,0.3,0.0,128,6
9428,metastable_015,metastable,15,23,150095,0.15,0.3,0.0,128,6
9429,metastable_015,metastable,15,24,150095,0.15,0.3,0.0,128,6
9430,metastable_015,metastable,15,25,150095,0.15,0.3,0.0,128,6
9431,metastable_015,metastable,15,26,150095,0.15,0.3,0.0,128,6
9432,metastable_015,metastable,15,27,150095,0.15,0.3,0.0,128,6
9433,metastable_015,metastable,15,28,150095,0.15,0.3,0.0,128,6
9434,metastable_015,metastable,15,29,150095,0.15,0.3,0.0,128,6
9435,metastable_015,metastable,15,30,150095,0.15,0.3,0.0,128,6
9436,metastable_015,metastable,15,31,150095,0.15,0.3,0.0,128,6
9437,metastable_015,metastable,15,32,150095,0.15,0.3,0.0,128,6
9438,metastable_015,metastable,15,33,150095,0.15,0.3,0.0,128,6
9439,metastable_015,metastable,15,34,150095,0.15,0.3,0.0,128,6
9440,metastable_015,metastable,15,35,150095,0.15,0.3,0.0,128,6
9441,metastable_015,metastable,15,36,150095,0.15,0.3,0.0,128,6
9442,metastable_015,metastable,15,37,150095,0.15,0.3,0.0,128,6
9443,metastable_015,metastable,15,38,150095,0.15,0.3,0.0,128,6
9444,metastable_015,metastable,15,39,150095,0.15,0.3,0.0,128,6
9445,metastable_015,metastable,15,40,150095,0.15,0.3,0.0,128,6
9446,metastable_015,metastable,15,41,150095,0.15,0.3,0.0,128,6
9447,metastable_015,metastable,15,42,150095,0.15,0.3,0.0,128,6
9448,metastable_015,metastable,15,43,150095,0.15,0.3,0.0,128,6
9449,metastable_015,metastable,15,44,150095,0.15,0.3,0.0,128,6
9450,metastable_015,metastable,15,45,150095,0.15,0.3,0.0,128,6
9451,metastable_015,metastable,15,46,150095,0.15,0.3,0.0,128,6
9452,metastable_015,metastable,15,47,150095,0.15,0.3,0.0,128,6
9453,metastable_015,metastable,15,48,150095,0.15,0.3,0.0,128,6
9454,metastable_015,metastable,15,49,150095,0.15,0.3,0.0,128,6
9455,metastable_015,metastable,15,50,150095,0.15,0.3,0.0,128,6
9456,metastable_015,metastable,15,51,150095,0.15,0.3,0.0,128,6
9457,metastable_015,metastable,15,52,150095,0.15,0.3,0.0,128,6
9458,metastable_015,metastable,15,53,150095,0.15,0.3,0.0,128,6
9459,metastable_015,metastable,15,54,150095,0.15,0.3,0.0,128,6
9460,metastable_015,metastable,15,55,150095,0.15,0.3,0.0,128,6
9461,metastable_015,metastable,15,56,150095,0.15,0.3,0.0,128,6
9462,metastable_015,metastable,15,57,150095,0.15,0.3,0.0,128,6
9463,metastable_015,metastable,15,58,150095,0.15,0.3,0.0,128,6
9464,metastable_015,metastable,15,59,150095,0.15,0.3,0.0,128,6
9465,metastable_015,metastable,15,60,150095,0.15,0.3,0.0,128,6
9466,metastable_015,metastable,15,61,150095,0.15,0.3,0.0,128,6
9467,metastable_015,metastable,15,62,150095,0.15,0.3,0.0,128,6
9468,metastable_015,metastable,15,63,150095,0.15,0.3,0.0,128,6
9469,metastable_015,metastable,15,64,150095,0.15,0.3,0.0,128,6
9470,metastable_015,metastable,15,65,150095,0.15,0.3,0.0,128,6
9471,metastable_015,metastable,15,66,150095,0.15,0.3,0.0,128,6
9472,metastable_015,metastable,15,67,150095,0.15,0.3,0.0,128,6
9473,metastable_015,metastable,15,68,150095,0.15,0.3,0.0,128,6
9474,metastable_015,metastable,15,69,150095,0.15,0.3,0.0,128,6
9475,metastable_015,metastable,15,70,150095,0.15,0.3,0.0,128,6
9476,metastable_015,metastable,15,71,150095,0.15,0.3,0.0,128,6
9477,metastable_015,metastable,15,72,150095,0.15,0.3,0.0,128,6
9478,metastable_015,metastable,15,73,150095,0.15,0.3,0.0,128,6
9479,metastable_015,metastable,15,74,150095,0.15,0.3,0.0,128,6
9480,metastable_015,metastable,15,75,150095,0.15,0.3,0.0,128,6
9481,metastable_015,metastable,15,76,150095,0.15,0.3,0.0,128,6
9482,metastable_015,metastable,15,77,150095,0.15,0.3,0.0,128,6
9483,metastable_015,metastable,15,78,150095,0.15,0.3,0.0,128,6
9484,metastable_015,metastable,15,79,150095,0.15,0.3,0.0,128,6
9485,metastable_015,metastable,15,80,150095,0.15,0.3,0.0,128,6
9486,metastable_015,metastable,15,81,150095,0.15,0.3,0.0,128,6
9487,metastable_015,metastable,15,82,150095,0.15,0.3,0.0,128,6
9488,metastable_015,metastable,15,83,150095,0.15,0.3,0.0,128,6
9489,metastable_015,metastable,15,84,150095,0.15,0.3,0.0,128,6
9490,metastable_015,metastable,15,85,150095,0.15,0.3,0.0,128,6
9491,metastable_015,metastable,15,86,150095,0.15,0.3,0.0,128,6
9492,metastable_015,metastable,15,87,150095,0.15,0.3,0.0,128,6
9493,metastable_015,metastable,15,88,150095,0.15,0.3,0.0,128,6
9494,metastable_015,metastable,15,89,150095,0.15,0.3,0.0,128,6
9495,metastable_015,metastable,15,90,150095,0.15,0.3,0.0,128,6
9496,metastable_015,metastable,15,91,150095,0.15,0.3,0.0,128,6
9497,metastable_015,metastable,15,92,150095,0.15,0.3,0.0,128,6
9498,metastable_015,metastable,15,93,150095,0.15,0.3,0.0,128,6
9499,metastable_015,metastable,15,94,150095,0.15,0.3,0.0,128,6
9500,metastable_015,metastable,15,95,150095,0.15,0.3,0.0,128,6
9501,metastable_015,metastable,15,96,150095,0.15,0.3,0.0,128,6
9502,metastable_015,metastable,15,97,150095,0.15,0.3,0.0,128,6
9503,metastable_015,metastable,15,98,150095,0.15,0.3,0.0,128,6
9504,metastable_016,metastable,16,0,150096,0.15,0.3,0.0,128,6
9505,metastable_016,metastable,16,1,150096,0.15,0.3,0.0,128,6
9506,metastable_016,metastable,16,2,150096,0.15,0.3,0.0,128,6
9507,metastable_016,metastable,16,3,150096,0.15,0.3,0.0,128,6
9508,metastable_016,metastable,16,4,150096,0.15,0.3,0.0,128,6
9509,metastable_016,metastable,16,5,150096,0.15,0.3,0.0,128,6
9510,metastable_016,metastable,16,6,150096,0.15,0.3,0.0,128,6
9511,metastable_016,metastable,16,7,150096,0.15,0.3,0.0,128,6
9512,metastable_016,metastable,16,8,150096,0.15,0.3,0.0,128,6
9513,metastable_016,metastable,16,9,150096,0.15,0.3,0.0,128,6
9514,metastable_016,metastable,16,10,150096,0.15,0.3,0.0,128,6
9515,metastable_016,metastable,16,11,150096,0.15,0.3,0.0,128,6
9516,metastable_016,metastable,16,12,150096,0.15,0.3,0.0,128,6
9517,metastable_016,metastable,16,13,150096,0.15,0.3,0.0,128,6
9518,metastable_016,metastable,16,14,150096,0.15,0.3,0.0,128,6
9519,metastable_016,metastable,16,15,150096,0.15,0.3,0.0,128,6
9520,metastable_016,metastable,16,16,150096,0.15,0.3,0.0,128,6
9521,metastable_016,metastable,16,17,150096,0.15,0.3,0.0,128,6
9522,metastable_016,metastable,16,18,150096,0.15,0.3,0.0,128,6
9523,metastable_016,metastable,16,19,150096,0.15,0.3,0.0,128,6
9524,metastable_016,metastable,16,20,150096,0.15,0.3,0.0,128,6
9525,metastable_016,metastable,16,21,150096,0.15,0.3,0.0,128,6
9526,metastable_016,metastable,16,22,150096,0.15,0.3,0.0,128,6
9527,metastable_016,metastable,16,23,150096,0.15,0.3,0.0,128,6
9528,metastable_016,metastable,16,24,150096,0.15,0.3,0.0,128,6
9529,metastable_016,metastable,16,25,150096,0.15,0.3,0.0,128,6
9530,metastable_016,metastable,16,26,150096,0.15,0.3,0.0,128,6
9531,metastable_016,metastable,16,27,150096,0.15,0.3,0.0,128,6
9532,metastable_016,metastable,16,28,150096,0.15,0.3,0.0,128,6
9533,metastable_016,metastable,16,29,150096,0.15,0.3,0.0,128,6
9534,metastable_016,metastable,16,30,150096,0.15,0.3,0.0,128,6
9535,metastable_016,metastable,16,31,150096,0.15,0.3,0.0,128,6
9536,metastable_016,metastable,16,32,150096,0.15,0.3,0.0,128,6
9537,metastable_016,metastable,16,33,150096,0.15,0.3,0.0,128,6
9538,metastable_016,metastable,16,34,150096,0.15,0.3,0.0,128,6
9539,metastable_016,metastable,16,35,150096,0.15,0.3,0.0,128,6
9540,metastable_016,metastable,16,36,150096,0.15,0.3,0.0,128,6
9541,metastable_016,metastable,16,37,150096,0.15,0.3,0.0,128,6
9542,metastable_016,metastable,16,38,150096,0.15,0.3,0.0,128,6
9543,metastable_016,metastable,16,39,150096,0.15,0.3,0.0,128,6
9544,metastable_016,metastable,16,40,150096,0.15,0.3,0.0,128,6
9545,metastable_016,metastable,16,41,150096,0.15,0.3,0.0,128,6
9546,metastable_016,metastable,16,42,150096,0.15,0.3,0.0,128,6
9547,metastable_016,metastable,16,43,150096,0.15,0.3,0.0,128,6
9548,metastable_016,metastable,16,44,150096,0.15,0.3,0.0,128,6
9549,metastable_016,metastable,16,45,150096,0.15,0.3,0.0,128,6
9550,metastable_016,metastable,16,46,150096,0.15,0.3,0.0,128,6
9551,metastable_016,metastable,16,47,150096,0.15,0.3,0.0,128,6
9552,metastable_016,metastable,16,48,150096,0.15,0.3,0.0,128,6
9553,metastable_016,metastable,16,49,150096,0.15,0.3,0.0,128,6
9554,metastable_016,metastable,16,50,150096,0.15,0.3,0.0,128,6
9555,metastable_016,metastable,16,51,150096,0.15,0.3,0.0,128,6
9556,metastable_016,metastable,16,52,150096,0.15,0.3,0.0,128,6
9557,metastable_016,metastable,16,53,150096,0.15,0.3,0.0,128,6
9558,metastable_016,metastable,16,54,150096,0.15,0.3,0.0,128,6
9559,metastable_016,metastable,16,55,150096,0.15,0.3,0.0,128,6
9560,metastable_016,metastable,16,56,150096,0.15,0.3,0.0,128,6
9561,metastable_016,metastable,16,57,150096,0.15,0.3,0.0,128,6
9562,metastable_016,metastable,16,58,150096,0.15,0.3,0.0,128,6
9563,metastable_016,metastable,16,59,150096,0.15,0.3,0.0,128,6
9564,metastable_016,metastable,16,60,150096,0.15,0.3,0.0,128,6
9565,metastable_016,metastable,16,61,150096,0.15,0.3,0.0,128,6
9566,metastable_016,metastable,16,62,150096,0.15,0.3,0.0,128,6
9567,metastable_016,metastable,16,63,150096,0.15,0.3,0.0,128,6
9568,metastable_016,metastable,16,64,150096,0.15,0.3,0.0,128,6
9569,metastable_016,metastable,16,65,150096,0.15,0.3,0.0,128,6
9570,metastable_016,metastable,16,66,150096,0.15,0.3,0.0,128,6
9571,metastable_016,metastable,16,67,150096,0.15,0.3,0.0,128,6
9572,metastable_016,metastable,16,68,150096,0.15,0.3,0.0,128,6
9573,metastable_016,metastable,16,69,150096,0.15,0.3,0.0,128,6
9574,metastable_016,metastable,16,70,150096,0.15,0.3,0.0,128,6
9575,metastable_016,metastable,16,71,150096,0.15,0.3,0.0,128,6
9576,metastable_016,metastable,16,72,150096,0.15,0.3,0.0,128,6
9577,metastable_016,metastable,16,73,150096,0.15,0.3,0.0,128,6
9578,metastable_016,metastable,16,74,150096,0.15,0.3,0.0,128,6
9579,metastable_016,metastable,16,75,150096,0.15,0.3,0.0,128,6
9580,metastable_016,metastable,16,76,150096,0.15,0.3,0.0,128,6
9581,metastable_016,metastable,16,77,150096,0.15,0.3,0.0,128,6
9582,metastable_016,metastable,16,78,150096,0.15,0.3,0.0,128,6
9583,metastable_016,metastable,16,79,150096,0.15,0.3,0.0,128,6
9584,metastable_016,metastable,16,80,150096,0.15,0.3,0.0,128,6
9585,metastable_016,metastable,16,81,150096,0.15,0.3,0.0,128,6
9586,metastable_016,metastable,16,82,150096,0.15,0.3,0.0,128,6
9587,metastable_016,metastable,16,83,150096,0.15,0.3,0.0,128,6
9588,metastable_016,metastable,16,84,150096,0.15,0.3,0.0,128,6
9589,metastable_016,metastable,16,85,150096,0.15,0.3,0.0,128,6
9590,metastable_016,metastable,16,86,150096,0.15,0.3,0.0,128,6
9591,metastable_016,metastable,16,87,150096,0.15,0.3,0.0,128,6
9592,metastable_016,metastable,16,88,150096,0.15,0.3,0.0,128,6
9593,metastable_016,metastable,16,89,150096,0.15,0.3,0.0,128,6
9594,metastable_016,metastable,16,90,150096,0.15,0.3,0.0,128,6
9595,metastable_016,metastable,16,91,150096,0.15,0.3,0.0,128,6
9596,metastable_016,metastable,16,92,150096,0.15,0.3,0.0,128,6
9597,metastable_016,metastable,16,93,150096,0.15,0.3,0.0,128,6
9598,metastable_016,metastable,16,94,150096,0.15,0.3,0.0,128,6
9599,metastable_016,metastable,16,95,150096,0.15,0.3,0.0,128,6
9600,metastable_016,metastable,16,96,150096,0.15,0.3,0.0,128,6
9601,metastable_016,metastable,16,97,150096,0.15,0.3,0.0,128,6
9602,metastable_016,metastable,16,98,150096,0.15,0.3,0.0,128,6
9603,metastable_017,metastable,17,0,150097,0.15,0.3,0.0,128,6
9604,metastable_017,metastable,17,1,150097,0.15,0.3,0.0,128,6
9605,metastable_017,metastable,17,2,150097,0.15,0.3,0.0,128,6
9606,metastable_017,metastable,17,3,150097,0.15,0.3,0.0,128,6
9607,metastable_017,metastable,17,4,150097,0.15,0.3,0.0,128,6
9608,metastable_017,metastable,17,5,150097,0.15,0.3,0.0,128,6
9609,metastable_017,metastable,17,6,150097,0.15,0.3,0.0,128,6
9610,metastable_017,metastable,17,7,150097,0.15,0.3,0.0,128,6
9611,metastable_017,metastable,17,8,150097,0.15,0.3,0.0,128,6
9612,metastable_017,metastable,17,9,150097,0.15,0.3,0.0,128,6
9613,metastable_017,metastable,17,10,150097,0.15,0.3,0.0,128,6
9614,metastable_017,metastable,17,11,150097,0.15,0.3,0.0,128,6
9615,metastable_017,metastable,17,12,150097,0.15,0.3,0.0,128,6
9616,metastable_017,metastable,17,13,150097,0.15,0.3,0.0,128,6
9617,metastable_017,metastable,17,14,150097,0.15,0.3,0.0,128,6
9618,metastable_017,metastable,17,15,150097,0.15,0.3,0.0,128,6
9619,metastable_017,metastable,17,16,150097,0.15,0.3,0.0,128,6
9620,metastable_017,metastable,17,17,150097,0.15,0.3,0.0,128,6
9621,metastable_017,metastable,17,18,150097,0.15,0.3,0.0,128,6
9622,metastable_017,metastable,17,19,150097,0.15,0.3,0.0,128,6
9623,metastable_017,metastable,17,20,150097,0.15,0.3,0.0,128,6
9624,metastable_017,metastable,17,21,150097,0.15,0.3,0.0,128,6
9625,metastable_017,metastable,17,22,150097,0.15,0.3,0.0,128,6
9626,metastable_017,metastable,17,23,150097,0.15,0.3,0.0,128,6
9627,metastable_017,metastable,17,24,150097,0.15,0.3,0.0,128,6
9628,metastable_017,metastable,17,25,150097,0.15,0.3,0.0,128,6
9629,metastable_017,metastable,17,26,150097,0.15,0.3,0.0,128,6
9630,metastable_017,metastable,17,27,150097,0.15,0.3,0.0,128,6
9631,metastable_017,metastable,17,28,150097,0.15,0.3,0.0,128,6
9632,metastable_017,metastable,17,29,150097,0.15,0.3,0.0,128,6
9633,metastable_017,metastable,17,30,150097,0.15,0.3,0.0,128,6
9634,metastable_017,metastable,17,31,150097,0.15,0.3,0.0,128,6
9635,metastable_017,metastable,17,32,150097,0.15,0.3,0.0,128,6
9636,metastable_017,metastable,17,33,150097,0.15,0.3,0.0,128,6
9637,metastable_017,metastable,17,34,150097,0.15,0.3,0.0,128,6
9638,metastable_017,metastable,17,35,150097,0.15,0.3,0.0,128,6
9639,metastable_017,metastable,17,36,150097,0.15,0.3,0.0,128,6
9640,metastable_017,metastable,17,37,150097,0.15,0.3,0.0,128,6
9641,metastable_017,metastable,17,38,150097,0.15,0.3,0.0,128,6
9642,metastable_017,metastable,17,39,150097,0.15,0.3,0.0,128,6
9643,metastable_017,metastable,17,40,150097,0.15,0.3,0.0,128,6
9644,metastable_017,metastable,17,41,150097,0.15,0.3,0.0,128,6
9645,metastable_017,metastable,17,42,150097,0.15,0.3,0.0,128,6
9646,metastable_017,metastable,17,43,150097,0.15,0.3,0.0,128,6
9647,metastable_017,metastable,17,44,150097,0.15,0.3,0.0,128,6
9648,metastable_017,metastable,17,45,150097,0.15,0.3,0.0,128,6
9649,metastable_017,metastable,17,46,150097,0.15,0.3,0.0,128,6
9650,metastable_017,metastable,17,47,150097,0.15,0.3,0.0,128,6
9651,metastable_017,metastable,17,48,150097,0.15,0.3,0.0,128,6
9652,metastable_017,metastable,17,49,150097,0.15,0.3,0.0,128,6
9653,metastable_017,metastable,17,50,150097,0.15,0.3,0.0,128,6
9654,metastable_017,metastable,17,51,150097,0.15,0.3,0.0,128,6
9655,metastable_017,metastable,17,52,150097,0.15,0.3,0.0,128,6
9656,metastable_017,metastable,17,53,150097,0.15,0.3,0.0,128,6
9657,metastable_017,metastable,17,54,150097,0.15,0.3,0.0,128,6
9658,metastable_017,metastable,17,55,150097,0.15,0.3,0.0,128,6
9659,metastable_017,metastable,17,56,150097,0.15,0.3,0.0,128,6
9660,metastable_017,metastable,17,57,150097,0.15,0.3,0.0,128,6
9661,metastable_017,metastable,17,58,150097,0.15,0.3,0.0,128,6
9662,metastable_017,metastable,17,59,150097,0.15,0.3,0.0,128,6
9663,metastable_017,metastable,17,60,150097,0.15,0.3,0.0,128,6
9664,metastable_017,metastable,17,61,150097,0.15,0.3,0.0,128,6
9665,metastable_017,metastable,17,62,150097,0.15,0.3,0.0,128,6
9666,metastable_017,metastable,17,63,150097,0.15,0.3,0.0,128,6
9667,metastable_017,metastable,17,64,150097,0.15,0.3,0.0,128,6
9668,metastable_017,metastable,17,65,150097,0.15,0.3,0.0,128,6
9669,metastable_017,metastable,17,66,150097,0.15,0.3,0.0,128,6
9670,metastable_017,metastable,17,67,150097,0.15,0.3,0.0,128,6
9671,metastable_017,metastable,17,68,150097,0.15,0.3,0.0,128,6
9672,metastable_017,metastable,17,69,150097,0.15,0.3,0.0,128,6
9673,metastable_017,metastable,17,70,150097,0.15,0.3,0.0,128,6
9674,metastable_017,metastable,17,71,150097,0.15,0.3,0.0,128,6
9675,metastable_017,metastable,17,72,150097,0.15,0.3,0.0,128,6
9676,metastable_017,metastable,17,73,150097,0.15,0.3,0.0,128,6
9677,metastable_017,metastable,17,74,150097,0.15,0.3,0.0,128,6
9678,metastable_017,metastable,17,75,150097,0.15,0.3,0.0,128,6
9679,metastable_017,metastable,17,76,150097,0.15,0.3,0.0,128,6
9680,metastable_017,metastable,17,77,150097,0.15,0.3,0.0,128,6
9681,metastable_017,metastable,17,78,150097,0.15,0.3,0.0,128,6
9682,metastable_017,metastable,17,79,150097,0.15,0.3,0.0,128,6
9683,metastable_017,metastable,17,80,150097,0.15,0.3,0.0,128,6
9684,metastable_017,metastable,17,81,150097,0.15,0.3,0.0,128,6
9685,metastable_017,metastable,17,82,150097,0.15,0.3,0.0,128,6
9686,metastable_017,metastable,17,83,150097,0.15,0.3,0.0,128,6
9687,metastable_017,metastable,17,84,150097,0.15,0.3,0.0,128,6
9688,metastable_017,metastable,17,85,150097,0.15,0.3,0.0,128,6
9689,metastable_017,metastable,17,86,150097,0.15,0.3,0.0,128,6
9690,metastable_017,metastable,17,87,150097,0.15,0.3,0.0,128,6
9691,metastable_017,metastable,17,88,150097,0.15,0.3,0.0,128,6
9692,metastable_017,metastable,17,89,150097,0.15,0.3,0.0,128,6
9693,metastable_017,metastable,17,90,150097,0.15,0.3,0.0,128,6
9694,metastable_017,metastable,17,91,150097,0.15,0.3,0.0,128,6
9695,metastable_017,metastable,17,92,150097,0.15,0.3,0.0,128,6
9696,metastable_017,metastable,17,93,150097,0.15,0.3,0.0,128,6
9697,metastable_017,metastable,17,94,150097,0.15,0.3,0.0,128,6
9698,metastable_017,metastable,17,95,150097,0.15,0.3,0.0,128,6
9699,metastable_017,metastable,17,96,150097,0.15,0.3,0.0,128,6
9700,metastable_017,metastable,17,97,150097,0.15,0.3,0.0,128,6
9701,metastable_017,metastable,17,98,150097,0.15,0.3,0.0,128,6
9702,metastable_018,metastable,18,0,150098,0.15,0.3,0.0,128,6
9703,metastable_018,metastable,18,1,150098,0.15,0.3,0.0,128,6
9704,metastable_018,metastable,18,2,150098,0.15,0.3,0.0,128,6
9705,metastable_018,metastable,18,3,150098,0.15,0.3,0.0,128,6
9706,metastable_018,metastable,18,4,150098,0.15,0.3,0.0,128,6
9707,metastable_018,metastable,18,5,150098,0.15,0.3,0.0,128,6
9708,metastable_018,metastable,18,6,150098,0.15,0.3,0.0,128,6
9709,metastable_018,metastable,18,7,150098,0.15,0.3,0.0,128,6
9710,metastable_018,metastable,18,8,150098,0.15,0.3,0.0,128,6
9711,metastable_018,metastable,18,9,150098,0.15,0.3,0.0,128,6
9712,metastable_018,metastable,18,10,150098,0.15,0.3,0.0,128,6
9713,metastable_018,metastable,18,11,150098,0.15,0.3,0.0,128,6
9714,metastable_018,metastable,18,12,150098,0.15,0.3,0.0,128,6
9715,metastable_018,metastable,18,13,150098,0.15,0.3,0.0,128,6
9716,metastable_018,metastable,18,14,150098,0.15,0.3,0.0,128,6
9717,metastable_018,metastable,18,15,150098,0.15,0.3,0.0,128,6
9718,metastable_018,metastable,18,16,150098,0.15,0.3,0.0,128,6
9719,metastable_018,metastable,18,17,150098,0.15,0.3,0.0,128,6
9720,metastable_018,metastable,18,18,150098,0.15,0.3,0.0,128,6
9721,metastable_018,metastable,18,19,150098,0.15,0.3,0.0,128,6
9722,metastable_018,metastable,18,20,150098,0.15,0.3,0.0,128,6
9723,metastable_018,metastable,18,21,150098,0.15,0.3,0.0,128,6
9724,metastable_018,metastable,18,22,150098,0.15,0.3,0.0,128,6
9725,metastable_018,metastable,18,23,150098,0.15,0.3,0.0,128,6
9726,metastable_018,metastable,18,24,150098,0.15,0.3,0.0,128,6
9727,metastable_018,metastable,18,25,150098,0.15,0.3,0.0,128,6
9728,metastable_018,metastable,18,26,150098,0.15,0.3,0.0,128,6
9729,metastable_018,metastable,18,27,150098,0.15,0.3,0.0,128,6
9730,metastable_018,metastable,18,28,150098,0.15,0.3,0.0,128,6
9731,metastable_018,metastable,18,29,150098,0.15,0.3,0.0,128,6
9732,metastable_018,metastable,18,30,150098,0.15,0.3,0.0,128,6
9733,metastable_018,metastable,18,31,150098,0.15,0.3,0.0,128,6
9734,metastable_018,metastable,18,32,150098,0.15,0.3,0.0,128,6
9735,metastable_018,metastable,18,33,150098,0.15,0.3,0.0,128,6
9736,metastable_018,metastable,18,34,150098,0.15,0.3,0.0,128,6
9737,metastable_018,metastable,18,35,150098,0.15,0.3,0.0,128,6
9738,metastable_018,metastable,18,36,150098,0.15,0.3,0.0,128,6
9739,metastable_018,metastable,18,37,150098,0.15,0.3,0.0,128,6
9740,metastable_018,metastable,18,38,150098,0.15,0.3,0.0,128,6
9741,metastable_018,metastable,18,39,150098,0.15,0.3,0.0,128,6
9742,metastable_018,metastable,18,40,150098,0.15,0.3,0.0,128,6
9743,metastable_018,metastable,18,41,150098,0.15,0.3,0.0,128,6
9744,metastable_018,metastable,18,42,150098,0.15,0.3,0.0,128,6
9745,metastable_018,metastable,18,43,150098,0.15,0.3,0.0,128,6
9746,metastable_018,metastable,18,44,150098,0.15,0.3,0.0,128,6
9747,metastable_018,metastable,18,45,150098,0.15,0.3,0.0,128,6
9748,metastable_018,metastable,18,46,150098,0.15,0.3,0.0,128,6
9749,metastable_018,metastable,18,47,150098,0.15,0.3,0.0,128,6
9750,metastable_018,metastable,18,48,150098,0.15,0.3,0.0,128,6
9751,metastable_018,metastable,18,49,150098,0.15,0.3,0.0,128,6
9752,metastable_018,metastable,18,50,150098,0.15,0.3,0.0,128,6
9753,metastable_018,metastable,18,51,150098,0.15,0.3,0.0,128,6
9754,metastable_018,metastable,18,52,150098,0.15,0.3,0.0,128,6
9755,metastable_018,metastable,18,53,150098,0.15,0.3,0.0,128,6
9756,metastable_018,metastable,18,54,150098,0.15,0.3,0.0,128,6
9757,metastable_018,metastable,18,55,150098,0.15,0.3,0.0,128,6
9758,metastable_018,metastable,18,56,150098,0.15,0.3,0.0,128,6
9759,metastable_018,metastable,18,57,150098,0.15,0.3,0.0,128,6
9760,metastable_018,metastable,18,58,150098,0.15,0.3,0.0,128,6
9761,metastable_018,metastable,18,59,150098,0.15,0.3,0.0,128,6
9762,metastable_018,metastable,18,60,150098,0.15,0.3,0.0,128,6
9763,metastable_018,metastable,18,61,150098,0.15,0.3,0.0,128,6
9764,metastable_018,metastable,18,62,150098,0.15,0.3,0.0,128,6
9765,metastable_018,metastable,18,63,150098,0.15,0.3,0.0,128,6
9766,metastable_018,metastable,18,64,150098,0.15,0.3,0.0,128,6
9767,metastable_018,metastable,18,65,150098,0.15,0.3,0.0,128,6
9768,metastable_018,metastable,18,66,150098,0.15,0.3,0.0,128,6
9769,metastable_018,metastable,18,67,150098,0.15,0.3,0.0,128,6
9770,metastable_018,metastable,18,68,150098,0.15,0.3,0.0,128,6
9771,metastable_018,metastable,18,69,150098,0.15,0.3,0.0,128,6
9772,metastable_018,metastable,18,70,150098,0.15,0.3,0.0,128,6
9773,metastable_018,metastable,18,71,150098,0.15,0.3,0.0,128,6
9774,metastable_018,metastable,18,72,150098,0.15,0.3,0.0,128,6
9775,metastable_018,metastable,18,73,150098,0.15,0.3,0.0,128,6
9776,metastable_018,metastable,18,74,150098,0.15,0.3,0.0,128,6
9777,metastable_018,metastable,18,75,150098,0.15,0.3,0.0,128,6
9778,metastable_018,metastable,18,76,150098,0.15,0.3,0.0,128,6
9779,metastable_018,metastable,18,77,150098,0.15,0.3,0.0,128,6
9780,metastable_018,metastable,18,78,150098,0.15,0.3,0.0,128,6
9781,metastable_018,metastable,18,79,150098,0.15,0.3,0.0,128,6
9782,metastable_018,metastable,18,80,150098,0.15,0.3,0.0,128,6
9783,metastable_018,metastable,18,81,150098,0.15,0.3,0.0,128,6
9784,metastable_018,metastable,18,82,150098,0.15,0.3,0.0,128,6
9785,metastable_018,metastable,18,83,150098,0.15,0.3,0.0,128,6
9786,metastable_018,metastable,18,84,150098,0.15,0.3,0.0,128,6
9787,metastable_018,metastable,18,85,150098,0.15,0.3,0.0,128,6
9788,metastable_018,metastable,18,86,150098,0.15,0.3,0.0,128,6
9789,metastable_018,metastable,18,87,150098,0.15,0.3,0.0,128,6
9790,metastable_018,metastable,18,88,150098,0.15,0.3,0.0,128,6
9791,metastable_018,metastable,18,89,150098,0.15,0.3,0.0,128,6
9792,metastable_018,metastable,18,90,150098,0.15,0.3,0.0,128,6
9793,metastable_018,metastable,18,91,150098,0.15,0.3,0.0,128,6
9794,metastable_018,metastable,18,92,150098,0.15,0.3,0.0,128,6
9795,metastable_018,metastable,18,93,150098,0.15,0.3,0.0,128,6
9796,metastable_018,metastable,18,94,150098,0.15,0.3,0.0,128,6
9797,metastable_018,metastable,18,95,150098,0.15,0.3,0.0,128,6
9798,metastable_018,metastable,18,96,150098,0.15,0.3,0.0,128,6
9799,metastable_018,metastable,18,97,150098,0.15,0.3,0.0,128,6
9800,metastable_018,metastable,18,98,150098,0.15,0.3,0.0,128,6
9801,metastable_019,metastable,19,0,150099,0.15,0.3,0.0,128,6
9802,metastable_019,metastable,19,1,150099,0.15,0.3,0.0,128,6
9803,metastable_019,metastable,19,2,150099,0.15,0.3,0.0,128,6
9804,metastable_019,metastable,19,3,150099,0.15,0.3,0.0,128,6
9805,metastable_019,metastable,19,4,150099,0.15,0.3,0.0,128,6
9806,metastable_019,metastable,19,5,150099,0.15,0.3,0.0,128,6
9807,metastable_019,metastable,19,6,150099,0.15,0.3,0.0,128,6
9808,metastable_019,metastable,19,7,150099,0.15,0.3,0.0,128,6
9809,metastable_019,metastable,19,8,150099,0.15,0.3,0.0,128,6
9810,metastable_019,metastable,19,9,150099,0.15,0.3,0.0,128,6
9811,metastable_019,metastable,19,10,150099,0.15,0.3,0.0,128,6
9812,metastable_019,metastable,19,11,150099,0.15,0.3,0.0,128,6
9813,metastable_019,metastable,19,12,150099,0.15,0.3,0.0,128,6
9814,metastable_019,metastable,19,13,150099,0.15,0.3,0.0,128,6
9815,metastable_019,metastable,19,14,150099,0.15,0.3,0.0,128,6
9816,metastable_019,metastable,19,15,150099,0.15,0.3,0.0,128,6
9817,metastable_019,metastable,19,16,150099,0.15,0.3,0.0,128,6
9818,metastable_019,metastable,19,17,150099,0.15,0.3,0.0,128,6
9819,metastable_019,metastable,19,18,150099,0.15,0.3,0.0,128,6
9820,metastable_019,metastable,19,19,150099,0.15,0.3,0.0,128,6
9821,metastable_019,metastable,19,20,150099,0.15,0.3,0.0,128,6
9822,metastable_019,metastable,19,21,150099,0.15,0.3,0.0,128,6
9823,metastable_019,metastable,19,22,150099,0.15,0.3,0.0,128,6
9824,metastable_019,metastable,19,23,150099,0.15,0.3,0.0,128,6
9825,metastable_019,metastable,19,24,150099,0.15,0.3,0.0,128,6
9826,metastable_019,metastable,19,25,150099,0.15,0.3,0.0,128,6
9827,metastable_019,metastable,19,26,150099,0.15,0.3,0.0,128,6
9828,metastable_019,metastable,19,27,150099,0.15,0.3,0.0,128,6
9829,metastable_019,metastable,19,28,150099,0.15,0.3,0.0,128,6
9830,metastable_019,metastable,19,29,150099,0.15,0.3,0.0,128,6
9831,metastable_019,metastable,19,30,150099,0.15,0.3,0.0,128,6
9832,metastable_019,metastable,19,31,150099,0.15,0.3,0.0,128,6
9833,metastable_019,metastable,19,32,150099,0.15,0.3,0.0,128,6
9834,metastable_019,metastable,19,33,150099,0.15,0.3,0.0,128,6
9835,metastable_019,metastable,19,34,150099,0.15,0.3,0.0,128,6
9836,metastable_019,metastable,19,35,150099,0.15,0.3,0.0,128,6
9837,metastable_019,metastable,19,36,150099,0.15,0.3,0.0,128,6
9838,metastable_019,metastable,19,37,150099,0.15,0.3,0.0,128,6
9839,metastable_019,metastable,19,38,150099,0.15,0.3,0.0,128,6
9840,metastable_019,metastable,19,39,150099,0.15,0.3,0.0,128,6
9841,metastable_019,metastable,19,40,150099,0.15,0.3,0.0,128,6
9842,metastable_019,metastable,19,41,150099,0.15,0.3,0.0,128,6
9843,metastable_019,metastable,19,42,150099,0.15,0.3,0.0,128,6
9844,metastable_019,metastable,19,43,150099,0.15,0.3,0.0,128,6
9845,metastable_019,metastable,19,44,150099,0.15,0.3,0.0,128,6
9846,metastable_019,metastable,19,45,150099,0.15,0.3,0.0,128,6
9847,metastable_019,metastable,19,46,150099,0.15,0.3,0.0,128,6
9848,metastable_019,metastable,19,47,150099,0.15,0.3,0.0,128,6
9849,metastable_019,metastable,19,48,150099,0.15,0.3,0.0,128,6
9850,metastable_019,metastable,19,49,150099,0.15,0.3,0.0,128,6
9851,metastable_019,metastable,19,50,150099,0.15,0.3,0.0,128,6
9852,metastable_019,metastable,19,51,150099,0.15,0.3,0.0,128,6
9853,metastable_019,metastable,19,52,150099,0.15,0.3,0.0,128,6
9854,metastable_019,metastable,19,53,150099,0.15,0.3,0.0,128,6
9855,metastable_019,metastable,19,54,150099,0.15,0.3,0.0,128,6
9856,metastable_019,metastable,19,55,150099,0.15,0.3,0.0,128,6
9857,metastable_019,metastable,19,56,150099,0.15,0.3,0.0,128,6
9858,metastable_019,metastable,19,57,150099,0.15,0.3,0.0,128,6
9859,metastable_019,metastable,19,58,150099,0.15,0.3,0.0,128,6
9860,metastable_019,metastable,19,59,150099,0.15,0.3,0.0,128,6
9861,metastable_019,metastable,19,60,150099,0.15,0.3,0.0,128,6
9862,metastable_019,metastable,19,61,150099,0.15,0.3,0.0,128,6
9863,metastable_019,metastable,19,62,150099,0.15,0.3,0.0,128,6
9864,metastable_019,metastable,19,63,150099,0.15,0.3,0.0,128,6
9865,metastable_019,metastable,19,64,150099,0.15,0.3,0.0,128,6
9866,metastable_019,metastable,19,65,150099,0.15,0.3,0.0,128,6
9867,metastable_019,metastable,19,66,150099,0.15,0.3,0.0,128,6
9868,metastable_019,metastable,19,67,150099,0.15,0.3,0.0,128,6
9869,metastable_019,metastable,19,68,150099,0.15,0.3,0.0,128,6
9870,metastable_019,metastable,19,69,150099,0.15,0.3,0.0,128,6
9871,metastable_019,metastable,19,70,150099,0.15,0.3,0.0,128,6
9872,metastable_019,metastable,19,71,150099,0.15,0.3,0.0,128,6
9873,metastable_019,metastable,19,72,150099,0.15,0.3,0.0,128,6
9874,metastable_019,metastable,19,73,150099,0.15,0.3,0.0,128,6
9875,metastable_019,metastable,19,74,150099,0.15,0.3,0.0,128,6
9876,metastable_019,metastable,19,75,150099,0.15,0.3,0.0,128,6
9877,metastable_019,metastable,19,76,150099,0.15,0.3,0.0,128,6
9878,metastable_019,metastable,19,77,150099,0.15,0.3,0.0,128,6
9879,metastable_019,metastable,19,78,150099,0.15,0.3,0.0,128,6
9880,metastable_019,metastable,19,79,150099,0.15,0.3,0.0,128,6
9881,metastable_019,metastable,19,80,150099,0.15,0.3,0.0,128,6
9882,metastable_019,metastable,19,81,150099,0.15,0.3,0.0,128,6
9883,metastable_019,metastable,19,82,150099,0.15,0.3,0.0,128,6
9884,metastable_019,metastable,19,83,150099,0.15,0.3,0.0,128,6
9885,metastable_019,metastable,19,84,150099,0.15,0.3,0.0,128,6
9886,metastable_019,metastable,19,85,150099,0.15,0.3,0.0,128,6
9887,metastable_019,metastable,19,86,150099,0.15,0.3,0.0,128,6
9888,metastable_019,metastable,19,87,150099,0.15,0.3,0.0,128,6
9889,metastable_019,metastable,19,88,150099,0.15,0.3,0.0,128,6
9890,metastable_019,metastable,19,89,150099,0.15,0.3,0.0,128,6
9891,metastable_019,metastable,19,90,150099,0.15,0.3,0.0,128,6
9892,metastable_019,metastable,19,91,150099,0.15,0.3,0.0,128,6
9893,metastable_019,metastable,19,92,150099,0.15,0.3,0.0,128,6
9894,metastable_019,metastable,19,93,150099,0.15,0.3,0.0,128,6
9895,metastable_019,metastable,19,94,150099,0.15,0.3,0.0,128,6
9896,metastable_019,metastable,19,95,150099,0.15,0.3,0.0,128,6
9897,metastable_019,metastable,19,96,150099,0.15,0.3,0.0,128,6
9898,metastable_019,metastable,19,97,150099,0.15,0.3,0.0,128,6
9899,metastable_019,metastable,19,98,150099,0.15,0.3,0.0,128,6
