{
  "total_samples": 30000,
  "density_stats": {
    "mean": 0.5545206665992737,
    "std": 0.24362148344516754,
    "min": 0.20000000298023224,
    "max": 1.4999617338180542
  },
  "flux_stats": {
    "mean": -0.30666008591651917,
    "std": 3.151965379714966,
    "min": -15.663381576538086,
    "max": 14.359439849853516
  },
  "entropy_range": {
    "mean": 0.357155978679657,
    "std": 0.1339302659034729,
    "min": -0.08105941116809845,
    "max": 0.45322662591934204
  }
}