{
    "FNO": {
        "rmse": 0.5731298408905665,
        "relative_l2": 0.9509030067920685,
        "mae": 0.5208221473296484,
        "mass_error": 66.66523470560709,
        "entropy_error": 24.671314366658528,
        "instability_index": 0.000988714738826578,
        "dissipation_rate": 0.00010327556944199993,
        "spectral_energy": 0.22055525998274486
    },
    "Koopman": {
        "rmse": 0.6044408543904622,
        "relative_l2": 1.012528247833252,
        "mae": 0.5543827708562216,
        "mass_error": 70.9609950764974,
        "entropy_error": 31.317454414367674,
        "instability_index": 0.04185171129802863,
        "dissipation_rate": 0.002762135521819194,
        "spectral_energy": 0.1941326837738355
    },
    "LNO": {
        "rmse": 0.001233183826552704,
        "relative_l2": 0.001951314079730461,
        "mae": 0.0005392886936897412,
        "mass_error": 0.04941940943400065,
        "entropy_error": 0.03198397139708201,
        "instability_index": 0.06999123548467955,
        "dissipation_rate": 0.01002606624737382,
        "spectral_energy": 86.95149698893229
    }
}