,rmse,relative_l2,mae,mass_error,entropy_error,instability_index,dissipation_rate,spectral_energy
FNO,0.5731298408905665,0.9509030067920685,0.5208221473296484,66.66523470560709,24.671314366658528,0.000988714738826578,0.00010327556944199993,0.22055525998274486
Koopman,0.6044408543904622,1.012528247833252,0.5543827708562216,70.9609950764974,31.317454414367674,0.04185171129802863,0.002762135521819194,0.1941326837738355
LNO,0.001233183826552704,0.001951314079730461,0.0005392886936897412,0.04941940943400065,0.03198397139708201,0.06999123548467955,0.01002606624737382,86.95149698893229
